host	start	end	text	target	note	src
太1:1#1	12	17	啟二二21	啟22:21	-	book
太1:1#1	716	721	羅九6～8	羅9:6	-	book
太1:1#1	732	735	加三7	加3:7	-	book
太1:1#1	736	737	9	加3:9	-	bare
太1:1#1	738	740	29	加3:29	-	bare
太1:1#2	34	41	路三23～38	路3:23	-	book
太1:1#2	80	81	1	太1:1	-	bare
太1:1#2	82	87	16～17	太1:16	-	bare
太1:1#3	35	43	撒下七12～13	撒下7:12	-	book
太1:1#3	44	51	路一32～33	路1:32	-	book
太1:1#3	83	87	王上六2	王上6:2	-	book
太1:1#3	97	105	王上十23～24	王上10:23	-	book
太1:1#3	106	111	太十二42	太12:42	-	book
太1:1#4	42	50	創二二17～18	創22:17	-	book
太1:1#4	51	55	加三16	加3:16	-	book
太1:1#4	56	58	14	加3:14	-	bare
太1:1#4	96	103	創二二9～10	創22:9	-	book
太1:1#4	104	109	來十一19	來11:19	-	book
太1:1#4	125	133	創二四61～67	創24:61	-	book
太1:2#1	12	17	創十六15	創16:15	-	book
太1:2#1	18	23	二一2～3	創21:2	-	chapter
太1:2#1	24	27	二五2	創25:2	-	chapter
太1:2#1	45	50	羅九7～8	羅9:7	-	book
太1:2#1	80	85	創二二18	創22:18	-	book
太1:2#1	86	89	二六4	創26:4	-	chapter
太1:2#2	17	25	創二五21～26	創25:21	-	book
太1:2#2	38	45	羅九10～13	羅9:10	-	book
太1:2#2	79	84	創二二18	創22:18	-	book
太1:2#2	85	88	二六4	創26:4	-	chapter
太1:2#2	89	93	二八14	創28:14	-	chapter
太1:2#3	63	69	創四九3～4	創49:3	-	book
太1:2#3	70	76	代上五1～2	代上5:1	-	book
太1:2#3	127	134	申三三8～10	申33:8	-	book
太1:2#3	146	151	創四九10	創49:10	-	book
太1:2#3	152	156	代上五2	代上5:2	-	book
太1:2#3	181	185	來七14	來7:14	-	book
太1:3#1	11	17	創五1～32	創5:1	-	book
太1:3#1	66	68	16	太1:16	-	bare
太1:3#1	86	87	5	太1:5	-	bare
太1:3#1	103	104	6	太1:6	-	bare
太1:3#1	216	223	創三八6～30	創38:6	-	book
太1:3#2	57	65	創三八27～30	創38:27	-	book
太1:5#1	13	16	書二1	書2:1	-	book
太1:5#1	32	36	書六26	書6:26	-	book
太1:5#1	51	58	書六22～23	書6:22	-	book
太1:5#1	59	61	25	書6:25	-	bare
太1:5#1	62	67	來十一31	來11:31	-	book
太1:5#1	88	96	代上二10～11	代上2:10	-	book
太1:5#2	22	28	得四1～17	得4:1	-	book
太1:5#3	18	21	得一4	得1:4	-	book
太1:5#3	40	48	創十九30～38	創19:30	-	book
太1:5#3	50	54	申二三3	申23:3	-	book
太1:5#3	128	135	得一15～17	得1:15	-	book
太1:5#3	136	142	二11～12	得2:11	-	chapter
太1:5#4	0	4	賽十一1	賽11:1	-	book
太1:5#4	44	49	賽十一10	賽11:10	-	book
太1:6#1	22	31	撒上十六10～13	撒上16:10	-	book
太1:6#1	81	87	撒上十三14	撒上13:14	-	book
太1:6#3	22	27	撒下十一3	撒下11:3	-	book
太1:6#3	67	76	撒下十一26～27	撒下11:26	-	book
太1:6#3	114	119	王上十五5	王上15:5	-	book
太1:6#4	36	44	撒下十二1～12	撒下12:1	-	book
太1:6#4	79	85	撒下十二13	撒下12:13	-	book
太1:6#4	96	102	撒下十二24	撒下12:24	-	book
太1:6#4	168	172	路三31	路3:31	-	book
太1:6#4	174	178	代上三5	代上3:5	-	book
太1:6#4	420	422	16	太1:16	-	bare
太1:6#4	454	462	撒下七13～14	撒下7:13	-	book
太1:6#4	463	467	耶二三5	耶23:5	-	book
創1:1#1	53	57	弗一10	弗1:10	-	book
創1:1#1	58	60	三9	弗3:9	-	chapter
創1:1#1	61	66	提前一4下	提前1:4	-	book
創1:1#1	112	115	西二9	西2:9	-	book
創1:1#1	116	122	一15～19	西1:15	-	chapter
創1:1#1	123	127	約一18	約1:18	-	book
創1:1#1	158	166	弗一22下～23	弗1:22	-	book
創1:1#1	167	172	三8～11	弗3:8	-	chapter
創1:1#1	525	528	一26	創1:26	-	chapter
創1:1#1	547	551	三二28	創32:28	-	chapter
創1:1#1	552	555	四八2	創48:2	-	chapter
創1:1#1	658	661	約一1	約1:1	-	book
創1:1#1	662	663	4	約1:4	-	bare
創1:1#1	664	668	十一25	約11:25	-	chapter
創1:1#1	669	672	十四6	約14:6	-	chapter
創1:1#1	859	862	約一1	約1:1	-	book
創1:1#1	892	900	啟二十11～15	啟20:11	-	book
創1:1#1	935	939	弗三11	弗3:11	-	book
創1:1#2	53	56	26節	創1:26	-	bare
創1:1#2	77	80	27節	創1:27	-	bare
創1:1#2	129	133	賽四五5	賽45:5	-	book
創1:1#2	134	138	林前八4	林前8:4	-	book
創1:1#2	139	143	提前二5	提前2:5	-	book
創1:1#2	158	163	太二八19	太28:19	-	book
創1:1#2	184	192	林後十三14註1	林後13:14	1	book
創1:1#2	219	225	一1～二25	創1:1	-	chapter
創1:1#2	247	254	三1～十一32	創3:1	-	chapter
創1:1#2	278	286	十二1～五十26	創12:1	-	chapter
創1:1#3	17	19	二4	創2:4	-	chapter
創1:1#3	25	27	二7	創2:7	-	chapter
創1:1#3	86	89	弗一5	弗1:5	-	book
創1:1#3	90	91	9	弗1:9	-	bare
創1:1#3	109	116	西一15～19	西1:15	-	book
創1:1#3	129	134	提前三16	提前3:16	-	book
創1:1#3	151	157	詩十九1～2	詩19:1	-	book
創1:1#3	158	165	羅一20與註1	羅1:20	1	book
創1:1#3	191	194	西二9	西2:9	-	book
創1:1#3	195	198	一15	西1:15	-	chapter
創1:1#3	218	225	弗一10與註2	弗1:10	2	book
創1:1#3	226	233	啟四11與註2	啟4:11	2	book
創1:1#3	249	256	西一15～16	西1:15	-	book
創1:1#3	257	261	來一2下	來1:2	-	book
創1:1#3	268	272	來十一3	來11:3	-	book
創1:1#3	273	278	約一1～3	約1:1	-	book
創1:1#3	289	292	約一1	約1:1	-	book
創1:1#3	293	295	18	約1:18	-	bare
創1:1#3	296	301	啟十九13	啟19:13	-	book
創1:1#4	41	47	伯三八4～7	伯38:4	-	book
創1:1#4	48	51	7註1	伯38:7	1	bare
創1:2#1	13	19	伯三八4～7	伯38:4	-	book
創1:2#1	20	25	賽四五18	賽45:18	-	book
創1:2#1	139	147	賽十四12～15	賽14:12	-	book
創1:2#1	150	158	結二八12～19	結28:12	-	book
創1:2#2	33	37	耶四23	耶4:23	-	book
創1:2#2	38	42	賽二四1	賽24:1	-	book
創1:2#2	43	47	三四11	賽34:11	-	chapter
創1:2#2	64	71	出十21～22	出10:21	-	book
創1:2#2	72	77	啟十六10	啟16:10	-	book
創1:2#3	17	21	約四10	約4:10	-	book
創1:2#3	22	24	14	約4:14	-	bare
創1:2#3	25	28	七38	約7:38	-	chapter
創1:2#3	29	33	啟二二1	啟22:1	-	book
創1:2#3	39	45	七17～24	創7:17	-	chapter
創1:2#3	46	54	出十四21～30	出14:21	-	book
創1:2#3	55	58	約三5	約3:5	-	book
創1:2#3	59	62	羅六3	羅6:3	-	book
創1:2#3	117	123	可一23註1	可1:23	1	book
創1:2#3	124	130	提前四1註6	提前4:1	6	book
創1:2#3	131	137	啟二一1註3	啟21:1	3	book
創1:2#4	0	2	1節	創1:1	-	bare
創1:2#4	12	14	2節	創1:2	-	bare
創1:2#4	30	36	一2下～二3	創1:2	-	chapter
創1:2#5	51	54	羅八2	羅8:2	-	book
創1:2#5	82	84	26	創1:26	-	bare
創1:2#5	109	114	約六63上	約6:63	-	book
創1:3#1	7	9	2下	創1:2	-	bare
創1:3#1	23	30	詩一一九105	詩119:105	-	book
創1:3#1	31	34	130	詩119:130	-	bare
創1:3#1	59	63	約五24	約5:24	-	book
創1:3#1	64	68	六63下	約6:63	-	chapter
創1:3#1	82	89	太四13～16	太4:13	-	book
創1:3#1	90	96	約一1～13	約1:1	-	book
創1:3#1	140	143	羅八2	羅8:2	-	book
創1:3#1	144	148	腓二16	腓2:16	-	book
創1:3#1	149	154	約八12下	約8:12	-	book
創1:3#1	169	175	羅八9～10	羅8:9	-	book
創1:3#1	176	181	林後三17	林後3:17	-	book
創1:3#1	182	190	約十六13～15	約16:13	-	book
創1:3#1	205	208	約一1	約1:1	-	book
創1:3#1	209	212	來一2	來1:2	-	book
創1:3#1	227	232	約八12上	約8:12	-	book
創1:3#1	233	235	九5	約9:5	-	chapter
創1:4#1	14	15	5	創1:5	-	bare
創1:4#1	17	23	林後六14下	林後6:14	-	book
創1:6#2	48	53	西三1～3	西3:1	-	book
創1:6#2	54	58	來四12	來4:12	-	book
創1:7#1	3	5	6節	創1:6	-	bare
創1:8#1	32	33	4	創1:4	-	bare
創1:8#1	34	36	10	創1:10	-	bare
創1:8#1	37	39	12	創1:12	-	bare
創1:8#1	40	42	18	創1:18	-	bare
創1:8#1	43	45	21	創1:21	-	bare
創1:8#1	46	48	25	創1:25	-	bare
創1:8#1	64	67	弗二2	弗2:2	-	book
創1:8#1	68	71	六12	弗6:12	-	chapter
創1:8#1	82	87	太十二43	太12:43	-	book
創1:9#1	35	40	林前十五4	林前15:4	-	book
創1:9#1	59	64	申八7註1	申8:7	1	book
創1:9#1	113	118	11～12	創1:11	-	bare
創1:9#1	119	124	24～27	創1:24	-	bare
創1:9#1	125	127	二7	創2:7	-	chapter
創1:9#1	171	176	約十二24	約12:24	-	book
創1:9#1	177	181	彼前一3	彼前1:3	-	book
創1:10#1	25	28	6～7	創1:6	-	bare
創1:10#1	50	54	耶五22	耶5:22	-	book
創1:10#1	81	88	啟二一1與註3	啟21:1	3	book
創1:10#1	110	118	啟二一25與註2	啟21:25	2	book
創1:11#1	43	47	林前三6	林前3:6	-	book
創1:11#1	91	93	二9	創2:9	-	chapter
創1:11#1	100	107	歌一12～13	歌1:12	-	book
創1:11#1	121	126	29～30	創1:29	-	bare
創1:11#1	132	134	二9	創2:9	-	chapter
創1:11#1	135	143	出十五23～25	出15:23	-	book
創1:11#1	144	147	歌二3	歌2:3	-	book
創1:11#1	148	151	五15	歌5:15	-	chapter
創1:11#1	152	156	賽十一1	賽11:1	-	book
創1:11#1	157	161	約十五1	約15:1	-	book
創1:11#1	162	166	啟二二2	啟22:2	-	book
創1:11#1	171	175	歌一14	歌1:14	-	book
創1:11#1	184	187	約六9	約6:9	-	book
創1:11#1	188	190	13	約6:13	-	bare
創1:11#1	199	204	利二1～3	利2:1	-	book
創1:11#1	205	207	14	利2:14	-	bare
創1:14#1	3	5	7節	創1:7	-	bare
創1:14#2	28	32	詩三六9	詩36:9	-	book
創1:14#2	33	37	太四16	太4:16	-	book
創1:14#2	38	41	約一4	約1:4	-	book
創1:14#2	42	45	八12	約8:12	-	chapter
創1:14#2	46	52	約壹一1～7	約壹1:1	-	book
創1:14#2	74	75	3	創1:3	-	bare
創1:14#2	106	108	16	創1:16	-	bare
創1:14#2	109	116	詩一三六7～9	詩136:7	-	book
創1:14#3	23	30	西二16～17	西2:16	-	book
創1:16#1	19	23	伯三八7	伯38:7	-	book
創1:16#1	53	58	伯九5註1	伯9:5	1	book
創1:16#2	5	10	詩一三六8	詩136:8	-	book
創1:16#2	18	21	瑪四2	瑪4:2	-	book
創1:16#2	22	29	路一78～79	路1:78	-	book
創1:16#2	30	34	太四16	太4:16	-	book
創1:16#2	35	39	弗五14	弗5:14	-	book
創1:16#2	57	63	太十三43上	太13:43	-	book
創1:16#3	5	10	詩一三六9	詩136:9	-	book
創1:16#3	49	52	三七9	創37:9	-	chapter
創1:16#3	73	77	歌六10	歌6:10	-	book
創1:16#3	138	142	腓二15	腓2:15	-	book
創1:16#4	10	15	民二四17	民24:17	-	book
創1:16#4	16	21	彼後一19	彼後1:19	-	book
創1:16#4	22	28	啟二二16下	啟22:16	-	book
創1:16#4	69	77	啟二二16與註4	啟22:16	4	book
創1:16#4	91	95	但十二3	但12:3	-	book
創1:16#4	97	101	啟一20	啟1:20	-	book
創1:16#4	151	154	啟二7	啟2:7	-	book
創1:16#4	155	157	11	啟2:11	-	bare
創1:16#4	158	160	17	啟2:17	-	bare
創1:16#4	161	166	26～28	啟2:26	-	bare
創1:16#4	167	169	三5	啟3:5	-	chapter
創1:16#4	170	172	12	啟3:12	-	bare
創1:16#4	173	178	20～21	啟3:20	-	bare
創1:18#1	13	15	4節	創1:4	-	bare
創1:20#1	30	35	約壹二13	約壹2:13	-	book
創1:20#1	138	143	約十四30	約14:30	-	book
創1:20#1	144	151	十七15～16	約17:15	-	chapter
創1:20#1	187	191	約六9上	約6:9	-	book
創1:20#1	192	195	二一9	約21:9	-	chapter
創1:20#2	55	60	賽四十31	賽40:31	-	book
創1:20#2	99	103	出十九4	出19:4	-	book
創1:20#2	104	112	申三二11～12	申32:11	-	book
創1:20#2	113	118	啟十二14	啟12:14	-	book
創1:20#2	142	146	利一14	利1:14	-	book
創1:20#2	147	149	五7	利5:7	-	chapter
太1:7#1	15	23	王上十一9～12	王上11:9	-	book
太1:7#1	24	30	十二1～17	王上12:1	-	chapter
太1:7#1	52	58	王上十一13	王上11:13	-	book
太1:8#1	18	26	代上三11～12	代上3:11	-	book
太1:8#1	89	94	王下十五1	王下15:1	-	book
太1:8#1	95	97	13	王下15:13	-	bare
太1:8#1	158	165	代下二一5～6	代下21:5	-	book
太1:8#1	166	171	二二1～4	代下22:1	-	chapter
太1:8#1	175	179	出二十5	出20:5	-	book
太1:11#2	18	26	代上三15～16	代上3:15	-	book
太1:11#2	95	104	王下二三34～35	王下23:34	-	book
太1:11#3	31	39	代下三六9～10	代下36:9	-	book
太1:11#3	52	60	耶二二28～30	耶22:28	-	book
太1:11#3	114	122	耶二二28～30	耶22:28	-	book
太1:11#3	144	148	耶二三5	耶23:5	-	book
太1:12#2	24	32	代上三17～19	代上3:17	-	book
太1:12#2	120	126	申二五5～6	申25:5	-	book
太1:12#2	186	191	拉二1～2	拉2:1	-	book
太1:12#2	206	212	亞四7～10	亞4:7	-	book
太1:12#2	235	238	彌五2	彌5:2	-	book
太1:12#2	239	244	太二4～6	太2:4	-	book
太1:16#1	15	19	路三23	路3:23	-	book
太1:16#1	45	49	路三23	路3:23	-	book
太1:16#1	110	116	民二七1～8	民27:1	-	book
太1:16#1	117	123	三六1～12	民36:1	-	chapter
太1:16#2	99	103	創三15	創3:15	-	book
太1:16#2	104	108	賽七14	賽7:14	-	book
太1:16#2	162	170	耶二二28～30	耶22:28	-	book
太1:16#2	191	195	路一27	路1:27	-	book
太1:16#2	196	201	31～32	路1:31	-	bare
太1:17#1	199	202	啟四6	啟4:6	-	book
太1:17#1	211	214	二五1	太25:1	-	chapter
太1:17#1	364	367	來三9	來3:9	-	book
太1:17#1	368	371	太四2	太4:2	-	book
太1:17#1	372	377	王上十九8	王上19:8	-	book
太1:17#1	443	447	啟十三5	啟13:5	-	book
太1:18#1	18	20	16	太1:16	-	bare
太1:18#1	44	46	20	太1:20	-	bare
太1:18#1	94	97	羅八3	羅8:3	-	book
太1:18#1	107	110	腓二7	腓2:7	-	book
太1:19#1	23	26	路一6	路1:6	-	book
太1:21#1	21	26	民十三16	民13:16	-	book
太1:21#1	107	110	來四8	來4:8	-	book
太1:21#1	111	119	太十一28～29	太11:28	-	book
太1:23#1	9	13	創三15	創3:15	-	book
太1:23#2	61	65	約一14	約1:14	-	book
太1:23#3	50	54	十八20	太18:20	-	chapter
太1:23#3	82	86	二八20	太28:20	-	chapter
太1:25#1	72	74	12	太1:12	-	bare
太1:25#1	75	80	拉二1～2	拉2:1	-	book
太1:25#1	112	116	路一26	路1:26	-	book
太1:25#1	117	119	二4	路2:4	-	chapter
創1:24#1	73	76	啟五5	啟5:5	-	book
創1:24#1	112	117	利一2～3	利1:2	-	book
創1:24#1	118	120	10	利1:10	-	bare
創1:24#1	121	123	三1	利3:1	-	chapter
創1:24#1	124	125	6	利3:6	-	bare
創1:24#1	126	128	12	利3:12	-	bare
創1:24#1	129	131	四3	利4:3	-	chapter
創1:24#1	132	134	五6	利5:6	-	chapter
創1:24#1	135	139	約一29	約1:29	-	book
創1:24#1	140	145	彼前一19	彼前1:19	-	book
創1:24#1	146	151	啟五6～9	啟5:6	-	book
創1:24#1	183	188	太二十28	太20:28	-	book
創1:24#1	189	193	約六38	約6:38	-	book
創1:24#1	240	244	林前三2	林前3:2	-	book
創1:24#1	245	248	加六2	加6:2	-	book
創1:24#1	249	255	林前十五58	林前15:58	-	book
創1:24#2	1	5	26註6	創1:26	6	bare
創1:26#1	68	74	弗三9～11	弗3:9	-	book
創1:26#1	105	112	提前一4與註4	提前1:4	4	book
創1:26#2	37	41	約壹四8	約壹4:8	-	book
創1:26#2	46	50	約壹一5	約壹1:5	-	book
創1:26#2	55	58	啟四8	啟4:8	-	book
創1:26#2	63	67	耶二三6	耶23:6	-	book
創1:26#2	81	84	腓二6	腓2:6	-	book
創1:26#2	230	235	11～12	創1:11	-	bare
創1:26#2	236	238	21	創1:21	-	bare
創1:26#2	239	244	24～25	創1:24	-	bare
創1:26#2	257	266	徒十七28～29上	徒17:28	-	book
創1:26#2	300	304	約十五5	約15:5	-	book
創1:26#2	305	308	羅六5	羅6:5	-	book
創1:26#2	309	316	十一17～24	羅11:17	-	chapter
創1:26#2	317	322	林前六17	林前6:17	-	book
創1:26#2	338	341	西二9	西2:9	-	book
創1:26#2	366	370	西一15	西1:15	-	book
創1:26#2	371	375	林後四4	林後4:4	-	book
創1:26#2	376	379	來一3	來1:3	-	book
創1:26#2	412	416	西一27	西1:27	-	book
創1:26#2	417	425	腓一20～21上	腓1:20	-	book
創1:26#2	447	451	羅九21	羅9:21	-	book
創1:26#2	452	454	23	羅9:23	-	bare
創1:26#2	455	459	林後四7	林後4:7	-	book
創1:26#2	484	489	腓二6～8	腓2:6	-	book
創1:26#2	518	522	彼前一3	彼前1:3	-	book
創1:26#2	523	531	約壹五11～12	約壹5:11	-	book
創1:26#2	557	562	林後三18	林後3:18	-	book
創1:26#2	563	567	羅八29	羅8:29	-	book
創1:26#2	591	595	腓三21	腓3:21	-	book
創1:26#2	608	613	約壹三2下	約壹3:2	-	book
創1:26#2	629	633	弗三21	弗3:21	-	book
創1:26#2	709	714	二9與註2	創2:9	2	chapter
創1:26#3	77	81	羅五14	羅5:14	-	book
創1:26#3	82	88	林前十五45	林前15:45	-	book
創1:26#3	89	91	47	林前15:47	-	bare
創1:26#3	92	97	詩八4～8	詩8:4	-	book
創1:26#3	98	103	來二6～9	來2:6	-	book
創1:26#3	113	120	西一16～17	西1:16	-	book
創1:26#3	137	141	西一15	西1:15	-	book
創1:26#3	142	147	林前十一3	林前11:3	-	book
創1:26#3	165	168	來一3	來1:3	-	book
創1:26#3	169	173	林後四4	林後4:4	-	book
創1:26#3	174	178	西一15	西1:15	-	book
創1:26#3	197	202	詩八6～8	詩8:6	-	book
創1:26#3	203	208	太二八18	太28:18	-	book
創1:26#4	3	9	27～28節	創1:27	-	bare
創1:26#4	20	22	五2	創5:2	-	chapter
創1:26#5	131	135	太六10	太6:10	-	book
創1:26#5	136	139	13下	太6:13	-	bare
創1:26#5	181	188	林前十五45上	林前15:45	-	book
創1:26#5	193	196	羅六6	羅6:6	-	book
創1:26#5	216	226	林前十五47下與註2	林前15:47	2	book
創1:26#5	231	238	弗二15與註8	弗2:15	8	book
創1:26#5	269	276	弗一22～23	弗1:22	-	book
創1:26#5	277	286	林前十二12與註2	林前12:12	2	book
創1:26#5	287	294	西三10～11	西3:10	-	book
創1:26#5	295	299	11註9	西3:11	9	bare
創1:26#5	337	344	腓一19～26	腓1:19	-	book
創1:26#5	371	378	啟二26～27	啟2:26	-	book
創1:26#5	379	382	二十4	啟20:4	-	chapter
創1:26#5	383	384	6	啟20:6	-	bare
創1:26#5	420	424	啟四3上	啟4:3	-	book
創1:26#5	425	429	二一11	啟21:11	-	chapter
創1:26#5	430	433	18上	啟21:18	-	bare
創1:26#5	464	469	啟二一24	啟21:24	-	book
創1:26#5	470	473	二二5	啟22:5	-	chapter
創1:26#6	8	10	三1	創3:1	-	chapter
創1:26#6	11	13	14	創3:14	-	bare
創1:26#6	14	18	啟十二9	啟12:9	-	book
創1:26#6	27	32	太二五41	太25:41	-	book
創1:26#6	33	38	啟十二4上	啟12:4	-	book
創1:26#6	39	41	7下	啟12:7	-	bare
創1:26#6	54	58	路十19	路10:19	-	book
創1:26#6	61	66	啟四6註2	啟4:6	2	book
創1:29#1	1	5	九3註1	創9:3	1	chapter
創1:31#1	9	10	4	創1:4	-	bare
創1:31#1	11	13	10	創1:10	-	bare
創1:31#1	14	16	12	創1:12	-	bare
創1:31#1	17	19	18	創1:18	-	bare
創1:31#1	20	22	21	創1:21	-	bare
創1:31#1	23	25	25	創1:25	-	bare
創2:2#1	101	108	出二十8～11	出20:8	-	book
創2:2#1	188	196	太十一28～30	太11:28	-	book
創2:2#1	220	224	可二27	可2:27	-	book
創2:2#1	273	280	出二十8～11	出20:8	-	book
創2:2#1	289	293	申十二9	申12:9	-	book
創2:2#1	294	297	來四8	來4:8	-	book
創2:2#1	309	313	啟一10	啟1:10	-	book
創2:2#1	314	318	徒二十7	徒20:7	-	book
創2:2#1	319	324	林前十六2	林前16:2	-	book
創2:2#1	335	338	來四1	來4:1	-	book
創2:2#1	339	340	3	來4:3	-	bare
創2:2#1	341	342	9	來4:9	-	bare
創2:2#1	343	345	11	來4:11	-	bare
創2:2#1	390	395	啟二一11	啟21:11	-	book
創2:2#1	396	398	23	啟21:23	-	bare
創2:2#1	411	416	啟二二5下	啟22:5	-	book
創2:2#1	424	429	來四9註1	來4:9	1	book
創2:4#1	40	45	一1～二3	創1:1	-	chapter
創2:4#1	104	106	9節	創2:9	-	bare
創2:4#2	1	5	一1註3	創1:1	3	chapter
創2:4#2	21	23	一1	創1:1	-	chapter
創2:4#2	55	57	一1	創1:1	-	chapter
創2:4#3	13	15	一1	創1:1	-	chapter
創2:4#3	66	70	出三14	出3:14	-	book
創2:4#3	72	76	約八24	約8:24	-	book
創2:4#3	77	79	28	約8:28	-	bare
創2:4#3	80	82	58	約8:58	-	bare
創2:4#3	113	116	啟一4	啟1:4	-	book
創2:5#2	29	33	約五17	約5:17	-	book
創2:5#2	34	38	林前三9	林前3:9	-	book
創2:5#2	68	72	珥二23	珥2:23	-	book
創2:5#2	73	78	28～29	珥2:28	-	bare
創2:5#2	89	90	7	創2:7	-	bare
太2:2#1	23	30	路二15～52	路2:15	-	book
太2:2#2	28	33	民二四17	民24:17	-	book
太2:2#2	130	132	16	太2:16	-	bare
太2:2#2	146	149	4～6	太2:4	-	bare
太2:2#2	158	161	8～9	太2:8	-	bare
太2:2#2	186	190	9～10	太2:9	-	bare
太2:4#1	13	16	瑪二7	瑪2:7	-	book
太2:4#1	30	33	拉七6	拉7:6	-	book
太2:4#1	53	56	5～6	太2:5	-	bare
太2:11#1	20	24	路二16	路2:16	-	book
太2:11#2	12	15	四10	太4:10	-	chapter
太2:15#1	14	18	何十一1	何11:1	-	book
太2:18#1	14	19	創三五19	創35:19	-	book
太2:18#1	20	23	四八7	創48:7	-	chapter
太2:18#1	36	44	創三五15～18	創35:15	-	book
太2:18#1	52	60	書十八21～28	書18:21	-	book
太2:22#1	10	14	約七41	約7:41	-	book
太2:22#1	15	17	52	約7:52	-	bare
太2:22#1	25	28	四15	太4:15	-	chapter
太2:23#1	31	36	路二1～3	路2:1	-	book
太2:23#1	53	58	路二4～7	路2:4	-	book
太2:23#1	63	66	彌五2	彌5:2	-	book
太2:23#1	95	100	13～15	太2:13	-	bare
太2:23#1	113	118	19～21	太2:19	-	bare
太2:23#1	159	164	22～23	太2:22	-	bare
太2:23#1	165	172	約一45～46	約1:45	-	book
太2:23#2	1	6	一22註1	太1:22	1	chapter
太2:23#3	33	39	詩二二6～7	詩22:6	-	book
太2:23#3	60	64	賽十一1	賽11:1	-	book
太3:1#1	19	23	十一13	太11:13	-	chapter
太3:1#1	24	29	路十六16	路16:16	-	book
太3:1#1	50	57	徒十36～37	徒10:36	-	book
太3:1#1	73	78	可一1～5	可1:1	-	book
太3:2#2	134	138	可一15	可1:15	-	book
太3:2#2	189	194	徒十五16	徒15:16	-	book
太3:2#2	242	246	五3註4	太5:3	4	chapter
太3:2#3	92	95	四17	太4:17	-	chapter
太3:2#3	96	98	十7	太10:7	-	chapter
太3:2#3	114	119	十三3～9	太13:3	-	chapter
太3:2#3	161	165	十三24	太13:24	-	chapter
太3:2#3	193	200	十六18～19	太16:18	-	chapter
太3:3#2	136	143	路一16～17	路1:16	-	book
太3:4#1	10	13	路一5	路1:5	-	book
太3:4#1	14	16	13	路1:13	-	bare
太3:4#1	46	50	出二八4	出28:4	-	book
太3:4#1	51	56	40～41	出28:40	-	bare
太3:4#1	57	61	利六10	利6:10	-	book
太3:4#1	62	70	結四四17～18	結44:17	-	book
太3:4#1	102	107	利二1～3	利2:1	-	book
太3:4#1	108	114	六16～18	利6:16	-	chapter
太3:4#1	115	120	25～26	利6:25	-	bare
太3:4#1	121	127	七31～34	利7:31	-	chapter
太3:4#1	234	238	利十一4	利11:4	-	book
太3:4#1	259	262	路三2	路3:2	-	book
太3:6#2	57	63	書四1～18	書4:1	-	book
創2:7#3	15	19	一1註3	創1:1	3	chapter
創2:7#4	49	53	羅九21	羅9:21	-	book
創2:7#4	54	56	23	羅9:23	-	bare
創2:7#4	57	61	林後四7	林後4:7	-	book
創2:7#4	62	67	提後二21	提後2:21	-	book
創2:7#5	20	25	箴二十27	箴20:27	-	book
創2:7#5	53	57	伯三二8	伯32:8	-	book
創2:7#5	130	134	亞十二1	亞12:1	-	book
創2:7#5	149	153	約四24	約4:24	-	book
創2:7#5	161	165	約三6下	約3:6	-	book
創2:7#5	173	178	林前六17	林前6:17	-	book
創2:7#5	179	184	提後四22	提後4:22	-	book
創2:7#5	206	210	羅八4下	羅8:4	-	book
創2:7#5	251	257	路三38註3	路3:38	3	book
創2:7#5	276	281	約二十22	約20:22	-	book
創2:7#5	360	367	羅八16與註2	羅8:16	2	book
創2:7#5	368	376	林前六17與註2	林前6:17	2	book
創2:7#5	417	423	羅九1與註2	羅9:1	2	book
創2:7#5	446	450	約四24	約4:24	-	book
創2:7#5	451	456	弗六18上	弗6:18	-	book
創2:7#5	457	460	羅一9	羅1:9	-	book
創2:7#5	489	492	可二8	可2:8	-	book
創2:7#5	493	498	林前二11	林前2:11	-	book
創2:7#6	17	20	出一5	出1:5	-	book
創2:7#6	21	25	徒二41	徒2:41	-	book
創2:7#6	101	106	太二八19	太28:19	-	book
創2:7#6	123	128	帖前五23	帖前5:23	-	book
創2:7#6	173	179	約十五4～5	約15:4	-	book
創2:7#6	180	188	羅十一17～24	羅11:17	-	book
創2:7#6	209	216	帖前五23註5	帖前5:23	5	book
創2:7#6	217	223	來四12註2	來4:12	2	book
創2:9#1	33	36	腓四4	腓4:4	-	book
創2:9#2	116	119	約一1	約1:1	-	book
創2:9#2	120	121	4	約1:4	-	bare
創2:9#2	162	167	約十一25	約11:25	-	book
創2:9#2	168	171	十四6	約14:6	-	chapter
創2:9#2	172	176	西三4上	西3:4	-	book
創2:9#2	188	191	西二9	西2:9	-	book
創2:9#2	207	213	啟二二1～2	啟22:1	-	book
創2:9#2	242	246	約十五1	約15:1	-	book
創2:9#2	298	303	約十10下	約10:10	-	book
創2:9#2	304	307	六51	約6:51	-	chapter
創2:9#2	308	310	57	約6:57	-	bare
創2:9#2	311	313	63	約6:63	-	bare
創2:9#3	18	22	來二14	來2:14	-	book
創2:9#3	127	134	約五39～40	約5:39	-	book
創2:9#3	135	140	林後三6下	林後3:6	-	book
創2:9#3	154	158	約十五5	約15:5	-	book
創2:9#3	177	179	三5	創3:5	-	chapter
創2:9#3	222	224	17	創2:17	-	bare
創2:9#3	233	238	啟二十10	啟20:10	-	book
創2:9#3	239	241	14	啟20:14	-	bare
創2:9#3	269	275	啟二二1～2	啟22:1	-	book
創2:10#1	23	29	啟二二1～2	啟22:1	-	book
創2:10#1	30	33	1註2	啟22:1	2	bare
創2:10#1	38	41	2註1	啟22:2	1	bare
創2:10#2	22	26	啟二二1	啟22:1	-	book
創2:10#2	43	47	約四10	約4:10	-	book
創2:10#2	48	51	七37	約7:37	-	chapter
創2:10#3	14	17	結一5	結1:5	-	book
創2:12#1	77	83	彼後一3～4	彼後1:3	-	book
創2:12#1	129	134	約十九34	約19:34	-	book
創2:12#1	146	151	約十二24	約12:24	-	book
創2:12#1	152	156	彼前一3	彼前1:3	-	book
創2:12#1	178	186	啟二一21與註1	啟21:21	1	book
創2:12#1	219	224	林後三18	林後3:18	-	book
創2:12#1	263	268	啟二一11	啟21:11	-	book
創2:12#1	269	274	18～21	啟21:18	-	bare
創2:12#1	277	284	啟二一21註1	啟21:21	1	book
創2:12#1	321	328	出二八6～21	出28:6	-	book
創2:12#1	352	357	林前三12	林前3:12	-	book
創2:12#1	428	435	啟二一12註4	啟21:12	4	book
創2:12#1	436	440	14註2	啟21:14	2	bare
創2:12#1	469	473	彼後一4	彼後1:4	-	book
創2:12#1	481	485	彼前一3	彼前1:3	-	book
創2:12#1	501	506	林後三18	林後3:18	-	book
創2:12#1	519	520	7	創2:7	-	bare
創2:15#2	17	18	9	創2:9	-	bare
創2:15#2	68	75	太十三3～23	太13:3	-	book
創2:15#2	112	115	5註2	創2:5	2	bare
創2:17#2	18	21	弗二1	弗2:1	-	book
創2:17#2	39	43	來九27	來9:27	-	book
創2:17#2	44	49	啟二十14	啟20:14	-	book
創2:17#2	52	57	弗二1註2	弗2:1	2	book
創2:18#1	67	71	羅五14	羅5:14	-	book
創2:18#1	73	77	賽五四5	賽54:5	-	book
創2:18#1	78	82	約三29	約3:29	-	book
創2:18#1	83	88	林後十一2	林後11:2	-	book
創2:18#1	89	96	弗五31～32	弗5:31	-	book
創2:18#1	97	101	啟十九7	啟19:7	-	book
創2:18#1	102	105	二一9	啟21:9	-	chapter
創2:21#1	20	24	約一14	約1:14	-	book
創2:21#1	37	41	羅五14	羅5:14	-	book
創2:21#1	87	94	弗五25～27	弗5:25	-	book
創2:21#1	152	159	約十九34註1	約19:34	1	book
創2:21#2	37	41	來七16	來7:16	-	book
創2:21#2	55	60	約十九34	約19:34	-	book
創2:21#2	89	96	約十九36註2	約19:36	2	book
創2:21#2	97	103	來七16註1	來7:16	1	book
創2:22#1	93	98	約十二24	約12:24	-	book
創2:22#1	99	103	彼前一3	彼前1:3	-	book
創2:22#1	163	169	林前十二12	林前12:12	-	book
創2:22#1	170	177	弗五28～30	弗5:28	-	book
創2:22#2	39	43	啟二一9	啟21:9	-	book
創2:22#2	44	48	二二17	啟22:17	-	chapter
創2:22#2	63	71	啟二一18～21	啟21:18	-	book
創2:22#2	97	103	11～12節	創2:11	-	bare
創2:22#2	125	129	12註1	創2:12	1	bare
創2:22#3	23	25	24	創2:24	-	bare
創2:22#3	48	52	弗五27	弗5:27	-	book
創2:22#3	53	57	啟十九7	啟19:7	-	book
創2:22#3	67	72	林前六17	林前6:17	-	book
創2:22#3	75	81	弗五32註1	弗5:32	1	book
創2:23#1	57	64	約三29～30	約3:29	-	book
創2:23#2	14	17	24節	創2:24	-	bare
創2:24#1	9	13	22註3	創2:22	3	bare
創2:25#1	91	98	啟二二17註1	啟22:17	1	book
創2:25#1	174	175	9	創2:9	-	bare
創2:25#1	176	180	啟二二2	啟22:2	-	book
創2:25#1	197	199	10	創2:10	-	bare
創2:25#1	200	204	啟二二1	啟22:1	-	book
創2:25#1	218	223	11～12	創2:11	-	bare
創2:25#1	224	232	啟二一11～14	啟21:11	-	book
創2:25#1	233	238	18～21	啟21:18	-	bare
創2:25#1	249	254	18～25	創2:18	-	bare
創2:25#1	255	262	啟二一9～10	啟21:9	-	book
創2:25#1	263	267	二二17	啟22:17	-	chapter
太3:7#1	18	22	徒二六5	徒26:5	-	book
太3:7#1	77	83	二三2～33	太23:2	-	chapter
太3:7#2	14	18	徒五17	徒5:17	-	book
太3:7#2	39	43	二二23	太22:23	-	chapter
太3:7#2	44	48	徒二三8	徒23:8	-	book
太3:7#2	79	80	7	太3:7	-	bare
太3:7#2	81	85	十二34	太12:34	-	chapter
太3:7#2	86	90	二三33	太23:33	-	chapter
太3:7#2	110	113	十六6	太16:6	-	chapter
太3:7#2	114	116	12	太16:12	-	bare
太3:9#1	6	10	約八39	約8:39	-	book
太3:9#2	13	16	10節	太3:10	-	bare
太3:9#2	53	59	羅十一15上	羅11:15	-	book
太3:9#2	60	65	19～20	羅11:19	-	bare
太3:9#2	66	68	22	羅11:22	-	bare
太3:9#2	69	72	加三7	加3:7	-	book
太3:9#2	73	78	28～29	加3:28	-	bare
太3:10#1	3	6	七17	太7:17	-	chapter
太3:10#1	10	14	十二33	太12:33	-	chapter
太3:11#1	12	15	徒二3	徒2:3	-	book
太3:11#1	33	35	10	太3:10	-	bare
太3:11#1	36	39	12節	太3:12	-	bare
太3:11#1	51	56	啟二十15	啟20:15	-	book
太3:11#1	423	431	啟二十11～15	啟20:11	-	book
太3:12#1	55	62	十三24～30	太13:24	-	chapter
太3:12#1	150	157	十三40～42	太13:40	-	chapter
太3:16#3	24	28	路一35	路1:35	-	book
太3:16#3	73	77	賽六一1	賽61:1	-	book
太3:16#3	78	81	四二1	賽42:1	-	chapter
太3:16#3	82	86	詩四五7	詩45:7	-	book
太4:1#2	12	19	啟十二9～10	啟12:9	-	book
太4:2#1	20	23	申九9	申9:9	-	book
太4:2#1	24	26	18	申9:18	-	bare
太4:2#1	27	32	王上十九8	王上19:8	-	book
太4:3#1	10	11	1	太4:1	-	bare
太4:3#1	12	16	帖前三5	帖前3:5	-	book
太4:3#2	49	52	三17	太3:17	-	chapter
太4:3#2	215	218	4註2	太4:4	2	bare
太4:3#3	72	77	創三1～6	創3:1	-	book
太4:4#2	64	67	八29	太8:29	-	chapter
太4:4#2	86	90	約壹四3	約壹4:3	-	book
太4:4#2	156	161	約二十31	約20:31	-	book
太4:4#4	10	15	提後三16	提後3:16	-	book
太4:9#1	0	3	路四6	路4:6	-	book
太4:9#1	59	67	結二八13～14	結28:13	-	book
太4:9#1	81	86	約十二31	約12:31	-	book
太4:9#1	160	164	啟十三2	啟13:2	-	book
太4:9#1	165	166	4	啟13:4	-	bare
太4:11#2	20	25	路二二43	路22:43	-	book
創3:1#1	21	26	林後十一3	林後11:3	-	book
創3:1#1	47	53	太十三39上	太13:39	-	book
創3:1#1	54	61	啟十二9與註3	啟12:9	3	book
創3:1#1	73	76	太四3	太4:3	-	book
創3:1#1	77	81	帖前三5	帖前3:5	-	book
創3:1#1	127	132	啟二十10	啟20:10	-	book
創3:1#2	26	30	彼前三7	彼前3:7	-	book
創3:2#1	28	31	2～3	創3:2	-	bare
創3:2#1	32	33	6	創3:6	-	bare
創3:2#1	58	62	賽五四5	賽54:5	-	book
創3:2#1	103	108	林前十一3	林前11:3	-	book
創3:2#1	165	170	提前二14	提前2:14	-	book
創3:2#1	227	232	羅七4註1	羅7:4	1	book
創3:5#1	36	42	二16～17	創2:16	-	chapter
創3:7#1	28	31	二17	創2:17	-	chapter
創3:7#1	32	36	羅五14	羅5:14	-	book
創3:7#1	50	54	羅五16	羅5:16	-	book
創3:7#1	63	68	17～19	創3:17	-	bare
創3:7#1	77	78	8	創3:8	-	bare
創3:7#1	86	91	23～24	創3:23	-	bare
創3:7#1	101	105	弗四18	弗4:18	-	book
創3:7#1	156	157	1	創3:1	-	bare
創3:7#1	158	161	4～6	創3:4	-	bare
創3:7#1	192	195	羅七8	羅7:8	-	book
創3:7#1	196	198	11	羅7:11	-	bare
創3:7#1	199	201	17	羅7:17	-	bare
創3:7#1	202	204	20	羅7:20	-	bare
創3:7#1	205	208	8註1	羅7:8	1	bare
創3:7#1	234	242	羅七18上與註2	羅7:18	2	book
創3:7#1	259	262	弗二1	弗2:1	-	book
創3:7#1	263	264	5	弗2:5	-	bare
創3:7#1	266	269	1註2	弗2:1	2	bare
創3:7#1	332	336	羅五19	羅5:19	-	book
創3:7#1	347	352	羅五12下	羅5:12	-	book
創3:7#1	353	356	14上	羅5:14	-	bare
創3:7#1	357	364	林前十五22上	林前15:22	-	book
創3:7#1	405	408	一26	創1:26	-	chapter
創3:7#1	442	449	羅八20～21	羅8:20	-	book
創3:7#2	25	29	二7註5	創2:7	5	chapter
創3:7#2	85	88	二25	創2:25	-	chapter
創3:7#2	127	132	羅九1註2	羅9:1	2	book
創3:7#3	20	24	來九22	來9:22	-	book
創3:7#3	84	89	羅三20上	羅3:20	-	book
創3:7#3	92	96	21註1	創3:21	1	bare
創3:9#1	55	61	弗三9～11	弗3:9	-	book
創3:9#1	101	105	約三16	約3:16	-	book
創3:9#1	142	145	彌五2	彌5:2	-	book
創3:9#1	173	180	徒二23與註1	徒2:23	1	book
創3:9#1	181	189	彼前一18～20	彼前1:18	-	book
創3:9#1	190	194	20註1	彼前1:20	1	bare
創3:9#2	27	32	羅一32上	羅1:32	-	book
創3:9#2	33	37	六23上	羅6:23	-	chapter
創3:9#2	57	58	8	創3:8	-	bare
創3:9#2	99	103	約三17	約3:17	-	book
創3:9#2	104	109	路十九10	路19:10	-	book
創3:11#1	37	41	約壹一9	約壹1:9	-	book
創3:14#2	53	58	西三1～3	西3:1	-	book
創3:14#2	59	64	約壹五18	約壹5:18	-	book
創3:14#2	65	70	羅十六20	羅16:20	-	book
創3:15#1	31	34	加四4	加4:4	-	book
創3:15#1	70	73	2註1	創3:2	1	bare
創3:15#1	76	80	啟十二1	啟12:1	-	book
創3:15#1	91	95	啟十二1	啟12:1	-	book
創3:15#1	128	134	啟十二4註2	啟12:4	2	book
創3:15#1	163	165	四8	創4:8	-	chapter
創3:15#1	166	171	約壹三12	約壹3:12	-	book
創3:15#1	195	202	啟二十7～10	啟20:7	-	book
創3:15#2	20	24	啟十二9	啟12:9	-	book
創3:15#2	25	28	二十2	啟20:2	-	chapter
創3:15#2	50	56	羅七18註2	羅7:18	2	book
創3:15#2	73	78	太二三33	太23:33	-	book
創3:15#2	118	121	太三7	太3:7	-	book
創3:15#2	122	126	十三38	太13:38	-	chapter
創3:15#2	127	131	約八44	約8:44	-	book
創3:15#2	132	137	約壹三10	約壹3:10	-	book
創3:15#3	36	40	賽七14	賽7:14	-	book
創3:15#3	45	49	太一23	太1:23	-	book
創3:15#3	55	58	加四4	加4:4	-	book
創3:15#3	129	133	啟十二5	啟12:5	-	book
創3:15#3	143	149	啟十二5註2	啟12:5	2	book
創3:15#3	180	185	詩二8～9	詩2:8	-	book
創3:15#3	186	193	啟二26～27	啟2:26	-	book
創3:15#3	195	199	啟十二5	啟12:5	-	book
創3:15#3	267	271	啟三21	啟3:21	-	book
創3:15#4	36	43	來二14與註1	來2:14	1	book
創3:15#4	44	48	約壹三8	約壹3:8	-	book
創3:15#4	95	100	詩二二16	詩22:16	-	book
創3:15#4	130	135	約十二31	約12:31	-	book
創3:15#4	136	140	十六11	約16:11	-	chapter
創3:15#4	173	180	啟十二9與註1	啟12:9	1	book
創3:16#1	11	19	提前二14～15	提前2:14	-	book
創3:16#1	20	26	五13～14	提前5:13	-	chapter
創3:16#1	37	42	林前十一3	林前11:3	-	book
創3:16#1	43	51	提前二11～12	提前2:11	-	book
創3:17#1	16	18	18	創3:18	-	bare
創3:17#1	35	37	17	創3:17	-	bare
創3:17#1	38	41	19上	創3:19	-	bare
創3:17#1	54	57	19下	創3:19	-	bare
創3:20#1	7	10	15節	創3:15	-	bare
創3:20#1	69	76	約三14～16	約3:14	-	book
創3:21#1	31	35	來九22	來9:22	-	book
創3:21#1	81	85	約一29	約1:29	-	book
創3:21#1	86	91	啟十三8下	啟13:8	-	book
創3:21#1	92	100	彼前一18～20	彼前1:18	-	book
創3:21#1	101	105	三18上	彼前3:18	-	chapter
創3:21#1	106	109	弗一7	弗1:7	-	book
創3:21#1	110	114	羅三24	羅3:24	-	book
創3:21#1	150	154	羅三28	羅3:28	-	book
創3:21#1	182	186	耶二三6	耶23:6	-	book
創3:21#1	187	192	林前一30	林前1:30	-	book
創3:21#1	221	222	7	創3:7	-	bare
創3:21#1	225	232	路十五22註5	路15:22	5	book
創3:21#2	90	95	路十五22	路15:22	-	book
創3:21#2	108	113	林前一30	林前1:30	-	book
創3:21#2	177	183	約三16註3	約3:16	3	book
創3:21#2	232	237	六14註3	創6:14	3	chapter
創3:21#2	240	245	八18註1	創8:18	1	chapter
創3:21#2	248	255	出十二22註2	出12:22	2	book
創3:21#2	256	262	約壹二2註3	約壹2:2	3	book
創3:21#2	274	276	15	創3:15	-	bare
創3:21#2	277	280	21節	創3:21	-	bare
太4:12#2	82	87	賽九1～2	賽9:1	-	book
太4:15#1	40	44	約七41	約7:41	-	book
太4:15#1	45	47	52	約7:52	-	bare
太4:17#1	27	29	三2	太3:2	-	chapter
太4:18#2	31	33	19	太4:19	-	bare
太4:18#2	65	72	徒二37～42	徒2:37	-	book
太4:18#2	73	75	四4	徒4:4	-	chapter
太4:20#2	44	51	約一35～36	約1:35	-	book
太4:20#2	52	57	40～42	約1:40	-	bare
太4:22#1	1	5	約一40	約1:40	-	book
太4:23#1	15	22	路四16～17	路4:16	-	book
太4:23#1	23	31	徒十三14～15	徒13:14	-	book
太4:23#2	23	28	路二四47	路24:47	-	book
太4:23#2	37	42	約二十31	約20:31	-	book
太4:23#2	53	57	二四14	太24:14	-	chapter
太4:23#2	66	69	來六5	來6:5	-	book
太4:23#2	77	83	賽三五5～6	賽35:5	-	book
太4:23#2	84	87	太十1	太10:1	-	book
太5:1#2	55	59	二八19	太28:19	-	chapter
太5:1#2	83	88	徒十一26	徒11:26	-	book
太5:3#3	65	69	3～12	太5:3	-	bare
太5:3#4	264	268	二一43	太21:43	-	chapter
太5:3#4	300	304	三1～2	太3:1	-	chapter
太5:3#4	305	312	十一11～12	太11:11	-	chapter
太5:3#4	500	505	羅十四17	羅14:17	-	book
太5:3#4	560	564	十三43	太13:43	-	chapter
太5:3#4	587	591	十三41	太13:41	-	chapter
太5:3#4	621	626	徒十五16	徒15:16	-	book
太5:3#4	671	675	啟二十4	啟20:4	-	book
太5:3#4	676	677	6	啟20:6	-	bare
太5:3#4	723	730	亞八20～23	亞8:20	-	book
創3:22#2	154	158	約一29	約1:29	-	book
創3:22#2	170	174	約三14	約3:14	-	book
創3:22#2	177	183	羅八3與註3	羅8:3	3	book
創3:22#2	200	205	啟二二14	啟22:14	-	book
創3:24#1	36	39	結九3	結9:3	-	book
創3:24#1	40	42	十4	結10:4	-	chapter
創3:24#1	43	46	來九5	來9:5	-	book
創3:24#1	58	62	申四24	申4:24	-	book
創3:24#1	63	65	九3	申9:3	-	chapter
創3:24#1	66	71	來十二29	來12:29	-	book
創3:24#1	87	94	哀三42～43	哀3:42	-	book
創3:24#1	95	98	羅二5	羅2:5	-	book
創3:24#1	132	139	羅三10～18	羅3:10	-	book
創3:24#1	140	142	23	羅3:23	-	bare
創3:24#1	222	229	來十19～20	來10:19	-	book
創3:24#1	230	234	20註2	來10:20	2	bare
創3:24#1	235	243	啟二二14與註4	啟22:14	4	book
創4:2#1	33	38	傳一2～3	傳1:2	-	book
創4:2#2	16	19	一29	創1:29	-	chapter
創4:2#2	20	23	三18	創3:18	-	chapter
創4:2#2	32	34	九3	創9:3	-	chapter
創4:2#2	78	81	4註1	創4:4	1	bare
創4:3#1	12	15	三21	創3:21	-	chapter
創4:3#1	16	20	來九22	來9:22	-	book
創4:3#1	84	88	7與註1	創4:7	1	bare
創4:3#1	89	94	約壹三12	約壹3:12	-	book
創4:3#1	114	120	猶11與註1	猶1:11	1	book
創4:4#1	2	6	來十一4	來11:4	-	book
創4:4#1	30	34	羅十17	羅10:17	-	book
創4:4#1	35	37	14	羅10:14	-	bare
創4:4#1	68	71	三15	創3:15	-	chapter
創4:4#1	72	74	21	創3:21	-	bare
創4:4#1	175	179	彼前二5	彼前2:5	-	book
創4:4#1	180	181	9	彼前2:9	-	bare
創4:4#1	201	206	民十八17	民18:17	-	book
創4:5#1	21	24	三21	創3:21	-	chapter
創4:5#1	25	28	腓三9	腓3:9	-	book
創4:5#1	29	34	林前一30	林前1:30	-	book
創4:5#1	72	75	羅十3	羅10:3	-	book
創4:7#1	8	14	羅七8與註1	羅7:8	1	book
創4:7#1	53	58	路二二31	路22:31	-	book
創4:7#1	59	63	彼前五8	彼前5:8	-	book
創4:8#2	26	29	4～5	創4:4	-	bare
創4:8#2	71	76	太二三35	太23:35	-	book
創4:8#2	77	81	約十六2	約16:2	-	book
創4:8#2	82	86	啟十七6	啟17:6	-	book
創4:8#2	88	92	加四29	加4:29	-	book
創4:8#2	133	137	二9註3	創2:9	3	chapter
創4:9#1	14	18	約八44	約8:44	-	book
創4:9#1	71	76	約壹三12	約壹3:12	-	book
創4:9#1	94	95	7	創4:7	-	bare
創4:10#1	15	23	來十二24與註3	來12:24	3	book
創4:17#2	11	13	16	創4:16	-	bare
創4:17#2	130	135	20～22	創4:20	-	bare
創4:26#2	45	48	2註1	創4:2	1	bare
創4:26#2	63	67	26註1	創4:26	1	bare
創4:26#2	92	96	二4註3	創2:4	3	chapter
創4:26#2	148	155	羅十12～13	羅10:12	-	book
創4:26#2	160	166	徒二21註1	徒2:21	1	book
太5:5#2	29	34	路十九17	路19:17	-	book
太5:5#2	35	37	19	路19:19	-	bare
太5:5#2	38	43	來二5～8	來2:5	-	book
太5:6#1	41	43	10	太5:10	-	bare
太5:6#1	44	46	20	太5:20	-	bare
太5:7#2	31	36	提後一16	提後1:16	-	book
太5:7#2	37	39	18	提後1:18	-	bare
太5:7#2	57	64	雅二12～13	雅2:12	-	book
太5:8#1	27	32	林前十31	林前10:31	-	book
太5:8#1	57	61	約一12	約1:12	-	book
太5:8#1	62	64	三6	約3:6	-	chapter
太5:8#1	85	89	十三19	太13:19	-	chapter
太5:9#1	50	55	來十二14	來12:14	-	book
太5:9#2	15	20	羅十五33	羅15:33	-	book
太5:9#2	21	25	十六20	羅16:20	-	chapter
太5:10#1	14	19	約壹五19	約壹5:19	-	book
太5:11#1	0	3	10節	太5:10	-	bare
太5:11#1	22	25	11節	太5:11	-	bare
太5:11#2	90	94	徒五41	徒5:41	-	book
太5:11#2	95	99	十三45	徒13:45	-	chapter
太5:11#2	100	102	50	徒13:50	-	bare
太5:11#2	103	107	林後六8	林後6:8	-	book
太5:11#2	108	111	羅三8	羅3:8	-	book
太5:12#2	1	6	一22註1	太1:22	1	chapter
太5:13#1	0	6	13～16節	太5:13	-	bare
太5:13#4	17	22	路十四35	路14:35	-	book
太5:14#2	42	50	啟二一10～11	啟21:10	-	book
太5:14#2	51	56	23～24	啟21:23	-	bare
太5:15#1	60	63	六25	太6:25	-	chapter
太5:16#3	32	36	約一12	約1:12	-	book
太5:16#3	37	40	加四6	加4:6	-	book
太5:17#1	0	6	17～48節	太5:17	-	bare
太5:17#2	98	100	22	太5:22	-	bare
太5:17#2	101	103	28	太5:28	-	bare
太5:17#2	104	106	32	太5:32	-	bare
太5:17#2	107	109	34	太5:34	-	bare
太5:17#2	110	112	39	太5:39	-	bare
太5:17#2	113	115	44	太5:44	-	bare
太5:18#2	23	27	啟二一1	啟21:1	-	book
太5:18#2	28	35	來一11～12	來1:11	-	book
太5:18#2	36	44	彼後三10～13	彼後3:10	-	book
太5:18#2	79	84	賽六五17	賽65:17	-	book
太5:18#2	85	89	六六22	賽66:22	-	chapter
太5:18#2	94	97	17節	太5:17	-	bare
太5:18#2	107	110	18節	太5:18	-	bare
太5:19#1	7	10	18節	太5:18	-	bare
太5:20#1	49	54	林前一30	林前1:30	-	book
太5:20#1	55	59	羅三26	羅3:26	-	book
太5:20#1	272	279	二二11～12	太22:11	-	chapter
太5:20#1	298	304	啟十九7～8	啟19:7	-	book
太5:20#2	1	5	二4註1	太2:4	1	chapter
太5:20#3	20	23	約三3	約3:3	-	book
太5:20#3	24	25	5	約3:5	-	bare
創5:1#1	24	31	路三23～38	路3:23	-	book
創5:1#1	94	101	一1～十一26	創1:1	-	chapter
創5:1#1	130	139	十一27～五十26	創11:27	-	chapter
創5:1#1	240	245	弗四4～6	弗4:4	-	book
創5:1#1	265	272	啟二一1～23	啟21:1	-	book
創5:1#1	285	289	約三30	約3:30	-	book
創5:1#1	290	296	林前十二12	林前12:12	-	book
創5:1#1	325	329	啟二一3	啟21:3	-	book
創5:1#1	330	332	22	啟21:22	-	bare
創5:1#1	360	366	啟二一18下	啟21:18	-	book
創5:1#1	367	370	21下	啟21:21	-	bare
創5:1#1	371	376	10～11	啟21:10	-	bare
創5:1#1	377	379	23	啟21:23	-	bare
創5:1#2	1	6	一26註2	創1:26	2	chapter
創5:2#1	1	6	一26註4	創1:26	4	chapter
創5:3#1	39	43	一28上	創1:28	-	chapter
創5:3#1	79	84	林前四15	林前4:15	-	book
創5:3#1	94	101	約一12～13	約1:12	-	book
創5:5#1	1	7	羅五12註4	羅5:12	4	book
創5:21#1	66	68	七6	創7:6	-	chapter
創5:21#1	69	76	五25～29上	創5:25	-	chapter
創5:21#1	107	113	猶14～15	猶1:14	-	book
創5:21#1	136	138	22	創5:22	-	bare
創5:21#1	139	141	24	創5:24	-	bare
創5:21#1	159	167	彼後三10～12	彼後3:10	-	book
創5:22#1	71	79	太十六24～25	太16:24	-	book
創5:24#1	31	35	來十一5	來11:5	-	book
創5:24#1	94	100	來十一5～6	來11:5	-	book
創6:2#1	16	19	伯一6	伯1:6	-	book
創6:2#1	20	22	二1	伯2:1	-	chapter
創6:2#1	23	26	三八7	伯38:7	-	chapter
創6:2#1	44	48	啟十二4	啟12:4	-	book
創6:2#1	69	74	太十二26	太12:26	-	book
創6:2#1	75	79	弗六12	弗6:12	-	book
創6:2#2	69	73	猶6～7	猶1:6	-	book
創6:2#2	76	80	猶6註1	猶1:6	1	book
創6:2#2	81	84	7註1	猶1:7	1	bare
創6:2#2	117	122	十九4～9	創19:4	-	chapter
創6:2#2	123	127	羅一27	羅1:27	-	book
創6:3#1	21	25	三6註1	創3:6	1	chapter
創6:3#1	55	59	四3註1	創4:3	1	chapter
創6:3#1	95	96	2	創6:2	-	bare
創6:3#1	97	98	5	創6:5	-	bare
創6:3#1	99	101	11	創6:11	-	bare
創6:3#1	122	129	羅七5～八13	羅7:5	-	book
創6:3#1	186	187	7	創6:7	-	bare
創6:3#1	188	190	13	創6:13	-	bare
創6:3#1	208	216	太二四37～39	太24:37	-	book
創6:3#2	15	17	一2	創1:2	-	chapter
創6:4#1	55	63	民十三32～33	民13:32	-	book
創6:8#1	102	107	但一8註1	但1:8	1	book
創6:8#1	108	113	弗二4註1	弗2:4	1	book
創6:8#2	22	23	9	創6:9	-	bare
創6:8#2	35	39	來四16	來4:16	-	book
創6:8#2	67	75	林前十五10註1	林前15:10	1	book
創6:8#2	98	103	結十四14	結14:14	-	book
創6:8#2	105	112	羅五17～21	羅5:17	-	book
創6:9#1	12	18	五22～24	創5:22	-	chapter
創6:9#1	30	34	來十一7	來11:7	-	book
創6:9#1	66	70	羅三22	羅3:22	-	book
創6:9#1	89	92	羅四3	羅4:3	-	book
創6:9#1	93	94	9	羅4:9	-	bare
創6:9#1	106	110	彼後二5	彼後2:5	-	book
創6:14#1	36	40	徒二24	徒2:24	-	book
創6:14#2	10	18	彼前三20～21	彼前3:20	-	book
創6:14#2	54	60	林前十二12	林前12:12	-	book
創6:14#2	61	68	弗二15～16	弗2:15	-	book
創6:14#2	69	76	西三10～11	西3:10	-	book
創6:14#2	120	128	林前三9～12上	林前3:9	-	book
創6:14#2	129	133	林後六1	林後6:1	-	book
創6:14#2	134	140	弗三8～10	弗3:8	-	book
創6:14#2	141	144	四12	弗4:12	-	chapter
創6:14#2	197	205	彼前三20與註3	彼前3:20	3	book
創6:14#2	235	243	太二四37～39	太24:37	-	book
創6:14#2	244	252	路十七26～27	路17:26	-	book
創6:14#2	253	257	帖前五3	帖前5:3	-	book
創6:14#2	284	289	路二一36	路21:36	-	book
創6:14#2	290	294	啟三10	啟3:10	-	book
創6:14#3	54	59	利四5～7	利4:5	-	book
創6:14#3	60	63	六30	利6:30	-	chapter
創6:14#3	64	71	十六14～19	利16:14	-	chapter
創6:14#3	72	76	來九21	來9:21	-	book
創6:14#3	100	104	來九14	來9:14	-	book
創6:14#3	122	127	出十二13	出12:13	-	book
創6:14#3	180	183	羅五9	羅5:9	-	book
創6:14#3	264	268	約三16	約3:16	-	book
創6:14#3	269	274	林前一30	林前1:30	-	book
創6:14#3	275	278	弗一7	弗1:7	-	book
創6:14#3	281	286	三21註2	創3:21	2	chapter
創6:14#3	287	294	出十二22註2	出12:22	2	book
創6:14#3	295	301	約壹二2註3	約壹2:2	3	book
創6:15#1	27	31	出二五9	出25:9	-	book
創6:15#1	32	41	代上二八11～19	代上28:11	-	book
創6:15#1	42	50	林前三10～12	林前3:10	-	book
創6:15#1	51	59	弗二20上與註2	弗2:20	2	book
創6:15#2	56	61	太二八19	太28:19	-	book
創6:15#2	62	68	林後十三14	林後13:14	-	book
創6:15#2	69	76	弗三16～19	弗3:16	-	book
創6:15#2	101	106	啟四6～7	啟4:6	-	book
創6:15#2	107	110	6註2	啟4:6	2	bare
創6:15#2	123	126	申六4	申6:4	-	book
創6:15#2	127	131	賽四五5	賽45:5	-	book
創6:15#2	132	136	林前八4	林前8:4	-	book
創6:15#2	207	211	但一12	但1:12	-	book
創6:15#2	212	214	20	但1:20	-	bare
創6:15#2	227	232	太十三23	太13:23	-	book
創6:16#1	52	58	林後三6～9	林後3:6	-	book
創6:16#1	59	61	四1	林後4:1	-	chapter
創6:16#1	76	81	徒二42上	徒2:42	-	book
創6:16#1	82	87	林前四17	林前4:17	-	book
創6:16#1	88	94	提前一3～4	提前1:3	-	book
創6:16#1	105	113	徒二六13～19	徒26:13	-	book
創6:16#2	25	28	約十9	約10:9	-	book
創6:16#3	43	47	彼前一2	彼前1:2	-	book
創6:16#3	48	52	約十六8	約16:8	-	book
創6:16#3	53	58	13～15	約16:13	-	bare
創6:16#3	77	81	約十四6	約14:6	-	book
創6:16#3	82	86	弗二18	弗2:18	-	book
創6:16#3	88	94	約壹四8註2	約壹4:8	2	book
創6:18#1	1	5	九9註1	創9:9	1	chapter
太5:22#1	0	2	21	太5:21	-	bare
太5:22#1	3	5	27	太5:27	-	bare
太5:22#1	6	8	33	太5:33	-	bare
太5:22#1	9	11	38	太5:38	-	bare
太5:22#1	12	15	43節	太5:43	-	bare
太5:22#1	32	34	22	太5:22	-	bare
太5:22#1	35	37	28	太5:28	-	bare
太5:22#1	38	40	32	太5:32	-	bare
太5:22#1	41	43	34	太5:34	-	bare
太5:22#1	44	46	39	太5:39	-	bare
太5:22#1	47	50	44節	太5:44	-	bare
太5:22#3	15	17	21	太5:21	-	bare
太5:22#4	132	137	林後五10	林後5:10	-	book
太5:22#4	138	143	羅十四10	羅14:10	-	book
太5:22#4	144	146	12	羅14:12	-	bare
太5:22#4	147	153	林前四4～5	林前4:4	-	book
太5:22#4	154	160	三13～15	林前3:13	-	chapter
太5:22#4	161	166	太十六27	太16:27	-	book
太5:22#4	167	172	啟二二12	啟22:12	-	book
太5:22#4	173	177	來十27	來10:27	-	book
太5:22#4	178	180	30	來10:30	-	bare
太5:22#4	290	294	約壹一7	約壹1:7	-	book
太5:22#4	295	296	9	約壹1:9	-	bare
太5:22#7	32	37	路二二66	路22:66	-	book
太5:22#7	38	43	徒四5～6	徒4:5	-	book
太5:22#7	44	46	15	徒4:15	-	bare
太5:22#7	47	50	五27	徒5:27	-	chapter
太5:22#7	51	53	34	徒5:34	-	bare
太5:22#7	54	56	41	徒5:41	-	bare
太5:22#8	24	29	民二十10	民20:10	-	book
太5:22#9	44	50	王下二三10	王下23:10	-	book
太5:22#9	51	56	賽三十33	賽30:33	-	book
太5:22#9	57	61	耶十九6	耶19:6	-	book
太5:22#9	123	128	啟二十15	啟20:15	-	book
太5:22#9	138	143	29～30	太5:29	-	bare
太5:22#9	144	147	十28	太10:28	-	chapter
太5:22#9	148	151	十八9	太18:9	-	chapter
太5:22#9	152	156	二三15	太23:15	-	chapter
太5:22#9	157	159	33	太23:33	-	bare
太5:22#9	160	164	可九43	可9:43	-	book
太5:22#9	165	167	45	可9:45	-	bare
太5:22#9	168	170	47	可9:47	-	bare
太5:22#9	171	175	路十二5	路12:5	-	book
太5:22#9	176	179	雅三6	雅3:6	-	book
太5:23#1	10	15	王上八64	王上8:64	-	book
太5:23#1	21	27	出二七1～8	出27:1	-	book
太5:23#1	44	47	利一9	利1:9	-	book
太5:23#1	48	50	12	利1:12	-	bare
太5:23#1	51	53	17	利1:17	-	bare
太5:23#3	12	15	22節	太5:22	-	bare
太5:25#4	20	25	林後五10	林後5:10	-	book
太5:25#4	26	31	羅十四10	羅14:10	-	book
太5:29#1	3	6	30節	太5:30	-	bare
太5:29#1	67	71	羅八13	羅8:13	-	book
太5:29#1	72	75	西三5	西3:5	-	book
太5:29#2	1	5	22註9	太5:22	9	bare
太5:30#1	1	5	29註1	太5:29	1	bare
太5:32#1	2	8	21～30節	太5:21	-	bare
太5:32#1	31	37	31～48節	太5:31	-	bare
太5:32#1	93	98	十九7～8	太19:7	-	chapter
太5:32#1	120	125	十九4～6	太19:4	-	chapter
太5:32#2	11	14	羅七3	羅7:3	-	book
太5:39#1	24	26	40	太5:40	-	bare
太5:39#1	43	45	41	太5:41	-	bare
太5:45#2	42	50	亞十四17～18	亞14:17	-	book
太5:46#1	61	67	來十35註1	來10:35	1	book
太5:46#2	35	42	路三12～13	路3:12	-	book
太5:46#2	43	46	十九2	路19:2	-	chapter
太5:46#2	47	48	8	路19:8	-	bare
太5:46#2	93	100	路十八9～10	路18:9	-	book
太5:46#2	114	120	九10～11	太9:10	-	chapter
創7:3#1	25	32	西一20與註2	西1:20	2	book
創7:3#1	33	39	來二9與註4	來2:9	4	book
創7:3#1	40	48	可十六15與註1	可16:15	1	book
創7:4#1	16	19	來三9	來3:9	-	book
創7:4#1	20	23	太四2	太4:2	-	book
創7:4#1	24	29	王上十九8	王上19:8	-	book
創7:6#1	1	6	五21註1	創5:21	1	chapter
創7:16#1	8	10	13	創7:13	-	bare
創7:16#1	88	95	約十28～29	約10:28	-	book
創7:16#1	96	100	28註1	約10:28	1	bare
創7:17#1	19	27	彼前三20～21	彼前3:20	-	book
創7:17#1	28	32	21註1	彼前3:21	1	bare
創7:17#1	54	59	六14註3	創6:14	3	chapter
創7:17#1	91	94	加一4	加1:4	-	book
創7:17#1	95	102	徒二40～41	徒2:40	-	book
創7:17#1	134	142	出十四26～30	出14:26	-	book
創7:17#1	165	168	羅六3	羅6:3	-	book
創7:17#1	169	174	約十二31	約12:31	-	book
創7:17#1	201	205	加六14	加6:14	-	book
創7:17#1	206	210	來二14	來2:14	-	book
創8:7#1	10	15	利十一15	利11:15	-	book
創8:7#1	72	73	8	創8:8	-	bare
創8:18#1	40	46	約二十1註1	約20:1	1	book
創8:18#1	88	91	弗二6	弗2:6	-	book
創8:18#1	92	96	彼前一3	彼前1:3	-	book
創8:18#1	216	221	林前一30	林前1:30	-	book
創8:18#1	222	225	弗一4	弗1:4	-	book
創8:18#1	238	241	羅六6	羅6:6	-	book
創8:18#1	242	247	林後五14	林後5:14	-	book
創8:18#1	248	253	加二20上	加2:20	-	book
創8:18#1	265	268	弗二6	弗2:6	-	book
創8:18#1	269	273	西二12	西2:12	-	book
創8:18#1	274	276	三1	西3:1	-	chapter
創8:20#1	130	137	出二九38註1	出29:38	1	book
創8:20#2	1	6	利一3註1	利1:3	1	book
創8:21#2	10	13	三17	創3:17	-	chapter
創8:21#2	48	50	22	創8:22	-	bare
創8:21#2	51	58	加三13～14	加3:13	-	book
創8:21#2	80	85	詩一三三3	詩133:3	-	book
創8:22#1	23	28	20～21	創8:20	-	bare
創8:22#1	120	126	一26～28	創1:26	-	chapter
太6:1#1	0	5	1～18節	太6:1	-	bare
太6:1#2	10	14	2～4節	太6:2	-	bare
太6:1#2	20	25	5～15節	太6:5	-	bare
太6:1#2	32	38	16～18節	太6:16	-	bare
太6:2#3	1	6	四23註1	太4:23	1	chapter
太6:4#3	10	18	林後九10～11	林後9:10	-	book
太6:4#3	30	35	路十四14	路14:14	-	book
太6:7#1	36	40	二六44	太26:44	-	chapter
太6:7#1	59	64	林後十二8	林後12:8	-	book
太6:7#1	85	91	啟十九1～6	啟19:1	-	book
太6:8#1	33	35	七8	太7:8	-	chapter
太6:9#2	129	132	詩八1	詩8:1	-	book
太6:9#2	147	152	啟十一15	啟11:15	-	book
太6:10#1	9	14	結二八17	結28:17	-	book
太6:10#1	15	23	賽十四13～15	賽14:13	-	book
太6:10#1	79	86	創一26～28	創1:26	-	book
太6:11#4	14	16	34	太6:34	-	bare
太6:13#1	26	28	四1	太4:1	-	chapter
太6:14#1	7	13	14～15節	太6:14	-	bare
太6:14#1	36	38	12	太6:12	-	bare
創9:1#1	35	40	一26註2	創1:26	2	chapter
創9:3#1	30	33	一29	創1:29	-	chapter
創9:3#1	80	84	來九22	來9:22	-	book
創9:3#1	87	93	約六51註2	約6:51	2	book
創9:3#1	94	100	出十二8註1	出12:8	1	book
創9:6#1	51	56	三7～10	創3:7	-	chapter
創9:6#1	84	86	六5	創6:5	-	chapter
創9:6#1	87	89	11	創6:11	-	bare
創9:6#1	118	125	羅十三1與註3	羅13:1	3	book
創9:6#1	184	189	太五3註4	太5:3	4	book
創9:6#1	190	197	來十二28註1	來12:28	1	book
創9:6#2	1	6	一26註2	創1:26	2	chapter
創9:9#1	19	23	9～17	創9:9	-	bare
創9:9#1	45	50	八22註1	創8:22	1	chapter
創9:9#1	51	56	啟四6註1	啟4:6	1	book
創9:13#1	19	23	林前一9	林前1:9	-	book
創9:13#1	24	28	約壹一9	約壹1:9	-	book
創9:13#1	61	64	啟四3	啟4:3	-	book
創9:13#1	78	83	啟四3註3	啟4:3	3	book
創9:13#1	84	90	二一19註1	啟21:19	1	chapter
創9:13#1	93	99	結一28註1	結1:28	1	book
創9:21#1	29	30	1	創9:1	-	bare
創9:21#1	95	97	三7	創3:7	-	chapter
創9:21#1	98	100	21	創3:21	-	bare
創9:21#1	101	109	出二十25～26	出20:25	-	book
創9:21#1	110	117	二八40～43	出28:40	-	chapter
創9:21#1	135	140	路十五22	路15:22	-	book
創9:21#1	141	145	加三27	加3:27	-	book
創9:21#1	146	151	詩四五13	詩45:13	-	book
創9:21#1	180	185	羅十三14	羅13:14	-	book
創9:25#1	66	68	22	創9:22	-	bare
創9:25#1	120	122	23	創9:23	-	bare
創9:25#1	180	185	申二七16	申27:16	-	book
創9:25#1	188	193	弗六2～3	弗6:2	-	book
創9:25#1	195	202	民十二1～10	民12:1	-	book
創9:25#1	205	211	撒下十五10	撒下15:10	-	book
創9:25#1	212	219	十八14～15	撒下18:14	-	chapter
創9:26#1	32	39	十一10～26	創11:10	-	chapter
創9:26#1	42	48	25～27節	創9:25	-	bare
創9:27#1	79	83	約四22	約4:22	-	book
創9:27#1	119	123	約一14	約1:14	-	book
創9:27#1	202	209	啟二一3與註1	啟21:3	1	book
創10:4#1	12	16	代上一7	代上1:7	-	book
創10:8#1	40	44	耶七18	耶7:18	-	book
創10:8#1	71	75	耶五十1	耶50:1	-	book
創10:8#1	78	85	但二32～35	但2:32	-	book
創10:8#1	106	111	10～11	創10:10	-	bare
創10:25#1	44	48	九6註1	創9:6	1	chapter
太6:19#1	0	6	19～34節	太6:19	-	bare
太6:20#1	23	27	十九21	太19:21	-	chapter
太6:20#1	39	43	徒二45	徒2:45	-	book
太6:20#1	44	50	四34～35	徒4:34	-	chapter
太6:20#1	51	55	十一29	徒11:29	-	chapter
太6:20#1	56	61	羅十五26	羅15:26	-	book
太6:20#1	71	78	腓四16～17	腓4:16	-	book
太6:23#1	29	33	二十15	太20:15	-	chapter
太6:23#1	34	38	申十五9	申15:9	-	book
太6:23#1	39	44	箴二八22	箴28:22	-	book
太6:25#1	27	31	賽二九8	賽29:8	-	book
太6:27#1	8	12	詩三九5	詩39:5	-	book
太6:28#1	14	19	歌二1～2	歌2:1	-	book
太6:33#1	74	77	五20	太5:20	-	chapter
太6:34#3	9	13	13註2	太6:13	2	bare
太7:1#1	0	5	1～12節	太7:1	-	bare
太7:2#1	84	88	雅二13	雅2:13	-	book
太7:5#1	1	5	六2註2	太6:2	2	chapter
太7:6#2	33	38	利十一27	利11:27	-	book
太7:6#2	39	40	7	利11:7	-	bare
太7:6#2	44	49	彼後二12	彼後2:12	-	book
太7:6#2	50	55	19～22	彼後2:19	-	bare
太7:6#2	56	59	腓三2	腓3:2	-	book
太7:8#2	10	13	六33	太6:33	-	chapter
太7:8#3	10	13	14節	太7:14	-	bare
太7:11#4	7	12	路十一13	路11:13	-	book
太7:11#4	53	56	加三8	加3:8	-	book
太7:11#4	57	59	14	加3:14	-	bare
創11:3#1	10	14	王上六7	王上6:7	-	book
創11:3#1	15	20	太十六18	太16:18	-	book
創11:3#1	21	25	約一42	約1:42	-	book
創11:3#1	26	32	林前三12上	林前3:12	-	book
創11:3#1	33	37	彼前二5	彼前2:5	-	book
創11:3#1	38	46	啟二一18～20	啟21:18	-	book
創11:3#1	86	90	出一11	出1:11	-	book
創11:3#1	91	93	14	出1:14	-	bare
創11:3#1	125	128	一11	創1:11	-	chapter
創11:3#1	161	163	二7	創2:7	-	chapter
創11:3#1	164	167	三19	創3:19	-	chapter
創11:3#1	168	174	太十三3～8	太13:3	-	book
創11:3#1	177	184	林前十五47上	林前15:47	-	book
創11:4#1	31	36	四17註2	創4:17	2	chapter
創11:4#2	32	37	十二7～8	創12:7	-	chapter
創11:4#2	181	185	六3註1	創6:3	1	chapter
創11:7#1	34	38	一1註2	創1:1	2	chapter
創11:7#2	49	52	8～9	創11:8	-	bare
創11:7#2	93	94	7	創11:7	-	bare
創11:7#2	95	96	9	創11:9	-	bare
創11:7#2	151	156	林前一10	林前1:10	-	book
創11:7#2	157	163	羅十五5～6	羅15:5	-	book
創11:7#2	164	167	腓二2	腓2:2	-	book
創11:7#2	168	170	四2	腓4:2	-	chapter
創11:7#2	173	179	徒二5～11	徒2:5	-	book
創11:7#2	247	253	一26～28	創1:26	-	chapter
創11:28#1	63	67	十四13	創14:13	-	chapter
創11:28#1	104	109	來一1註1	來1:1	1	book
創11:28#1	113	119	十一13註2	來11:13	2	chapter
創11:28#2	6	9	徒七2	徒7:2	-	book
創11:28#2	52	54	31	創11:31	-	bare
創11:28#2	82	86	書二四2	書24:2	-	book
創11:28#2	111	114	3～4	創11:3	-	bare
創11:28#2	130	134	羅四16	羅4:16	-	book
創11:28#2	135	138	加三7	加3:7	-	book
創11:28#2	166	170	太四16	太4:16	-	book
創11:28#2	171	176	徒九1～3	徒9:1	-	book
創11:28#2	177	181	林後四6	林後4:6	-	book
創11:28#2	200	205	徒七2註2	徒7:2	2	book
創11:28#2	207	213	來十二2註2	來12:2	2	book
創11:28#2	282	288	羅四17註4	羅4:17	4	book
創11:28#2	331	335	加二20	加2:20	-	book
創11:28#2	336	341	腓一21上	腓1:21	-	book
創11:31#1	2	7	徒七2～3	徒7:2	-	book
創11:31#1	88	93	徒七2註2	徒7:2	2	book
創11:31#1	120	126	太四20註2	太4:20	2	book
創11:31#1	127	131	22註1	太4:22	1	bare
創11:31#1	132	136	九9註3	太9:9	3	chapter
創11:31#1	137	143	來十二2註2	來12:2	2	book
創11:31#1	144	150	彼後一3註4	彼後1:3	4	book
創11:31#1	205	207	28	創11:28	-	bare
創11:31#1	255	258	徒七4	徒7:4	-	book
創11:31#2	25	28	徒七3	徒7:3	-	book
創12:1#1	17	22	三七2註1	創37:2	1	chapter
創12:1#1	127	131	出三15	出3:15	-	book
創12:1#1	132	137	太二八19	太28:19	-	book
創12:1#1	186	189	十二1	創12:1	-	chapter
創12:1#1	190	193	十五6	創15:6	-	chapter
創12:1#1	200	204	十九29	創19:29	-	chapter
創12:1#1	205	211	二一1～13	創21:1	-	chapter
創12:1#1	212	218	二二1～18	創22:1	-	chapter
創12:1#1	240	246	二二1～14	創22:1	-	chapter
創12:1#1	281	284	二五5	創25:5	-	chapter
創12:1#1	285	290	二六3～4	創26:3	-	chapter
創12:1#1	291	296	12～33	創26:12	-	bare
創12:1#1	328	331	瑪一2	瑪1:2	-	book
創12:1#1	332	339	羅九10～13	羅9:10	-	book
創12:1#1	416	420	二七41	創27:41	-	chapter
創12:1#1	421	429	二八1～三五10	創28:1	-	chapter
創12:1#1	439	446	羅八28～29	羅8:28	-	book
創12:1#2	13	17	十一32	創11:32	-	chapter
創12:1#2	32	38	十一31註1	創11:31	1	chapter
創12:1#2	91	96	徒七2～3	徒7:2	-	book
創12:1#2	98	101	羅一6	羅1:6	-	book
創12:1#2	102	105	八30	羅8:30	-	chapter
創12:1#2	106	110	林前一9	林前1:9	-	book
創12:1#2	113	119	十一31註1	創11:31	1	chapter
創12:1#3	39	42	徒七3	徒7:3	-	book
創12:1#3	96	99	4～5	創12:4	-	bare
創12:2#1	1	5	2～3節	創12:2	-	bare
創12:2#1	24	27	加三8	加3:8	-	book
創12:2#2	53	58	太二一43	太21:43	-	book
創12:2#2	72	81	太十六18～19上	太16:18	-	book
創12:2#2	82	87	羅十四17	羅14:17	-	book
創12:2#2	97	102	啟十一15	啟11:15	-	book
創12:2#2	103	106	二十4	啟20:4	-	chapter
創12:2#2	107	108	6	啟20:6	-	bare
創12:2#2	128	132	啟二二3	啟22:3	-	book
創12:2#2	133	134	5	啟22:5	-	bare
創12:3#3	48	52	加三14	加3:14	-	book
創12:3#3	55	59	加三14	加3:14	-	book
創12:3#3	96	99	加三8	加3:8	-	book
創12:3#3	121	125	二二18	創22:18	-	chapter
創12:3#3	145	148	太一1	太1:1	-	book
創12:3#3	149	153	加三16	加3:16	-	book
創12:3#3	190	195	九27註1	創9:27	1	chapter
創12:5#1	2	6	來十一8	來11:8	-	book
創12:5#1	27	31	來十一8	來11:8	-	book
創12:5#2	1	6	徒七4註1	徒7:4	1	book
創12:5#3	123	129	申八7～10	申8:7	-	book
創12:5#3	130	133	7註1	申8:7	1	bare
創12:5#3	134	141	西一12與註3	西1:12	3	book
創12:5#3	144	149	十五3註1	創15:3	1	chapter
創12:7#1	76	83	來十一8～10	來11:8	-	book
創12:7#2	27	32	十五3註1	創15:3	1	chapter
創12:7#2	60	63	三15	創3:15	-	chapter
創12:7#2	64	68	賽七14	賽7:14	-	book
創12:7#2	69	72	加四4	加4:4	-	book
創12:7#2	83	86	十二7	創12:7	-	chapter
創12:7#2	87	90	太一1	太1:1	-	book
創12:7#2	91	95	加三16	加3:16	-	book
創12:7#2	105	113	撒下七12～14	撒下7:12	-	book
創12:7#2	114	117	太一1	太1:1	-	book
創12:7#2	118	125	二二42～45	太22:42	-	chapter
創12:7#2	126	129	羅一3	羅1:3	-	book
創12:7#2	130	135	啟二二16	啟22:16	-	book
創12:7#2	158	162	太一16	太1:16	-	book
創12:7#2	194	198	來二14	來2:14	-	book
創12:7#2	199	206	太一20～21	太1:20	-	book
創12:7#2	207	216	林前十五53～57	林前15:53	-	book
創12:7#2	243	249	林前十五45	林前15:45	-	book
創12:7#2	250	255	林後三17	林後3:17	-	book
創12:7#2	270	274	加三29	加3:29	-	book
創12:7#2	328	333	徒二六18	徒26:18	-	book
創12:7#2	334	339	弗一14上	弗1:14	-	book
創12:7#2	340	344	加三14	加3:14	-	book
創12:7#2	390	395	提後二12	提後2:12	-	book
創12:7#2	396	400	啟二十4	啟20:4	-	book
創12:7#2	401	402	6	啟20:6	-	bare
創12:7#2	403	407	二二5下	啟22:5	-	chapter
創12:8#2	48	51	十二8	創12:8	-	chapter
創12:8#2	52	56	二六25	創26:25	-	chapter
創12:8#2	57	61	三五21	創35:21	-	chapter
創12:8#2	120	127	來十一9～10	來11:9	-	book
創12:8#2	128	133	13～16	來11:13	-	bare
創12:8#2	158	165	來十一10註1	來11:10	1	book
創12:8#2	166	170	13註2	來11:13	2	bare
創12:8#3	1	6	四26註2	創4:26	2	chapter
創12:10#1	44	50	彼前一6～7	彼前1:6	-	book
創12:20#1	48	50	16	創12:16	-	bare
創12:20#1	51	54	十三2	創13:2	-	chapter
太7:13#1	0	6	13～29節	太7:13	-	bare
太7:13#3	28	33	林前三15	林前3:15	-	book
太7:14#1	56	60	十九29	太19:29	-	chapter
太7:14#1	61	66	路十八30	路18:30	-	book
太7:21#1	40	44	羅十13	羅10:13	-	book
太7:21#1	149	152	約三3	約3:3	-	book
太7:21#1	153	154	5	約3:5	-	bare
太7:22#1	14	19	林前三13	林前3:13	-	book
太7:22#1	20	22	四5	林前4:5	-	chapter
太7:22#1	23	28	林後五10	林後5:10	-	book
太7:23#1	12	16	羅七15	羅7:15	-	book
太7:23#1	49	51	21	太7:21	-	bare
太7:23#1	68	70	22	太7:22	-	bare
太7:25#2	37	45	林前三12～13	林前3:12	-	book
太7:27#1	50	58	林前三12～15	林前3:12	-	book
創13:3#1	68	69	4	創13:4	-	bare
創13:7#1	62	68	十二20註1	創12:20	1	chapter
創13:7#1	85	87	11	創13:11	-	bare
創13:14#1	31	34	十二7	創12:7	-	chapter
創13:14#1	43	48	14～15	創13:14	-	bare
創13:14#1	49	51	17	創13:17	-	bare
創13:14#1	54	57	十二2	創12:2	-	chapter
創13:14#1	69	71	16	創13:16	-	bare
創13:14#1	126	130	18註1	創13:18	1	bare
創13:16#1	1	7	二二17註1	創22:17	1	chapter
創13:18#1	30	33	十二8	創12:8	-	chapter
創13:18#1	56	61	十二8註2	創12:8	2	chapter
創13:18#1	182	187	出三八21	出38:21	-	book
創13:18#1	255	261	啟二一2～3	啟21:2	-	book
創13:18#1	262	265	3註1	啟21:3	1	bare
創13:18#1	266	271	22與註2	啟21:22	2	bare
創14:13#1	34	39	來一1註1	來1:1	1	book
創14:18#1	18	22	詩七六2	詩76:2	-	book
創14:18#2	23	28	來七1～3	來7:1	-	book
創14:18#2	29	32	1註2	來7:1	2	bare
創14:18#2	33	36	3註1	來7:3	1	bare
創14:18#2	112	119	出十七8～13	出17:8	-	book
創14:18#2	146	151	羅八34下	羅8:34	-	book
創14:18#2	152	157	來七25下	來7:25	-	book
創14:18#3	27	31	出二八1	出28:1	-	book
創14:18#3	93	97	來九14	來9:14	-	book
創14:18#3	98	100	26	來9:26	-	bare
創14:18#3	134	137	來五6	來5:6	-	book
創14:18#3	138	140	10	來5:10	-	bare
創14:18#3	188	196	太二六26～28	太26:26	-	book
創14:18#3	222	227	來七25上	來7:25	-	book
創14:18#3	230	236	亞六11註1	亞6:11	1	book
創14:18#3	237	242	來五6註2	來5:6	2	book
創14:18#3	243	247	七1註1	來7:1	1	chapter
創14:18#3	248	252	11註1	來7:11	1	bare
創14:19#1	1	7	民六23註1	民6:23	1	book
創14:19#2	41	47	代下三六23	代下36:23	-	book
創14:19#2	48	51	尼一5	尼1:5	-	book
創14:19#2	52	54	二4	尼2:4	-	chapter
創14:19#2	55	57	20	尼2:20	-	bare
創14:19#2	68	70	19	創14:19	-	bare
創14:19#2	71	73	22	創14:22	-	bare
創14:19#2	76	83	太十一25註2	太11:25	2	book
創14:20#1	1	6	來七4註1	來7:4	1	book
創14:23#1	28	36	王下五15～27	王下5:15	-	book
創14:23#1	37	43	約參7與註2	約參1:7	2	book
太8:1#1	78	82	2～17	太8:2	-	bare
太8:2#1	74	81	民十二1～10	民12:1	-	book
太8:2#1	102	106	王下五1	王下5:1	-	book
太8:2#1	107	111	9～14	王下5:9	-	bare
太8:2#2	41	46	一21註1	太1:21	1	chapter
太8:3#1	32	40	利十三45～46	利13:45	-	book
太8:5#1	16	20	2～4節	太8:2	-	bare
太8:5#1	32	37	5～13節	太8:5	-	bare
太8:5#1	119	123	徒三26	徒3:26	-	book
太8:5#1	124	128	十三46	徒13:46	-	chapter
太8:5#1	129	133	羅一16	羅1:16	-	book
太8:5#1	134	138	十一11	羅11:11	-	chapter
太8:5#1	159	160	3	太8:3	-	bare
太8:5#1	180	181	8	太8:8	-	bare
太8:5#1	182	184	10	太8:10	-	bare
太8:5#1	185	187	13	太8:13	-	bare
太8:9#1	86	88	10	太8:10	-	bare
太8:11#1	17	20	弗三6	弗3:6	-	book
太8:11#1	21	22	8	弗3:8	-	bare
太8:11#1	23	28	加二8～9	加2:8	-	book
太8:11#1	29	36	羅一13～16	羅1:13	-	book
太8:12#1	20	24	十三38	太13:38	-	chapter
太8:12#1	49	55	七13～14	太7:13	-	chapter
太8:12#1	73	81	路十三24～30	路13:24	-	book
太8:12#2	28	32	十六28	太16:28	-	chapter
太8:12#2	33	37	二五30	太25:30	-	chapter
太8:12#2	76	81	啟二十15	啟20:15	-	book
太8:14#1	1	7	14～15節	太8:14	-	bare
太8:14#1	41	49	羅十一25～26	羅11:25	-	book
太8:14#1	77	79	14	太8:14	-	bare
太8:14#1	127	135	羅十一25～26	羅11:25	-	book
太8:14#1	136	141	亞十二10	亞12:10	-	book
太8:14#1	204	206	15	太8:15	-	bare
太8:14#1	220	221	3	太8:3	-	bare
太8:16#1	115	118	來六5	來6:5	-	book
太8:16#1	142	147	2～17節	太8:2	-	bare
太8:16#1	173	178	2～16節	太8:2	-	bare
太8:16#1	192	199	可一29～二1	可1:29	-	book
太8:16#1	202	209	路四38～41	路4:38	-	book
太8:16#1	210	216	五12～14	路5:12	-	chapter
太8:16#1	217	223	七1～10中	路7:1	-	chapter
太8:19#2	19	22	20節	太8:20	-	bare
太8:20#1	0	7	十六13～17	太16:13	-	chapter
太8:22#1	16	19	弗二1	弗2:1	-	book
太8:22#1	20	21	5	弗2:5	-	bare
太8:26#1	17	21	羅十17	羅10:17	-	book
太8:26#1	25	28	18節	太8:18	-	bare
太8:26#1	51	54	25節	太8:25	-	bare
太8:26#2	44	48	弗六12	弗6:12	-	book
太8:26#2	56	58	32	太8:32	-	bare
太8:26#2	100	105	28～32	太8:28	-	bare
太8:29#1	7	9	20	太8:20	-	bare
太8:29#1	33	37	四3註2	太4:3	2	chapter
太8:29#3	38	45	啟二十13註1	啟20:13	1	book
太8:32#1	48	52	利十一7	利11:7	-	book
太8:32#2	29	36	十二43～44	太12:43	-	chapter
太8:34#1	61	64	四15	太4:15	-	chapter
創15:1#1	34	38	十二16	創12:16	-	chapter
創15:1#1	124	130	一26～28	創1:26	-	chapter
創15:1#2	12	19	十四13～17	創14:13	-	chapter
創15:3#1	11	14	1～6	創15:1	-	bare
創15:3#1	18	22	7～21	創15:7	-	bare
創15:3#1	43	50	加三16與註2	加3:16	2	book
創15:3#1	62	68	林前十二12	林前12:12	-	book
創15:3#1	83	90	加三29與註1	加3:29	1	book
創15:3#1	126	132	申八7～10	申8:7	-	book
創15:3#1	133	136	7註1	申8:7	1	bare
創15:4#1	45	46	2	創15:2	-	bare
創15:4#1	66	70	十六15	創16:15	-	chapter
創15:5#1	1	7	二二17註1	創22:17	1	chapter
創15:6#1	1	6	羅四3註1	羅4:3	1	book
創15:6#1	104	109	羅四1～5	羅4:1	-	book
創15:6#1	110	113	1註1	羅4:1	1	bare
創15:8#1	15	16	6	創15:6	-	bare
創15:8#1	73	77	9～21	創15:9	-	bare
創15:8#1	172	179	加三17與註1	加3:17	1	book
創15:8#1	180	186	四22～26	加4:22	-	chapter
創15:8#1	187	191	24註2	加4:24	2	bare
創15:9#1	76	81	約十一25	約11:25	-	book
創15:9#1	82	86	啟一18	啟1:18	-	book
創15:9#1	110	115	約十四19	約14:19	-	book
創15:9#1	116	124	彼前三18與註3	彼前3:18	3	book
創15:9#1	137	140	利三1	利3:1	-	book
創15:9#1	152	156	利四28	利4:28	-	book
創15:9#1	157	159	五6	利5:6	-	chapter
創15:9#1	170	174	利一10	利1:10	-	book
創15:9#1	205	209	約二19	約2:19	-	book
創15:9#1	210	214	十一25	約11:25	-	chapter
創15:9#1	215	219	來九14	來9:14	-	book
創15:9#1	277	282	太十八16	太18:16	-	book
創15:9#1	283	288	林後十三1	林後13:1	-	book
創15:9#1	331	339	約十四19～20	約14:19	-	book
創15:9#1	340	344	加二20	加2:20	-	book
創15:9#1	359	365	太二五2註1	太25:2	1	book
創15:10#1	39	44	三21註2	創3:21	2	chapter
創15:10#1	45	50	利一4註1	利1:4	1	book
創15:10#1	94	97	羅六5	羅6:5	-	book
創15:10#1	98	99	8	羅6:8	-	bare
創15:10#1	100	104	加二20	加2:20	-	book
創15:11#1	33	36	加五2	加5:2	-	book
創15:11#1	37	38	4	加5:4	-	bare
創15:13#1	43	44	4	創15:4	-	bare
創15:13#1	62	65	十二7	創12:7	-	chapter
創15:13#1	66	73	十三14～17	創13:14	-	chapter
創15:13#1	97	99	18	創15:18	-	bare
創15:13#2	1	7	加三17註2	加3:17	2	book
創15:18#1	33	36	賽八8	賽8:8	-	book
創15:18#1	58	63	出二三31	出23:31	-	book
創15:18#1	64	69	申十一24	申11:24	-	book
創15:18#1	70	75	書一3～4	書1:3	-	book
創15:18#1	92	96	十二7上	創12:7	-	chapter
創15:18#1	97	101	加三16	加3:16	-	book
創15:18#1	118	125	申十一24註1	申11:24	1	book
創15:18#1	126	133	太二五34註1	太25:34	1	book
創15:20#1	6	10	申三11	申3:11	-	book
創16:1#1	15	22	加四22～28	加4:22	-	book
創16:1#1	23	27	24註2	加4:24	2	bare
創16:7#1	15	17	13	創16:13	-	bare
創16:7#1	18	25	二二11～12	創22:11	-	chapter
創16:7#1	26	31	15～16	創22:15	-	bare
創16:7#1	32	36	三一11	創31:11	-	chapter
創16:7#1	37	39	13	創31:13	-	bare
創16:7#1	42	47	出三2註1	出3:2	1	book
創16:7#1	48	54	二三21註2	出23:21	2	chapter
創16:7#1	55	59	22註1	出23:22	1	bare
創16:7#1	60	65	亞二8註2	亞2:8	2	book
創16:15#1	41	47	加二16註2	加2:16	2	book
創16:15#1	48	53	四23註1	加4:23	1	chapter
太9:1#1	15	18	四13	太4:13	-	chapter
太9:2#1	15	18	可二4	可2:4	-	book
太9:3#1	1	5	二4註1	太2:4	1	chapter
太9:4#1	20	23	可二8	可2:8	-	book
太9:6#2	48	52	徒五31	徒5:31	-	book
太9:6#2	53	56	十43	徒10:43	-	chapter
太9:6#2	57	61	十三38	徒13:38	-	chapter
太9:6#2	78	82	十六19	太16:19	-	chapter
太9:9#1	8	12	可二14	可2:14	-	book
太9:9#1	13	17	路五27	路5:27	-	book
太9:9#1	26	28	十3	太10:3	-	chapter
太9:9#1	47	51	十2～3	太10:2	-	chapter
太9:9#1	52	56	徒一13	徒1:13	-	book
太9:9#2	31	36	徒十六31	徒16:31	-	book
太9:9#2	59	65	七13～14	太7:13	-	chapter
太9:10#1	8	12	路五29	路5:29	-	book
太9:10#1	13	17	可二15	可2:15	-	book
太9:10#2	1	6	五46註2	太5:46	2	chapter
太9:11#1	1	5	三7註1	太3:7	1	chapter
太9:11#2	83	85	3節	太9:3	-	bare
太9:12#1	85	89	八2～4	太8:2	-	chapter
太9:12#1	95	100	八5～13	太8:5	-	chapter
太9:12#1	101	105	九2～8	太9:2	-	chapter
太9:12#1	111	117	八14～15	太8:14	-	chapter
太9:12#1	123	126	八16	太8:16	-	chapter
太9:12#1	127	132	28～32	太8:28	-	bare
太9:12#1	142	145	八16	太8:16	-	chapter
太9:12#1	161	165	9～11	太9:9	-	bare
太9:13#2	20	26	來四16註2	來4:16	2	book
太9:13#2	95	100	彌六6～8	彌6:6	-	book
太9:13#2	101	106	可十二33	可12:33	-	book
太9:13#3	13	17	羅三10	羅3:10	-	book
太9:13#3	42	46	路十八9	路18:9	-	book
太9:14#1	0	6	10～13節	太9:10	-	bare
太9:14#1	29	35	14～17節	太9:14	-	bare
太9:14#1	79	83	三1註2	太3:1	2	chapter
太9:14#1	84	87	4註1	太3:4	1	bare
太9:14#3	1	6	六16註1	太6:16	1	chapter
太9:14#4	38	40	11	太9:11	-	bare
太9:14#4	71	73	10	太9:10	-	bare
太9:15#1	41	43	12	太9:12	-	bare
太9:15#1	105	112	約三25～29	約3:25	-	book
太9:15#2	47	51	約三29	約3:29	-	book
太9:15#2	52	56	啟十九7	啟19:7	-	book
太9:15#3	23	27	徒一11	徒1:11	-	book
太9:15#3	41	47	徒十三2～3	徒13:2	-	book
太9:15#3	48	52	十四23	徒14:23	-	chapter
太9:16#1	99	103	路五36	路5:36	-	book
太9:16#1	134	138	路五36	路5:36	-	book
太9:16#1	144	148	太九17	太9:17	-	book
太9:16#1	227	232	路十五22	路15:22	-	book
太9:16#1	233	237	加三27	加3:27	-	book
太9:16#1	238	243	林前一30	林前1:30	-	book
太9:17#1	160	163	二二2	太22:2	-	chapter
太9:17#3	92	96	十六18	太16:18	-	chapter
太9:17#3	122	129	十八15～20	太18:15	-	chapter
太9:17#3	155	159	羅十二5	羅12:5	-	book
太9:17#3	160	167	弗一22～23	弗1:22	-	book
太9:17#3	192	198	林前十二12	林前12:12	-	book
創17:1#1	69	73	十六16	創16:16	-	chapter
創17:1#1	103	107	羅四19	羅4:19	-	book
創17:1#1	112	117	十五4註1	創15:4	1	chapter
創17:4#1	0	4	4～6節	創17:4	-	bare
創17:4#1	6	10	三五11	創35:11	-	chapter
創17:4#1	45	53	羅十四17與註1	羅14:17	1	book
創17:4#1	56	61	十二2註2	創12:2	2	chapter
創17:5#2	43	46	一28	創1:28	-	chapter
創17:5#2	47	49	九1	創9:1	-	chapter
創17:5#2	105	109	加二20	加2:20	-	book
創17:5#2	124	130	林前十五10	林前15:10	-	book
創17:5#2	166	171	十五4註1	創15:4	1	chapter
創17:5#2	174	181	三二27～28	創32:27	-	chapter
創17:5#2	182	186	約一42	約1:42	-	book
創17:10#1	32	36	西二11	西2:11	-	book
創17:10#1	37	40	13上	西2:13	-	bare
創17:10#1	41	45	申十16	申10:16	-	book
創17:10#1	46	50	耶四4上	耶4:4	-	book
創17:10#1	51	55	徒七51	徒7:51	-	book
創17:10#1	56	60	加五24	加5:24	-	book
創17:10#1	61	64	羅六6	羅6:6	-	book
創17:10#1	65	69	弗四22	弗4:22	-	book
創17:10#1	70	73	西三9	西3:9	-	book
創17:10#1	157	164	西二11～12	西2:11	-	book
創17:10#1	205	212	羅二28～29	羅2:28	-	book
創17:10#1	215	220	書五2註1	書5:2	1	book
創17:11#1	16	21	十二1～2	創12:1	-	chapter
創17:11#1	22	23	7	創12:7	-	bare
創17:11#1	24	31	十三15～17	創13:15	-	chapter
創17:11#1	38	43	十五4～5	創15:4	-	chapter
創17:11#1	44	49	18～21	創15:18	-	bare
創17:11#1	131	135	加二20	加2:20	-	book
創17:11#1	138	145	羅四11與註1	羅4:11	1	book
創17:12#1	28	32	太二八1	太28:1	-	book
創17:12#1	33	37	約二十1	約20:1	-	book
創17:12#1	62	66	西二12	西2:12	-	book
創17:12#1	68	73	羅六3～5	羅6:3	-	book
創17:12#1	87	92	林後五17	林後5:17	-	book
創17:12#1	93	97	加六15	加6:15	-	book
創17:12#1	120	121	5	創17:5	-	bare
創17:14#1	82	86	約十五6	約15:6	-	book
創17:14#1	87	90	加五4	加5:4	-	book
創17:15#2	19	23	15註1	創17:15	1	bare
創17:15#2	67	69	16	創17:16	-	bare
創17:15#2	79	80	5	創17:5	-	bare
創17:16#1	36	43	加四22～26	加4:22	-	book
創17:16#1	80	84	彼前一3	彼前1:3	-	book
創17:16#1	99	103	加四28	加4:28	-	book
創17:16#1	104	106	31	加4:31	-	bare
創17:16#1	107	110	三29	加3:29	-	chapter
創17:16#1	183	188	林後五17	林後5:17	-	book
創17:19#2	21	25	二一10	創21:10	-	chapter
創17:19#2	57	59	21	創17:21	-	bare
創17:19#2	60	64	二一12	創21:12	-	chapter
創17:19#2	65	70	羅九7～9	羅9:7	-	book
創17:21#1	1	7	十八14註2	創18:14	2	chapter
創18:2#1	15	20	13～14	創18:13	-	bare
創18:2#1	21	23	22	創18:22	-	bare
創18:2#1	40	42	22	創18:22	-	bare
創18:2#1	43	46	十九1	創19:1	-	chapter
創18:2#1	87	91	雅二23	雅2:23	-	book
創18:2#1	92	97	代下二十7	代下20:7	-	book
創18:2#1	98	102	賽四一8	賽41:8	-	book
創18:2#1	115	119	約一14	約1:14	-	book
創18:6#1	18	23	撒上一24	撒上1:24	-	book
創18:6#1	24	28	士六19	士6:19	-	book
創18:6#1	50	55	太十三33	太13:33	-	book
創18:6#2	6	7	7	創18:7	-	bare
創18:6#2	9	14	路十五23	路15:23	-	book
創18:6#2	22	23	8	創18:8	-	bare
創18:6#2	25	29	彼前二2	彼前2:2	-	book
創18:14#2	7	9	10	創18:10	-	bare
創18:14#2	23	27	十七21	創17:21	-	chapter
創18:14#2	39	42	二一1	創21:1	-	chapter
創18:14#2	67	71	約一17	約1:17	-	book
創18:14#2	130	132	11	創18:11	-	bare
創18:14#2	133	140	羅四18～19	羅4:18	-	book
創18:17#1	55	59	十三12	創13:12	-	chapter
創18:17#1	60	64	十四12	創14:12	-	chapter
創18:17#1	65	68	十九1	創19:1	-	chapter
創18:17#1	108	112	十九37	創19:37	-	chapter
創18:17#1	113	116	得一4	得1:4	-	book
創18:17#1	117	120	太一5	太1:5	-	book
創18:23#1	16	22	彼後二7～9	彼後2:7	-	book
創18:23#1	52	59	十九27～29	創19:27	-	chapter
創18:25#1	60	66	羅一17註1	羅1:17	1	book
太9:18#1	0	6	18～34節	太9:18	-	bare
太9:18#1	36	41	八1～17	太8:1	-	chapter
太9:18#1	159	164	羅十一15	羅11:15	-	book
太9:18#1	165	167	17	羅11:17	-	bare
太9:18#1	168	170	19	羅11:19	-	bare
太9:18#1	171	176	23～26	羅11:23	-	bare
太9:18#1	207	213	賽三五5～6	賽35:5	-	book
太9:18#2	10	14	可五22	可5:22	-	book
太9:18#2	15	19	路八41	路8:41	-	book
太9:18#2	44	52	徒十三46～48	徒13:46	-	book
太9:20#1	26	30	路八42	路8:42	-	book
太9:20#2	14	19	利十五25	利15:25	-	book
太9:20#2	32	37	利十七11	利17:11	-	book
太9:20#3	6	11	八5～10	太8:5	-	chapter
太9:20#4	26	34	民十五38～39	民15:38	-	book
太9:20#4	62	66	十四36	太14:36	-	chapter
太9:23#1	6	12	八14～15	太8:14	-	chapter
太9:23#1	97	105	羅十一25～26	羅11:25	-	book
太9:23#1	106	111	亞十二10	亞12:10	-	book
太9:25#1	14	19	八18註1	太8:18	1	chapter
太9:27#1	21	25	林後四4	林後4:4	-	book
太9:27#1	26	30	啟三18	啟3:18	-	book
太9:27#2	18	23	徒十五16	徒15:16	-	book
太9:28#1	24	26	29	太9:29	-	bare
太9:28#1	38	40	23	太9:23	-	bare
太9:28#1	51	54	八14	太8:14	-	chapter
太9:30#1	31	35	徒九18	徒9:18	-	book
太9:30#1	36	40	二六18	徒26:18	-	chapter
太9:30#1	41	45	弗一18	弗1:18	-	book
太9:30#1	46	50	啟三18	啟3:18	-	book
太9:32#1	17	22	林前十二2	林前12:2	-	book
太9:32#1	33	38	賽五六10	賽56:10	-	book
太9:32#1	45	49	賽三五6	賽35:6	-	book
太9:33#1	31	38	弗五18～19	弗5:18	-	book
太9:34#1	14	18	十二24	太12:24	-	chapter
太9:35#1	1	6	四23註2	太4:23	2	chapter
太9:36#2	115	119	賽五三6	賽53:6	-	book
太9:36#2	120	124	四十11	賽40:11	-	chapter
太10:1#1	1	8	啟二一12註2	啟21:12	2	book
太10:1#2	32	35	來六5	來6:5	-	book
太10:1#2	63	69	賽三五5～6	賽35:5	-	book
太10:2#1	1	8	啟二一12註2	啟21:12	2	book
太10:2#2	17	18	1	太10:1	-	bare
太10:3#2	20	24	可三18	可3:18	-	book
太10:3#2	25	29	路六15	路6:15	-	book
太10:3#3	5	9	路六16	路6:16	-	book
太10:3#3	10	14	徒一13	徒1:13	-	book
太10:3#3	15	20	約十四22	約14:22	-	book
太10:4#1	51	55	路六15	路6:15	-	book
太10:4#1	56	60	徒一13	徒1:13	-	book
太10:4#3	25	30	書十五25	書15:25	-	book
太10:5#1	19	25	王下十七24	王下17:24	-	book
太10:5#1	26	30	拉四10	拉4:10	-	book
太10:5#1	31	34	約四9	約4:9	-	book
太10:5#1	51	52	6	太10:6	-	bare
太10:9#1	80	83	約參7	約參1:7	-	book
太10:9#1	108	116	路二二35～38	路22:35	-	book
太10:15#1	30	32	14	太10:14	-	bare
創19:1#1	14	20	彼後二6～9	彼後2:6	-	book
創19:1#1	60	63	十二5	創12:5	-	chapter
創19:1#1	98	105	十三11～13	創13:11	-	chapter
創19:1#1	106	110	十四12	創14:12	-	chapter
創19:5#1	14	21	羅一24～27	羅1:24	-	book
創19:8#1	62	64	33	創19:33	-	bare
創19:8#1	65	67	35	創19:35	-	bare
創19:11#1	11	17	太九27註1	太9:27	1	book
創19:11#1	18	25	約十二40註1	約12:40	1	book
創19:11#1	26	30	九1註2	約9:1	2	chapter
創19:16#1	44	47	亞三2	亞3:2	-	book
創19:16#1	48	51	猶23	猶1:23	-	book
創19:26#1	1	8	路十七32註1	路17:32	1	book
創19:32#1	129	136	太七21～23	太7:21	-	book
創19:32#1	165	171	民二五1～5	民25:1	-	book
創19:32#1	172	179	啟二14與註2	啟2:14	2	book
創19:37#2	22	24	38	創19:38	-	bare
創19:37#2	86	92	申二三3～6	申23:3	-	book
創19:37#2	94	100	太一5與註3	太1:5	3	book
創19:37#2	125	132	二一10～12	創21:10	-	chapter
創20:1#1	6	9	十八1	創18:1	-	chapter
創20:1#1	11	15	十三18	創13:18	-	chapter
創20:2#1	11	12	1	創20:1	-	bare
創20:2#1	34	38	十三18	創13:18	-	chapter
創20:2#1	62	66	十七10	創17:10	-	chapter
創20:2#1	67	72	23～24	創17:23	-	bare
創20:2#1	73	77	10註1	創17:10	1	bare
創20:2#1	114	118	十二13	創12:13	-	chapter
創20:2#1	203	207	羅七18	羅7:18	-	book
創20:2#1	208	211	腓三3	腓3:3	-	book
創20:14#1	21	24	加三7	加3:7	-	book
創20:14#1	25	28	四23	加4:23	-	chapter
創20:17#1	93	94	7	創20:7	-	bare
創20:17#1	126	132	林前十四31	林前14:31	-	book
創20:17#1	140	145	林後五17	林後5:17	-	book
創20:17#1	157	161	弗五30	弗5:30	-	book
太10:17#2	1	6	五22註7	太5:22	7	chapter
太10:18#1	3	5	二6	太2:6	-	chapter
太10:20#1	14	15	1	太10:1	-	bare
太10:22#1	52	55	弗二8	弗2:8	-	book
太10:23#1	38	42	二四21	太24:21	-	chapter
太10:23#1	44	50	17～23節	太10:17	-	bare
太10:23#1	56	62	二四9～13	太24:9	-	chapter
太10:25#1	15	19	王下一2	王下1:2	-	book
太10:25#1	52	56	十二24	太12:24	-	chapter
太10:25#1	57	59	27	太12:27	-	bare
太10:25#1	60	64	可三22	可3:22	-	book
太10:25#1	65	70	路十一15	路11:15	-	book
太10:25#1	71	76	18～19	路11:18	-	bare
太10:25#1	92	95	九34	太9:34	-	chapter
太10:28#1	83	88	林後五10	林後5:10	-	book
太10:28#1	89	94	啟二二12	啟22:12	-	book
太10:28#2	1	6	五22註9	太5:22	9	chapter
太10:29#1	21	26	約六7註1	約6:7	1	book
太10:33#1	35	37	17	太10:17	-	bare
太10:33#1	38	43	21～23	太10:21	-	bare
太10:33#1	76	80	十六27	太16:27	-	chapter
太10:34#1	13	18	約壹五19	約壹5:19	-	book
太10:38#1	21	25	二六39	太26:39	-	chapter
太10:38#1	26	28	42	太26:42	-	bare
太10:39#1	142	146	二五21	太25:21	-	chapter
太10:39#1	147	149	23	太25:23	-	bare
太10:40#1	20	21	1	太10:1	-	bare
太10:40#1	27	29	13	太10:13	-	bare
太10:40#1	51	53	22	太10:22	-	bare
太10:40#1	54	59	24～25	太10:24	-	bare
太10:40#1	64	66	21	太10:21	-	bare
太10:40#1	67	72	34～39	太10:34	-	bare
太10:40#1	145	151	37～39節	太10:37	-	bare
太10:41#2	40	42	五6	太5:6	-	chapter
太10:41#2	43	45	10	太5:10	-	bare
太10:41#2	46	48	20	太5:20	-	bare
太10:41#2	49	51	六1	太6:1	-	chapter
太10:41#2	73	78	申十八15	申18:15	-	book
太10:41#2	90	94	徒三14	徒3:14	-	book
太10:42#1	17	22	路十四14	路14:14	-	book
創21:1#1	0	5	1～13節	創21:1	-	bare
創21:1#1	7	14	加四22～31	加4:22	-	book
創21:1#2	1	7	十八14註2	創18:14	2	chapter
創21:2#1	31	34	三15	創3:15	-	chapter
創21:2#1	35	38	十二7	創12:7	-	chapter
創21:2#1	39	43	二二18	創22:18	-	chapter
創21:2#1	44	48	加三16	加3:16	-	book
創21:2#1	49	58	撒下七12～14上	撒下7:12	-	book
創21:2#1	133	140	十七10～16	創17:10	-	chapter
創21:4#1	1	7	十七12註1	創17:12	1	chapter
創21:4#2	1	7	十七10註1	創17:10	1	chapter
創21:8#1	49	56	加四19與註4	加4:19	4	book
創21:9#1	1	7	加四29註2	加4:29	2	book
創21:9#1	8	13	三17註2	加3:17	2	chapter
創21:10#1	44	50	加四24註5	加4:24	5	book
創21:10#1	51	55	30註1	加4:30	1	bare
創21:19#1	27	29	14	創21:14	-	bare
創21:19#1	30	35	20～21	創21:20	-	bare
創21:19#1	55	57	20	創21:20	-	bare
創21:19#1	59	63	十8～9	創10:8	-	chapter
創21:19#1	92	94	21	創21:21	-	bare
創21:25#1	16	22	林前十五45	林前15:45	-	book
創21:25#1	23	27	林後三6	林後3:6	-	book
創21:25#1	28	30	17	林後3:17	-	bare
創21:25#1	51	55	約四14	約4:14	-	book
創21:25#1	56	62	七37～39	約7:37	-	chapter
創21:25#1	63	69	林前十二13	林前12:13	-	book
創21:25#1	70	75	啟二二17	啟22:17	-	book
創21:25#1	108	111	二二2	創22:2	-	chapter
創21:25#1	138	142	代下三1	代下3:1	-	book
創21:25#1	175	182	加四26～28	加4:26	-	book
創21:28#1	65	70	約十九34	約19:34	-	book
創21:32#1	30	35	太二六28	太26:28	-	book
創21:32#1	36	41	路二二20	路22:20	-	book
創21:32#1	46	54	耶三一31～34	耶31:31	-	book
創21:32#1	55	61	來八8～12	來8:8	-	book
創21:32#2	42	48	撒上六1～9	撒上6:1	-	book
創21:32#2	49	52	4註1	撒上6:4	1	bare
創21:33#1	39	44	二9～10	創2:9	-	chapter
創21:33#1	46	53	約七37～38	約7:37	-	book
創21:33#2	86	89	約一1	約1:1	-	book
創21:33#2	90	91	4	約1:4	-	bare
創22:2#1	87	88	2	創22:2	-	bare
創22:2#1	89	91	12	創22:12	-	bare
創22:2#1	92	94	16	創22:16	-	bare
創22:2#1	108	112	約三16	約3:16	-	book
創22:2#1	126	127	2	創22:2	-	bare
創22:2#1	146	150	太三17	太3:17	-	book
創22:2#1	164	165	6	創22:6	-	bare
創22:2#1	179	184	太二六39	太26:39	-	book
創22:2#1	194	198	9～10	創22:9	-	bare
創22:2#1	212	215	腓二8	腓2:8	-	book
創22:2#1	235	236	6	創22:6	-	bare
創22:2#1	260	265	約十九17	約19:17	-	book
創22:2#1	297	302	可十1註1	可10:1	1	book
創22:2#1	346	347	4	創22:4	-	bare
創22:2#1	348	353	10～13	創22:10	-	bare
創22:2#1	354	359	來十一19	來11:19	-	book
創22:2#1	385	390	林前十五4	林前15:4	-	book
創22:2#1	404	406	17	創22:17	-	bare
創22:2#1	423	428	約十二24	約12:24	-	book
創22:2#1	429	433	彼前一3	彼前1:3	-	book
創22:2#1	453	455	18	創22:18	-	bare
創22:2#1	490	493	加三8	加3:8	-	book
創22:2#1	494	496	14	加3:14	-	bare
創22:2#1	497	499	16	加3:16	-	bare
創22:2#2	40	44	代下三1	代下3:1	-	book
創22:2#2	122	127	申十六16	申16:16	-	book
創22:2#2	128	134	詩一三二13	詩132:13	-	book
創22:2#2	164	172	來十二22～23	來12:22	-	book
創22:2#2	208	213	啟二一22	啟21:22	-	book
創22:2#3	14	18	加三16	加3:16	-	book
創22:2#3	66	67	1	創22:1	-	bare
創22:2#3	68	73	來十一17	來11:17	-	book
創22:2#3	193	198	12～13	創22:12	-	bare
創22:2#3	199	201	16	創22:16	-	bare
創22:2#3	202	204	18	創22:18	-	bare
創22:2#3	205	210	來十一19	來11:19	-	book
創22:2#3	260	264	羅四17	羅4:17	-	book
創22:2#4	1	6	利一3註1	利1:3	1	book
創22:3#1	24	25	5	創22:5	-	bare
創22:3#1	26	34	來十一17～19	來11:17	-	book
創22:3#1	35	42	雅二21～22	雅2:21	-	book
創22:3#1	43	50	羅四17與註1	羅4:17	1	book
創22:11#1	1	6	十六7註1	創16:7	1	chapter
創22:13#1	28	32	約一29	約1:29	-	book
創22:13#1	71	72	2	創22:2	-	bare
創22:13#2	56	61	彼前三18	彼前3:18	-	book
創22:13#2	64	72	太二六50～54	太26:50	-	book
創22:17#1	25	28	加三7	加3:7	-	book
創22:17#1	29	31	29	加3:29	-	bare
創22:17#1	45	49	十三16	創13:16	-	chapter
創22:17#1	108	113	賽五七20	賽57:20	-	book
創22:17#1	114	119	啟十七15	啟17:15	-	book
創22:17#1	144	147	珥一4	珥1:4	-	book
創22:17#1	206	213	羅九27～29	羅9:27	-	book
創22:17#1	236	241	啟二一12	啟21:12	-	book
創22:17#1	242	244	14	啟21:14	-	bare
創22:18#1	2	6	加三14	加3:14	-	book
創22:18#1	56	62	林前十五45	林前15:45	-	book
創22:18#1	108	115	徒三25～26	徒3:25	-	book
創22:18#1	116	120	加三16	加3:16	-	book
創22:18#1	142	148	林前十二12	林前12:12	-	book
創22:18#1	174	177	加三7	加3:7	-	book
創22:18#1	178	183	29與註1	加3:29	1	bare
創22:18#1	213	218	11～12	創22:11	-	bare
創22:18#1	219	224	15～18	創22:15	-	bare
創22:18#1	231	233	13	創22:13	-	bare
創22:18#1	246	248	18	創22:18	-	bare
太11:3#1	67	74	約一26～36	約1:26	-	book
太11:3#1	85	88	四12	太4:12	-	chapter
太11:3#1	151	152	6	太11:6	-	bare
太11:5#1	56	60	賽三五5	賽35:5	-	book
太11:5#1	98	103	徒二六18	徒26:18	-	book
太11:5#2	33	37	九5～6	太9:5	-	chapter
太11:5#2	38	43	約五8～9	約5:8	-	book
太11:5#3	1	5	八2註1	太8:2	1	chapter
太11:5#4	29	33	約十27	約10:27	-	book
太11:5#5	10	13	弗二1	弗2:1	-	book
太11:5#5	14	15	5	弗2:5	-	bare
太11:5#6	26	30	弗二12	弗2:12	-	book
太11:5#6	51	55	林後八9	林後8:9	-	book
太11:5#6	56	59	弗三8	弗3:8	-	book
太11:7#3	13	17	十二20	太12:20	-	chapter
太11:7#3	18	24	王上十四15	王上14:15	-	book
太11:11#2	144	148	腓一21	腓1:21	-	book
太11:14#1	0	3	瑪四5	瑪4:5	-	book
太11:14#1	47	51	路一17	路1:17	-	book
太11:14#1	76	83	十七10～13	太17:10	-	chapter
太11:14#1	88	91	瑪四5	瑪4:5	-	book
太11:14#1	140	147	啟十一3～12	啟11:3	-	book
太11:18#1	11	14	可一4	可1:4	-	book
太11:18#1	33	40	路一15～17	路1:15	-	book
太11:18#1	78	84	九10～11	太9:10	-	chapter
太11:18#1	127	132	林前一30	林前1:30	-	book
太11:19#1	1	5	18註1	太11:18	1	bare
太11:19#3	8	13	林前一24	林前1:24	-	book
太11:19#3	14	16	30	林前1:30	-	bare
太11:19#4	13	17	路七35	路7:35	-	book
太11:22#1	1	6	十15註1	太10:15	1	chapter
太11:23#1	16	24	路十六22～23	路16:22	-	book
太11:23#1	25	29	徒二27	徒2:27	-	book
太11:25#2	63	70	拉五11～12	拉5:11	-	book
太11:25#2	71	75	但二18	但2:18	-	book
太11:25#2	76	78	37	但2:37	-	bare
太11:25#2	106	111	創十四19	創14:19	-	book
太11:25#2	112	114	22	創14:22	-	bare
太11:25#3	45	50	16～19	太11:16	-	bare
太11:25#3	63	68	20～24	太11:20	-	bare
太11:25#3	130	135	26～27	太11:26	-	bare
太11:25#4	12	14	27	太11:27	-	bare
太11:25#5	7	13	20～24節	太11:20	-	bare
太11:25#6	17	21	19註4	太11:19	4	bare
太11:27#1	15	19	約三27	約3:27	-	book
太11:27#1	20	23	六37	約6:37	-	chapter
太11:27#1	24	26	44	約6:44	-	bare
太11:27#1	27	29	65	約6:65	-	bare
太11:27#1	30	33	十八9	約18:9	-	chapter
太11:27#2	72	76	十六17	太16:17	-	chapter
太11:27#2	92	96	約十七6	約17:6	-	book
太11:27#2	97	99	26	約17:26	-	bare
太11:29#3	78	82	約四34	約4:34	-	book
太11:29#3	83	86	五30	約5:30	-	chapter
太11:29#3	87	90	六38	約6:38	-	chapter
太11:29#3	107	111	二六39	太26:39	-	chapter
太11:29#3	112	114	42	太26:42	-	bare
創23:2#1	1	7	十三18註2	創13:18	2	chapter
創23:6#1	45	49	太八20	太8:20	-	book
創23:6#1	50	57	二七57～60	太27:57	-	chapter
創23:6#1	106	113	來十一9～10	來11:9	-	book
創23:6#1	114	116	16	來11:16	-	bare
創23:9#1	20	24	二一33	創21:33	-	chapter
創23:9#1	116	118	19	創23:19	-	bare
創23:9#1	162	164	17	創23:17	-	bare
創23:9#1	221	227	林前十五36	林前15:36	-	book
創23:9#1	246	250	羅四17	羅4:17	-	book
創23:9#1	332	337	來十一10	來11:10	-	book
創23:9#1	338	340	16	來11:16	-	bare
創23:9#2	45	47	19	創23:19	-	bare
創23:9#2	48	51	二五9	創25:9	-	chapter
創23:9#2	52	59	四九29～32	創49:29	-	chapter
創23:9#2	60	64	五十13	創50:13	-	chapter
創23:9#2	93	97	出三15	出3:15	-	book
創23:9#2	98	103	太二二32	太22:32	-	book
創24:2#1	81	85	二二17	創22:17	-	chapter
創24:2#2	94	98	約三29	約3:29	-	book
創24:2#2	99	104	林後十一2	林後11:2	-	book
創24:2#2	105	112	弗五25～32	弗5:25	-	book
創24:2#2	113	119	啟十九7～9	啟19:7	-	book
創24:2#2	120	123	二一2	啟21:2	-	chapter
創24:2#2	124	128	9～10	啟21:9	-	bare
創24:2#2	173	179	弗三8～11	弗3:8	-	book
創24:3#1	33	38	申七1～4	申7:1	-	book
創24:3#1	55	58	40上	創24:40	-	bare
創24:3#1	87	92	林前七25	林前7:25	-	book
創24:3#1	95	103	林後二10與註3	林後2:10	3	book
創24:3#1	104	107	腓一8	腓1:8	-	book
創24:4#1	59	65	二18～23	創2:18	-	chapter
創24:4#1	82	87	來二14上	來2:14	-	book
創24:6#1	1	5	6～8節	創24:6	-	bare
創24:6#1	6	9	40節	創24:40	-	bare
創24:12#1	33	35	21	創24:21	-	bare
創24:12#1	36	38	42	創24:42	-	bare
創24:16#1	35	40	57～58	創24:57	-	bare
創24:16#1	41	43	61	創24:61	-	bare
創24:16#1	54	59	64～65	創24:64	-	bare
創24:22#1	84	88	徒二38	徒2:38	-	book
創24:22#1	117	124	弗一13～14	弗1:13	-	book
創24:22#1	126	131	路十五22	路15:22	-	book
創24:22#1	155	157	47	創24:47	-	bare
創24:22#1	184	192	林後二14～16	林後2:14	-	book
創24:22#1	193	198	來六4～6	來6:4	-	book
創24:22#1	199	205	彼前二2～3	彼前2:2	-	book
創24:22#1	206	210	彼後一4	彼後1:4	-	book
創24:22#1	221	227	提前二8註4	提前2:8	4	book
創24:22#1	263	267	羅十二4	羅12:4	-	book
創24:22#2	25	29	羅八23	羅8:23	-	book
創24:22#2	30	35	林後一22	林後1:22	-	book
創24:22#2	36	43	弗一13～14	弗1:13	-	book
創24:22#2	105	113	林前十二4～11	林前12:4	-	book
創24:53#1	14	16	22	創24:22	-	bare
創24:53#1	55	58	弗三8	弗3:8	-	book
創24:53#1	87	92	35～36	創24:35	-	bare
創24:53#1	151	153	58	創24:58	-	bare
創24:53#1	191	199	約十六13～15	約16:13	-	book
創24:53#1	228	232	彼前一8	彼前1:8	-	book
創24:53#1	259	264	太十九29	太19:29	-	book
創24:53#1	341	344	來六4	來6:4	-	book
創24:53#1	345	349	羅八23	羅8:23	-	book
創24:67#1	68	70	63	創24:63	-	bare
太12:2#1	22	25	創二2	創2:2	-	book
太12:2#1	40	45	結二十12	結20:12	-	book
太12:2#1	59	63	申五15	申5:15	-	book
太12:3#1	46	47	4	太12:4	-	bare
太12:3#1	216	224	民二七21～22	民27:21	-	book
太12:3#1	243	251	撒上二35～36	撒上2:35	-	book
太12:10#1	16	19	路六1	路6:1	-	book
太12:10#1	20	21	6	路6:6	-	bare
太12:10#1	125	130	11～12	太12:11	-	bare
太12:18#3	46	48	21	太12:21	-	bare
太12:24#1	1	6	十25註1	太10:25	1	chapter
太12:26#1	10	15	約十二31	約12:31	-	book
太12:26#1	29	32	弗二2	弗2:2	-	book
太12:26#1	41	46	徒二六18	徒26:18	-	book
太12:26#1	54	58	二五41	太25:41	-	chapter
太12:26#1	87	91	弗六12	弗6:12	-	book
太12:26#1	111	115	西一13	西1:13	-	book
太12:30#1	1	7	可九40註1	可9:40	1	book
太12:31#1	10	14	來十29	來10:29	-	book
太12:31#1	62	66	約壹一7	約壹1:7	-	book
太12:31#1	67	68	9	約壹1:9	-	bare
太12:31#1	87	90	24節	太12:24	-	bare
太12:32#1	20	23	弗一5	弗1:5	-	book
太12:32#1	24	25	9	弗1:9	-	bare
太12:32#1	40	45	彼前二24	彼前2:24	-	book
太12:32#1	46	49	加一4	加1:4	-	book
太12:32#1	69	74	林前六11	林前6:11	-	book
太12:32#1	75	79	彼前一2	彼前1:2	-	book
太12:32#1	128	136	提前一13～16	提前1:13	-	book
太12:32#2	234	238	約壹一7	約壹1:7	-	book
太12:32#2	239	240	9	約壹1:9	-	bare
太12:32#2	274	279	林後五10	林後5:10	-	book
太12:32#2	339	346	十八23～35	太18:23	-	chapter
創25:1#1	123	130	二七27～29	創27:27	-	chapter
創25:1#1	131	138	四八13～20	創48:13	-	chapter
創25:1#1	139	145	四九1～28	創49:1	-	chapter
創25:1#1	147	150	來七7	來7:7	-	book
創25:1#1	199	204	十二1註1	創12:1	1	chapter
創25:5#1	43	46	二二2	創22:2	-	chapter
創25:5#1	47	49	12	創22:12	-	bare
創25:5#1	50	52	16	創22:16	-	bare
創25:5#1	53	55	18	創22:18	-	bare
創25:5#1	56	60	十七19	創17:19	-	chapter
創25:5#1	61	66	二六3～4	創26:3	-	chapter
創25:5#1	85	89	約一14	約1:14	-	book
創25:5#1	90	93	三16	約3:16	-	chapter
創25:5#1	109	113	約三35	約3:35	-	book
創25:5#1	114	119	十六15上	約16:15	-	chapter
創25:5#2	11	19	十二1～二五18	創12:1	-	chapter
創25:5#2	24	29	二一1～8	創21:1	-	chapter
創25:5#2	30	36	二二1～24	創22:1	-	chapter
創25:5#2	37	43	二四1～67	創24:1	-	chapter
創25:5#2	162	164	11	創25:11	-	bare
創25:5#2	165	170	二六24下	創26:24	-	chapter
創25:5#2	187	191	11註1	創25:11	1	bare
創25:5#2	203	208	二一1～3	創21:1	-	chapter
創25:5#2	209	213	加四23	加4:23	-	book
創25:5#2	223	226	二一8	創21:8	-	chapter
創25:5#2	238	239	5	創25:5	-	bare
創25:5#2	278	281	弗一3	弗1:3	-	book
創25:5#2	282	285	6～8	弗1:6	-	bare
創25:5#2	286	288	二7	弗2:7	-	chapter
創25:9#1	1	4	二三9	創23:9	-	chapter
創25:11#1	16	21	弗一3註7	弗1:3	7	book
創25:11#1	82	87	羅五2註3	羅5:2	3	book
創25:21#1	90	95	太一1～2	太1:1	-	book
創25:23#1	5	9	三二28	創32:28	-	chapter
創25:23#1	15	17	30	創25:30	-	bare
創25:23#1	18	21	三六1	創36:1	-	chapter
創25:23#1	22	24	43	創36:43	-	bare
創25:23#1	25	31	耶四九7～8	耶49:7	-	book
創25:23#1	32	34	俄8	俄1:8	-	book
創25:23#2	35	38	弗一4	弗1:4	-	book
創25:23#2	39	43	羅九11	羅9:11	-	book
創25:23#2	59	63	彼前一2	彼前1:2	-	book
創25:23#2	64	68	羅八29	羅8:29	-	book
創25:23#2	96	100	羅九11	羅9:11	-	book
創25:23#2	101	103	16	羅9:16	-	bare
創25:23#2	126	131	弗一4～5	弗1:4	-	book
創25:23#2	132	136	羅八30	羅8:30	-	book
創25:26#1	245	248	一26	創1:26	-	chapter
創25:26#1	415	422	羅八28～29	羅8:28	-	book
創25:26#1	423	426	十二2	羅12:2	-	chapter
創25:26#1	427	432	林後三18	林後3:18	-	book
創25:28#1	66	71	三七3～4	創37:3	-	chapter
創25:34#1	12	20	來十二16～17	來12:16	-	book
創26:3#1	56	60	加三14	加3:14	-	book
創26:3#1	61	63	16	加3:16	-	bare
創26:3#1	111	116	十二2註2	創12:2	2	chapter
創26:3#1	117	122	十五3註1	創15:3	1	chapter
創26:7#1	28	33	二十1～2	創20:1	-	chapter
創26:7#1	34	39	11～13	創20:11	-	bare
創26:19#1	1	8	民二一16註1	民21:16	1	book
創26:24#1	35	39	二五11	創25:11	-	chapter
創26:24#1	40	47	二六15～22	創26:15	-	chapter
創26:24#1	236	240	二一25	創21:25	-	chapter
創26:24#1	241	243	33	創21:33	-	bare
創26:24#1	246	252	申十二5註1	申12:5	1	book
創26:24#1	253	257	17註1	申12:17	1	bare
太12:38#2	31	36	林前一22	林前1:22	-	book
太12:39#1	0	3	32節	太12:32	-	bare
太12:40#1	11	14	弗四9	弗4:9	-	book
太12:40#1	20	24	徒二27	徒2:27	-	book
太12:40#1	58	66	路十六23～26	路16:23	-	book
太12:40#1	104	109	路二三43	路23:43	-	book
太12:41#1	1	4	42節	太12:42	-	bare
太12:41#1	22	24	6節	太12:6	-	bare
太12:41#1	62	67	申十八15	申18:15	-	book
太12:41#1	68	70	18	申18:18	-	bare
太12:41#1	138	141	拿一2	拿1:2	-	book
太12:41#1	142	144	17	拿1:17	-	bare
太12:41#1	145	150	三2～10	拿3:2	-	chapter
太12:42#1	1	5	41註1	太12:41	1	bare
太12:42#1	55	59	王上六2	王上6:2	-	book
太12:42#1	60	64	十1～8	王上10:1	-	chapter
太12:42#1	150	152	18	太12:18	-	bare
太12:42#1	153	156	21節	太12:21	-	bare
太12:42#1	232	237	八16註1	太8:16	1	chapter
太12:42#1	299	304	林前一22	林前1:22	-	book
太12:42#1	305	307	24	林前1:24	-	bare
太12:43#1	8	10	22	太12:22	-	bare
太12:43#1	33	36	創一2	創1:2	-	book
太12:43#1	93	98	44～45	太12:44	-	bare
太12:45#1	5	8	43節	太12:43	-	bare
太12:45#1	11	14	22節	太12:22	-	bare
太12:48#1	70	75	羅十一17	羅11:17	-	book
太12:48#1	76	81	19～20	羅11:19	-	bare
創27:4#2	1	7	民六23註1	民6:23	1	book
創27:27#1	1	3	4節	創27:4	-	bare
創27:27#1	54	55	1	創27:1	-	bare
創27:27#1	131	136	來十一20	來11:20	-	book
創27:27#1	152	156	二五34	創25:34	-	chapter
創27:27#1	208	215	羅八28～30	羅8:28	-	book
創28:3#1	24	29	十七1註2	創17:1	2	chapter
創28:12#1	14	20	10～22節	創28:10	-	bare
創28:12#1	89	91	11	創28:11	-	bare
創28:12#1	92	94	18	創28:18	-	bare
創28:12#1	95	97	22	創28:22	-	bare
創28:12#1	103	105	18	創28:18	-	bare
創28:12#1	111	113	17	創28:17	-	bare
創28:12#1	114	116	19	創28:19	-	bare
創28:12#1	117	119	22	創28:22	-	bare
創28:12#1	124	126	18	創28:18	-	bare
創28:12#1	160	165	賽二八16	賽28:16	-	book
創28:12#1	166	169	亞四7	亞4:7	-	book
創28:12#1	170	177	徒四10～12	徒4:10	-	book
創28:12#1	215	218	二12	創2:12	-	chapter
創28:12#1	219	224	太十六18	太16:18	-	book
創28:12#1	225	229	約一42	約1:42	-	book
創28:12#1	230	235	林前三12	林前3:12	-	book
創28:12#1	236	240	彼前二5	彼前2:5	-	book
創28:12#1	241	246	啟二一11	啟21:11	-	book
創28:12#1	247	252	18～20	啟21:18	-	bare
創28:12#1	266	271	提前三15	提前3:15	-	book
創28:12#1	302	306	啟二一3	啟21:3	-	book
創28:12#1	307	309	22	啟21:22	-	bare
創28:12#1	312	315	11節	創28:11	-	bare
創28:12#1	370	375	太十一28	太11:28	-	book
創28:12#1	437	442	王上七21	王上7:21	-	book
創28:12#1	443	446	加二9	加2:9	-	book
創28:12#1	447	451	啟三12	啟3:12	-	book
創28:12#1	486	494	出三十23～30	出30:23	-	book
創28:12#1	495	499	路四18	路4:18	-	book
創28:12#1	539	541	19	創28:19	-	bare
創28:12#1	542	544	22	創28:22	-	bare
創28:12#1	564	568	約十四2	約14:2	-	book
創28:12#1	569	571	23	約14:23	-	bare
創28:12#1	581	587	賽六六1～2	賽66:1	-	book
創28:12#1	588	593	林前三16	林前3:16	-	book
創28:12#1	594	598	弗二22	弗2:22	-	book
創28:12#1	599	602	來三6	來3:6	-	book
創28:12#1	603	607	啟二一3	啟21:3	-	book
創28:12#1	617	621	詩九十1	詩90:1	-	book
創28:12#1	622	626	約十五5	約15:5	-	book
創28:12#1	627	632	啟二一22	啟21:22	-	book
創28:12#2	40	44	約一51	約1:51	-	book
創28:12#2	90	94	約十四6	約14:6	-	book
創28:12#2	111	115	弗二22	弗2:22	-	book
創28:12#2	132	137	提後四22	提後4:22	-	book
創28:12#2	178	184	來十19註1	來10:19	1	book
創28:12#3	23	30	來一14與註1	來1:14	1	book
創28:13#1	87	91	三三20	創33:20	-	chapter
創28:13#1	92	95	出五1	出5:1	-	book
創28:13#2	18	23	13～14	創28:13	-	bare
創28:13#2	35	38	十二3	創12:3	-	chapter
創28:13#2	39	40	7	創12:7	-	bare
創28:13#2	41	48	十三14～16	創13:14	-	chapter
創28:13#2	49	53	十五18	創15:18	-	chapter
創28:13#2	54	61	二二17～18	創22:17	-	chapter
創28:13#2	66	71	二六3～4	創26:3	-	chapter
創28:13#2	112	117	十五3註1	創15:3	1	chapter
創28:13#2	132	137	羅十五29	羅15:29	-	book
創28:13#2	142	144	14	創28:14	-	bare
創28:17#2	72	79	來四16與註1	來4:16	1	book
創28:19#1	7	12	三五1註1	創35:1	1	chapter
太13:1#1	67	69	十6	太10:6	-	chapter
太13:1#1	80	83	但七3	但7:3	-	book
太13:1#1	84	86	17	但7:17	-	bare
太13:1#1	87	92	啟十七15	啟17:15	-	book
太13:3#1	53	55	24	太13:24	-	bare
太13:3#1	56	58	31	太13:31	-	bare
太13:3#1	59	61	33	太13:33	-	bare
太13:3#1	62	67	44～45	太13:44	-	bare
太13:3#1	68	70	47	太13:47	-	bare
太13:3#1	154	157	四17	太4:17	-	chapter
太13:3#2	11	13	37	太13:37	-	bare
太13:3#3	9	11	19	太13:19	-	bare
太13:4#1	66	68	19	太13:19	-	bare
太13:4#2	27	29	19	太13:19	-	bare
太13:6#1	15	17	21	太13:21	-	bare
太13:7#1	41	43	22	太13:22	-	bare
太13:8#1	85	87	23	太13:23	-	bare
太13:11#1	23	25	34	太13:34	-	bare
太13:19#1	9	14	38～39	太13:38	-	bare
創29:25#1	49	52	三一7	創31:7	-	chapter
創29:25#1	53	58	40～42	創31:40	-	bare
創29:25#1	86	95	二九31～三十24	創29:31	-	chapter
創29:25#1	170	177	羅八28～30	羅8:28	-	book
太13:24#1	32	39	十六18～19	太16:18	-	chapter
太13:25#1	9	11	27	太13:27	-	bare
太13:25#3	24	31	二一33～34	太21:33	-	chapter
太13:29#1	19	21	38	太13:38	-	bare
太13:32#1	63	70	創一11～12	創1:11	-	book
太13:32#1	167	174	啟二12～17	啟2:12	-	book
太13:32#1	176	180	12註1	啟2:12	1	bare
太13:32#2	19	20	4	太13:4	-	bare
太13:32#2	21	23	19	太13:19	-	bare
太13:33#1	12	16	林前五6	林前5:6	-	book
太13:33#1	17	18	8	林前5:8	-	bare
太13:33#1	27	30	十六6	太16:6	-	chapter
太13:33#1	31	36	11～12	太16:11	-	bare
太13:33#2	36	42	林前五7～8	林前5:7	-	book
太13:33#2	161	168	啟二18～29	啟2:18	-	book
太13:33#2	170	174	20註3	啟2:20	3	bare
太13:33#3	10	13	利二1	利2:1	-	book
太13:33#3	43	47	創十八6	創18:6	-	book
太13:33#3	118	123	利二4～5	利2:4	-	book
太13:33#3	124	126	11	利2:11	-	bare
太13:35#1	19	22	弗一4	弗1:4	-	book
太13:42#1	5	10	啟二十10	啟20:10	-	book
太13:42#1	11	13	15	啟20:15	-	bare
太13:42#3	1	6	八12註4	太8:12	4	chapter
太13:43#1	7	9	38	太13:38	-	bare
太13:44#1	31	32	2	太13:2	-	bare
太13:44#1	33	35	34	太13:34	-	bare
太13:44#1	59	61	36	太13:36	-	bare
太13:44#1	131	136	林前三12	林前3:12	-	book
太13:44#1	137	145	啟二一18～20	啟21:18	-	book
太13:44#2	20	27	創一26～28	創1:26	-	book
太13:44#3	13	21	四12～十二23	太4:12	-	chapter
太13:44#3	33	42	十二24～十三43	太12:24	-	chapter
太13:44#3	51	55	十六21	太16:21	-	chapter
太13:44#3	56	63	十七22～23	太17:22	-	chapter
太13:44#3	64	71	二十18～19	太20:18	-	chapter
太13:44#3	72	80	二六1～二七52	太26:1	-	chapter
太13:45#1	22	26	十六18	太16:18	-	chapter
太13:45#1	27	31	十八17	太18:17	-	chapter
太13:46#1	73	80	啟二一21註1	啟21:21	1	book
太13:46#1	106	111	賽五七20	賽57:20	-	book
太13:46#1	112	117	啟十七15	啟17:15	-	book
太13:47#1	12	19	二五32～46	太25:32	-	chapter
太13:47#1	68	74	啟十四6～7	啟14:6	-	book
太13:47#1	76	79	6註1	啟14:6	1	bare
太13:47#3	18	22	二五32	太25:32	-	chapter
太13:48#1	23	27	二五32	太25:32	-	chapter
太13:50#1	5	9	二五41	太25:41	-	chapter
太13:50#1	10	15	啟二十10	啟20:10	-	book
太13:50#1	16	18	15	啟20:15	-	bare
太13:50#3	1	6	八12註4	太8:12	4	chapter
創31:11#1	1	6	十六7註1	創16:7	1	chapter
創31:12#1	40	42	16	創31:16	-	bare
創31:24#1	52	59	羅八28～29	羅8:28	-	book
創31:24#1	79	81	11	創31:11	-	bare
創31:24#1	103	106	太一2	太1:2	-	book
創31:24#1	107	109	16	太1:16	-	bare
創31:52#1	38	43	王上七21	王上7:21	-	book
創31:52#1	64	69	太十八16	太18:16	-	book
創31:52#1	70	73	路十1	路10:1	-	book
創31:52#1	107	115	提前三15～16	提前3:15	-	book
創31:52#1	148	152	二八18	創28:18	-	chapter
創31:52#1	194	200	三五14註1	創35:14	1	chapter
創31:52#1	214	216	25	創31:25	-	bare
創31:52#1	217	219	45	創31:45	-	bare
創31:52#1	252	256	三五14	創35:14	-	chapter
創31:52#1	300	304	三五20	創35:20	-	chapter
創31:52#1	345	351	三五18註1	創35:18	1	chapter
太13:55#1	1	5	十二24	太12:24	-	chapter
太13:55#1	47	52	林後五16	林後5:16	-	book
太14:10#1	1	5	十二24	太12:24	-	chapter
太14:10#1	48	55	十二46～50	太12:46	-	chapter
太14:10#1	60	67	十三53～58	太13:53	-	chapter
太14:16#1	22	24	15	太14:15	-	bare
太14:16#2	233	239	六31～33	太6:31	-	chapter
太14:17#1	0	3	約六9	約6:9	-	book
太14:17#1	33	38	利二三10	利23:10	-	book
太14:17#1	196	201	約六9註2	約6:9	2	book
創32:2#1	6	12	歌六13註2	歌6:13	2	book
創32:13#1	3	8	9～12節	創32:9	-	bare
創32:24#1	2	6	何十二4	何12:4	-	book
創32:24#1	22	27	出三2註1	出3:2	1	book
創32:24#1	64	66	25	創32:25	-	bare
創32:24#1	67	69	32	創32:32	-	bare
創32:25#2	26	28	32	創32:32	-	bare
創32:25#2	74	79	三三4註1	創33:4	1	chapter
創32:25#2	80	84	17註1	創33:17	1	bare
創32:25#2	162	164	31	創32:31	-	bare
創32:27#1	35	41	二五26註2	創25:26	2	chapter
創32:28#1	31	36	十七5註2	創17:5	2	chapter
創32:29#1	21	23	24	創32:24	-	bare
創32:29#1	70	78	約二十26與註3	約20:26	3	book
創33:4#1	58	62	三一24	創31:24	-	chapter
創33:4#1	184	189	腓四6～7	腓4:6	-	book
創33:4#1	190	194	彼前五7	彼前5:7	-	book
創33:17#1	64	71	二八20～22	創28:20	-	chapter
創33:18#1	1	6	三五1註1	創35:1	1	chapter
創33:20#1	15	17	19	創33:19	-	bare
創33:20#1	41	46	十二6～7	創12:6	-	chapter
創34:30#1	1	6	三五1註1	創35:1	1	chapter
太14:22#1	22	24	23	太14:23	-	bare
太14:23#1	11	14	三17	太3:17	-	chapter
太14:23#1	25	27	四4	太4:4	-	chapter
太14:23#2	11	14	15節	太14:15	-	bare
太14:25#1	55	60	可十三35	可13:35	-	book
太14:25#2	32	35	伯九8	伯9:8	-	book
太14:30#1	22	24	29	太14:29	-	bare
太14:30#1	82	86	林後五7	林後5:7	-	book
太14:31#1	11	13	29	太14:29	-	bare
太14:33#1	20	24	約五18	約5:18	-	book
太14:33#1	42	45	一23	太1:23	-	chapter
太14:33#1	46	49	三17	太3:17	-	chapter
太14:36#1	1	6	九20註4	太9:20	4	chapter
創35:1#1	40	47	二八20～22	創28:20	-	chapter
創35:1#1	70	74	三一13	創31:13	-	chapter
創35:1#1	102	109	三三18～20	創33:18	-	chapter
創35:1#1	348	353	來三6註1	來3:6	1	book
創35:1#1	420	424	約一14	約1:14	-	book
創35:1#1	425	431	二18～21	約2:18	-	chapter
創35:1#1	437	442	太十六18	太16:18	-	book
創35:1#1	458	462	彼前二5	彼前2:5	-	book
創35:1#1	478	482	弗二22	弗2:22	-	book
創35:1#1	483	491	林前三16～17	林前3:16	-	book
創35:1#1	505	510	林前三11	林前3:11	-	book
創35:1#1	524	529	提前三15	提前3:15	-	book
創35:1#1	576	580	啟二一3	啟21:3	-	book
創35:1#1	581	583	22	啟21:22	-	bare
創35:1#1	586	592	二八12註1	創28:12	1	chapter
創35:2#1	15	23	約壹五20～21	約壹5:20	-	book
創35:2#1	43	48	林後六16	林後6:16	-	book
創35:2#1	75	79	林後七1	林後7:1	-	book
創35:2#1	109	113	賽六四6	賽64:6	-	book
創35:2#1	145	152	弗四22～24	弗4:22	-	book
創35:4#1	55	61	出三二2～4	出32:2	-	book
創35:4#1	62	65	2註1	出32:2	1	bare
創35:7#1	18	22	三三20	創33:20	-	chapter
創35:10#1	18	22	三二28	創32:28	-	chapter
創35:10#1	72	76	羅十二2	羅12:2	-	book
創35:10#1	119	123	弗二15	弗2:15	-	book
創35:10#1	144	148	加六16	加6:16	-	book
創35:11#1	35	37	11	創35:11	-	bare
創35:11#1	38	41	十七1	創17:1	-	chapter
創35:11#1	64	66	10	創35:10	-	bare
創35:11#1	67	70	十七5	創17:5	-	chapter
創35:11#1	101	103	11	創35:11	-	bare
創35:11#1	104	107	十七4	創17:4	-	chapter
創35:11#1	108	109	6	創17:6	-	bare
創35:11#1	162	167	十七5註2	創17:5	2	chapter
創35:11#1	168	172	15註2	創17:15	2	bare
創35:11#2	1	6	十七4註1	創17:4	1	chapter
創35:14#1	7	11	二八18	創28:18	-	chapter
創35:14#1	71	78	二八10～22	創28:10	-	chapter
創35:14#1	110	116	三一52註1	創31:52	1	chapter
創35:14#2	1	7	腓二17註1	腓2:17	1	book
創35:14#2	22	28	民十五1～5	民15:1	-	book
創35:14#2	29	35	二八7～10	民28:7	-	chapter
創35:14#2	36	40	腓二17	腓2:17	-	book
創35:14#2	41	45	提後四6	提後4:6	-	book
創35:14#2	110	114	徒二33	徒2:33	-	book
創35:14#2	125	129	出四十9	出40:9	-	book
創35:18#1	19	26	二九18～20	創29:18	-	chapter
創35:18#3	52	56	賽五三3	賽53:3	-	book
創35:18#3	93	98	太二六64	太26:64	-	book
創35:18#3	101	108	詩六八27註1	詩68:27	1	book
創35:18#3	243	250	四一40～44	創41:40	-	chapter
創35:20#1	9	15	三一52註1	創31:52	1	chapter
創35:21#1	20	27	三二27～28	創32:27	-	chapter
創35:21#1	28	32	三五10	創35:10	-	chapter
創35:22#1	56	60	代上五1	代上5:1	-	book
創35:22#1	61	67	創四九3～4	創49:3	-	book
創35:22#1	68	72	四八22	創48:22	-	chapter
創35:22#1	90	96	三九7～12	創39:7	-	chapter
創35:22#1	99	104	來十二16	來12:16	-	book
創35:27#1	60	63	十二6	創12:6	-	chapter
創35:27#1	72	75	十二8	創12:8	-	chapter
創35:27#1	85	89	十三18	創13:18	-	chapter
創35:27#1	90	93	十八1	創18:1	-	chapter
創35:27#1	127	131	三三18	創33:18	-	chapter
創35:27#1	140	141	6	創35:6	-	bare
創35:29#1	29	36	四九30～32	創49:30	-	chapter
創35:29#1	38	41	二三9	創23:9	-	chapter
太15:1#1	78	83	10～11	太15:10	-	bare
太15:1#1	84	89	15～20	太15:15	-	bare
太15:4#1	98	103	出二十12	出20:12	-	book
太15:4#1	185	191	五17～19	太5:17	-	chapter
太15:4#1	208	213	弗六1～3	弗6:1	-	book
太15:4#1	214	218	西三20	西3:20	-	book
太15:4#3	62	67	出二一17	出21:17	-	book
太15:7#1	1	5	六2註2	太6:2	2	chapter
太15:11#1	14	18	徒十一8	徒11:8	-	book
太15:24#1	84	89	徒十三46	徒13:46	-	book
太15:24#1	90	95	羅十一11	羅11:11	-	book
太15:26#2	26	31	利十一27	利11:27	-	book
太15:27#1	163	165	28	太15:28	-	bare
太15:29#1	50	54	十三15	太13:15	-	chapter
太15:33#1	38	45	十四15～21	太14:15	-	chapter
太15:36#1	47	49	37	太15:37	-	bare
太15:36#1	90	92	38	太15:38	-	bare
太15:36#1	103	105	32	太15:32	-	bare
創37:1#1	40	44	羅十二2	羅12:2	-	book
創37:1#1	45	50	林後三18	林後3:18	-	book
創37:1#1	135	139	三二25	創32:25	-	chapter
創37:1#1	165	170	三七3註1	創37:3	1	chapter
創37:1#1	172	180	三七1～四三14	創37:1	-	chapter
創37:2#1	47	52	十二1註1	創12:1	1	chapter
創37:2#1	53	58	二五1註1	創25:1	1	chapter
創37:2#1	83	87	路二三4	路23:4	-	book
創37:2#1	88	93	林後五21	林後5:21	-	book
創37:2#1	94	98	來四15	來4:15	-	book
創37:2#1	99	104	彼前二22	彼前2:22	-	book
創37:2#1	169	176	四一39～44	創41:39	-	chapter
創37:2#2	43	47	約十11	約10:11	-	book
創37:2#2	48	55	二一15～17	約21:15	-	chapter
創37:5#1	7	10	7～9	創37:7	-	bare
創37:5#1	104	109	民二三21	民23:21	-	book
創37:5#1	110	116	王上十九18	王上19:18	-	book
創37:5#1	117	121	啟十二1	啟12:1	-	book
創37:5#1	172	177	徒二六19	徒26:19	-	book
創37:5#1	180	186	三九12註1	創39:12	1	chapter
創37:5#1	187	192	四二9註1	創42:9	1	chapter
創37:13#1	21	22	2	創37:2	-	bare
創37:13#1	23	30	約十11～16	約10:11	-	book
創37:13#1	39	42	3～4	創37:3	-	bare
創37:13#1	43	47	太三17	太3:17	-	book
創37:13#1	48	51	十七5	太17:5	-	chapter
創37:13#1	75	80	12～17	創37:12	-	bare
創37:13#1	81	85	約六38	約6:38	-	book
創37:13#1	102	103	5	創37:5	-	bare
創37:13#1	104	109	18～36	創37:18	-	bare
創37:13#1	110	115	約十五25	約15:25	-	book
創37:13#1	116	120	太二六4	太26:4	-	book
創37:13#1	121	126	14～16	太26:14	-	bare
創37:13#1	155	159	三九20	創39:20	-	chapter
創37:13#1	160	166	四十1～23	創40:1	-	chapter
創37:13#1	167	171	徒二23	徒2:23	-	book
創37:13#1	172	177	路二三32	路23:32	-	book
創37:13#1	178	183	39～43	路23:39	-	bare
創37:13#1	198	202	四一14	創41:14	-	chapter
創37:13#1	203	207	徒二24	徒2:24	-	book
創37:13#1	217	224	四一40～44	創41:40	-	chapter
創37:13#1	225	230	太二八18	太28:18	-	book
創37:13#1	231	235	徒二36	徒2:36	-	book
創37:13#1	236	240	啟三21	啟3:21	-	book
創37:13#1	253	257	四一42	創41:42	-	chapter
創37:13#1	258	261	來二9	來2:9	-	book
創37:13#1	262	267	詩六八18	詩68:18	-	book
創37:13#1	268	272	徒二33	徒2:33	-	book
創37:13#1	299	306	四一45與註1	創41:45	1	chapter
創37:13#1	307	311	徒五31	徒5:31	-	book
創37:13#1	312	319	約六50～51	約6:50	-	book
創37:13#1	328	332	四一45	創41:45	-	chapter
創37:13#1	333	337	約三29	約3:29	-	book
創37:13#1	338	345	弗五23～27	弗5:23	-	book
創37:13#1	346	350	啟十九7	啟19:7	-	book
創37:13#1	352	357	太一1註4	太1:1	4	book
創37:13#1	366	373	四一56～57	創41:56	-	chapter
創37:13#1	374	378	約六35	約6:35	-	book
創37:13#1	397	402	四五1～4	創45:1	-	chapter
創37:13#1	403	408	14～15	創45:14	-	bare
創37:13#1	409	414	羅十一26	羅11:26	-	book
創37:13#1	415	420	亞十二10	亞12:10	-	book
創37:13#1	421	424	啟一7	啟1:7	-	book
創37:13#1	439	448	四一40～五十26	創41:40	-	chapter
創37:13#1	449	454	啟十一15	啟11:15	-	book
創37:13#1	455	462	但七13～14	但7:13	-	book
創37:18#1	44	47	5註1	創37:5	1	bare
創37:28#1	19	23	十六15	創16:15	-	chapter
創37:28#1	50	55	二五1～2	創25:1	-	chapter
創37:28#1	84	85	8	創37:8	-	bare
創37:28#1	108	116	來十一25～26	來11:25	-	book
創37:28#1	160	166	四五5～8上	創45:5	-	chapter
創37:28#1	167	171	五十20	創50:20	-	chapter
創37:35#1	1	8	太十一23註1	太11:23	1	book
創37:36#1	18	23	四二1～5	創42:1	-	chapter
創37:36#1	123	128	四二2註1	創42:2	1	chapter
創38:6#1	0	5	6～30節	創38:6	-	bare
創38:6#1	7	11	太一3上	太1:3	-	book
創38:15#1	35	40	三七5註1	創37:5	1	chapter
創38:15#1	52	58	三九7～12	創39:7	-	chapter
創39:2#1	43	46	2～5	創39:2	-	bare
創39:12#1	24	29	三七5註1	創37:5	1	chapter
創39:12#1	31	36	徒二六19	徒26:19	-	book
創39:12#1	50	57	三七18～31	創37:18	-	chapter
創39:12#1	66	73	三八15～18	創38:15	-	chapter
創39:12#1	116	122	三七18註1	創37:18	1	chapter
創39:12#1	123	129	三八15註1	創38:15	1	chapter
太16:1#1	6	12	十二38註2	太12:38	2	chapter
太16:2#1	10	12	3節	太16:3	-	bare
太16:3#2	1	8	路十二56註5	路12:56	5	book
太16:4#1	58	61	拿一2	拿1:2	-	book
太16:4#1	62	64	17	拿1:17	-	bare
太16:4#1	65	70	三2～10	拿3:2	-	chapter
太16:4#1	93	98	申十八15	申18:15	-	book
太16:4#1	99	101	18	申18:18	-	bare
太16:5#1	0	8	十五1～十六12	太15:1	-	chapter
太16:5#1	49	56	十五21～28	太15:21	-	chapter
太16:5#1	83	90	十五32～39	太15:32	-	chapter
太16:5#1	108	112	5～12	太16:5	-	bare
太16:10#1	1	3	9節	太16:9	-	bare
太16:12#1	15	19	二三13	太23:13	-	chapter
太16:12#1	20	22	15	太23:15	-	bare
太16:12#1	23	25	23	太23:23	-	bare
太16:12#1	26	28	25	太23:25	-	bare
太16:12#1	29	31	27	太23:27	-	bare
太16:12#1	32	34	29	太23:29	-	bare
太16:12#1	65	69	徒二三8	徒23:8	-	book
太16:12#1	119	123	出十三7	出13:7	-	book
創40:8#1	9	15	三七5～11	創37:5	-	chapter
創40:8#1	103	109	四一9～13	創41:9	-	chapter
創40:8#1	132	139	四一14～46	創41:14	-	chapter
創41:1#1	34	36	46	創41:46	-	bare
創41:1#1	37	40	民四3	民4:3	-	book
創41:1#1	41	45	路三23	路3:23	-	book
創41:14#1	28	32	徒二24	徒2:24	-	book
創41:40#1	57	62	太二八18	太28:18	-	book
創41:40#1	63	67	徒二36	徒2:36	-	book
創41:42#1	35	38	來二9	來2:9	-	book
創41:42#1	47	52	詩六八18	詩68:18	-	book
創41:42#1	53	57	徒二33	徒2:33	-	book
創41:42#1	122	126	徒二33	徒2:33	-	book
創41:42#1	127	131	弗一13	弗1:13	-	book
創41:42#1	132	135	四30	弗4:30	-	chapter
創41:42#1	137	142	路十五22	路15:22	-	book
創41:42#1	170	175	林前一30	林前1:30	-	book
創41:42#1	177	181	詩四五9	詩45:9	-	book
創41:42#1	182	184	13	詩45:13	-	bare
創41:42#1	185	190	路十五22	路15:22	-	book
創41:42#1	222	230	詩四五14與註1	詩45:14	1	book
創41:42#1	231	237	啟十九7～9	啟19:7	-	book
創41:42#1	238	241	8註2	啟19:8	2	bare
創41:42#1	268	272	徒五32	徒5:32	-	book
創41:42#1	303	307	歌一10	歌1:10	-	book
創41:42#1	308	313	箴一8～9	箴1:8	-	book
創41:42#1	360	364	加二20	加2:20	-	book
創41:42#1	365	373	腓一20～21上	腓1:20	-	book
創41:45#1	38	44	四十9～19	創40:9	-	chapter
創41:45#1	45	52	四一17～32	創41:17	-	chapter
創41:45#1	69	74	47～57	創41:47	-	bare
創41:45#1	75	82	四七12～24	創47:12	-	chapter
創41:45#1	97	101	四七25	創47:25	-	chapter
創41:45#1	117	124	太十三1～52	太13:1	-	book
創41:45#1	125	132	約六50～51	約6:50	-	book
創41:45#1	133	137	徒五31	徒5:31	-	book
創41:45#2	42	47	太一1註4	太1:1	4	book
創41:56#1	61	66	四二5～6	創42:5	-	chapter
太16:13#1	28	33	十七1～2	太17:1	-	chapter
太16:13#1	189	194	16～17	太16:16	-	bare
太16:13#1	224	229	18～19	太16:18	-	bare
太16:14#1	47	49	16	太16:16	-	bare
太16:16#1	44	48	約一41	約1:41	-	book
太16:16#1	49	51	45	約1:45	-	bare
太16:16#1	52	59	路二25～26	路2:25	-	book
太16:16#1	60	63	三15	路3:15	-	chapter
太16:16#1	82	87	來十5～7	來10:5	-	book
太16:17#3	8	12	十一27	太11:27	-	chapter
太16:18#1	22	26	弗五32	弗5:32	-	book
太16:18#2	13	17	彼前二5	彼前2:5	-	book
太16:18#4	18	23	徒二1～4	徒2:1	-	book
太16:18#4	24	29	41～42	徒2:41	-	bare
太16:18#6	19	23	西一13	西1:13	-	book
太16:18#6	24	29	徒二六18	徒26:18	-	book
太16:19#1	42	47	羅十四17	羅14:17	-	book
太16:19#2	45	52	徒二38～42	徒2:38	-	book
太16:19#2	84	91	徒十34～48	徒10:34	-	book
太16:19#3	71	78	十八17～18	太18:17	-	chapter
太16:24#1	25	27	25	太16:25	-	bare
太16:24#1	28	32	路九24	路9:24	-	book
太16:24#2	1	7	23～25節	太16:23	-	bare
太16:24#4	55	61	林前十五45	林前15:45	-	book
太16:24#4	72	77	提後四22	提後4:22	-	book
太16:24#4	91	98	加五16～25	加5:16	-	book
太16:25#2	1	6	十39註1	太10:39	1	chapter
太16:26#1	0	7	路九24～25	路9:24	-	book
太16:27#1	7	10	27節	太16:27	-	bare
太16:27#1	31	37	25～26節	太16:25	-	bare
太16:27#2	20	25	林後五10	林後5:10	-	book
太16:27#2	26	31	啟二二12	啟22:12	-	book
創42:2#1	67	69	36	創42:36	-	bare
創42:2#1	70	77	四三13～14	創43:13	-	chapter
創42:2#1	96	102	四五26註1	創45:26	1	chapter
創42:3#1	63	66	1～5	創42:1	-	bare
創42:3#1	67	73	四三1～15	創43:1	-	chapter
創42:3#1	98	103	亞十二10	亞12:10	-	book
創42:3#1	104	109	羅十一26	羅11:26	-	book
創42:3#1	128	129	8	創42:8	-	bare
創42:3#1	130	132	28	創42:28	-	bare
創42:3#1	133	140	四三32～34	創43:32	-	chapter
創42:3#1	141	148	四四14～34	創44:14	-	chapter
創42:3#1	197	202	15～24	創42:15	-	bare
創42:3#1	203	209	四四1～13	創44:1	-	chapter
創42:3#1	239	245	亞十三8～9	亞13:8	-	book
創42:3#1	277	279	25	創42:25	-	bare
創42:3#1	280	284	四三16	創43:16	-	chapter
創42:3#1	285	290	25～34	創43:25	-	bare
創42:3#1	327	332	啟七2～8	啟7:2	-	book
創42:3#1	355	360	四五1～4	創45:1	-	chapter
創42:3#1	361	366	14～16	創45:14	-	bare
創42:3#1	385	390	羅十一26	羅11:26	-	book
創42:3#1	411	415	四五15	創45:15	-	chapter
創42:3#1	433	438	亞十二10	亞12:10	-	book
創42:3#1	470	473	四五8	創45:8	-	chapter
創42:3#1	474	476	13	創45:13	-	bare
創42:3#1	507	512	彌五3～4	彌5:3	-	book
創42:3#1	513	518	太二四30	太24:30	-	book
創42:3#1	563	570	四五16～24	創45:16	-	chapter
創42:3#1	571	578	四七11～12	創47:11	-	chapter
創42:3#1	579	583	五十21	創50:21	-	chapter
創42:3#1	636	641	賽二2～3	賽2:2	-	book
創42:3#1	642	645	六一6	賽61:6	-	chapter
創42:3#1	646	650	亞八23	亞8:23	-	book
創42:3#1	651	658	十四16～19	亞14:16	-	chapter
創42:9#1	57	59	24	創42:24	-	bare
創42:9#1	60	67	四三30～31	創43:30	-	chapter
創42:9#1	68	73	四五1～2	創45:1	-	chapter
創42:9#1	169	173	四五24	創45:24	-	chapter
創42:9#1	236	240	約五19	約5:19	-	book
創42:9#1	241	244	30下	約5:30	-	bare
創42:9#1	245	248	七16	約7:16	-	chapter
創42:9#1	249	251	18	約7:18	-	bare
創42:9#1	252	256	十四10	約14:10	-	chapter
創42:17#1	31	36	21～22	創42:21	-	bare
創42:24#1	16	21	四九5～7	創49:5	-	chapter
創43:14#1	22	27	十七1註2	創17:1	2	chapter
太16:28#1	15	20	十七1～2	太17:1	-	chapter
太17:1#1	0	8	十三53～十七8	太13:53	-	chapter
太17:1#1	56	63	十三53～58	太13:53	-	chapter
太17:1#1	81	87	十四1～12	太14:1	-	chapter
太17:1#1	120	127	十四13～21	太14:13	-	chapter
太17:1#1	165	172	十四22～34	太14:22	-	chapter
太17:1#1	192	199	十四35～36	太14:35	-	chapter
太17:1#1	232	238	十五1～20	太15:1	-	chapter
太17:1#1	272	279	十五21～28	太15:21	-	chapter
太17:1#1	348	355	十五29～39	太15:29	-	chapter
太17:1#1	403	408	十六1～4	太16:1	-	chapter
太17:1#1	435	441	十六5～12	太16:5	-	chapter
太17:1#1	500	507	十六13～28	太16:13	-	chapter
太17:1#1	530	533	1～8	太17:1	-	bare
太17:3#1	16	22	申三四5～6	申34:5	-	book
太17:3#1	38	43	王下二11	王下2:11	-	book
太17:3#1	101	107	啟十一3～4	啟11:3	-	book
太17:3#1	150	154	約五39	約5:39	-	book
太17:3#1	180	188	路二四25～27	路24:25	-	book
太17:3#1	189	191	44	路24:44	-	bare
太17:3#1	192	197	林前十五3	林前15:3	-	book
太17:3#1	206	210	路九31	路9:31	-	book
太17:10#1	5	10	瑪四5～6	瑪4:5	-	book
太17:11#1	26	32	啟十一3～4	啟11:3	-	book
太17:11#1	35	40	瑪四5～6	瑪4:5	-	book
太17:12#1	10	12	13	太17:13	-	bare
太17:12#1	26	33	路一13～17	路1:13	-	book
太17:12#1	41	45	十一18	太11:18	-	chapter
太17:12#1	52	58	十四3～12	太14:3	-	chapter
太17:24#1	23	31	出三十12～16	出30:12	-	book
太17:24#1	32	36	三八26	出38:26	-	chapter
太17:25#1	27	28	5	太17:5	-	bare
太17:26#1	83	90	十六16～17	太16:16	-	chapter
太17:26#1	104	105	5	太17:5	-	bare
創45:1#1	45	52	四四18～34	創44:18	-	chapter
創45:5#1	26	30	28註1	創45:28	1	bare
創45:5#1	70	73	5～8	創45:5	-	bare
創45:5#1	74	81	五十15～21	創50:15	-	chapter
創45:26#1	26	28	27	創45:27	-	bare
創45:26#1	44	48	來四12	來4:12	-	book
太18:1#1	32	35	2～4	太18:2	-	bare
太18:1#1	56	59	5～9	太18:5	-	bare
太18:1#1	76	81	10～14	太18:10	-	bare
太18:1#1	99	104	15～20	太18:15	-	bare
太18:1#1	119	124	21～35	太18:21	-	bare
太18:8#1	1	6	五29註1	太5:29	1	chapter
太18:9#1	1	6	五29註1	太5:29	1	chapter
太18:9#2	1	6	五22註9	太5:22	9	chapter
太18:17#1	28	30	15	太18:15	-	bare
太18:17#1	43	45	16	太18:16	-	bare
太18:17#1	59	61	17	太18:17	-	bare
太18:17#2	0	4	十六18	太16:18	-	chapter
太18:18#2	1	7	十六19註4	太16:19	4	chapter
太18:19#1	28	30	17	太18:17	-	bare
太18:20#1	8	11	16節	太18:16	-	bare
太18:20#1	57	59	17	太18:17	-	bare
太18:20#3	52	56	徒二46	徒2:46	-	book
太18:20#3	57	60	五42	徒5:42	-	chapter
太18:20#3	75	77	19	太18:19	-	bare
太18:20#3	78	82	徒十二5	徒12:5	-	book
太18:20#3	83	85	12	徒12:12	-	bare
太18:20#3	102	106	徒二42	徒2:42	-	book
太18:20#3	107	110	五42	徒5:42	-	chapter
太18:20#3	147	149	17	太18:17	-	bare
太18:20#3	176	180	加五20	加5:20	-	book
太18:23#1	12	17	林後五10	林後5:10	-	book
太18:34#1	108	114	十二32註2	太12:32	2	chapter
創46:1#1	56	60	約四24	約4:24	-	book
創47:7#1	29	30	7	創47:7	-	bare
創47:7#1	31	33	10	創47:10	-	bare
創47:7#1	61	67	四九1～28	創49:1	-	chapter
創47:7#1	83	90	四八14～16	創48:14	-	chapter
創47:7#1	174	181	十四18～19	創14:18	-	chapter
創47:7#1	182	189	民六23～27	民6:23	-	book
創47:7#1	190	196	林後十三14	林後13:14	-	book
創47:7#1	215	218	來七7	來7:7	-	book
創47:14#1	81	86	14～23	創47:14	-	bare
創47:14#1	208	210	23	創47:23	-	bare
創47:14#1	296	300	詩二四1	詩24:1	-	book
創47:14#1	301	308	但七13～14	但7:13	-	book
創47:29#1	15	19	三二25	創32:25	-	chapter
創47:29#1	35	41	三二25註2	創32:25	2	chapter
創47:29#1	68	72	三二31	創32:31	-	chapter
創47:29#1	181	187	五十5～13	創50:5	-	chapter
創47:29#1	223	228	林後十二9	林後12:9	-	book
創47:30#1	16	24	帖前四13～16	帖前4:13	-	book
創47:30#1	41	43	29	創47:29	-	bare
創47:30#1	71	78	四九29～32	創49:29	-	chapter
創47:30#1	119	123	二八13	創28:13	-	chapter
創47:30#1	124	128	三五12	創35:12	-	chapter
創47:31#1	17	22	來十一21	來11:21	-	book
創47:31#1	25	32	來十一21註1	來11:21	1	book
太19:4#1	1	5	4～6節	太19:4	-	bare
太19:12#1	63	67	3～12	太19:3	-	bare
太19:12#1	80	85	16～30	太19:16	-	bare
太19:12#2	31	37	林前七7～8	林前7:7	-	book
太19:12#2	38	40	九5	林前9:5	-	chapter
太19:17#3	16	18	23	太19:23	-	bare
太19:17#3	164	168	16註1	太19:16	1	bare
太19:17#4	65	71	五17～48	太5:17	-	chapter
太19:21#1	78	84	六19～21	太6:19	-	chapter
太19:21#2	13	19	十37～38	太10:37	-	chapter
太19:22#1	39	43	來十34	來10:34	-	book
太19:24#1	0	3	23節	太19:23	-	bare
太19:25#1	49	54	23～24	太19:23	-	bare
太19:26#1	89	93	腓四13	腓4:13	-	book
創48:3#1	22	27	十七1註2	創17:1	2	chapter
創48:5#1	104	105	7	創48:7	-	bare
創48:5#1	150	155	太一2註3	太1:2	3	book
創48:5#1	189	196	二五22～26	創25:22	-	chapter
創48:5#1	197	202	29～34	創25:29	-	bare
創48:5#1	233	240	羅九10～13	羅9:10	-	book
創48:5#1	257	264	三八27～30	創38:27	-	chapter
創48:5#1	310	315	四九3～4	創49:3	-	chapter
創48:5#1	316	322	代上五1～2	代上5:1	-	book
創48:5#1	375	380	12～20	創48:12	-	bare
創48:5#1	445	452	太二一31註1	太21:31	1	book
創48:14#1	31	34	二七1	創27:1	-	chapter
創48:14#1	35	37	23	創27:23	-	bare
創48:14#1	38	40	27	創27:27	-	bare
創48:14#1	69	71	10	創48:10	-	bare
創48:14#1	120	125	17～20	創48:17	-	bare
創48:15#1	1	7	15～16節	創48:15	-	bare
創48:15#1	92	100	林後十三14註1	林後13:14	1	book
創49:1#1	19	21	28	創49:28	-	bare
創49:1#1	82	87	林前七25	林前7:25	-	book
創49:1#1	88	90	40	林前7:40	-	bare
創49:1#1	149	154	提前三15	提前3:15	-	book
創49:1#1	155	160	來三5～6	來3:5	-	book
創49:1#1	222	226	林前十6	林前10:6	-	book
創49:4#1	28	31	弗五5	弗5:5	-	book
創49:4#1	33	38	太一2註3	太1:2	3	book
創49:4#1	55	59	申三三6	申33:6	-	book
創49:5#1	12	19	三四25～30	創34:25	-	chapter
創49:5#1	60	61	7	創49:7	-	bare
創49:5#1	85	89	書十九1	書19:1	-	book
創49:5#1	90	91	9	書19:9	-	bare
創49:5#1	92	97	二一1～3	書21:1	-	chapter
創49:5#1	98	100	41	書21:41	-	bare
創49:5#1	133	141	出三二26～28	出32:26	-	book
創49:5#1	181	187	申三三8～9	申33:8	-	book
創49:7#1	1	7	民三五8註1	民35:8	1	book
創49:8#1	0	5	8～12節	創49:8	-	bare
創49:8#1	47	50	8～9	創49:8	-	bare
創49:8#1	59	61	10	創49:10	-	bare
創49:8#1	81	86	11～12	創49:11	-	bare
創49:9#1	36	42	啟五5與註1	啟5:5	1	book
創49:9#2	98	102	西二15	西2:15	-	book
創49:9#2	103	107	來二14	來2:14	-	book
創49:9#2	136	139	弗四8	弗4:8	-	book
創49:9#4	30	35	太二八18	太28:18	-	book
創49:9#4	36	39	腓二9	腓2:9	-	book
創49:9#4	40	47	弗一21～22	弗1:21	-	book
創49:10#1	20	24	詩四五6	詩45:6	-	book
創49:10#1	56	64	撒下七12～13	撒下7:12	-	book
創49:10#1	65	72	但二44～45	但2:44	-	book
創49:10#1	73	79	七13～14	但7:13	-	chapter
創49:10#1	80	85	啟十一15	啟11:15	-	book
創49:10#1	86	89	二二1	啟22:1	-	chapter
創49:10#1	90	91	3	啟22:3	-	bare
創49:10#2	37	41	代上五2	代上5:2	-	book
創49:10#2	62	66	來七14	來7:14	-	book
創49:10#3	36	41	賽九6～7	賽9:6	-	book
創49:10#3	42	44	二4	賽2:4	-	chapter
創49:10#4	26	31	賽二1～3	賽2:1	-	book
創49:10#4	32	36	十一10	賽11:10	-	chapter
創49:11#1	15	19	太二一5	太21:5	-	book
創49:11#1	60	64	約十五1	約15:1	-	book
創49:11#1	65	66	5	約15:5	-	bare
創49:11#1	121	129	太十一28～30	太11:28	-	book
創49:11#2	22	25	約二3	約2:3	-	book
創49:11#2	83	90	太九17與註1	太9:17	1	book
創49:13#1	19	22	8註1	創49:8	1	bare
創49:13#1	77	84	太四12～23	太4:12	-	book
創49:13#1	85	88	二八7	太28:7	-	chapter
創49:13#1	89	91	10	太28:10	-	bare
創49:13#1	92	97	16～20	太28:16	-	bare
創49:13#1	167	170	徒一8	徒1:8	-	book
創49:13#1	171	176	二2～41	徒2:2	-	chapter
創49:13#1	179	186	詩六八27註3	詩68:27	3	book
創49:13#2	35	38	徒一8	徒1:8	-	book
創49:13#2	39	46	十三46～47	徒13:46	-	chapter
創49:14#1	41	46	約十1～9	約10:1	-	book
創49:14#1	47	49	16	約10:16	-	bare
創49:14#1	112	118	申三三18下	申33:18	-	book
創49:14#1	160	164	弗四4上	弗4:4	-	book
創49:14#1	186	189	腓四4	腓4:4	-	book
創49:14#1	190	195	帖前五16	帖前5:16	-	book
創49:15#1	12	18	約十9與註2	約10:9	2	book
創49:15#2	39	46	林前十二4～6	林前12:4	-	book
創49:15#2	47	49	18	林前12:18	-	bare
創49:15#2	50	52	28	林前12:28	-	bare
創49:15#2	53	57	弗二10	弗2:10	-	book
創49:15#2	58	64	四11～12	弗4:11	-	chapter
創49:15#2	92	97	羅十五16	羅15:16	-	book
創49:15#3	96	101	申三三19	申33:19	-	book
創49:15#3	125	129	但二35	但2:35	-	book
創49:15#3	168	174	太十三1註1	太13:1	1	book
創49:15#3	195	200	太十三44	太13:44	-	book
創49:15#3	245	253	羅十四17與註1	羅14:17	1	book
太19:28#1	20	24	徒三21	徒3:21	-	book
太19:28#2	24	28	啟二十4	啟20:4	-	book
太19:28#2	71	75	啟二26	啟2:26	-	book
太19:29#1	24	28	可十30	可10:30	-	book
太19:29#3	43	51	路十八29～30	路18:29	-	book
太19:30#1	1	7	二十16註1	太20:16	1	chapter
太20:1#1	7	12	1～16節	太20:1	-	bare
太20:1#1	17	21	十九30	太19:30	-	chapter
太20:2#1	3	10	十九27～29	太19:27	-	chapter
太20:2#2	1	6	約六7註1	約6:7	1	book
太20:2#2	13	20	十九27～29	太19:27	-	chapter
太20:10#1	18	25	十九27～29	太19:27	-	chapter
太20:12#1	6	13	羅九14～15	羅9:14	-	book
太20:12#1	14	16	20	羅9:20	-	bare
太20:13#3	5	12	十九27～29	太19:27	-	chapter
太20:15#1	3	7	十九27	太19:27	-	chapter
太20:15#2	6	12	可七22註2	可7:22	2	book
創49:16#1	38	40	17	創49:17	-	bare
創49:16#1	41	48	申十三5～18	申13:5	-	book
創49:16#1	106	109	啟三5	啟3:5	-	book
創49:16#1	137	141	結四八1	結48:1	-	book
創49:16#1	144	149	啟七6註1	啟7:6	1	book
創49:17#1	1	6	申三三22	申33:22	-	book
創49:17#1	39	44	書十九47	書19:47	-	book
創49:17#1	45	53	士十八27～29	士18:27	-	book
創49:17#1	63	68	申八7註1	申8:7	1	book
創49:17#1	132	140	士十八30～31	士18:30	-	book
創49:17#1	142	146	申十二5	申12:5	-	book
創49:17#1	249	258	王上十二26～31	王上12:26	-	book
創49:17#1	261	270	王上十二26～31	王上12:26	-	book
創49:19#1	11	16	申三三20	申33:20	-	book
創49:19#1	45	53	申三三20～21	申33:20	-	book
創49:19#1	126	133	民三二1～32	民32:1	-	book
創49:19#1	255	262	羅十二1～21	羅12:1	-	book
創49:20#2	9	17	申三三24～25	申33:24	-	book
創49:20#2	42	44	19	創49:19	-	bare
創49:20#2	75	80	申三三24	申33:24	-	book
創49:20#2	106	110	腓一19	腓1:19	-	book
創49:20#2	111	114	加三5	加3:5	-	book
創49:21#1	48	52	路四22	路4:22	-	book
創49:21#1	53	57	約七46	約7:46	-	book
創49:21#1	58	63	太二八16	太28:16	-	book
創49:21#1	64	69	18～20	太28:18	-	bare
創49:21#1	70	77	徒二32～36	徒2:32	-	book
創49:21#1	81	86	申三三23	申33:23	-	book
創49:21#1	124	127	弗一3	弗1:3	-	book
創49:21#1	148	154	太十三1註1	太13:1	1	book
創49:21#1	195	200	太二八19	太28:19	-	book
創49:21#1	201	204	徒一8	徒1:8	-	book
創49:21#1	205	210	羅十五19	羅15:19	-	book
創49:21#1	213	220	詩六八27註4	詩68:27	4	book
創49:22#1	20	24	賽十一1	賽11:1	-	book
創49:22#1	39	43	約十五1	約15:1	-	book
創49:22#1	44	45	5	約15:5	-	bare
創49:22#1	72	76	詩三六9	詩36:9	-	book
創49:22#1	77	81	耶二13	耶2:13	-	book
創49:22#1	130	134	腓一20	腓1:20	-	book
創49:22#1	135	138	四22	腓4:22	-	chapter
創49:22#1	139	142	門10	門1:10	-	book
創49:24#1	0	6	23～24節	創49:23	-	bare
創49:24#1	21	28	三七18～31	創37:18	-	chapter
創49:24#1	40	47	羅八36～37	羅8:36	-	book
創49:24#1	79	83	提後二1	提後2:1	-	book
創49:24#1	84	88	腓四13	腓4:13	-	book
創49:25#1	19	24	十七1註2	創17:1	2	chapter
創49:25#2	1	7	25～26節	創49:25	-	bare
創49:25#2	8	16	申三三13～16	申33:13	-	book
創49:25#2	42	44	26	創49:26	-	bare
創49:25#2	45	50	申三三15	申33:15	-	book
創49:25#2	72	75	25下	創49:25	-	bare
創49:25#2	76	84	申三三13～14	申33:13	-	book
創49:25#2	85	88	16上	申33:16	-	bare
創49:25#2	129	132	來一2	來1:2	-	book
創49:25#2	133	137	西一16	西1:16	-	book
創49:25#2	159	167	林前三21～22	林前3:21	-	book
創49:25#2	168	172	羅八17	羅8:17	-	book
創49:25#2	173	176	來一9	來1:9	-	book
創49:25#2	177	180	三15	來3:15	-	chapter
創49:25#2	181	184	一14	來1:14	-	chapter
創49:25#2	229	233	啟二一1	啟21:1	-	book
創49:25#2	234	237	4～5	啟21:4	-	bare
創49:25#2	238	241	二二3	啟22:3	-	chapter
創49:25#2	242	243	5	啟22:5	-	bare
創49:26#1	18	22	士十三5	士13:5	-	book
創49:26#1	23	24	7	士13:7	-	bare
創49:26#1	25	29	十六17	士16:17	-	chapter
創49:26#1	73	79	民六2與註2	民6:2	2	book
創49:26#1	106	112	申三三16下	申33:16	-	book
創49:27#1	27	30	弗四8	弗4:8	-	book
創49:27#1	31	35	林後十5	林後10:5	-	book
創49:27#2	1	6	申三三12	申33:12	-	book
創49:27#2	62	66	士一21	士1:21	-	book
創49:27#2	142	149	創四九1～28	創49:1	-	book
創49:27#2	442	447	22～26	創49:22	-	bare
創49:27#2	448	456	申三三13～16	申33:13	-	book
創49:27#2	471	476	申三三12	申33:12	-	book
創49:27#2	537	540	弗一3	弗1:3	-	book
創49:27#2	541	544	二22	弗2:22	-	chapter
創49:29#1	1	7	四七30註1	創47:30	1	chapter
創50:19#1	1	6	四五5註1	創45:5	1	chapter
創50:25#1	1	6	出十三19	出13:19	-	book
創50:25#1	46	52	四七30註1	創47:30	1	chapter
創50:26#1	41	44	一26	創1:26	-	chapter
創50:26#1	110	115	三七1註1	創37:1	1	chapter
太20:18#1	41	45	十六13	太16:13	-	chapter
太20:18#1	46	48	21	太16:21	-	bare
太20:18#1	68	72	十七22	太17:22	-	chapter
太20:22#1	33	38	徒十四22	徒14:22	-	book
太20:26#1	24	26	24	太20:24	-	bare
太20:26#1	68	70	27	太20:27	-	bare
太20:27#1	1	5	26註1	太20:26	1	bare
太20:30#1	17	23	十五22註2	太15:22	2	chapter
太21:1#1	0	3	十九1	太19:1	-	chapter
太21:1#1	13	17	二十17	太20:17	-	chapter
太21:1#1	25	29	二十29	太20:29	-	chapter
太21:3#2	3	8	可十一3下	可11:3	-	book
太21:5#1	12	17	詩一三七8	詩137:8	-	book
太21:5#1	18	22	四五12	詩45:12	-	chapter
太21:7#1	64	65	8	太21:8	-	bare
太21:8#1	9	14	約十二13	約12:13	-	book
太21:8#1	25	28	啟七9	啟7:9	-	book
太21:8#1	58	63	利二三40	利23:40	-	book
太21:8#1	64	68	尼八15	尼8:15	-	book
太21:9#1	12	18	詩一一八25	詩118:25	-	book
出1:1#2	37	42	約十二31	約12:31	-	book
出1:1#2	43	46	弗二2	弗2:2	-	book
出1:6#1	22	27	創五十26	創50:26	-	book
出1:6#1	68	69	7	出1:7	-	bare
出1:6#1	117	122	10～14	出1:10	-	bare
出1:6#1	123	126	二23	出2:23	-	chapter
出1:6#1	127	132	五6～18	出5:6	-	chapter
出1:6#1	215	220	弗二1～3	弗2:1	-	book
出1:14#1	1	5	創十一3	創11:3	-	book
出1:16#2	23	27	創一26	創1:26	-	book
出1:16#2	28	34	林前十一7上	林前11:7	-	book
出1:16#2	35	39	弗二15	弗2:15	-	book
出1:16#2	40	44	啟十二5	啟12:5	-	book
出1:16#2	75	79	創二18	創2:18	-	book
出1:16#2	80	85	林前十一9	林前11:9	-	book
出1:17#1	32	37	創三1～6	創3:1	-	book
出1:17#1	67	74	路一26～38	路1:26	-	book
出1:17#1	75	78	二30	路2:30	-	chapter
出2:2#1	21	26	一17註1	出1:17	1	chapter
出2:2#1	140	144	2～10	出2:2	-	bare
出2:2#1	145	152	徒七20～22	徒7:20	-	book
出2:2#1	204	208	21註1	出2:21	1	bare
出2:14#1	7	12	來十一27	來11:27	-	book
出2:14#1	56	64	來十一24～26	來11:24	-	book
出2:21#1	11	15	徒七30	徒7:30	-	book
出2:21#1	43	47	徒七22	徒7:22	-	book
出2:21#1	48	55	出二11～13	出2:11	-	book
出2:21#1	94	96	三1	出3:1	-	chapter
出2:21#1	222	229	路一26～38	路1:26	-	book
出2:21#1	290	294	賽五四5	賽54:5	-	book
出2:21#1	295	299	約三29	約3:29	-	book
出2:21#1	334	338	約十五5	約15:5	-	book
出2:21#1	339	344	林前十一3	林前11:3	-	book
出2:21#1	391	396	11～12	出2:11	-	bare
太21:17#1	45	50	可十一19	可11:19	-	book
太21:17#1	51	56	路二一37	路21:37	-	book
太21:17#1	83	87	約十一1	約11:1	-	book
太21:17#1	88	92	太二六6	太26:6	-	book
太21:19#1	18	22	耶二四2	耶24:2	-	book
太21:19#1	23	24	5	耶24:5	-	bare
太21:19#1	25	26	8	耶24:8	-	bare
太21:31#1	1	7	路十五1～2	路15:1	-	book
太21:31#1	8	13	11～32	路15:11	-	bare
太21:31#1	72	76	出四22	出4:22	-	book
太21:31#1	111	116	來十二23	來12:23	-	book
太21:32#1	48	51	五20	太5:20	-	chapter
太21:32#1	52	53	6	太5:6	-	bare
太21:32#1	54	57	六33	太6:33	-	chapter
太21:32#1	92	95	三15	太3:15	-	chapter
太21:33#1	20	23	賽五1	賽5:1	-	book
太21:33#1	37	39	45	太21:45	-	bare
太21:34#1	13	19	代下二四19	代下24:19	-	book
太21:34#1	20	24	三六15	代下36:15	-	chapter
太21:35#1	14	19	耶三七15	耶37:15	-	book
太21:35#1	20	24	尼九26	尼9:26	-	book
太21:35#1	25	31	代下二四21	代下24:21	-	book
太21:39#1	14	19	來十三12	來13:12	-	book
太21:42#1	15	20	賽二八16	賽28:16	-	book
太21:42#1	21	24	亞三9	亞3:9	-	book
太21:42#1	25	29	彼前二4	彼前2:4	-	book
太21:42#2	8	13	賽二八16	賽28:16	-	book
太21:42#2	19	22	亞四7	亞4:7	-	book
太21:43#1	27	29	三2	太3:2	-	chapter
太21:43#1	30	33	四17	太4:17	-	chapter
太21:43#1	51	55	五3註4	太5:3	4	chapter
太21:44#1	22	26	賽八15	賽8:15	-	book
太21:44#1	27	31	羅九32	羅9:32	-	book
太21:44#2	25	32	但二34～35	但2:34	-	book
太21:44#2	53	58	賽二八16	賽28:16	-	book
太21:44#2	80	84	賽八14	賽8:14	-	book
太21:44#2	85	89	羅九33	羅9:33	-	book
出3:1#1	84	88	約六46	約6:46	-	book
出3:1#1	89	92	八16	約8:16	-	chapter
出3:1#1	93	95	29	約8:29	-	bare
出3:1#1	96	101	來三1～6	來3:1	-	book
出3:2#1	27	31	約八42	約8:42	-	book
出3:2#1	50	57	士六12～22	士6:12	-	book
出3:2#1	58	64	十三3～22	士13:3	-	chapter
出3:2#1	68	70	2節	出3:2	-	bare
出3:2#1	71	73	6節	出3:6	-	bare
出3:2#1	100	106	亞二6～11	亞2:6	-	book
出3:2#1	119	120	6	出3:6	-	bare
出3:2#1	121	123	15	出3:15	-	bare
出3:2#1	154	159	約二十21	約20:21	-	book
出3:2#1	162	169	徒七30～31	徒7:30	-	book
出3:2#2	2	9	創三17～19	創3:17	-	book
出3:2#2	93	97	創三24	創3:24	-	book
出3:2#2	168	172	創三21	創3:21	-	book
出3:2#2	173	175	四4	創4:4	-	chapter
出3:2#2	231	238	加三13～14	加3:13	-	book
出3:2#2	277	282	羅十二11	羅12:11	-	book
出3:2#2	283	287	提後一7	提後1:7	-	book
出3:2#2	288	292	腓四13	腓4:13	-	book
出3:2#2	293	297	西一29	西1:29	-	book
出3:2#2	330	334	林後四7	林後4:7	-	book
出3:2#2	337	341	11註1	出3:11	1	bare
出3:2#2	346	351	申三三16	申33:16	-	book
出3:2#2	378	381	來三6	來3:6	-	book
出3:2#2	445	452	民九15～16	民9:15	-	book
出3:2#2	512	517	路十二49	路12:49	-	book
出3:2#2	518	523	徒二3～4	徒2:3	-	book
出3:6#1	11	12	6	出3:6	-	bare
出3:6#1	13	18	14～16	出3:14	-	bare
出3:6#1	19	21	18	出3:18	-	bare
出3:6#1	84	87	二24	出2:24	-	chapter
出3:6#1	100	108	太二二31～32	太22:31	-	book
出3:6#1	111	115	徒三13	徒3:13	-	book
出3:6#1	132	134	15	出3:15	-	bare
出3:6#1	151	156	太二八19	太28:19	-	book
出3:6#1	159	165	創十二1註1	創12:1	1	book
出3:8#1	55	60	申八7～9	申8:7	-	book
出3:8#1	75	78	十九6	出19:6	-	chapter
出3:8#1	79	84	撒下五12	撒下5:12	-	book
出3:8#1	85	88	七12	撒下7:12	-	chapter
出3:8#1	89	91	16	撒下7:16	-	bare
出3:8#1	105	110	撒下七13	撒下7:13	-	book
出3:8#1	157	162	申八7註1	申8:7	1	book
出3:8#1	185	190	羅十四17	羅14:17	-	book
出3:8#1	191	198	弗二20～22	弗2:20	-	book
出3:8#1	199	202	四12	弗4:12	-	chapter
出3:8#1	237	239	18	出3:18	-	bare
出3:8#1	244	246	12	出3:12	-	bare
出3:8#1	252	253	8	出3:8	-	bare
出3:8#1	254	256	17	出3:17	-	bare
出3:8#1	264	268	十二11	出12:11	-	chapter
出3:8#1	269	274	31～41	出12:31	-	bare
出3:8#1	281	288	十四21～30	出14:21	-	chapter
出3:8#1	319	326	十五23～25	出15:23	-	chapter
出3:8#1	337	341	十五27	出15:27	-	chapter
出3:8#1	352	359	十六14～15	出16:14	-	chapter
出3:8#1	360	365	31～32	出16:31	-	bare
出3:8#1	366	368	35	出16:35	-	bare
出3:8#1	381	384	十七6	出17:6	-	chapter
出3:8#1	397	403	十七8～16	出17:8	-	chapter
出3:8#1	521	524	書三3	書3:3	-	book
出3:8#1	525	526	6	書3:6	-	bare
出3:8#1	527	528	8	書3:8	-	bare
出3:8#1	529	534	13～17	書3:13	-	bare
出3:8#1	535	541	四10～19	書4:10	-	chapter
出3:8#2	81	85	約一29	約1:29	-	book
出3:8#2	104	109	約十二24	約12:24	-	book
出3:11#1	25	31	二11～12	出2:11	-	chapter
出3:11#1	48	52	徒七30	徒7:30	-	book
出3:11#1	77	80	四10	出4:10	-	chapter
出3:12#1	81	86	十九4～6	出19:4	-	chapter
出3:14#1	60	64	約八24	約8:24	-	book
出3:14#1	65	67	28	約8:28	-	bare
出3:14#1	68	70	58	約8:58	-	bare
出3:14#1	72	76	24註2	約8:24	2	bare
出3:15#1	1	6	創二4註3	創2:4	3	book
出3:15#1	33	35	六3	出6:3	-	chapter
出3:15#1	38	41	6註1	出3:6	1	bare
出3:18#1	1	6	來一1註1	來1:1	1	book
出3:18#2	1	7	十五22註1	出15:22	1	chapter
出3:22#1	1	7	十二36註1	出12:36	1	chapter
出4:3#1	14	18	三2～3	出3:2	-	chapter
出4:3#1	64	67	2～4	出4:2	-	bare
出4:3#1	193	194	4	出4:4	-	bare
出4:3#1	195	197	17	出4:17	-	bare
出4:3#1	198	202	路十19	路10:19	-	book
出4:3#1	221	224	6～7	出4:6	-	bare
出4:3#1	283	290	羅七17～18	羅7:17	-	book
出4:3#1	292	295	賽六5	賽6:5	-	book
出4:3#1	331	338	王下五1～14	王下5:1	-	book
出4:3#1	354	355	9	出4:9	-	bare
出4:3#1	430	434	約壹三8	約壹3:8	-	book
出4:3#1	444	448	加五17	加5:17	-	book
出4:3#1	457	462	約壹二15	約壹2:15	-	book
出4:3#1	513	518	約十四30	約14:30	-	book
出4:3#1	519	523	加五24	加5:24	-	book
出4:3#1	524	527	六14	加6:14	-	chapter
出4:10#1	8	12	徒七22	徒7:22	-	book
出4:10#1	50	56	二11～13	出2:11	-	chapter
出4:10#1	83	89	詩九十10上	詩90:10	-	book
出4:10#1	111	114	腓三3	腓3:3	-	book
出4:14#1	48	53	太十2～5	太10:2	-	book
出4:14#1	54	57	路十1	路10:1	-	book
出4:14#1	58	65	林前一1與註3	林前1:1	3	book
出4:14#1	69	72	16節	出4:16	-	bare
出4:22#1	1	8	太二一31註1	太21:31	1	book
出4:25#1	8	10	24	出4:24	-	bare
出4:25#1	47	54	創十七10註1	創17:10	1	book
出4:25#1	123	130	創十七9～15	創17:9	-	book
出4:25#1	165	170	14～16	出4:14	-	bare
出4:25#3	35	39	林後一9	林後1:9	-	book
出4:25#3	40	46	四10～12	林後4:10	-	chapter
太22:2#1	21	25	二一43	太21:43	-	chapter
太22:2#1	58	65	二一33～46	太21:33	-	chapter
太22:8#1	18	23	徒十三46	徒13:46	-	book
太22:9#1	22	27	徒十三46	徒13:46	-	book
太22:9#1	28	33	羅十一11	羅11:11	-	book
太22:11#1	4	9	詩四五14	詩45:14	-	book
太22:11#1	21	25	啟十九8	啟19:8	-	book
太22:11#1	36	42	啟十九8註2	啟19:8	2	book
太22:11#1	47	50	五20	太5:20	-	chapter
太22:11#1	62	68	太五20註1	太5:20	1	book
太22:11#1	116	121	林前一30	林前1:30	-	book
太22:11#1	122	126	羅三26	羅3:26	-	book
太22:11#1	144	147	腓三9	腓3:9	-	book
太22:13#1	10	14	十三41	太13:41	-	chapter
太22:13#1	15	17	49	太13:49	-	bare
太22:13#2	87	90	西三4	西3:4	-	book
太22:13#2	112	117	八12註2	太8:12	2	chapter
太22:13#4	1	6	八12註4	太8:12	4	chapter
太22:14#1	10	13	羅一7	羅1:7	-	book
太22:14#1	14	18	林前一2	林前1:2	-	book
太22:14#1	19	22	弗四1	弗4:1	-	book
太22:15#1	1	5	三7註1	太3:7	1	chapter
太22:18#1	1	5	六2註2	太6:2	2	chapter
太22:19#2	1	6	約六7註1	約6:7	1	book
太22:21#2	3	11	出三十11～16	出30:11	-	book
出5:1#1	22	29	五1～十一10	出5:1	-	chapter
出5:1#1	30	37	十二29～36	出12:29	-	chapter
出5:1#1	182	190	約壹二15～17	約壹2:15	-	book
出5:1#1	225	233	十九1～三四35	出19:1	-	chapter
出5:1#2	79	80	3	出5:3	-	bare
出5:1#2	92	97	創二4註3	創2:4	3	book
出5:1#2	98	104	二八13註1	創28:13	1	chapter
出5:1#2	105	111	出三18註1	出3:18	1	book
出5:1#3	41	42	3	出5:3	-	bare
出5:1#3	43	48	來十三15	來13:15	-	book
出5:1#3	107	111	約四24	約4:24	-	book
出5:2#1	25	28	創三1	創3:1	-	book
出5:2#1	92	94	五2	出5:2	-	chapter
出5:2#1	95	98	八25	出8:25	-	chapter
出5:2#1	99	101	28	出8:28	-	bare
出5:2#1	102	107	十8～11	出10:8	-	chapter
出5:2#1	108	110	24	出10:24	-	bare
出5:3#1	1	7	十五22註1	出15:22	1	chapter
出6:1#1	14	20	五22～23	出5:22	-	chapter
出6:1#1	41	44	1～8	出6:1	-	bare
出6:1#1	73	74	1	出6:1	-	bare
出6:1#1	75	78	6～8	出6:6	-	bare
出6:1#1	79	81	26	出6:26	-	bare
出6:1#1	82	86	七4～5	出7:4	-	chapter
出6:1#1	100	101	9	出6:9	-	bare
出6:1#1	102	104	12	出6:12	-	bare
出6:1#1	116	120	七3～4	出7:3	-	chapter
出6:1#1	145	147	12	出6:12	-	bare
出6:1#1	148	150	30	出6:30	-	bare
出6:1#1	170	175	26～29	出6:26	-	bare
出6:1#1	198	200	七4	出7:4	-	chapter
出6:3#1	24	30	創十七1註2	創17:1	2	book
出6:3#2	14	18	創十七1	創17:1	-	book
出6:3#2	19	22	二八3	創28:3	-	chapter
出6:3#2	30	35	創三五11	創35:11	-	book
出6:3#2	50	53	三14	出3:14	-	chapter
出6:3#2	63	67	六6～8	出6:6	-	chapter
出6:3#2	124	129	來十一13	來11:13	-	book
出6:3#2	131	140	創十五13～16上	創15:13	-	book
出6:8#1	14	21	來六13～17	來6:13	-	book
出6:14#1	0	6	14～25節	出6:14	-	bare
出6:14#1	63	66	弗一4	弗1:4	-	book
出6:14#1	67	71	彼前一2	彼前1:2	-	book
太22:23#1	1	5	三7註2	太3:7	2	chapter
太22:42#1	1	10	二一23～二二46	太21:23	-	chapter
太22:42#1	114	118	二一23	太21:23	-	chapter
太22:43#1	23	26	弗三5	弗3:5	-	book
太23:2#1	1	5	二4註1	太2:4	1	chapter
太23:2#2	1	5	三7註1	太3:7	1	chapter
太23:5#1	10	13	申六8	申6:8	-	book
太23:5#1	14	18	十一18	申11:18	-	chapter
太23:5#2	73	81	民十五38～39	民15:38	-	book
出7:1#1	35	36	2	出7:2	-	bare
出7:1#1	44	49	林前十四1	林前14:1	-	book
出7:1#1	50	53	3～5	林前14:3	-	bare
出7:1#1	54	59	24～25	林前14:24	-	bare
出7:1#1	60	62	31	林前14:31	-	bare
出7:1#1	64	67	1註4	林前14:1	4	bare
出7:1#1	68	72	24註1	林前14:24	1	bare
出7:1#1	73	77	25註1	林前14:25	1	bare
出7:1#1	78	82	31註1	林前14:31	1	bare
出7:9#1	44	47	弗二2	弗2:2	-	book
出7:9#1	48	53	約壹五19	約壹5:19	-	book
出7:11#1	52	54	22	出7:22	-	bare
出7:11#1	56	60	17註1	出7:17	1	bare
出7:11#1	82	87	八8～13	出8:8	-	chapter
出7:11#1	105	107	12	出7:12	-	bare
出7:15#1	93	100	七15～八19	出7:15	-	chapter
出7:15#1	120	127	八20～九12	出8:20	-	chapter
出7:15#1	147	154	九13～十29	出9:13	-	chapter
出7:15#1	168	174	十一1～10	出11:1	-	chapter
出7:15#1	175	182	十二29～30	出12:29	-	chapter
出7:15#1	283	290	啟十六1～21	啟16:1	-	book
出7:17#1	31	36	羅六23上	羅6:23	-	book
出8:15#1	1	6	九12註1	出9:12	1	chapter
出8:19#1	1	8	路十一20註1	路11:20	1	book
出8:23#1	106	114	彼前一19～20	彼前1:19	-	book
出8:23#1	115	119	20註1	彼前1:20	1	bare
出8:23#1	120	126	來二9與註3	來2:9	3	book
出8:23#1	194	198	約三18	約3:18	-	book
出8:23#1	233	240	約壹二2與註2	約壹2:2	2	book
出8:23#1	270	274	十二23	出12:23	-	chapter
出8:25#1	5	9	五2註1	出5:2	1	chapter
太23:13#1	1	5	六2註2	太6:2	2	chapter
太23:15#1	1	6	五22註9	太5:22	9	chapter
太23:17#1	37	43	羅六19註2	羅6:19	2	book
太23:19#1	48	54	羅六19註2	羅6:19	2	book
太23:37#1	22	26	賽三一5	賽31:5	-	book
太23:37#1	27	35	申三二11～12	申32:11	-	book
太23:38#1	22	29	二一12～13	太21:12	-	chapter
太23:38#1	65	69	二一13	太21:13	-	chapter
太23:38#2	6	9	二四2	太24:2	-	chapter
太23:39#1	31	36	羅十一23	羅11:23	-	book
太23:39#1	37	39	26	羅11:26	-	bare
出9:4#1	43	45	26	出9:26	-	bare
出9:4#1	46	49	十一7	出11:7	-	chapter
出9:4#1	50	54	十二13	出12:13	-	chapter
出9:4#1	55	57	23	出12:23	-	bare
出9:12#1	13	16	四21	出4:21	-	chapter
出9:12#1	17	19	七3	出7:3	-	chapter
出9:12#1	20	23	九12	出9:12	-	chapter
出9:12#1	24	26	十1	出10:1	-	chapter
出9:12#1	27	29	20	出10:20	-	bare
出9:12#1	30	32	27	出10:27	-	bare
出9:12#1	33	37	十一10	出11:10	-	chapter
出9:12#1	38	41	十四4	出14:4	-	chapter
出9:12#1	42	43	8	出14:8	-	bare
出9:12#1	58	61	八15	出8:15	-	chapter
出9:12#1	62	64	32	出8:32	-	bare
出9:12#1	65	68	九34	出9:34	-	chapter
出9:12#1	82	89	羅九14～24	羅9:14	-	book
出9:12#1	164	167	四21	出4:21	-	chapter
出9:12#1	222	225	七13	出7:13	-	chapter
出9:12#1	226	228	22	出7:22	-	bare
出9:12#1	229	232	八19	出8:19	-	chapter
出9:12#1	233	236	九35	出9:35	-	chapter
出9:16#1	98	102	羅九17	羅9:17	-	book
出9:16#1	140	145	十四4註1	出14:4	1	chapter
出9:18#1	92	94	24	出9:24	-	bare
出9:28#1	1	5	五2註1	出5:2	1	chapter
出10:8#1	1	5	五2註1	出5:2	1	chapter
出10:13#1	52	53	5	出10:5	-	bare
出10:13#1	54	56	15	出10:15	-	bare
出10:21#1	29	31	22	出10:22	-	bare
出10:21#1	37	43	九13～35	出9:13	-	chapter
出10:21#1	49	54	十1～20	出10:1	-	chapter
出10:21#1	89	95	七15～25	出7:15	-	chapter
出10:21#1	143	148	弗二1～3	弗2:1	-	book
出10:24#1	1	5	五2註1	出5:2	1	chapter
太24:1#1	21	25	二三38	太23:38	-	chapter
太24:1#1	60	64	結十18	結10:18	-	book
太24:3#2	34	35	2	太24:2	-	bare
太24:3#2	40	47	二三32～39	太23:32	-	chapter
太24:3#2	76	85	本章4節～二五46	太24:4	-	anaphor
太24:3#3	59	63	啟十二5	啟12:5	-	book
太24:3#3	76	82	啟十四1～4	啟14:1	-	book
太24:3#3	121	128	啟六12～17	啟6:12	-	book
太24:3#3	129	134	八7～12	啟8:7	-	chapter
太24:3#3	141	143	21	太24:21	-	bare
太24:3#3	144	150	啟九1～21	啟9:1	-	book
太24:3#3	151	155	十一14	啟11:14	-	chapter
太24:3#3	156	162	十六1～21	啟16:1	-	chapter
太24:3#3	173	178	啟十四14	啟14:14	-	book
太24:3#3	191	199	帖前四15～17	帖前4:15	-	book
太24:3#3	208	213	林後五10	林後5:10	-	book
太24:3#3	223	229	啟十九7～9	啟19:7	-	book
太24:4#1	12	16	4～31	太24:4	-	bare
太24:4#1	28	35	32～二五30	太24:32	-	bare
太24:4#1	45	52	二五31～46	太25:31	-	chapter
太24:4#1	104	111	十三11～13	太13:11	-	chapter
太24:4#1	125	128	20節	太24:20	-	bare
太24:4#1	139	142	32節	太24:32	-	bare
太24:4#2	0	5	4～14節	太24:4	-	bare
太24:6#1	21	26	啟六3～4	啟6:3	-	book
太24:6#2	12	13	3	太24:3	-	bare
太24:6#2	14	18	但十二4	但12:4	-	book
太24:6#2	19	20	9	但12:9	-	bare
太24:6#2	21	24	6～7	但12:6	-	bare
太24:6#2	39	42	6～9	太24:6	-	bare
太24:6#2	43	46	14節	太24:14	-	bare
太24:6#2	102	105	14節	太24:14	-	bare
太24:6#2	108	111	15節	太24:15	-	bare
太24:6#2	120	122	21	太24:21	-	bare
太24:7#2	28	33	啟六5～6	啟6:5	-	book
太24:7#3	37	41	啟六12	啟6:12	-	book
太24:7#3	42	44	八5	啟8:5	-	chapter
太24:7#3	45	49	十一13	啟11:13	-	chapter
太24:7#3	50	52	19	啟11:19	-	bare
太24:7#3	53	57	十六18	啟16:18	-	chapter
太24:8#1	36	40	加三26	加3:26	-	book
太24:8#1	41	45	來二10	來2:10	-	book
太24:8#1	75	78	6～9	太24:6	-	bare
太24:8#1	79	82	21節	太24:21	-	bare
太24:8#1	119	123	啟十二2	啟12:2	-	book
太24:8#1	166	168	14	太24:14	-	bare
太24:8#1	234	238	加四19	加4:19	-	book
太24:8#1	239	243	啟十二2	啟12:2	-	book
太24:8#1	244	245	5	啟12:5	-	bare
太24:9#1	29	33	二三34	太23:34	-	chapter
太24:13#1	1	6	十22註1	太10:22	1	chapter
太24:14#1	15	20	徒二十24	徒20:24	-	book
太24:14#1	44	47	啟一9	啟1:9	-	book
太24:14#1	120	125	啟六1～2	啟6:1	-	book
太24:14#4	1	4	6註2	太24:6	2	bare
太24:15#1	1	6	4～14節	太24:4	-	bare
太24:15#1	27	33	15～31節	太24:15	-	bare
太24:15#1	72	76	但九27	但9:27	-	book
太24:15#1	111	113	15	太24:15	-	bare
太24:15#1	127	129	30	太24:30	-	bare
太24:15#2	44	48	啟九11	啟9:11	-	book
太24:15#2	57	61	但八13	但8:13	-	book
太24:15#2	62	67	23～25	但8:23	-	bare
太24:15#2	68	71	九27	但9:27	-	chapter
太24:15#3	11	16	申二九17	申29:17	-	book
太24:15#3	34	36	21	太24:21	-	bare
太24:15#3	53	61	啟十三14～15	啟13:14	-	book
太24:15#3	62	66	帖後二4	帖後2:4	-	book
太24:15#4	15	20	詩六八35	詩68:35	-	book
太24:15#4	21	25	結七24	結7:24	-	book
太24:15#4	26	29	二一2	結21:2	-	chapter
太24:20#2	16	20	徒一12	徒1:12	-	book
太24:20#2	112	116	4～31	太24:4	-	bare
太24:20#2	140	147	32～二五30	太24:32	-	bare
太24:21#1	18	24	啟十一2註4	啟11:2	4	book
太24:21#1	52	56	啟三10	啟3:10	-	book
太24:22#1	11	17	啟十一2註4	啟11:2	4	book
太24:22#2	20	25	羅十一28	羅11:28	-	book
太24:24#1	41	45	帖後二3	帖後2:3	-	book
太24:24#1	46	50	9～10	帖後2:9	-	bare
太24:24#2	0	5	啟十三11	啟13:11	-	book
太24:24#2	21	26	啟十九20	啟19:20	-	book
太24:24#2	44	52	啟十三13～14	啟13:13	-	book
太24:26#1	47	49	三1	太3:1	-	chapter
太24:26#1	50	57	約一19～20	約1:19	-	book
出12:2#1	73	78	約三3～6	約3:3	-	book
出12:2#1	110	113	十三4	出13:4	-	chapter
出12:3#1	77	81	創三21	創3:21	-	book
出12:3#1	83	87	創三21	創3:21	-	book
出12:3#1	117	121	林前五7	林前5:7	-	book
出12:3#1	136	140	約一29	約1:29	-	book
出12:3#1	157	162	約六4註1	約6:4	1	book
出12:3#1	163	169	林前五7註2	林前5:7	2	book
出12:3#2	1	8	徒十六31註1	徒16:31	1	book
出12:5#1	31	37	來十5～10	來10:5	-	book
出12:5#2	2	10	太二五32～46	太25:32	-	book
出12:5#2	78	83	林後五21	林後5:21	-	book
出12:6#1	17	18	3	出12:3	-	bare
出12:6#1	35	36	5	出12:5	-	bare
出12:6#1	81	85	約八46	約8:46	-	book
出12:6#1	86	90	十八38	約18:38	-	chapter
出12:6#1	91	94	十九4	約19:4	-	chapter
出12:6#1	95	96	6	約19:6	-	bare
出12:6#1	110	116	路二二7～8	路22:7	-	book
出12:6#1	117	122	14～15	路22:14	-	bare
出12:6#1	123	128	約十八28	約18:28	-	book
出12:6#1	131	136	可十1註1	可10:1	1	book
出12:6#1	137	143	十二37註1	可12:37	1	chapter
出12:6#1	144	150	十四12註2	可14:12	2	chapter
出12:6#3	24	31	約十九20註1	約19:20	1	book
出12:7#1	24	29	太二六28	太26:28	-	book
出12:7#1	30	35	約十九34	約19:34	-	book
出12:7#1	36	44	彼前一18～19	彼前1:18	-	book
出12:7#1	89	93	來十19	來10:19	-	book
出12:7#1	126	128	23	出12:23	-	bare
出12:7#2	124	128	22註2	出12:22	2	bare
出12:8#1	152	159	約六51～57	約6:51	-	book
出12:8#1	160	162	63	約6:63	-	bare
出12:8#2	28	32	林前五6	林前5:6	-	book
出12:8#2	33	34	8	林前5:8	-	bare
出12:8#2	58	62	15註1	出12:15	1	bare
出12:9#1	128	132	來十29	來10:29	-	book
出12:9#2	109	113	約六57	約6:57	-	book
出12:9#2	114	119	林前一24	林前1:24	-	book
出12:9#2	120	125	啟十四4下	啟14:4	-	book
出12:9#2	126	129	腓一8	腓1:8	-	book
出12:11#1	24	26	17	出12:17	-	bare
出12:11#1	27	29	41	出12:41	-	bare
出12:11#1	30	32	51	出12:51	-	bare
出12:11#1	55	60	弗六14上	弗6:14	-	book
出12:11#1	61	63	15	弗6:15	-	bare
出12:11#1	93	97	十三18	出13:18	-	chapter
出12:11#2	22	24	13	出12:13	-	bare
出12:11#2	40	44	約一29	約1:29	-	book
出12:12#1	31	38	林前十五45上	林前15:45	-	book
出12:12#1	58	65	林前十五22上	林前15:22	-	book
出12:12#1	91	97	約壹二2註3	約壹2:2	3	book
出12:12#1	99	103	22註2	約壹2:22	2	bare
出12:12#1	152	158	林前五6～8	林前5:6	-	book
出12:12#1	159	163	弗四22	弗4:22	-	book
出12:12#2	60	65	林前十20	林前10:20	-	book
出12:12#2	136	141	約十二31	約12:31	-	book
出12:12#2	142	146	西二15	西2:15	-	book
出12:12#2	147	151	來二14	來2:14	-	book
出12:14#2	55	59	8～11	出12:8	-	bare
出12:14#2	60	65	路二二11	路22:11	-	book
出12:14#2	66	68	15	路22:15	-	bare
出12:14#2	87	91	約六57	約6:57	-	book
太24:27#1	62	67	29～30	太24:29	-	bare
太24:27#1	69	72	43節	太24:43	-	bare
太24:27#1	114	117	啟十1	啟10:1	-	book
太24:27#1	158	161	3註3	太24:3	3	bare
太24:27#2	1	4	3註3	太24:3	3	bare
太24:28#1	6	8	15	太24:15	-	bare
太24:28#1	9	12	21節	太24:21	-	bare
太24:28#1	58	64	林前十五22	林前15:22	-	book
太24:28#1	97	105	啟十九17～21	啟19:17	-	book
太24:28#1	143	147	出十九4	出19:4	-	book
太24:28#1	148	153	申三二11	申32:11	-	book
太24:28#1	154	159	賽四十31	賽40:31	-	book
太24:28#1	178	183	申二八49	申28:49	-	book
太24:28#1	184	187	何八1	何8:1	-	book
太24:29#1	22	24	21	太24:21	-	bare
太24:29#2	32	38	啟六12註2	啟6:12	2	book
太24:29#2	53	60	啟六12～13	啟6:12	-	book
太24:29#2	61	64	八12	啟8:12	-	chapter
太24:30#1	44	47	27節	太24:27	-	bare
太24:30#2	47	55	亞十二10～14	亞12:10	-	book
太24:30#2	56	59	啟一7	啟1:7	-	book
太24:30#4	23	26	可六7	可6:7	-	book
太24:30#4	27	32	太八8～9	太8:8	-	book
太24:30#5	35	40	啟十1註2	啟10:1	2	book
太24:30#5	41	47	十四14註1	啟14:14	1	chapter
太24:31#2	38	42	二三37	太23:37	-	chapter
太24:32#1	7	14	32～二五30	太24:32	-	bare
太24:32#2	12	16	二一19	太21:19	-	chapter
太24:32#2	22	26	二一19	太21:19	-	chapter
太24:32#5	11	15	二一19	太21:19	-	chapter
太24:32#5	24	28	7～21	太24:7	-	bare
太24:32#5	43	51	路二一30～31	路21:30	-	book
太24:33#1	7	12	7～32節	太24:7	-	bare
太24:33#2	10	13	32節	太24:32	-	bare
太24:33#2	28	31	徒一6	徒1:6	-	book
太24:34#1	21	24	一17	太1:17	-	chapter
太24:34#1	44	48	十一16	太11:16	-	chapter
太24:34#1	49	53	十二39	太12:39	-	chapter
太24:34#1	54	59	41～42	太12:41	-	bare
太24:34#1	60	62	45	太12:45	-	bare
太24:34#1	68	76	箴三十11～14	箴30:11	-	book
太24:36#1	6	8	37	太24:37	-	bare
太24:41#2	1	5	40註3	太24:40	3	bare
太24:41#3	1	5	40註4	太24:40	4	bare
太24:42#1	19	25	40～41節	太24:40	-	bare
太24:43#2	60	62	42	太24:42	-	bare
太24:45#1	30	32	42	太24:42	-	bare
太24:45#1	47	49	47	太24:47	-	bare
太24:45#2	8	12	弗二19	弗2:19	-	book
太24:45#2	19	24	提前三15	提前3:15	-	book
太24:48#1	23	25	45	太24:45	-	bare
太24:51#1	65	67	45	太24:45	-	bare
太24:51#1	68	72	二五21	太25:21	-	chapter
太24:51#1	73	75	23	太25:23	-	bare
太24:51#1	86	93	二五14～30	太25:14	-	chapter
太24:51#1	115	121	45～51節	太24:45	-	bare
太24:51#2	1	5	六2註2	太6:2	2	chapter
太24:51#3	18	25	來十二28註1	來12:28	1	book
太24:51#5	1	6	八12註4	太8:12	4	chapter
出12:15#1	16	20	8與註2	出12:8	2	bare
出12:15#1	115	117	19	出12:19	-	bare
出12:15#1	133	136	十三7	出13:7	-	chapter
出12:15#1	187	191	來十二1	來12:1	-	book
出12:15#1	207	213	林前五7～8	林前5:7	-	book
出12:15#1	242	244	19	出12:19	-	bare
出12:15#1	245	250	林前五13	林前5:13	-	book
出12:15#2	16	17	2	出12:2	-	bare
出12:15#2	18	19	6	出12:6	-	bare
出12:15#2	43	48	15～20	出12:15	-	bare
出12:15#2	49	54	十三6～7	出13:6	-	chapter
出12:15#2	57	64	太二六17註1	太26:17	1	book
出12:15#2	65	71	林前五8註1	林前5:8	1	book
出12:16#1	38	42	羅三20	羅3:20	-	book
出12:22#1	12	17	王上四33	王上4:33	-	book
出12:22#1	43	48	太十七20	太17:20	-	book
出12:22#2	29	31	13	出12:13	-	bare
出12:22#2	32	37	22～23	出12:22	-	bare
出12:22#2	86	89	弗一7	弗1:7	-	book
出12:22#2	90	95	林前一30	林前1:30	-	book
出12:22#2	96	100	約十五4	約15:4	-	book
出12:22#2	102	105	加五2	加5:2	-	book
出12:22#2	106	107	4	加5:4	-	bare
出12:22#2	134	140	創三21註2	創3:21	2	book
出12:22#2	141	146	六14註3	創6:14	3	chapter
出12:22#2	147	152	八18註1	創8:18	1	chapter
出12:29#1	33	37	12註1	出12:12	1	bare
出12:29#1	85	92	羅九14～24	羅9:14	-	book
出12:29#1	109	112	十一1	出11:1	-	chapter
出12:29#1	113	120	十二21～30	出12:21	-	chapter
出12:29#1	121	123	33	出12:33	-	bare
出12:33#1	32	35	十三3	出13:3	-	chapter
出12:33#1	36	38	14	出13:14	-	bare
出12:33#1	56	58	39	出12:39	-	bare
出12:33#1	59	62	十一1	出11:1	-	chapter
出12:34#1	28	30	34	出12:34	-	bare
出12:34#1	31	33	39	出12:39	-	bare
出12:34#1	59	62	8註2	出12:8	2	bare
出12:36#1	42	44	35	出12:35	-	bare
出12:36#1	67	72	二五2～8	出25:2	-	chapter
出12:36#1	73	78	三五4～9	出35:4	-	chapter
出12:40#2	1	7	加三17註2	加3:17	2	book
出12:42#1	78	87	羅十三11～13上	羅13:11	-	book
出12:42#1	88	94	帖前五5～7	帖前5:5	-	book
出12:43#1	25	27	45	出12:45	-	bare
出12:43#1	51	56	羅四4～5	羅4:4	-	book
出12:43#1	57	60	4註1	羅4:4	1	bare
出12:43#1	70	72	44	出12:44	-	bare
出12:43#1	90	96	羅一1與註3	羅1:1	3	book
出12:43#1	112	114	44	出12:44	-	bare
出12:43#1	115	117	48	出12:48	-	bare
出12:43#1	139	142	腓三3	腓3:3	-	book
出12:43#1	143	147	西二11	西2:11	-	book
出12:46#1	20	25	約十九33	約19:33	-	book
出12:46#1	26	28	36	約19:36	-	bare
出12:46#1	71	77	創二21註2	創2:21	2	book
出12:46#1	78	85	約十九36註2	約19:36	2	book
出12:51#1	20	24	十三18	出13:18	-	chapter
出12:51#1	53	60	弗六10～20	弗6:10	-	book
太25:1#1	1	5	五3註4	太5:3	4	chapter
太25:1#1	6	11	十三3註1	太13:3	1	chapter
太25:1#1	12	16	24註1	太13:24	1	bare
太25:1#2	10	16	創四二3～4	創42:3	-	book
太25:1#2	17	26	王上十一30～31	王上11:30	-	book
太25:1#2	27	32	太二十24	太20:24	-	book
太25:1#2	61	68	二四40～41	太24:40	-	chapter
太25:1#3	13	18	林後十一2	林後11:2	-	book
太25:1#4	9	14	箴二十27	箴20:27	-	book
太25:1#4	27	31	羅八16	羅8:16	-	book
太25:1#4	80	86	五14～16	太5:14	-	chapter
太25:1#4	87	94	腓二15～16	腓2:15	-	book
太25:1#6	21	25	約三29	約3:29	-	book
太25:1#6	26	30	太九15	太9:15	-	book
太25:3#1	7	11	賽六一1	賽61:1	-	book
太25:3#1	12	15	來一9	來1:9	-	book
太25:4#1	11	15	羅九21	羅9:21	-	book
太25:4#1	16	21	23～24	羅9:23	-	bare
太25:4#1	98	101	羅八9	羅8:9	-	book
太25:4#1	102	104	16	羅8:16	-	bare
太25:5#1	9	13	徒九37	徒9:37	-	book
太25:5#1	14	20	林前十一30	林前11:30	-	book
太25:5#2	9	17	帖前四13～16	帖前4:13	-	book
太25:5#2	18	26	約十一11～13	約11:11	-	book
太25:6#2	13	18	帖前四16	帖前4:16	-	book
太25:6#3	3	5	1節	太25:1	-	bare
太25:6#3	9	11	1節	太25:1	-	bare
太25:7#1	12	17	帖前四14	帖前4:14	-	book
太25:7#1	21	26	帖前四16	帖前4:16	-	book
太25:7#1	27	33	林前十五52	林前15:52	-	book
太25:9#2	35	41	啟十一3～4	啟11:3	-	book
太25:9#2	44	51	亞四11～14	亞4:11	-	book
太25:10#1	10	15	帖前四16	帖前4:16	-	book
太25:10#2	16	23	啟十九9與註1	啟19:9	1	book
太25:10#3	9	13	二四44	太24:44	-	chapter
太25:10#4	32	37	帖前四17	帖前4:17	-	book
太25:10#5	9	13	啟十九9	啟19:9	-	book
太25:10#5	40	45	帖前四17	帖前4:17	-	book
太25:12#1	18	23	路十三25	路13:25	-	book
太25:13#1	3	7	二四42	太24:42	-	chapter
太25:13#1	12	17	1～13節	太25:1	-	bare
太25:13#1	18	25	二四40～44	太24:40	-	chapter
太25:13#1	39	46	二四40～44	太24:40	-	chapter
太25:13#1	65	70	1～13節	太25:1	-	bare
出13:2#1	34	35	2	出13:2	-	bare
出13:2#1	36	41	12～13	出13:12	-	bare
出13:2#1	57	64	十二12～13	出12:12	-	chapter
出13:2#1	114	118	羅六19	羅6:19	-	book
出13:2#1	119	121	22	羅6:22	-	bare
出13:2#1	122	126	19註2	羅6:19	2	bare
出13:3#1	1	7	十二33註1	出12:33	1	chapter
出13:4#1	56	59	6～7	出13:6	-	bare
出13:4#1	61	67	十二15註1	出12:15	1	chapter
出13:9#2	18	19	2	出13:2	-	bare
出13:9#2	30	31	4	出13:4	-	bare
出13:9#2	47	50	6～7	出13:6	-	bare
出13:13#1	38	45	十二12～13	出12:12	-	chapter
出13:13#1	108	114	利十一1～8	利11:1	-	book
出13:13#1	115	120	十二1～8	利12:1	-	chapter
出13:13#1	184	190	彼前三18上	彼前3:18	-	book
出13:13#1	191	195	加二20	加2:20	-	book
出13:17#1	19	26	十二21～27	出12:21	-	chapter
出13:17#1	83	84	2	出13:2	-	bare
出13:17#1	100	103	4～7	出13:4	-	bare
出13:17#1	113	115	19	出13:19	-	bare
出13:18#1	29	31	17	出13:17	-	bare
出13:18#1	66	71	十四2～3	出14:2	-	chapter
出13:19#1	22	29	創二21與註2	創2:21	2	book
出13:19#1	30	35	約十九33	約19:33	-	book
出13:19#1	36	38	36	約19:36	-	bare
出13:19#1	136	140	一6註1	出1:6	1	chapter
出13:19#1	174	175	2	出13:2	-	bare
出13:19#1	193	196	4～7	出13:4	-	bare
出13:21#1	11	17	林前十1～2	林前10:1	-	book
出13:21#1	18	21	1註4	林前10:1	4	bare
出13:21#1	22	25	2註1	林前10:2	1	bare
出13:21#1	38	45	詩一一九105	詩119:105	-	book
出13:21#1	93	97	約四24	約4:24	-	book
出13:21#1	98	100	一1	約1:1	-	chapter
出13:21#1	113	117	約六63	約6:63	-	book
出13:21#1	118	122	弗六17	弗6:17	-	book
出14:4#1	1	6	九12註1	出9:12	1	chapter
出14:4#1	90	95	伯一6註3	伯1:6	3	book
出14:19#1	21	23	三2	出3:2	-	chapter
出14:19#1	24	25	4	出3:4	-	bare
出14:19#1	26	29	2註1	出3:2	1	bare
出14:19#1	119	127	約十四17～20	約14:17	-	book
出14:19#1	128	132	十六13	約16:13	-	chapter
出14:19#1	133	138	林後三17	林後3:17	-	book
出14:19#1	139	142	啟五6	啟5:6	-	book
出14:22#1	12	17	來十一29	來11:29	-	book
出14:22#1	20	23	11節	出14:11	-	bare
出14:22#1	34	40	15～16節	出14:15	-	bare
出14:22#1	65	69	羅十17	羅10:17	-	book
出14:22#1	104	111	西二12與註2	西2:12	2	book
出14:22#1	114	118	30註1	出14:30	1	bare
出14:28#1	40	46	羅六3～4上	羅6:3	-	book
出14:28#1	47	52	約十二31	約12:31	-	book
出14:28#1	53	57	來二14	來2:14	-	book
出14:30#1	25	31	林前十1～2	林前10:1	-	book
出14:30#1	32	35	1註4	林前10:1	4	bare
出14:30#1	36	39	2註3	林前10:2	3	bare
出14:30#1	40	47	創七17～23	創7:17	-	book
出14:30#1	48	52	17註1	創7:17	1	bare
出14:30#1	111	118	十五22與註1	出15:22	1	chapter
出14:30#1	186	191	羅六3～5	羅6:3	-	book
出14:30#1	196	203	徒二40～41	徒2:40	-	book
出14:30#1	311	318	十二12～13	出12:12	-	chapter
出14:30#1	398	407	可十六16上與註1	可16:16	1	book
出14:31#1	2	6	林前十2	林前10:2	-	book
出14:31#1	48	53	來三1～6	來3:1	-	book
出14:31#1	92	94	19	出14:19	-	bare
出14:31#1	97	101	二三20	出23:20	-	chapter
出14:31#1	132	138	林前十二13	林前12:13	-	book
出14:31#1	139	144	羅六3～4	羅6:3	-	book
出14:31#1	145	148	3註3	羅6:3	3	bare
出14:31#1	149	152	4註2	羅6:4	2	bare
出14:31#1	174	178	羅八13	羅8:13	-	book
太25:14#3	13	21	林前七22～23	林前7:22	-	book
太25:14#3	22	26	彼後一1	彼後1:1	-	book
太25:14#3	27	30	雅一1	雅1:1	-	book
太25:14#3	31	34	羅一1	羅1:1	-	book
太25:14#4	9	13	弗一18	弗1:18	-	book
太25:14#4	31	35	二四45	太24:45	-	chapter
太25:15#2	27	32	約六7註1	約6:7	1	book
太25:15#2	48	51	3～4	太25:3	-	bare
太25:15#2	71	75	羅十二6	羅12:6	-	book
太25:15#2	76	81	林前十二4	林前12:4	-	book
太25:15#2	82	87	彼前四10	彼前4:10	-	book
太25:15#2	88	92	提後一6	提後1:6	-	book
太25:19#3	26	31	帖前四16	帖前4:16	-	book
太25:19#4	27	32	林後五10	林後5:10	-	book
太25:19#4	33	38	羅十四10	羅14:10	-	book
太25:19#4	74	78	林前四5	林前4:5	-	book
太25:19#4	79	84	太十六27	太16:27	-	book
太25:19#4	85	90	啟二二12	啟22:12	-	book
太25:19#4	91	99	林前三13～15	林前3:13	-	book
太25:19#4	102	108	來十35註1	來10:35	1	book
太25:30#1	1	7	二二13註2	太22:13	2	chapter
太25:30#2	1	6	八12註2	太8:12	2	chapter
太25:30#2	7	13	二二13註2	太22:13	2	chapter
太25:30#3	12	18	14～30節	太25:14	-	bare
太25:30#3	19	26	二四45～51	太24:45	-	chapter
太25:30#3	43	50	二四45～51	太24:45	-	chapter
太25:30#3	74	80	14～30節	太25:14	-	bare
太25:30#5	1	6	八12註4	太8:12	4	chapter
出15:1#1	1	7	啟十五3註1	啟15:3	1	book
出15:2#2	1	6	1～12節	出15:1	-	bare
出15:2#2	21	23	1下	出15:1	-	bare
出15:2#2	68	75	來二14～15	來2:14	-	book
出15:13#1	57	62	二五9註1	出25:9	1	chapter
出15:13#1	82	85	十三4	出13:4	-	chapter
出15:13#1	86	90	四十17	出40:17	-	chapter
出15:13#1	139	146	徒二38～47	徒2:38	-	book
出15:14#1	0	6	14～15節	出15:14	-	bare
出15:14#1	71	78	撒上六1～18	撒上6:1	-	book
出15:14#1	79	82	4註1	撒上6:4	1	bare
出15:14#1	94	98	創三六1	創36:1	-	book
出15:14#1	126	133	羅九10～13	羅9:10	-	book
出15:14#1	164	172	創十九30～38	創19:30	-	book
出15:14#1	191	195	弗六12	弗6:12	-	book
出15:14#1	272	274	13	出15:13	-	bare
出15:14#1	275	277	17	出15:17	-	bare
出15:14#1	297	305	啟二一2～二二5	啟21:2	-	book
出15:18#1	43	48	提前三15	提前3:15	-	book
出15:18#1	49	54	羅十四17	羅14:17	-	book
出15:18#1	68	72	弗二19	弗2:19	-	book
出15:18#1	73	81	太十六18～19	太16:18	-	book
出15:18#1	86	91	1～18節	出15:1	-	bare
出15:22#1	8	13	太十六21	太16:21	-	book
出15:22#1	14	18	徒十40	徒10:40	-	book
出15:22#1	19	24	林前十五4	林前15:4	-	book
出15:22#1	61	66	民十四33	民14:33	-	book
出15:22#1	137	142	羅六3～5	羅6:3	-	book
出15:22#1	145	151	十四30註1	出14:30	1	chapter
出15:22#1	152	158	創七17註1	創7:17	1	book
出15:25#1	26	31	彼前二24	彼前2:24	-	book
出15:25#1	104	108	腓三10	腓3:10	-	book
出15:26#2	32	36	太九12	太9:12	-	book
出15:26#2	59	63	23註1	出15:23	1	bare
出15:26#2	88	90	24	出15:24	-	bare
出15:26#2	144	150	賽五三4註2	賽53:4	2	book
出15:26#2	151	157	太八17註1	太8:17	1	book
出15:26#2	158	165	彼前二24註8	彼前2:24	8	book
出15:27#2	96	100	約四10	約4:10	-	book
出15:27#2	101	103	14	約4:14	-	bare
出15:27#2	104	110	七37～39	約7:37	-	chapter
出15:27#2	111	115	啟二二1	啟22:1	-	book
出15:27#2	127	132	詩九二12	詩92:12	-	book
出15:27#2	142	147	利二三40	利23:40	-	book
出15:27#2	148	152	尼八15	尼8:15	-	book
出15:27#2	162	167	約十二13	約12:13	-	book
出15:27#2	168	171	啟七9	啟7:9	-	book
出15:27#2	211	218	啟二一12註2	啟21:12	2	book
出15:27#2	219	223	13註1	啟21:13	1	bare
出15:27#2	224	229	二二2註4	啟22:2	4	chapter
出15:27#2	258	264	啟二29註1	啟2:29	1	book
出15:27#2	277	283	啟二10註2	啟2:10	2	book
出15:27#2	474	477	二四1	出24:1	-	chapter
出15:27#2	478	479	4	出24:4	-	bare
出15:27#2	480	483	路九1	路9:1	-	book
出15:27#2	484	486	十1	路10:1	-	chapter
太25:31#1	6	12	31～46節	太25:31	-	bare
太25:31#2	23	27	十三41	太13:41	-	chapter
太25:31#3	14	19	約十七22	約17:22	-	book
太25:31#3	20	22	24	約17:24	-	bare
太25:31#3	31	35	詩四五3	詩45:3	-	book
太25:31#3	43	47	約七39	約7:39	-	book
太25:31#3	48	55	徒三13～15	徒3:13	-	book
太25:31#3	65	68	來二9	來2:9	-	book
太25:31#4	13	19	二四27註1	太24:27	1	chapter
太25:31#4	20	24	37註1	太24:37	1	bare
太25:31#4	27	31	二四30	太24:30	-	chapter
太25:31#5	9	16	路一32～33	路1:32	-	book
太25:31#5	28	32	十九28	太19:28	-	chapter
太25:31#5	33	37	耶三17	耶3:17	-	book
太25:32#1	26	31	啟十六14	啟16:14	-	book
太25:32#1	32	34	16	啟16:16	-	bare
太25:32#1	35	42	十九11～15	啟19:11	-	chapter
太25:32#1	43	48	19～21	啟19:19	-	bare
太25:32#1	110	114	徒十42	徒10:42	-	book
太25:32#1	115	119	提後四1	提後4:1	-	book
太25:32#1	147	155	啟二十11～15	啟20:11	-	book
太25:32#1	179	184	19～30	太25:19	-	bare
太25:32#2	11	15	約十11	約10:11	-	book
太25:32#2	16	21	來十三20	來13:20	-	book
太25:32#2	32	36	詩八十1	詩80:1	-	book
太25:32#2	37	42	耶三一10	耶31:10	-	book
太25:32#2	56	63	詩一○○1～3	詩100:1	-	book
太25:33#1	8	13	王上二19	王上2:19	-	book
太25:33#1	14	18	詩四五9	詩45:9	-	book
太25:34#1	43	50	啟二26～27	啟2:26	-	book
太25:34#1	51	54	十二5	啟12:5	-	chapter
太25:34#1	55	60	二十4～6	啟20:4	-	chapter
太25:34#1	77	84	亞八20～23	亞8:20	-	book
太25:34#1	138	145	創一28～30	創1:28	-	book
太25:34#1	191	199	賽六十10～12	賽60:10	-	book
太25:34#1	200	208	亞十四16～18	亞14:16	-	book
太25:34#1	223	232	林前十五50～52	林前15:50	-	book
太25:34#1	261	264	五20	太5:20	-	chapter
太25:34#1	265	268	七21	太7:21	-	chapter
太25:34#2	62	67	弗一3～4	弗1:3	-	book
太25:35#1	0	6	35～39節	太25:35	-	bare
太25:35#1	22	26	二四21	太24:21	-	chapter
太25:35#1	42	49	啟三10與註2	啟3:10	2	book
太25:40#1	26	32	啟十三6～7	啟13:6	-	book
太25:40#1	33	36	二十4	啟20:4	-	chapter
太25:40#2	23	30	啟十五2與註2	啟15:2	2	book
太25:40#3	14	21	十二49～50	太12:49	-	chapter
太25:40#4	15	18	徒九4	徒9:4	-	book
太25:41#2	7	15	啟二十14～15	啟20:14	-	book
太25:41#2	32	37	啟十九20	啟19:20	-	book
太25:41#2	50	55	啟二十10	啟20:10	-	book
太25:41#2	56	58	15	啟20:15	-	bare
太25:41#2	73	78	啟十四10	啟14:10	-	book
太25:46#1	10	12	41	太25:41	-	bare
太25:46#2	35	41	啟十四6～7	啟14:6	-	book
太25:46#2	47	56	本書十三47～50	太13:47	-	anaphor
太25:46#2	148	150	34	太25:34	-	bare
太25:46#2	167	169	41	太25:41	-	bare
太25:46#3	6	11	徒二十24	徒20:24	-	book
太25:46#3	27	34	約三15～16	約3:15	-	book
太26:2#1	13	17	林前五7	林前5:7	-	book
太26:2#1	114	120	出十二3～6	出12:3	-	book
太26:2#1	143	147	約十二1	約12:1	-	book
太26:2#1	165	174	二一23～二二46	太21:23	-	chapter
太26:2#1	214	221	可十二37註1	可12:37	1	book
太26:5#1	20	24	二七15	太27:15	-	chapter
太26:6#1	10	15	八2與註1	太8:2	1	chapter
太26:6#1	57	58	7	太26:7	-	bare
太26:12#1	1	5	十六21	太16:21	-	chapter
太26:12#1	6	13	十七22～23	太17:22	-	chapter
太26:12#1	14	21	二十18～19	太20:18	-	chapter
太26:12#1	22	25	二六2	太26:2	-	chapter
太26:13#1	63	70	林前十五1～4	林前15:1	-	book
出16:2#1	27	31	腓二14	腓2:14	-	book
出16:2#1	54	58	十五27	出15:27	-	chapter
出16:2#1	142	147	13～15	出16:13	-	bare
出16:2#1	212	215	4註1	出16:4	1	bare
出16:2#1	216	220	15註1	出16:15	1	bare
出16:3#1	117	123	民十一4～5	民11:4	-	book
出16:3#1	145	153	彼前一18與註1	彼前1:18	1	book
出16:4#1	7	9	15	出16:15	-	bare
出16:4#1	10	12	31	出16:31	-	bare
出16:4#1	32	39	約六31～35	約6:31	-	book
出16:4#1	148	150	35	出16:35	-	bare
出16:4#1	151	155	民十一6	民11:6	-	book
出16:4#1	274	282	林前三16～17	林前3:16	-	book
出16:4#1	283	286	六19	林前6:19	-	chapter
出16:4#1	287	292	林後六16	林後6:16	-	book
出16:4#1	293	298	提前三15	提前3:15	-	book
出16:4#1	299	302	來三6	來3:6	-	book
出16:4#1	303	309	啟二一2～3	啟21:2	-	book
出16:4#2	20	23	4～5	出16:4	-	bare
出16:4#2	24	29	16～30	出16:16	-	bare
出16:4#2	87	90	13上	出16:13	-	bare
出16:4#2	91	100	民十一31～33上	民11:31	-	book
出16:13#1	7	12	民十一31	民11:31	-	book
出16:13#1	23	25	12	出16:12	-	bare
出16:13#1	27	32	民十一18	民11:18	-	book
出16:13#1	33	35	32	民11:32	-	bare
出16:13#1	60	68	民十一19～20	民11:19	-	book
出16:13#1	69	74	33～34	民11:33	-	bare
出16:13#1	115	116	4	出16:4	-	bare
出16:13#2	52	54	14	出16:14	-	bare
出16:13#2	55	59	民十一9	民11:9	-	book
出16:13#2	86	91	詩一三三3	詩133:3	-	book
出16:13#2	92	97	箴十九12	箴19:12	-	book
出16:13#2	98	105	哀三22～23	哀3:22	-	book
出16:15#1	52	59	約六31～35	約6:31	-	book
出16:15#1	60	65	48～51	約6:48	-	bare
出16:15#1	66	71	57～58	約6:57	-	bare
出16:15#1	123	127	民十一6	民11:6	-	book
出16:15#1	128	132	約六57	約6:57	-	book
出16:15#1	181	185	約六63	約6:63	-	book
出16:15#1	205	206	4	出16:4	-	bare
出16:15#1	292	298	林前十五45	林前15:45	-	book
出16:15#1	316	324	路二四36～43	路24:36	-	book
出16:19#1	17	19	21	出16:21	-	bare
出16:19#1	63	67	太六34	太6:34	-	book
出16:20#1	27	29	21	出16:21	-	bare
出16:20#1	63	68	22～24	出16:22	-	bare
出16:20#1	69	74	32～34	出16:32	-	bare
出16:31#1	30	32	14	出16:14	-	bare
出16:31#1	63	65	14	出16:14	-	bare
出16:31#1	101	103	31	出16:31	-	bare
出16:31#1	126	128	14	出16:14	-	bare
出16:31#1	172	174	31	出16:31	-	bare
出16:31#1	222	226	民十一8	民11:8	-	book
出16:31#1	279	283	民十一7	民11:7	-	book
出16:31#1	305	309	民十一8	民11:8	-	book
出16:31#1	336	338	31	出16:31	-	bare
出16:31#1	357	361	民十一8	民11:8	-	book
出16:32#1	40	42	33	出16:33	-	bare
出16:32#1	96	101	16～18	出16:16	-	bare
出16:33#1	2	7	來九3～4	來9:3	-	book
出16:33#1	96	100	彼後一4	彼後1:4	-	book
出16:33#1	169	174	提後四22	提後4:22	-	book
出16:33#1	193	199	來十19註1	來10:19	1	book
出16:33#1	276	281	提後四22	提後4:22	-	book
出16:33#1	282	286	弗二22	弗2:22	-	book
出16:33#1	290	294	啟二17	啟2:17	-	book
出16:33#1	331	337	啟二17註2	啟2:17	2	book
出16:34#1	14	17	來九4	來9:4	-	book
出16:34#1	44	47	三四1	出34:1	-	chapter
出16:34#1	48	50	29	出34:29	-	bare
出16:34#1	51	55	二五21	出25:21	-	chapter
出16:34#1	56	60	四十20	出40:20	-	chapter
出16:34#1	73	78	二十1註1	出20:1	1	chapter
出16:34#1	180	183	羅八4	羅8:4	-	book
出16:35#1	1	7	書五12註1	書5:12	1	book
太26:15#1	20	25	出二一32	出21:32	-	book
太26:17#1	9	13	利二三6	利23:6	-	book
太26:17#1	22	26	路二二1	路22:1	-	book
太26:17#1	27	31	可十四1	可14:1	-	book
太26:17#1	50	54	出十二6	出12:6	-	book
太26:17#1	55	57	11	出12:11	-	bare
太26:17#1	58	63	15～20	出12:15	-	bare
太26:17#1	64	68	利二三5	利23:5	-	book
太26:26#1	15	20	20～25	太26:20	-	bare
太26:26#1	21	29	路二二14～18	路22:14	-	book
太26:26#1	46	51	26～28	太26:26	-	bare
太26:26#1	52	60	路二二19～20	路22:19	-	book
太26:26#1	61	70	林前十一23～26	林前11:23	-	book
太26:26#1	104	108	林前五7	林前5:7	-	book
太26:26#1	125	127	17	太26:17	-	bare
太26:26#1	128	132	林前五8	林前5:8	-	book
太26:26#2	66	72	林前十二27	林前12:27	-	book
太26:26#2	93	98	林前十17	林前10:17	-	book
太26:26#2	123	128	林前十16	林前10:16	-	book
太26:27#1	39	44	林前十21	林前10:21	-	book
太26:27#1	80	85	林前十16	林前10:16	-	book
太26:27#1	112	116	詩十六5	詩16:5	-	book
太26:27#1	136	141	啟十四10	啟14:10	-	book
太26:27#1	157	162	約十八11	約18:11	-	book
太26:27#1	181	187	詩一一六13	詩116:13	-	book
太26:27#1	195	199	詩二三5	詩23:5	-	book
太26:27#1	221	226	林前十16	林前10:16	-	book
太26:28#1	83	88	路二二20	路22:20	-	book
太26:28#2	13	15	29	太26:29	-	bare
太26:28#2	64	68	來九22	來9:22	-	book
太26:49#1	21	24	二八9	太28:9	-	chapter
太26:51#1	7	12	約十八10	約18:10	-	book
太26:51#1	13	15	26	約18:26	-	bare
出17:1#2	85	91	創二9～10	創2:9	-	book
出17:1#2	92	96	出十六4	出16:4	-	book
出17:1#2	97	102	14～15	出16:14	-	bare
出17:1#2	103	106	十七6	出17:6	-	chapter
出17:1#2	108	115	約六31～35	約6:31	-	book
出17:1#2	116	122	七37～39	約7:37	-	chapter
出17:1#2	151	156	耶十五16	耶15:16	-	book
出17:1#2	157	160	太四4	太4:4	-	book
出17:1#2	161	165	約六63	約6:63	-	book
出17:1#2	212	218	啟二二1～2	啟22:1	-	book
出17:2#1	30	35	詩一○三7	詩103:7	-	book
出17:2#1	62	65	2～3	出17:2	-	bare
出17:2#1	66	67	7	出17:7	-	bare
出17:4#1	46	49	7註1	出17:7	1	bare
出17:6#1	5	9	林前十4	林前10:4	-	book
出17:6#1	51	58	民二十8～11	民20:8	-	book
出17:6#1	61	67	林前十4註2	林前10:4	2	book
出17:6#2	34	35	5	出17:5	-	bare
出17:6#2	96	104	加二19～20上	加2:19	-	book
出17:6#2	105	108	三13	加3:13	-	chapter
出17:6#3	20	27	約七37～39	約7:37	-	book
出17:6#3	90	95	約十九34	約19:34	-	book
出17:6#3	136	142	林前十五45	林前15:45	-	book
出17:6#3	144	150	約七39註1	約7:39	1	book
出17:6#3	175	179	啟二二1	啟22:1	-	book
出17:6#3	242	246	約四10	約4:10	-	book
出17:6#3	247	249	14	約4:14	-	bare
出17:6#3	250	254	十九34	約19:34	-	chapter
出17:6#3	285	291	啟二二1～2	啟22:1	-	book
出17:6#3	329	333	約七38	約7:38	-	book
出17:6#3	359	365	林前十二13	林前12:13	-	book
出17:6#3	377	381	啟十九7	啟19:7	-	book
出17:6#3	399	406	啟二一9～10	啟21:9	-	book
出17:6#3	408	412	弗五23	弗5:23	-	book
出17:6#3	413	418	28～30	弗5:28	-	bare
出17:6#3	444	450	林前十二13	林前12:13	-	book
出17:6#3	459	463	約七37	約7:37	-	book
出17:6#3	464	468	啟二一6	啟21:6	-	book
出17:6#3	484	488	約七37	約7:37	-	book
出17:6#3	489	494	啟二二17	啟22:17	-	book
出17:6#3	500	504	約四10	約4:10	-	book
出17:6#3	511	515	約七38	約7:38	-	book
出17:6#3	525	531	賽十二3～4	賽12:3	-	book
出17:6#3	532	536	徒二21	徒2:21	-	book
出17:7#1	21	25	詩八一7	詩81:7	-	book
出17:7#1	47	48	2	出17:2	-	bare
出17:7#1	49	50	7	出17:7	-	bare
出17:7#1	114	121	民二十2～13	民20:2	-	book
出17:8#1	25	29	加二16	加2:16	-	book
出17:8#1	31	36	加三3註2	加3:3	2	book
出17:8#1	37	42	五19註1	加5:19	1	chapter
出17:8#1	77	81	加五17	加5:17	-	book
出17:8#1	83	88	彼前二11	彼前2:11	-	book
出17:8#1	108	113	創三六12	創36:12	-	book
出17:8#2	26	34	申二五17～18	申25:17	-	book
出17:8#2	35	40	撒上十五2	撒上15:2	-	book
出17:8#2	100	104	加五17	加5:17	-	book
出17:8#2	123	127	加五24	加5:24	-	book
出17:8#2	128	132	羅八13	羅8:13	-	book
出17:8#2	237	242	申八7註1	申8:7	1	book
出17:9#1	26	32	太一21註1	太1:21	1	book
出17:11#1	44	49	羅八34下	羅8:34	-	book
出17:11#1	50	54	來七25	來7:25	-	book
出17:11#1	56	60	提前二8	提前2:8	-	book
出17:11#1	82	88	羅八9～11	羅8:9	-	book
出17:11#1	89	96	加五16～17	加5:16	-	book
出17:11#1	126	129	1～6	出17:1	-	bare
出17:11#1	208	215	羅八13與註2	羅8:13	2	book
出17:11#1	216	223	加五24與註2	加5:24	2	book
出17:12#1	53	57	提前二8	提前2:8	-	book
出17:12#1	92	97	帖前五17	帖前5:17	-	book
出17:12#1	98	101	西四2	西4:2	-	book
出17:12#1	205	210	約十五5下	約15:5	-	book
出17:12#1	218	221	二八1	出28:1	-	chapter
出17:12#1	222	225	來五1	來5:1	-	book
出17:12#1	226	227	4	來5:4	-	bare
出17:12#1	243	246	三一2	出31:2	-	chapter
出17:12#1	255	260	創四九10	創49:10	-	book
出17:12#1	294	298	來十19	來10:19	-	book
出17:12#1	377	382	三一2～5	出31:2	-	chapter
出17:14#2	24	29	羅八7～8	羅8:7	-	book
出17:14#2	60	67	啟二十7～10	啟20:7	-	book
出17:14#2	68	71	8註3	啟20:8	3	bare
出17:15#1	38	42	加五24	加5:24	-	book
出17:15#1	43	46	六14	加6:14	-	chapter
出17:16#1	65	68	羅八7	羅8:7	-	book
出17:16#1	86	93	士三13～15	士3:13	-	book
出17:16#1	94	97	五14	士5:14	-	chapter
出17:16#1	98	100	六3	士6:3	-	chapter
出17:16#1	101	107	七12～14	士7:12	-	chapter
出17:16#1	108	115	撒上十五2～9	撒上15:2	-	book
出17:16#1	116	121	32～33	撒上15:32	-	bare
出17:16#1	122	125	二七8	撒上27:8	-	chapter
出17:16#1	126	132	三十1～17	撒上30:1	-	chapter
出17:16#1	133	138	撒下八12	撒下8:12	-	book
出17:16#1	139	147	代上四42～43	代上4:42	-	book
出17:16#1	148	153	斯三1～6	斯3:1	-	book
出17:16#1	154	159	九7～10	斯9:7	-	chapter
出17:16#1	170	172	14	出17:14	-	bare
出18:1#1	87	94	加五17～25	加5:17	-	book
出18:1#1	153	159	腓三3～10	腓3:3	-	book
出18:1#1	263	269	申一6～18	申1:6	-	book
出18:1#2	11	12	1	出18:1	-	bare
出18:1#2	13	14	5	出18:5	-	bare
出18:1#2	15	20	10～12	出18:10	-	bare
出18:1#2	45	50	賽二2～3	賽2:2	-	book
出18:1#2	51	58	亞八20～23	亞8:20	-	book
出18:2#1	24	30	二13～22	出2:13	-	chapter
出18:2#1	57	65	羅十一11～25	羅11:11	-	book
出18:2#1	67	74	創四一45註2	創41:45	2	book
出18:2#1	108	115	啟二26～27	啟2:26	-	book
出18:2#1	116	119	二十4	啟20:4	-	chapter
出18:2#1	120	121	6	啟20:6	-	bare
出18:13#1	0	6	13～26節	出18:13	-	bare
出18:21#1	14	18	申一15	申1:15	-	book
太26:61#1	8	12	約二19	約2:19	-	book
太26:62#1	33	37	賽五三7	賽53:7	-	book
太26:63#1	1	5	62註1	太26:62	1	bare
太26:63#2	25	27	四3	太4:3	-	chapter
太26:63#2	28	29	6	太4:6	-	bare
太26:64#1	39	44	四4與註2	太4:4	2	chapter
太26:64#1	78	82	徒七56	徒7:56	-	book
太26:74#1	15	17	70	太26:70	-	bare
太26:74#1	32	34	72	太26:72	-	bare
太27:6#1	33	34	1	太27:1	-	bare
太27:9#1	0	5	9～10節	太27:9	-	bare
太27:9#1	28	36	亞十一12～13	亞11:12	-	book
太27:14#1	1	5	12註1	太27:12	1	bare
太27:17#1	24	26	18	太27:18	-	bare
太27:26#1	27	31	賽五三5	賽53:5	-	book
太27:26#1	32	33	8	賽53:8	-	bare
太27:26#2	14	18	利二十2	利20:2	-	book
太27:26#2	19	21	27	利20:27	-	bare
太27:26#2	22	26	二四14	利24:14	-	chapter
太27:26#2	27	32	申十三10	申13:10	-	book
太27:26#2	33	36	十七5	申17:5	-	chapter
太27:26#2	51	55	拉六11	拉6:11	-	book
太27:26#2	90	95	申二一23	申21:23	-	book
太27:26#2	96	100	加三13	加3:13	-	book
太27:26#2	101	107	民二一8～9	民21:8	-	book
太27:26#2	124	128	約三14	約3:14	-	book
太27:26#2	129	132	八28	約8:28	-	chapter
太27:26#2	133	137	十二32	約12:32	-	chapter
太27:26#2	157	164	約十八32註1	約18:32	1	book
出19:3#1	41	48	一1～十四31	出1:1	-	chapter
出19:3#1	56	63	十五1～十七7	出15:1	-	chapter
出19:3#1	71	77	十七8～16	出17:8	-	chapter
出19:3#1	94	100	十八1～27	出18:1	-	chapter
出19:3#1	149	151	三1	出3:1	-	chapter
出19:3#1	152	155	十八5	出18:5	-	chapter
出19:3#1	182	185	3～6	出19:3	-	bare
出19:3#1	186	188	11	出19:11	-	bare
出19:3#1	254	258	三8註1	出3:8	1	chapter
出19:4#1	27	33	林前十五10	林前15:10	-	book
出19:4#1	34	39	林後十二9	林後12:9	-	book
出19:4#1	40	44	弗一19	弗1:19	-	book
出19:4#1	93	98	賽四十31	賽40:31	-	book
出19:4#1	99	102	結一6	結1:6	-	book
出19:4#1	103	107	8～11	結1:8	-	bare
出19:5#1	24	28	多二14	多2:14	-	book
出19:5#1	56	61	二十6註1	出20:6	1	chapter
出19:6#1	31	34	啟一6	啟1:6	-	book
出19:6#1	35	38	五10	啟5:10	-	chapter
出19:6#1	39	43	彼前二9	彼前2:9	-	book
出19:6#1	87	88	5	出19:5	-	bare
出19:8#1	7	10	二四3	出24:3	-	chapter
出19:8#1	11	12	7	出24:7	-	bare
出19:8#1	62	66	太十五8	太15:8	-	book
出19:8#1	144	149	二十2～7	出20:2	-	chapter
出19:8#1	150	155	三二1～6	出32:1	-	chapter
出19:8#1	188	189	9	出19:9	-	bare
出19:8#1	190	195	12～13	出19:12	-	bare
出19:8#1	196	201	16～25	出19:16	-	bare
出19:8#1	202	209	二十18～19	出20:18	-	chapter
出19:8#1	211	216	十九3～6	出19:3	-	chapter
出19:8#1	320	326	創二17註1	創2:17	1	book
出19:8#1	425	432	三四28～29	出34:28	-	chapter
出19:8#1	433	437	29註1	出34:29	1	bare
出19:8#1	546	550	羅八3上	羅8:3	-	book
出19:8#1	551	554	7～8	羅8:7	-	bare
出19:8#1	610	615	二十1註1	出20:1	1	chapter
出19:8#1	632	637	提後三16	提後3:16	-	book
出19:8#1	660	665	申八3註1	申8:3	1	book
出19:8#1	684	688	羅三20	羅3:20	-	book
出19:8#1	689	692	五20	羅5:20	-	chapter
出19:8#1	693	697	七7～8	羅7:7	-	chapter
出19:8#1	698	700	13	羅7:13	-	bare
出19:8#1	708	712	羅三19	羅3:19	-	book
出19:8#1	732	739	加三23～24	加3:23	-	book
出19:8#1	901	904	羅八4	羅8:4	-	book
出19:8#1	905	910	腓一21上	腓1:21	-	book
出19:8#1	953	960	約五39～40	約5:39	-	book
出19:8#1	973	977	羅七10	羅7:10	-	book
出19:8#1	992	999	加三21與註1	加3:21	1	book
出19:8#1	1017	1021	羅七11	羅7:11	-	book
出19:8#1	1022	1028	林後三6～7	林後3:6	-	book
出19:8#1	1029	1030	9	林後3:9	-	bare
出19:8#1	1033	1040	詩一一九2註2	詩119:2	2	book
出19:10#1	18	25	約十七17註2	約17:17	2	book
出19:10#1	50	54	12註1	出19:12	1	bare
出19:11#1	9	14	林前十五4	林前15:4	-	book
出19:11#1	80	85	林後五17	林後5:17	-	book
出19:11#2	31	33	三1	出3:1	-	chapter
出19:11#2	34	36	12	出3:12	-	bare
出19:11#2	37	40	四27	出4:27	-	chapter
出19:11#2	41	44	十八5	出18:5	-	chapter
出19:11#2	45	49	二四13	出24:13	-	chapter
出19:11#2	50	54	民十33	民10:33	-	book
出19:11#2	55	60	王上十九8	王上19:8	-	book
出19:11#2	75	78	四27	出4:27	-	chapter
出19:11#2	79	82	十八5	出18:5	-	chapter
出19:11#2	90	94	二四13	出24:13	-	chapter
出19:11#2	95	100	15～18	出24:15	-	bare
出19:11#2	101	106	王上十九8	王上19:8	-	book
出19:11#2	113	116	三12	出3:12	-	chapter
出19:11#2	129	133	三1～3	出3:1	-	chapter
出19:11#2	134	141	二四12～13	出24:12	-	chapter
出19:11#2	142	149	王上十九8～9	王上19:8	-	book
出19:11#2	160	167	三四28～29	出34:28	-	chapter
出19:11#2	182	184	11	出19:11	-	bare
出19:11#2	185	187	18	出19:18	-	bare
出19:11#2	188	193	20～24	出19:20	-	bare
出19:11#2	194	199	三四2～4	出34:2	-	chapter
出19:11#2	200	207	加四24～25	加4:24	-	book
出19:11#2	233	238	12～13	出19:12	-	bare
出19:11#2	239	244	21～24	出19:21	-	bare
出19:11#2	245	253	來十二18～21	來12:18	-	book
出19:12#1	18	19	4	出19:4	-	bare
出19:12#1	46	48	20	出19:20	-	bare
出19:12#1	50	52	三5	出3:5	-	chapter
出19:12#1	74	79	12～13	出19:12	-	bare
出19:12#1	80	85	21～24	出19:21	-	bare
出19:12#1	133	135	10	出19:10	-	bare
出19:12#1	136	138	14	出19:14	-	bare
出19:12#1	139	141	22	出19:22	-	bare
出19:12#1	143	148	來十二14	來12:14	-	book
出19:12#1	201	208	來十二14註1	來12:14	1	book
出19:12#1	209	215	羅六19註2	羅6:19	2	book
出20:1#1	11	15	三四28	出34:28	-	chapter
出20:1#1	36	40	三四28	出34:28	-	chapter
出20:1#1	55	59	十六34	出16:34	-	chapter
出20:1#1	60	64	三一18	出31:18	-	chapter
出20:1#1	65	69	三二15	出32:15	-	chapter
出20:1#1	70	74	四十20	出40:20	-	chapter
出20:1#1	75	79	詩十九7	詩19:7	-	book
出20:1#1	98	103	約一1註2	約1:1	2	book
出20:1#1	104	109	來一1註1	來1:1	1	book
出20:1#1	133	136	4～6	出20:4	-	bare
出20:1#1	138	143	林後十一2	林後11:2	-	book
出20:1#1	149	153	7～11	出20:7	-	bare
出20:1#1	159	160	6	出20:6	-	bare
出20:1#1	161	166	12～15	出20:12	-	bare
出20:1#1	168	175	羅十三8～10	羅13:8	-	book
出20:1#1	176	180	加五14	加5:14	-	book
出20:1#1	186	187	5	出20:5	-	bare
出20:1#1	193	195	16	出20:16	-	bare
出20:1#1	197	203	約壹一5～6	約壹1:5	-	book
出20:1#1	210	213	2～3	出20:2	-	bare
出20:1#1	214	216	17	出20:17	-	bare
出20:1#1	258	261	約一1	約1:1	-	book
出20:1#1	262	264	18	約1:18	-	bare
出20:1#1	265	270	啟十九13	啟19:13	-	book
出20:1#1	271	273	一5	啟1:5	-	chapter
出20:1#1	274	278	西一15	西1:15	-	book
出20:1#1	379	384	太十六24	太16:24	-	book
出20:1#1	385	389	加二20	加2:20	-	book
出20:1#1	390	398	腓一19～21上	腓1:19	-	book
出20:1#1	399	402	羅八4	羅8:4	-	book
出20:2#1	22	25	2～3	出20:2	-	bare
出20:2#1	26	29	4～6	出20:4	-	bare
出20:2#1	30	31	7	出20:7	-	bare
出20:2#1	32	36	8～11	出20:8	-	bare
出20:2#1	37	39	12	出20:12	-	bare
出20:2#1	50	55	13～17	出20:13	-	bare
出20:2#1	89	93	12註1	出20:12	1	bare
出20:3#1	23	30	三四14～17	出34:14	-	chapter
出20:3#1	32	39	約壹五21註3	約壹5:21	3	book
出20:3#1	42	47	雅四4註1	雅4:4	1	book
出20:3#1	48	51	5註2	雅4:5	2	bare
出20:3#1	71	74	6註1	出20:6	1	bare
出20:6#1	35	38	申六5	申6:5	-	book
出20:6#1	39	47	太二二35～38	太22:35	-	book
出20:6#1	48	56	可十二28～30	可12:28	-	book
出20:6#1	104	107	耶二2	耶2:2	-	book
出20:6#1	108	112	三一32	耶31:32	-	chapter
出20:6#1	114	118	結十六8	結16:8	-	book
出20:6#1	132	137	二四7～8	出24:7	-	chapter
出20:6#1	138	145	三四27～28	出34:27	-	chapter
出20:6#1	175	180	林後十一2	林後11:2	-	book
出20:6#1	240	244	創二24	創2:24	-	book
出20:6#1	245	250	啟二二17	啟22:17	-	book
出20:6#1	277	282	約十四21	約14:21	-	book
出20:6#1	283	285	23	約14:23	-	bare
出20:6#1	318	321	耶二2	耶2:2	-	book
出20:6#1	322	325	三一3	耶31:3	-	chapter
出20:6#1	397	404	創二18～25	創2:18	-	book
出20:6#1	409	414	十九8註1	出19:8	1	chapter
出20:6#1	460	467	創二21～24	創2:21	-	book
出20:6#1	468	473	歌一2～4	歌1:2	-	book
出20:6#1	474	478	賽五四5	賽54:5	-	book
出20:6#1	479	482	六二5	賽62:5	-	chapter
出20:6#1	483	486	耶二2	耶2:2	-	book
出20:6#1	487	489	三1	耶3:1	-	chapter
出20:6#1	490	492	14	耶3:14	-	bare
出20:6#1	493	497	三一32	耶31:32	-	chapter
出20:6#1	498	502	結十六8	結16:8	-	book
出20:6#1	503	506	二三5	結23:5	-	chapter
出20:6#1	507	510	何二7	何2:7	-	book
出20:6#1	511	513	19	何2:19	-	bare
出20:6#1	514	518	太九15	太9:15	-	book
出20:6#1	519	523	約三29	約3:29	-	book
出20:6#1	524	529	林後十一2	林後11:2	-	book
出20:6#1	530	537	弗五25～32	弗5:25	-	book
出20:6#1	538	542	啟十九7	啟19:7	-	book
出20:6#1	543	546	二一2	啟21:2	-	chapter
出20:6#1	547	551	9～10	啟21:9	-	bare
出20:6#1	552	556	二二17	啟22:17	-	chapter
出20:6#1	603	610	創二21～22	創2:21	-	book
出20:6#1	657	664	羅七18～25	羅7:18	-	book
出20:6#2	12	17	詩八四10	詩84:10	-	book
出20:6#2	59	60	5	出20:5	-	bare
出20:8#1	1	7	十六23註1	出16:23	1	chapter
出20:8#1	93	98	創二2註1	創2:2	1	book
出20:12#1	76	83	路三23～38	路3:23	-	book
出20:13#1	10	15	13～17	出20:13	-	bare
出20:13#1	48	51	1註1	出20:1	1	bare
出20:17#1	1	6	羅七7註3	羅7:7	3	book
出20:18#1	1	7	二四13註1	出24:13	1	chapter
出20:22#1	11	16	二五1註1	出25:1	1	chapter
出20:22#1	26	30	2～17	出20:2	-	bare
出20:22#1	50	55	22～26	出20:22	-	bare
出20:22#1	60	68	二一1～二三19	出21:1	-	chapter
出20:22#1	75	80	路一6註4	路1:6	4	book
出20:22#1	82	88	22～26節	出20:22	-	bare
出20:22#2	12	17	來一1～2	來1:1	-	book
出20:22#2	31	38	哈二18～19	哈2:18	-	book
出20:22#2	39	44	林前十二2	林前12:2	-	book
出20:23#1	31	34	徒三6	徒3:6	-	book
出20:23#1	35	40	提前六17	提前6:17	-	book
出20:23#1	57	61	太六24	太6:24	-	book
出20:24#1	2	8	24～26節	出20:24	-	bare
出20:24#1	50	58	林前一17～25	林前1:17	-	book
出20:24#1	89	91	25	出20:25	-	bare
出20:24#2	98	103	來十三10	來13:10	-	book
出20:24#2	118	124	來十5～10	來10:5	-	book
出20:24#2	188	195	約四23～24	約4:23	-	book
出20:24#2	196	200	24註4	約4:24	4	bare
出20:24#3	21	25	二三13	出23:13	-	chapter
出20:24#3	27	34	林前一10註1	林前1:10	1	book
出20:25#1	41	45	詩五一5	詩51:5	-	book
出20:25#1	46	51	林後五21	林後5:21	-	book
出20:25#1	68	73	創四3～5	創4:3	-	book
出20:25#1	74	78	加二16	加2:16	-	book
出20:26#2	17	20	創三7	創3:7	-	book
出20:26#2	39	43	創三21	創3:21	-	book
出20:26#2	44	49	路十五22	路15:22	-	book
出20:26#2	50	55	林前一30	林前1:30	-	book
出20:26#2	56	59	腓三9	腓3:9	-	book
太27:29#1	10	17	創三17～18	創3:17	-	book
太27:29#1	37	41	加三13	加3:13	-	book
太27:31#1	37	43	賽五三7～8	賽53:7	-	book
太27:33#1	11	16	約十九17	約19:17	-	book
太27:33#1	24	29	可十五22	可15:22	-	book
太27:33#1	69	74	路二三33	路23:33	-	book
太27:34#1	14	19	可十五23	可15:23	-	book
太27:35#1	12	17	詩二二18	詩22:18	-	book
太27:38#1	6	11	賽五三9上	賽53:9	-	book
太27:40#1	14	16	四6	太4:6	-	chapter
太27:45#1	39	44	可十五25	可15:25	-	book
太27:45#1	137	142	賽五三10	賽53:10	-	book
太27:45#1	155	157	45	太27:45	-	bare
太27:45#1	202	204	46	太27:46	-	bare
太27:46#1	1	5	45註1	太27:45	1	bare
太27:46#2	23	28	彼前三18	彼前3:18	-	book
太27:46#2	38	43	彼前二24	彼前2:24	-	book
太27:46#2	44	48	賽五三6	賽53:6	-	book
太27:46#2	60	65	林後五21	林後5:21	-	book
太27:48#1	9	14	路二三36	路23:36	-	book
太27:48#1	21	29	約十九28～30	約19:28	-	book
太27:48#1	30	34	30註1	約19:30	1	bare
太27:50#1	10	15	約十九30	約19:30	-	book
太27:50#1	30	35	可十五37	可15:37	-	book
太27:50#1	36	41	路二三46	路23:46	-	book
太27:51#1	28	31	羅八3	羅8:3	-	book
太27:51#1	52	59	來十20與註2	來10:20	2	book
太27:53#1	11	19	利二三10～11	利23:10	-	book
太27:53#1	74	82	本章51～53節	太27:51	-	anaphor
太27:56#1	10	14	十三55	太13:55	-	chapter
太27:57#1	1	8	約十九38註1	約19:38	1	book
太27:60#1	6	11	賽五三9下	賽53:9	-	book
太27:62#1	22	26	二六19	太26:19	-	chapter
太27:62#1	27	32	約十九14	約19:14	-	book
太27:66#1	16	20	但六17	但6:17	-	book
出21:2#1	66	74	太二十26～27	太20:26	-	book
出21:2#1	75	82	二二36～40	太22:36	-	chapter
出21:2#1	83	88	約十四31	約14:31	-	book
出21:2#1	89	96	羅十三8～10	羅13:8	-	book
出21:2#1	97	104	加五13～14	加5:13	-	book
出21:2#1	154	159	腓二5～8	腓2:5	-	book
出21:2#1	160	165	太二十28	太20:28	-	book
出21:2#1	166	169	弗五2	弗5:2	-	book
出21:2#1	170	172	25	弗5:25	-	bare
出21:2#2	23	27	羅七14	羅7:14	-	book
出21:2#2	45	49	約八36	約8:36	-	book
出21:2#2	51	56	來四9註1	來4:9	1	book
出21:5#1	28	33	約十四31	約14:31	-	book
出21:5#1	44	48	弗五25	弗5:25	-	book
出21:5#1	61	66	加二20下	加2:20	-	book
出21:5#1	67	70	弗五2	弗5:2	-	book
出21:5#1	117	125	太二十26～28	太20:26	-	book
出21:5#1	126	129	羅一1	羅1:1	-	book
出21:5#1	130	135	腓二5～8	腓2:5	-	book
出21:5#1	136	140	加五13	加5:13	-	book
出21:5#1	141	144	弗五2	弗5:2	-	book
出21:6#2	46	50	約五30	約5:30	-	book
出21:6#2	51	55	詩四十6	詩40:6	-	book
出21:6#2	56	62	賽五十4～5	賽50:4	-	book
出21:7#1	0	4	7～11	出21:7	-	bare
出21:7#1	5	7	16	出21:16	-	bare
出21:7#1	8	13	33～36	出21:33	-	bare
出21:7#1	14	21	二二21～25	出22:21	-	chapter
出21:7#1	23	28	二三4～5	出23:4	-	chapter
出21:7#1	29	33	9～11	出23:9	-	bare
出21:7#1	51	58	二二28～30	出22:28	-	chapter
出21:7#1	59	66	二三14～19	出23:14	-	chapter
出21:12#1	0	5	12～14	出21:12	-	bare
出21:12#1	6	12	18～32節	出21:18	-	bare
出21:12#1	30	34	二十13	出20:13	-	chapter
出21:13#1	2	6	民三五6	民35:6	-	book
出21:13#1	7	11	9～15	民35:9	-	bare
出21:13#1	34	40	民三五6註1	民35:6	1	book
出21:14#1	38	40	14	出21:14	-	bare
出21:14#1	41	46	二三1～2	出23:1	-	chapter
出21:14#1	47	51	約八44	約8:44	-	book
出21:14#1	52	57	約壹三12	約壹3:12	-	book
出21:15#1	0	2	15	出21:15	-	bare
出21:15#1	3	6	17節	出21:17	-	bare
出21:15#1	25	29	二十12	出20:12	-	chapter
出22:1#1	0	4	1～6節	出22:1	-	bare
出22:1#1	19	23	二十15	出20:15	-	chapter
出22:1#1	74	82	賽十四12～14	賽14:12	-	book
出22:1#1	84	89	林前七17	林前7:17	-	book
出22:1#1	90	95	20～24	林前7:20	-	bare
出22:1#1	96	103	提前六6～10	提前6:6	-	book
出22:8#2	0	5	7～15節	出22:7	-	bare
出22:8#2	18	22	二十17	出20:17	-	chapter
出22:8#2	80	83	羅七8	羅7:8	-	book
出22:8#2	84	86	17	羅7:17	-	bare
出22:8#2	87	89	20	羅7:20	-	bare
出22:8#2	90	92	24	羅7:24	-	bare
出22:16#1	0	5	16～17	出22:16	-	bare
出22:16#1	6	9	19節	出22:19	-	bare
出22:16#1	25	29	二十14	出20:14	-	chapter
出22:16#1	97	100	雅四4	雅4:4	-	book
出22:16#1	101	107	啟十七1～5	啟17:1	-	book
出22:18#1	0	2	18	出22:18	-	bare
出22:18#1	3	5	20	出22:20	-	bare
出22:18#1	6	10	二三13	出23:13	-	chapter
出22:18#1	24	29	二十2～6	出20:2	-	chapter
出22:21#1	15	20	21～27	出22:21	-	bare
出22:21#1	21	24	二三9	出23:9	-	chapter
出22:21#1	95	99	弗二12	弗2:12	-	book
出22:21#1	100	102	19	弗2:19	-	bare
出22:21#1	103	110	太十一5與註6	太11:5	6	book
出22:29#1	52	57	申八7註1	申8:7	1	book
出22:29#1	75	82	太二六36註1	太26:36	1	book
出22:29#1	129	136	林後四7～12	林後4:7	-	book
出22:29#1	137	141	腓二17	腓2:17	-	book
出22:29#1	142	146	提後四6	提後4:6	-	book
出22:29#2	13	15	30	出22:30	-	bare
出22:29#2	66	73	十二12～13	出12:12	-	chapter
出22:29#2	74	77	十三2	出13:2	-	chapter
出22:29#2	81	86	林前六19	林前6:19	-	book
出22:30#1	27	31	太二八1	太28:1	-	book
出22:31#1	53	58	林前一30	林前1:30	-	book
出22:31#1	59	66	羅六19與註2	羅6:19	2	book
出22:31#2	31	37	太七6與註2	太7:6	2	book
出22:31#2	38	44	腓三2與註2	腓3:2	2	book
出22:31#2	80	85	創八7註1	創8:7	1	book
出22:31#2	86	93	利十一31註1	利11:31	1	book
太28:1#1	37	43	約二十1註1	約20:1	1	book
太28:1#2	3	8	路二三54	路23:54	-	book
太28:7#1	37	43	四12～17	太4:12	-	chapter
太28:8#1	11	12	2	太28:2	-	bare
太28:9#1	20	28	約二十14～18	約20:14	-	book
太28:10#1	1	8	約二十17註2	約20:17	2	book
太28:10#2	1	4	7註1	太28:7	1	bare
太28:15#1	43	49	徒二四5～9	徒24:5	-	book
太28:15#1	50	53	二五7	徒25:7	-	chapter
太28:16#1	15	19	五1註1	太5:1	1	chapter
太28:16#1	38	43	十七1註2	太17:1	2	chapter
太28:16#1	64	69	二四3註1	太24:3	1	chapter
太28:19#1	16	18	18	太28:18	-	bare
太28:19#3	173	177	徒二38	徒2:38	-	book
太28:19#3	178	180	41	徒2:41	-	bare
太28:19#3	181	187	十44～48	徒10:44	-	chapter
太28:19#3	297	303	林前十二13	林前12:13	-	book
太28:19#3	317	320	徒一5	徒1:5	-	book
太28:19#3	321	323	二4	徒2:4	-	chapter
太28:19#3	337	345	徒十一15～17	徒11:15	-	book
太28:19#3	365	369	徒二38	徒2:38	-	book
太28:19#3	386	391	羅六3～4	羅6:3	-	book
太28:19#3	399	403	加三27	加3:27	-	book
太28:19#3	410	412	19	太28:19	-	bare
太28:19#3	424	430	林前十二13	林前12:13	-	book
太28:19#3	491	494	西二9	西2:9	-	book
太28:19#4	10	13	羅六3	羅6:3	-	book
太28:19#4	14	18	加三27	加3:27	-	book
太28:19#4	26	30	徒八16	徒8:16	-	book
太28:19#4	31	34	十九5	徒19:5	-	chapter
太28:19#4	35	40	林前一13	林前1:13	-	book
太28:19#4	41	43	15	林前1:15	-	bare
太28:19#5	132	135	一18	太1:18	-	chapter
太28:19#5	142	145	一18	太1:18	-	chapter
太28:19#5	151	154	一23	太1:23	-	chapter
太28:19#5	166	169	一21	太1:21	-	chapter
太28:19#5	254	260	三16～17	太3:16	-	chapter
太28:19#5	288	292	十二28	太12:28	-	chapter
太28:19#5	324	331	十六16～19	太16:16	-	chapter
太28:19#5	351	355	十六28	太16:28	-	chapter
太28:19#5	364	367	十七2	太17:2	-	chapter
太28:19#5	377	380	十七5	太17:5	-	chapter
太28:19#5	535	539	徒八16	徒8:16	-	book
太28:19#5	540	543	十九5	徒19:5	-	chapter
太28:19#5	571	575	加三27	加3:27	-	book
太28:19#5	576	579	羅六3	羅6:3	-	book
太28:19#5	606	612	林前十五45	林前15:45	-	book
太28:19#5	678	684	林前十五50	林前15:50	-	book
太28:20#1	46	48	19	太28:19	-	bare
太28:20#2	18	21	一23	太1:23	-	chapter
太28:20#2	104	108	十八20	太18:20	-	chapter
太28:20#2	125	130	可十六19	可16:19	-	book
太28:20#2	137	142	路二四51	路24:51	-	book
出23:1#1	1	4	1～3	出23:1	-	bare
出23:1#1	5	9	6～8節	出23:6	-	bare
出23:1#1	27	31	二十16	出20:16	-	chapter
出23:4#1	30	31	5	出23:5	-	bare
出23:4#1	68	73	約十10下	約10:10	-	book
出23:4#1	74	82	太十一28～29	太11:28	-	book
出23:4#1	128	135	太五23～26	太5:23	-	book
出23:4#1	136	141	43～48	太5:43	-	bare
出23:4#1	142	149	十八15～35	太18:15	-	chapter
出23:4#1	150	158	羅十二17～21	羅12:17	-	book
出23:11#1	6	8	12	出23:12	-	bare
出23:14#1	39	45	15～16節	出23:15	-	bare
出23:15#1	5	11	申十六1～8	申16:1	-	book
出23:15#1	40	45	十二8註2	出12:8	2	chapter
出23:15#1	46	50	15註1	出12:15	1	bare
出23:16#1	5	12	申十六9～12	申16:9	-	book
出23:16#1	37	44	羅八23與註1	羅8:23	1	book
出23:16#1	68	74	林前十五20	林前15:20	-	book
出23:16#1	75	77	23	林前15:23	-	bare
出23:16#1	78	82	20註2	林前15:20	2	bare
出23:16#1	95	100	約二十17	約20:17	-	book
出23:16#1	104	112	利二三10～11	利23:10	-	book
出23:16#1	127	131	太二八1	太28:1	-	book
出23:16#1	198	203	徒二1～4	徒2:1	-	book
出23:16#1	238	244	林前十五45	林前15:45	-	book
出23:16#1	245	250	林後三17	林後3:17	-	book
出23:16#1	253	258	徒二1註1	徒2:1	1	book
出23:16#1	259	266	利二三16註1	利23:16	1	book
出23:16#2	6	11	利二三34	利23:34	-	book
出23:16#2	12	20	申十六13～15	申16:13	-	book
出23:16#2	128	134	啟二一2～3	啟21:2	-	book
出23:16#2	154	162	利二三33～44	利23:33	-	book
出23:18#1	60	66	林前五6～8	林前5:6	-	book
出23:19#1	30	36	林前十五20	林前15:20	-	book
出23:19#1	37	39	23	林前15:23	-	bare
出23:19#1	75	83	約二十17與註1	約20:17	1	book
出23:19#2	33	37	彼前二2	彼前2:2	-	book
出23:19#2	38	45	來五12～13	來5:12	-	book
出23:19#2	46	50	林前三2	林前3:2	-	book
出23:19#2	64	68	林後三6	林後3:6	-	book
出23:19#2	80	86	帖前二7～8	帖前2:7	-	book
出23:20#1	88	92	十四19	出14:19	-	chapter
出23:20#1	119	124	申八7註1	申8:7	1	book
出23:21#1	30	33	約十3	約10:3	-	book
出23:21#1	34	36	16	約10:16	-	bare
出23:21#1	37	39	27	約10:27	-	bare
出23:23#1	32	34	24	出23:24	-	bare
出23:23#1	45	50	林前十20	林前10:20	-	book
出23:23#1	63	67	弗六12	弗6:12	-	book
出23:23#1	89	97	太十六23與註1	太16:23	1	book
出23:23#1	169	171	33	出23:33	-	bare
出23:23#1	254	259	路十四26	路14:26	-	book
出23:23#1	288	292	29註1	出23:29	1	bare
出23:23#1	293	297	31註3	出23:31	3	bare
出23:25#1	3	6	26節	出23:26	-	bare
出23:25#1	29	32	太四4	太4:4	-	book
出23:25#1	48	55	約七37～39	約7:37	-	book
出23:25#1	95	101	林前十一30	林前11:30	-	book
出23:25#1	102	107	約壹五16	約壹5:16	-	book
出23:25#1	132	136	弗四13	弗4:13	-	book
出23:25#1	137	141	西一28	西1:28	-	book
出23:25#1	167	170	腓三8	腓3:8	-	book
出23:29#1	23	27	23註1	出23:23	1	bare
出23:29#1	64	72	太十二43～45	太12:43	-	book
出23:29#1	118	120	30	出23:30	-	bare
出23:31#1	44	49	申八7～8	申8:7	-	book
出23:31#1	73	78	申八7註1	申8:7	1	book
出23:31#3	10	15	29～30	出23:29	-	bare
出23:31#3	38	43	31～33	出23:31	-	bare
出23:31#3	45	49	羅八13	羅8:13	-	book
出23:31#3	50	54	加五24	加5:24	-	book
出23:31#3	55	58	西三5	西3:5	-	book
出23:31#3	59	66	腓二12～13	腓2:12	-	book
出23:31#3	99	103	29註1	出23:29	1	bare
出24:3#1	1	6	十九8註1	出19:8	1	chapter
出24:4#1	70	73	4～8	出24:4	-	bare
出24:4#1	75	82	來九18～20	來9:18	-	book
出24:4#1	95	100	來十三10	來13:10	-	book
出24:4#2	9	14	王上七21	王上7:21	-	book
出24:4#2	15	20	提前三15	提前3:15	-	book
出24:4#2	135	140	羅八3～4	羅8:3	-	book
出24:5#1	135	140	林後三18	林後3:18	-	book
出24:5#1	141	149	腓一19～21上	腓1:19	-	book
出24:7#1	1	6	十九8註1	出19:8	1	chapter
出24:8#1	45	49	來八12	來8:12	-	book
出24:8#1	50	53	九22	來9:22	-	chapter
出24:8#2	1	3	6節	出24:6	-	bare
出24:8#2	4	6	8節	出24:8	-	bare
出24:8#2	15	16	5	出24:5	-	bare
出24:8#2	43	46	弗一7	弗1:7	-	book
出24:8#2	47	55	彼前一18～19	彼前1:18	-	book
出24:8#2	56	61	太二六28	太26:28	-	book
出24:8#2	62	66	來九22	來9:22	-	book
出24:8#2	67	71	約壹一7	約壹1:7	-	book
出24:8#2	72	73	9	約壹1:9	-	bare
出24:8#2	184	188	9～18	出24:9	-	bare
出24:8#2	189	196	三四28～29	出34:28	-	chapter
出24:8#2	197	205	利十六11～16	利16:11	-	book
出24:8#2	207	214	來十19～20	來10:19	-	book
出24:8#2	232	237	太二六28	太26:28	-	book
出24:8#2	238	243	路二二20	路22:20	-	book
出24:8#2	312	320	耶三一33～34	耶31:33	-	book
出24:8#2	321	329	結三六26～27	結36:26	-	book
出24:8#2	330	337	來八10～12	來8:10	-	book
出24:8#2	355	360	來十三20	來13:20	-	book
出24:8#2	395	399	啟七14	啟7:14	-	book
出24:8#2	400	402	17	啟7:17	-	bare
出24:8#2	403	408	二二1～2	啟22:1	-	chapter
出24:8#2	409	411	14	啟22:14	-	bare
出24:8#2	412	414	17	啟22:17	-	bare
出24:10#1	56	59	太五8	太5:8	-	book
出24:10#1	60	65	林後三18	林後3:18	-	book
出24:10#1	90	96	十九8～25	出19:8	-	chapter
出24:10#1	97	101	二十18	出20:18	-	chapter
出24:10#1	102	104	21	出20:21	-	bare
出24:11#1	22	28	二十24註2	出20:24	2	chapter
出24:11#1	36	37	1	出24:1	-	bare
出24:13#1	66	68	13	出24:13	-	bare
出24:13#1	69	72	16上	出24:16	-	bare
出24:13#1	73	77	三四29	出34:29	-	chapter
出24:13#1	78	86	二五1～三十38	出25:1	-	chapter
出24:13#1	119	120	1	出24:1	-	bare
出24:13#1	121	122	9	出24:9	-	bare
出24:13#1	148	152	二十18	出20:18	-	chapter
出24:13#1	204	209	來九4註3	來9:4	3	book
出24:18#1	20	23	申八2	申8:2	-	book
出24:18#1	24	27	路四1	路4:1	-	book
可1:1#1	15	20	徒十二25	徒12:25	-	book
可1:1#1	55	60	徒十二12	徒12:12	-	book
可1:1#1	72	76	西四10	西4:10	-	book
可1:1#1	91	96	徒十二25	徒12:25	-	book
可1:1#1	132	137	徒十三13	徒13:13	-	book
可1:1#1	189	197	徒十五36～40	徒15:36	-	book
可1:1#1	226	230	西四10	西4:10	-	book
可1:1#1	231	234	門24	門1:24	-	book
可1:1#1	250	255	提後四11	提後4:11	-	book
可1:1#1	288	293	彼前五13	彼前5:13	-	book
可1:1#1	338	343	16～18	可1:16	-	bare
可1:1#1	347	351	十四54	可14:54	-	chapter
可1:1#1	352	357	66～72	可14:66	-	bare
可1:1#1	398	405	徒十36～42	徒10:36	-	book
可1:1#1	686	692	賽四二1～4	賽42:1	-	book
可1:1#1	693	696	6～7	賽42:6	-	bare
可1:1#1	697	702	四九5～7	賽49:5	-	chapter
可1:1#1	703	708	五十4～7	賽50:4	-	chapter
可1:1#1	709	718	五二13～五三12	賽52:13	-	chapter
可1:1#1	738	744	腓二5～11	腓2:5	-	book
可1:1#1	776	782	三20～21	可3:20	-	chapter
可1:1#1	783	786	六31	可6:31	-	chapter
可1:1#1	794	796	三5	可3:5	-	chapter
可1:1#1	802	805	七34	可7:34	-	chapter
可1:1#1	816	819	十21	可10:21	-	chapter
可1:1#1	844	847	二28	可2:28	-	chapter
可1:1#1	856	858	二8	可2:8	-	chapter
可1:1#1	876	878	27	可1:27	-	bare
可1:1#1	879	882	三15	可3:15	-	chapter
可1:1#1	888	890	二7	可2:7	-	chapter
可1:1#1	891	893	10	可2:10	-	bare
可1:1#1	903	906	四39	可4:39	-	chapter
可1:1#1	974	977	十45	可10:45	-	chapter
可1:1#3	8	12	羅十15	羅10:15	-	book
可1:1#3	58	64	太一1～17	太1:1	-	book
可1:1#3	84	91	路三23～38	路3:23	-	book
可1:1#3	110	115	約一1～2	約1:1	-	book
可1:1#3	142	145	腓二7	腓2:7	-	book
可1:1#3	146	154	太二十27～28	太20:27	-	book
可1:1#3	204	209	太一1註1	太1:1	1	book
可1:2#2	9	12	瑪三1	瑪3:1	-	book
可1:2#5	13	14	4	可1:4	-	bare
可1:2#5	35	39	路一76	路1:76	-	book
可1:3#1	40	45	太三3註1	太3:3	1	book
可1:3#1	46	49	1註2	太3:1	2	bare
可1:3#3	83	87	路一17	路1:17	-	book
可1:4#2	10	16	路一8～13	路1:8	-	book
可1:4#2	17	22	57～63	路1:57	-	bare
可1:4#3	55	58	約三3	約3:3	-	book
可1:4#3	59	62	5～6	約3:5	-	bare
可1:5#2	1	6	太三6註2	太3:6	2	book
可1:5#3	74	79	太三6註3	太3:6	3	book
可1:6#1	46	51	太三4註1	太3:4	1	book
可1:8#1	137	140	羅六3	羅6:3	-	book
可1:8#1	194	202	出十四26～28	出14:26	-	book
可1:8#1	203	207	林前十2	林前10:2	-	book
可1:8#1	246	254	彼前三20～21	彼前3:20	-	book
可1:8#1	286	289	羅八9	羅8:9	-	book
可1:8#1	308	312	加三27	加3:27	-	book
可1:8#1	313	316	羅六3	羅6:3	-	book
可1:8#1	325	330	太二八19	太28:19	-	book
可1:8#1	343	349	林前十二13	林前12:13	-	book
可1:8#1	367	372	林前六17	林前6:17	-	book
可1:8#1	410	413	約三3	約3:3	-	book
可1:8#1	414	418	5與註2	約3:5	2	bare
出25:1#1	60	66	二十2～17	出20:2	-	chapter
出25:1#1	72	79	二十22～26	出20:22	-	chapter
出25:1#1	85	93	二一1～二三19	出21:1	-	chapter
出25:1#1	116	121	二十1註1	出20:1	1	chapter
出25:1#1	168	171	西二9	西2:9	-	book
出25:1#1	172	176	約一14	約1:14	-	book
出25:1#1	219	225	來十5～12	來10:5	-	book
出25:1#1	265	268	來八1	來8:1	-	book
出25:1#1	306	313	西二16～17	西2:16	-	book
出25:1#1	314	318	腓一19	腓1:19	-	book
出25:1#1	352	356	羅三20	羅3:20	-	book
出25:1#1	477	482	太一19上	太1:19	-	book
出25:1#1	483	486	路一6	路1:6	-	book
出25:1#1	487	489	75	路1:75	-	bare
出25:1#1	490	493	二25	路2:25	-	chapter
出25:1#1	494	498	二三50	路23:50	-	chapter
出25:1#1	620	627	加三23～24	加3:23	-	book
出25:2#1	33	36	徒一9	徒1:9	-	book
出25:2#1	55	62	二九26～28	出29:26	-	chapter
出25:2#1	63	70	利七30～32	利7:30	-	book
出25:2#1	71	76	民十八11	民18:11	-	book
出25:2#1	153	159	腓三7～14	腓3:7	-	book
出25:2#1	160	163	弗三8	弗3:8	-	book
出25:2#1	164	168	二5～6	弗2:5	-	chapter
出25:2#1	171	176	林前三12	林前3:12	-	book
出25:2#1	231	238	林前三9～12	林前3:9	-	book
出25:2#1	254	259	約十二24	約12:24	-	book
出25:2#1	275	279	約一29	約1:29	-	book
出25:2#1	351	356	太十六18	太16:18	-	book
出25:2#1	391	399	啟二一18～21	啟21:18	-	book
出25:3#1	0	4	3～7節	出25:3	-	bare
出25:3#1	47	51	二六19	出26:19	-	chapter
出25:3#1	52	56	二七10	出27:10	-	chapter
出25:3#1	77	83	二十24註2	出20:24	2	chapter
出25:3#1	87	92	二七2～4	出27:2	-	chapter
出25:3#1	93	94	6	出27:6	-	bare
出25:3#1	95	99	三十18	出30:18	-	chapter
出25:3#1	114	119	民十六39	民16:39	-	book
出25:3#1	120	125	二一8～9	民21:8	-	chapter
出25:3#1	131	132	7	出25:7	-	bare
出25:3#1	133	139	二八9～10	出28:9	-	chapter
出25:3#1	164	165	7	出25:7	-	bare
出25:3#1	166	173	二八17～20	出28:17	-	chapter
出25:3#1	193	198	林後三18	林後3:18	-	book
出25:4#1	19	28	林前十五47～48	林前15:47	-	book
出25:4#1	53	57	斯八15	斯8:15	-	book
出25:4#1	58	62	約十九2	約19:2	-	book
出25:4#1	63	68	19～22	約19:19	-	bare
出25:4#1	93	97	來九22	來9:22	-	book
出25:4#1	99	103	書二18	書2:18	-	book
出25:4#2	3	6	二六1	出26:1	-	chapter
出25:4#2	25	29	啟十九8	啟19:8	-	book
出25:4#3	8	13	太二五33	太25:33	-	book
出25:4#3	14	16	41	太25:41	-	bare
出25:4#3	39	42	二六7	出26:7	-	chapter
出25:4#3	65	70	林後五21	林後5:21	-	book
出25:5#1	7	8	5	出25:5	-	bare
出25:5#1	9	13	二六14	出26:14	-	chapter
出25:5#1	34	42	彼前一18～19	彼前1:18	-	book
出25:5#1	43	46	弗一7	弗1:7	-	book
出25:5#1	47	51	來九22	來9:22	-	book
出25:5#1	57	58	5	出25:5	-	bare
出25:5#1	59	63	二六14	出26:14	-	chapter
出25:5#1	95	101	太四1～11	太4:1	-	book
出25:5#1	102	107	約十四30	約14:30	-	book
出25:5#1	108	116	彼前二21～23	彼前2:21	-	book
出25:5#3	1	5	10註1	出25:10	1	bare
出25:6#1	36	41	羅八9註4	羅8:9	4	book
出25:6#2	21	29	三十23～24上	出30:23	-	chapter
出25:6#2	30	35	34～35	出30:34	-	bare
出25:6#2	53	59	三十25註1	出30:25	1	chapter
出25:6#2	60	64	34註1	出30:34	1	bare
出25:9#1	47	52	來三6註1	來3:6	1	book
出25:9#1	91	95	約一14	約1:14	-	book
出25:9#1	96	102	二19～21	約2:19	-	chapter
出25:9#1	158	166	林前三16～17	林前3:16	-	book
出25:9#1	167	172	提前三15	提前3:15	-	book
出25:9#1	173	176	來三6	來3:6	-	book
出25:9#1	177	183	林前十二12	林前12:12	-	book
出25:9#1	231	235	啟二一3	啟21:3	-	book
出25:9#1	236	238	22	啟21:22	-	bare
出25:9#1	241	247	啟七15註3	啟7:15	3	book
出25:9#1	248	253	二一3註1	啟21:3	1	chapter
出25:9#1	254	258	12註4	啟21:12	4	bare
出25:9#1	259	263	14註2	啟21:14	2	bare
出25:9#1	264	268	22註1	啟21:22	1	bare
出25:9#2	66	71	來九4註3	來9:4	3	book
出25:10#1	4	5	5	出25:5	-	bare
出25:10#1	6	8	10	出25:10	-	bare
出25:10#1	9	11	23	出25:23	-	bare
出25:10#1	12	16	二六15	出26:15	-	chapter
出25:10#1	17	20	二七1	出27:1	-	chapter
出25:10#1	67	72	可一1註1	可1:1	1	book
出25:10#1	75	80	路一3註1	路1:3	1	book
出25:10#1	83	88	西二9註3	西2:9	3	book
出25:10#2	11	16	二十1註1	出20:1	1	chapter
出25:10#2	25	27	16	出25:16	-	bare
出25:10#2	28	30	21	出25:21	-	bare
出25:10#2	31	36	申十1～5	申10:1	-	book
出25:10#2	49	51	22	出25:22	-	bare
出25:10#2	52	59	二六33～34	出26:33	-	chapter
出25:10#2	85	89	三八21	出38:21	-	chapter
出25:10#2	90	94	民一50	民1:50	-	book
出25:10#2	95	97	53	民1:53	-	bare
出25:10#2	124	127	西二9	西2:9	-	book
出25:10#2	166	170	22註1	出25:22	1	bare
出25:10#2	171	175	約十四6	約14:6	-	book
出25:10#2	176	183	來十19～20	來10:19	-	book
出25:10#2	229	236	弗二21～22	弗2:21	-	book
出25:10#2	237	242	提前三15	提前3:15	-	book
出25:10#2	279	283	西一18	西1:18	-	book
出25:10#2	316	322	二六15註2	出26:15	2	chapter
出25:10#2	323	329	創二22註1	創2:22	1	book
出25:10#2	331	336	三六8註2	出36:8	2	chapter
出25:10#2	337	342	四十3註1	出40:3	1	chapter
出25:10#3	21	27	創六15註2	創6:15	2	book
出25:10#3	64	68	申十七6	申17:6	-	book
出25:10#3	69	73	十九15	申19:15	-	chapter
出25:10#3	74	79	太十八16	太18:16	-	book
出25:10#3	80	86	十九5～6上	太19:5	-	chapter
出25:10#3	130	137	弗五22～32	弗5:22	-	book
出25:10#3	138	141	三21	弗3:21	-	chapter
出25:11#1	8	10	10	出25:10	-	bare
出25:11#2	90	94	來一3上	來1:3	-	book
出25:11#2	95	99	林後四6	林後4:6	-	book
出25:11#2	174	182	腓一20～21上	腓1:20	-	book
出25:12#1	8	10	13	出25:13	-	bare
出25:12#1	21	25	民十33	民10:33	-	book
出25:12#1	69	72	啟七1	啟7:1	-	book
出25:12#1	73	78	太二八19	太28:19	-	book
出25:12#1	79	82	徒一8	徒1:8	-	book
出25:12#1	103	107	來九14	來9:14	-	book
出25:12#1	108	113	路十五22	路15:22	-	book
出25:12#2	12	14	14	出25:14	-	bare
出25:12#2	52	58	路十1與註2	路10:1	2	book
出25:13#1	85	89	11註1	出25:11	1	bare
出25:14#1	34	37	弗四3	弗4:3	-	book
出25:14#1	48	56	林後四10～12	林後4:10	-	book
出25:14#1	122	128	徒一8與註4	徒1:8	4	book
出25:14#1	129	136	二三11與註5	徒23:11	5	chapter
出25:14#1	156	158	15	出25:15	-	bare
出25:16#1	1	5	10註2	出25:10	2	bare
出25:16#1	49	52	西二9	西2:9	-	book
出25:16#1	64	68	約一18	約1:18	-	book
出25:17#1	5	8	來九5	來9:5	-	book
出25:17#1	15	19	羅三25	羅3:25	-	book
出25:17#1	70	72	22	出25:22	-	bare
出25:17#1	110	117	來四16與註1	來4:16	1	book
出25:17#1	121	124	啟八3	啟8:3	-	book
出25:17#1	166	172	利十六1註1	利16:1	1	book
出25:17#2	1	5	10註3	出25:10	3	bare
出25:18#1	11	15	結十18	結10:18	-	book
出25:18#1	16	19	來九5	來9:5	-	book
出25:18#1	44	48	約一14	約1:14	-	book
出25:18#1	79	85	來二9～10	來2:9	-	book
出25:18#1	86	93	羅八17～18	羅8:17	-	book
出25:19#1	54	58	約一14	約1:14	-	book
出25:19#1	59	63	林後四4	林後4:4	-	book
出25:19#1	64	65	6	林後4:6	-	bare
出25:20#1	36	40	來一3上	來1:3	-	book
出25:20#1	41	48	弗三21與註3	弗3:21	3	book
出25:21#1	15	20	17～18	出25:17	-	bare
出25:21#1	35	39	來一3上	來1:3	-	book
出25:21#1	63	65	10	出25:10	-	bare
出25:21#1	99	103	10註1	出25:10	1	bare
出25:21#2	1	5	16註1	出25:16	1	bare
出25:22#1	127	134	林後三8～11	林後3:8	-	book
出25:22#1	135	137	18	林後3:18	-	bare
出25:22#1	161	169	利十六14～15	利16:14	-	book
出25:22#1	170	175	29～30	利16:29	-	bare
出25:22#1	263	267	17註1	出25:17	1	bare
可1:9#1	35	39	約七52	約7:52	-	book
可1:9#1	41	47	太四15註1	太4:15	1	book
可1:9#1	71	75	約一46	約1:46	-	book
可1:9#3	52	58	太三13註1	太3:13	1	book
可1:9#3	59	63	16註1	太3:16	1	bare
可1:10#2	64	71	路四18～19	路4:18	-	book
可1:10#3	1	7	太三16註4	太3:16	4	book
可1:11#1	1	7	太三17註1	太3:17	1	book
可1:13#1	10	13	申九9	申9:9	-	book
可1:13#1	14	16	18	申9:18	-	bare
可1:13#1	17	22	王上十九8	王上19:8	-	book
可1:14#2	53	59	太四12註2	太4:12	2	book
可1:14#2	60	64	15註1	太4:15	1	bare
可1:14#2	86	90	1～11	可1:1	-	bare
可1:14#2	129	135	14～九50	可1:14	-	bare
可1:14#2	187	194	約一29～42	約1:29	-	book
可1:14#2	195	202	二13～三36	約2:13	-	chapter
可1:14#2	203	208	五1～47	約5:1	-	chapter
可1:14#2	209	217	七10～十一57	約7:10	-	chapter
可1:14#2	239	241	十1	可10:1	-	chapter
可1:14#2	288	295	十1～十四42	可10:1	-	chapter
可1:14#2	354	363	十四43～十六20	可14:43	-	chapter
可1:14#3	29	34	21～22	可1:21	-	bare
可1:14#3	74	78	太四23	太4:23	-	book
可1:14#3	110	115	38～39	可1:38	-	bare
可1:14#3	116	119	三14	可3:14	-	chapter
可1:14#3	120	123	六12	可6:12	-	chapter
可1:14#3	124	127	十四9	可14:9	-	chapter
可1:14#3	128	132	十六15	可16:15	-	chapter
可1:14#3	133	135	20	可16:20	-	bare
可1:14#4	20	21	1	可1:1	-	bare
可1:14#4	29	32	羅一1	羅1:1	-	book
可1:14#4	44	48	太四23	太4:23	-	book
可1:15#1	47	51	四3註2	可4:3	2	chapter
可1:15#1	52	56	26註3	可4:26	3	bare
可1:15#1	112	115	約三3	約3:3	-	book
可1:15#1	116	117	5	約3:5	-	bare
可1:15#1	164	169	羅十四17	羅14:17	-	book
可1:15#1	205	212	林前六9～10	林前6:9	-	book
可1:15#1	213	217	加五21	加5:21	-	book
可1:15#1	218	221	弗五5	弗5:5	-	book
可1:15#1	237	241	啟二十4	啟20:4	-	book
可1:15#1	242	243	6	啟20:6	-	bare
可1:15#1	294	300	啟二一1～4	啟21:1	-	book
可1:15#1	301	306	二二1～5	啟22:1	-	chapter
可1:15#1	307	309	14	啟22:14	-	bare
可1:15#1	310	312	17	啟22:17	-	bare
可1:15#1	372	377	約三3註3	約3:3	3	book
可1:15#1	378	385	來十二28註1	來12:28	1	book
可1:15#1	386	391	太五3註4	太5:3	4	book
可1:15#2	167	172	徒二十21	徒20:21	-	book
可1:15#2	173	177	二六20	徒26:20	-	chapter
可1:15#2	180	185	太三2註1	太3:2	1	book
可1:15#3	24	27	羅十9	羅10:9	-	book
可1:15#3	71	76	徒十六31	徒16:31	-	book
可1:15#3	88	95	約三15～16	約3:15	-	book
可1:15#3	109	113	約一12	約1:12	-	book
可1:15#3	137	141	加三22	加3:22	-	book
可1:15#3	158	162	羅十17	羅10:17	-	book
可1:15#3	163	167	弗一13	弗1:13	-	book
可1:15#3	192	196	加三14	加3:14	-	book
可1:15#3	209	213	彼後一1	彼後1:1	-	book
可1:15#3	233	239	十六16註1	可16:16	1	chapter
可1:15#4	14	15	1	可1:1	-	bare
可1:15#4	91	96	羅一2～4	羅1:2	-	book
可1:15#4	97	104	路二10～11	路2:10	-	book
可1:15#4	105	112	林前十五1～4	林前15:1	-	book
可1:15#4	113	117	提後二8	提後2:8	-	book
可1:15#4	149	154	弗一8～9	弗1:8	-	book
可1:15#4	155	159	徒二23	徒2:23	-	book
可1:15#4	160	163	羅一2	羅1:2	-	book
可1:15#4	164	169	林後五21	林後5:21	-	book
可1:15#4	170	174	徒三15	徒3:15	-	book
可1:15#4	191	195	羅一16	羅1:16	-	book
可1:15#4	206	211	林後五19	林後5:19	-	book
可1:15#4	219	223	彼前一3	彼前1:3	-	book
可1:15#4	233	240	約一12～13	約1:12	-	book
可1:15#4	241	245	羅八16	羅8:16	-	book
可1:15#4	264	268	弗一14	弗1:14	-	book
可1:15#4	307	312	帖前二12	帖前2:12	-	book
可1:16#1	1	7	太四18註1	太4:18	1	book
可1:16#2	1	7	太四18註2	太4:18	2	book
可1:18#2	1	7	太四20註2	太4:20	2	book
可1:19#1	1	7	太四21註1	太4:21	1	book
可1:20#1	1	7	太四22註1	太4:22	1	book
出25:23#1	28	32	約六51	約6:51	-	book
出25:23#1	33	38	53～55	約6:53	-	bare
出25:23#2	26	30	彼前二5	彼前2:5	-	book
出25:23#2	31	32	9	彼前2:9	-	bare
出25:23#2	33	36	啟一6	啟1:6	-	book
出25:23#2	37	40	五10	啟5:10	-	chapter
出25:23#2	52	56	四十22	出40:22	-	chapter
出25:23#2	57	60	來九2	來9:2	-	book
出25:23#2	93	99	二六15註2	出26:15	2	chapter
出25:23#2	128	133	林前十16	林前10:16	-	book
出25:23#2	134	136	21	林前10:21	-	bare
出25:23#2	138	142	詩二三5	詩23:5	-	book
出25:23#2	198	203	10～22	出25:10	-	bare
出25:23#4	37	43	十六34註1	出16:34	1	chapter
出25:24#1	13	17	11註2	出25:11	2	bare
出25:25#1	28	33	26～27	出25:26	-	bare
出25:25#1	81	85	11註2	出25:11	2	bare
出25:26#1	33	37	12註1	出25:12	1	bare
出25:26#1	60	63	弗四3	弗4:3	-	book
出25:26#1	100	104	林前十4	林前10:4	-	book
出25:26#1	119	121	27	出25:27	-	bare
出25:26#1	141	145	25註1	出25:25	1	bare
出25:28#1	1	5	13註1	出25:13	1	bare
出25:29#1	39	43	利二四7	利24:7	-	book
出25:30#1	44	49	林後二10	林後2:10	-	book
出25:30#1	50	54	四6～7	林後4:6	-	chapter
出25:30#1	55	58	三18	林後3:18	-	chapter
出25:30#1	86	91	提後四22	提後4:22	-	book
出25:30#1	93	98	林後三17	林後3:17	-	book
出25:30#1	118	122	約六33	約6:33	-	book
出25:30#1	123	126	51上	約6:51	-	bare
出25:30#1	127	129	63	約6:63	-	bare
出25:30#2	88	95	四十22～23	出40:22	-	chapter
出25:30#2	96	99	來九2	來9:2	-	book
出25:30#2	100	104	利二四9	利24:9	-	book
出25:30#2	132	138	十六19註1	出16:19	1	chapter
出25:30#2	212	216	約六57	約6:57	-	book
出25:30#2	239	243	利二四7	利24:7	-	book
出25:30#2	244	245	9	利24:9	-	bare
出25:31#1	60	64	約八12	約8:12	-	book
出25:31#1	90	93	約一1	約1:1	-	book
出25:31#1	94	97	4～5	約1:4	-	bare
出25:31#1	109	113	啟一20	啟1:20	-	book
出25:31#1	151	155	彼後一4	彼後1:4	-	book
出25:31#2	1	7	31～36節	出25:31	-	bare
出25:31#2	254	256	31	出25:31	-	bare
出25:31#2	288	296	約十四9～11上	約14:9	-	book
出25:31#2	297	302	林後四4下	林後4:4	-	book
出25:31#2	303	307	西一15	西1:15	-	book
出25:31#2	308	310	二9	西2:9	-	chapter
出25:31#2	319	321	37	出25:37	-	bare
出25:31#2	349	352	啟四5	啟4:5	-	book
出25:31#2	353	355	五6	啟5:6	-	chapter
出25:31#2	395	398	西二9	西2:9	-	book
出25:31#2	399	403	太四16	太4:16	-	book
出25:31#2	404	409	約一4～9	約1:4	-	book
出25:31#2	411	416	王上七49	王上7:49	-	book
出25:31#2	468	471	亞四2	亞4:2	-	book
出25:31#2	472	473	6	亞4:6	-	bare
出25:31#2	474	476	10	亞4:10	-	bare
出25:31#2	477	480	啟五6	啟5:6	-	book
出25:31#2	509	516	啟一11～12	啟1:11	-	book
出25:31#2	517	519	20	啟1:20	-	bare
出25:31#2	594	599	啟二一11	啟21:11	-	book
出25:31#2	600	602	18	啟21:18	-	bare
出25:31#2	603	605	23	啟21:23	-	bare
出25:31#2	606	609	二二5	啟22:5	-	chapter
出25:31#2	612	618	啟一12註3	啟1:12	3	book
出25:31#2	638	643	23～30	出25:23	-	bare
出25:31#2	674	677	約一4	約1:4	-	book
出25:31#2	678	681	八12	約8:12	-	chapter
出25:31#2	710	717	二六34～35	出26:34	-	chapter
出25:31#2	731	737	約壹一5～6	約壹1:5	-	book
出25:31#2	789	796	三七23～25	出37:23	-	chapter
出25:31#2	797	804	四十24～27	出40:24	-	chapter
出25:31#2	900	904	10註2	出25:10	2	bare
出25:31#2	905	909	17註1	出25:17	1	bare
出25:31#3	30	37	太八24～26	太8:24	-	book
出25:31#3	38	45	路四29～30	路4:29	-	book
出25:31#4	44	49	33～34	出25:33	-	bare
出25:31#4	71	75	民十七8	民17:8	-	book
出25:31#4	123	127	32註1	出25:32	1	bare
出25:31#5	32	37	啟二一23	啟21:23	-	book
出25:31#5	47	51	18註1	出25:18	1	bare
出25:31#5	155	159	羅八17	羅8:17	-	book
出25:31#5	160	165	彼前二21	彼前2:21	-	book
出25:31#5	166	170	腓三10	腓3:10	-	book
出25:31#5	171	175	西一24	西1:24	-	book
出25:31#5	176	182	林前十二24	林前12:24	-	book
出25:32#1	9	14	林前十五4	林前15:4	-	book
出25:32#1	28	33	約十一25	約11:25	-	book
出25:32#1	104	109	申十九15	申19:15	-	book
出25:33#1	104	107	西三4	西3:4	-	book
出25:33#1	108	112	彼後一4	彼後1:4	-	book
出25:33#1	160	165	林前六17	林前6:17	-	book
出25:33#1	166	170	加二20	加2:20	-	book
出25:33#1	171	176	腓一21上	腓1:21	-	book
出25:34#1	100	103	結一5	結1:5	-	book
出25:34#1	105	110	西一15上	西1:15	-	book
出25:34#1	113	119	二七20註2	出27:20	2	chapter
出25:35#1	43	47	31註2	出25:31	2	bare
出25:35#1	238	240	33	出25:33	-	bare
出25:35#1	256	259	約一4	約1:4	-	book
出25:35#1	260	264	加五22	加5:22	-	book
出25:35#1	265	268	弗五9	弗5:9	-	book
出25:35#2	19	23	創一26	創1:26	-	book
出25:35#2	136	141	約十五5上	約15:5	-	book
出25:35#2	142	146	西二19	西2:19	-	book
出25:37#1	13	16	啟四5	啟4:5	-	book
出25:37#1	28	32	亞四10	亞4:10	-	book
出25:37#1	46	49	啟五6	啟5:6	-	book
出25:37#1	63	66	亞三9	亞3:9	-	book
出25:37#1	81	87	亞四10註1	亞4:10	1	book
出25:37#1	88	93	啟四5註1	啟4:5	1	book
出25:37#1	94	98	五6註5	啟5:6	5	chapter
出25:37#1	99	104	一14註3	啟1:14	3	chapter
出25:37#3	119	121	22	出25:22	-	bare
出25:37#3	122	126	四十34	出40:34	-	chapter
出25:37#3	128	133	啟二一23	啟21:23	-	book
出25:37#3	134	137	二二5	啟22:5	-	chapter
出25:37#3	192	197	林後三18	林後3:18	-	book
出25:37#3	198	200	四6	林後4:6	-	chapter
出25:39#1	55	62	約七45～46	約7:45	-	book
出25:39#1	63	70	十八37～38	約18:37	-	chapter
出25:39#1	72	77	林後四17	林後4:17	-	book
出25:39#1	78	82	提前二2	提前2:2	-	book
出25:39#1	118	122	約三34	約3:34	-	book
可1:21#1	26	33	路四16～17	路4:16	-	book
可1:21#1	34	42	徒十三14～15	徒13:14	-	book
可1:21#2	63	67	約八12	約8:12	-	book
可1:21#2	68	70	九5	約9:5	-	chapter
可1:21#2	100	107	太四12～16	太4:12	-	book
可1:21#2	143	146	約一4	約1:4	-	book
可1:21#2	181	184	二13	可2:13	-	chapter
可1:21#2	185	187	四1	可4:1	-	chapter
可1:21#2	188	190	六2	可6:2	-	chapter
可1:21#2	191	192	6	可6:6	-	bare
可1:21#2	193	195	30	可6:30	-	bare
可1:21#2	196	198	34	可6:34	-	bare
可1:21#2	199	201	十1	可10:1	-	chapter
可1:21#2	202	206	十一17	可11:17	-	chapter
可1:21#2	207	211	十二35	可12:35	-	chapter
可1:21#2	212	216	十四49	可14:49	-	chapter
可1:21#2	237	242	徒二六18	徒26:18	-	book
可1:23#1	13	15	32	可1:32	-	bare
可1:23#1	16	18	34	可1:34	-	bare
可1:23#1	19	21	39	可1:39	-	bare
可1:23#1	22	26	路四33	路4:33	-	book
可1:23#1	110	113	弗二2	弗2:2	-	book
可1:23#1	114	120	六11～12	弗6:11	-	chapter
可1:23#1	193	197	約壹三8	約壹3:8	-	book
可1:23#1	240	242	34	可1:34	-	bare
可1:23#1	243	245	39	可1:39	-	bare
可1:23#1	246	249	三15	可3:15	-	chapter
可1:23#1	250	252	六7	可6:7	-	chapter
可1:23#1	253	255	13	可6:13	-	bare
可1:23#1	256	260	十六17	可16:17	-	chapter
可1:23#1	278	283	路十三16	路13:16	-	book
可1:23#1	296	301	徒二六18	徒26:18	-	book
可1:23#1	302	306	西一13	西1:13	-	book
可1:23#1	316	318	15	可1:15	-	bare
可1:23#1	337	342	23～27	可1:23	-	bare
可1:23#1	343	348	五2～20	可5:2	-	chapter
可1:23#1	349	355	七25～30	可7:25	-	chapter
可1:23#1	356	362	九17～27	可9:17	-	chapter
可1:23#1	363	366	十六9	可16:9	-	chapter
可1:27#1	40	42	22	可1:22	-	bare
可1:31#1	68	70	34	可1:34	-	bare
可1:31#1	71	74	三10	可3:10	-	chapter
可1:31#1	75	77	六5	可6:5	-	chapter
可1:31#1	78	80	13	可6:13	-	bare
可1:31#1	81	83	56	可6:56	-	bare
可1:31#1	123	128	30～31	可1:30	-	bare
可1:31#1	129	134	40～45	可1:40	-	bare
可1:31#1	135	140	二3～12	可2:3	-	chapter
可1:31#1	141	145	三1～5	可3:1	-	chapter
可1:31#1	146	152	五22～43	可5:22	-	chapter
可1:31#1	153	159	七32～37	可7:32	-	chapter
可1:31#1	160	166	八22～26	可8:22	-	chapter
可1:31#1	167	173	十46～52	可10:46	-	chapter
可1:34#1	1	5	31註1	可1:31	1	bare
可1:34#2	1	5	23註1	可1:23	1	bare
可1:35#1	74	78	38註2	可1:38	2	bare
可1:38#1	1	5	14註3	可1:14	3	bare
可1:38#2	52	56	約六38	約6:38	-	book
可1:38#2	57	60	四34	約4:34	-	chapter
可1:40#1	38	40	30	可1:30	-	bare
可1:40#1	54	59	太八2註1	太8:2	1	book
可1:40#1	60	63	3註1	太8:3	1	bare
可1:40#1	134	139	14～15	可1:14	-	bare
可1:40#1	140	145	38～39	可1:38	-	bare
可1:40#1	166	171	21～22	可1:21	-	bare
可1:40#1	199	204	25～26	可1:25	-	bare
可1:40#1	227	232	30～31	可1:30	-	bare
可1:40#1	255	260	41～42	可1:41	-	bare
可1:41#3	9	13	31註1	可1:31	1	bare
可1:41#3	64	68	約壹一7	約壹1:7	-	book
可1:44#1	30	33	五43	可5:43	-	chapter
可1:44#1	34	37	七36	可7:36	-	chapter
可1:44#1	38	40	九9	可9:9	-	chapter
可1:44#1	44	48	賽四二2	賽42:2	-	book
可1:44#1	104	109	八26註1	可8:26	1	chapter
出26:1#1	22	25	1～6	出26:1	-	bare
出26:1#1	76	82	啟二10註2	啟2:10	2	book
出26:1#1	139	143	約十九4	約19:4	-	book
出26:1#1	144	149	林後五21	林後5:21	-	book
出26:1#1	150	154	來四15	來4:15	-	book
出26:1#1	155	158	七26	來7:26	-	chapter
出26:1#1	159	164	彼前二22	彼前2:22	-	book
出26:1#2	10	14	啟十九8	啟19:8	-	book
出26:1#3	1	6	二五4註1	出25:4	1	chapter
出26:1#4	55	62	詩四五14註1	詩45:14	1	book
出26:1#5	16	19	結一5	結1:5	-	book
出26:1#5	20	22	22	結1:22	-	bare
出26:1#5	23	25	十1	結10:1	-	chapter
出26:1#5	26	28	18	結10:18	-	bare
出26:1#5	29	32	來九5	來9:5	-	book
出26:1#5	67	71	約一14	約1:14	-	book
出26:1#5	72	76	西一15	西1:15	-	book
出26:1#5	111	117	二五19註1	出25:19	1	chapter
出26:1#5	118	122	39註1	出25:39	1	bare
出26:3#1	11	17	太二五2註1	太25:2	1	book
出26:3#1	28	33	申十九15	申19:15	-	book
出26:3#1	49	52	4～6	出26:4	-	bare
出26:3#1	137	140	結一5	結1:5	-	book
出26:3#1	153	158	啟一4註2	啟1:4	2	book
出26:3#1	187	190	1註1	出26:1	1	bare
出26:3#1	206	209	來三9	來3:9	-	book
出26:3#1	210	213	太四2	太4:2	-	book
出26:3#1	269	273	18註1	出26:18	1	bare
出26:3#1	274	278	33註1	出26:33	1	bare
出26:3#1	303	308	15～30	出26:15	-	bare
出26:4#1	47	50	3註1	出26:3	1	bare
出26:7#1	1	6	二五4註3	出25:4	3	chapter
出26:7#1	23	28	林後五21	林後5:21	-	book
出26:7#1	44	49	林前十五3	林前15:3	-	book
出26:7#1	50	55	彼前二24	彼前2:24	-	book
出26:7#1	56	59	三18	彼前3:18	-	chapter
出26:7#2	1	3	1節	出26:1	-	bare
出26:10#1	52	53	4	出26:4	-	bare
出26:11#1	19	24	民十六39	民16:39	-	book
出26:11#1	25	30	二一8～9	民21:8	-	chapter
出26:12#1	58	63	12～13	出26:12	-	bare
出26:12#1	80	82	9節	出26:9	-	bare
出26:12#1	167	171	15註2	出26:15	2	bare
出26:13#1	27	29	8上	出26:8	-	bare
出26:13#1	31	33	2上	出26:2	-	bare
出26:13#1	82	84	20	出26:20	-	bare
出26:13#1	92	94	18	出26:18	-	bare
出26:13#1	113	121	林後十二7～10	林後12:7	-	book
出26:13#1	122	129	腓四12～13	腓4:12	-	book
出26:14#1	1	6	二五5註1	出25:5	1	chapter
出26:14#1	43	50	來九12～14	來9:12	-	book
出26:14#1	51	59	彼前一18～19	彼前1:18	-	book
出26:14#1	60	64	西一14	西1:14	-	book
出26:14#2	1	6	二五5註2	出25:5	2	chapter
出26:14#2	28	32	賽五三2	賽53:2	-	book
出26:15#1	13	15	29	出26:29	-	bare
出26:15#1	30	37	二五10～11	出25:10	-	chapter
出26:15#1	91	99	約十二23～24	約12:23	-	book
出26:15#1	100	104	林後十1	林後10:1	-	book
出26:15#1	105	108	腓一8	腓1:8	-	book
出26:15#1	109	115	20～21上	腓1:20	-	bare
出26:15#2	27	31	弗二22	弗2:22	-	book
出26:15#2	32	36	彼前二5	彼前2:5	-	book
出26:15#2	51	57	林前十二12	林前12:12	-	book
出26:15#2	80	85	二五9註1	出25:9	1	chapter
出26:15#2	115	120	林後十二9	林後12:9	-	book
出26:16#1	50	56	二五10註3	出25:10	3	chapter
出26:17#1	14	16	17	出26:17	-	bare
出26:17#1	17	19	19	出26:19	-	bare
出26:17#1	30	35	26～29	出26:26	-	bare
出26:18#1	11	13	18	出26:18	-	bare
出26:18#1	14	16	20	出26:20	-	bare
出26:18#1	52	58	啟二10註2	啟2:10	2	book
出26:19#1	32	36	三八27	出38:27	-	chapter
出26:19#1	62	68	約十四2～3	約14:2	-	book
出26:19#1	69	72	3註2	約14:3	2	bare
出26:19#1	129	134	林後一24	林後1:24	-	book
出26:19#1	135	138	羅五2	羅5:2	-	book
出26:19#1	139	142	加五1	加5:1	-	book
出26:24#1	20	22	23	出26:23	-	bare
出26:24#1	103	107	徒十三2	徒13:2	-	book
出26:24#1	108	110	46	徒13:46	-	bare
出26:25#1	13	15	18	出26:18	-	bare
出26:25#1	16	18	20	出26:20	-	bare
出26:25#1	19	21	25	出26:25	-	bare
出26:25#1	85	89	約二十1	約20:1	-	book
出26:26#1	39	43	29註2	出26:29	2	bare
出26:26#1	69	74	弗四3～4	弗4:3	-	book
出26:26#1	151	154	弗四2	弗4:2	-	book
出26:26#1	191	195	羅八16	羅8:16	-	book
出26:28#1	13	18	26～27	出26:26	-	bare
出26:29#1	122	130	約十七21～23	約17:21	-	book
出26:29#1	160	165	約十四23	約14:23	-	book
出26:29#2	10	14	弗一13	弗1:13	-	book
出26:29#2	35	38	約三6	約3:6	-	book
出26:29#2	58	63	創二四22	創24:22	-	book
出26:29#2	64	69	路十五22	路15:22	-	book
出26:29#2	70	74	徒二38	徒2:38	-	book
出26:29#2	100	104	28註1	出26:28	1	bare
出26:29#2	124	128	約七39	約7:39	-	book
出26:29#2	139	142	弗四3	弗4:3	-	book
可2:1#1	0	4	1～三6	可2:1	-	bare
可2:1#1	137	141	徒十38	徒10:38	-	book
可2:1#1	170	174	1～12	可2:1	-	bare
可2:1#1	289	294	13～17	可2:13	-	bare
可2:1#1	428	433	18～22	可2:18	-	bare
可2:1#1	580	585	23～28	可2:23	-	bare
可2:1#1	673	677	三1～6	可3:1	-	chapter
可2:4#1	37	42	太九2註1	太9:2	1	book
可2:5#1	13	17	羅十17	羅10:17	-	book
可2:6#1	66	68	16	可2:16	-	bare
可2:6#1	69	71	24	可2:24	-	bare
可2:6#1	72	75	三22	可3:22	-	chapter
可2:6#1	76	78	七5	可7:5	-	chapter
可2:6#1	79	82	八11	可8:11	-	chapter
可2:6#1	83	86	九14	可9:14	-	chapter
可2:6#1	87	89	十2	可10:2	-	chapter
可2:6#1	90	94	十一27	可11:27	-	chapter
可2:6#1	95	99	十二13	可12:13	-	chapter
可2:6#1	100	102	28	可12:28	-	bare
可2:6#1	197	199	三6	可3:6	-	chapter
可2:6#1	200	204	十一18	可11:18	-	chapter
可2:6#1	205	208	十四1	可14:1	-	chapter
可2:6#1	221	224	八31	可8:31	-	chapter
可2:6#1	225	228	十33	可10:33	-	chapter
可2:6#1	229	233	十四43	可14:43	-	chapter
可2:6#1	234	236	53	可14:53	-	bare
可2:6#1	237	240	十五1	可15:1	-	chapter
可2:6#1	241	243	31	可15:31	-	bare
可2:7#1	48	55	約一45～46	約1:45	-	book
可2:7#1	98	103	太九3註2	太9:3	2	book
可2:8#1	18	19	5	可2:5	-	bare
可2:8#1	80	85	十一2註2	可11:2	2	chapter
可2:9#1	1	6	太九5註3	太9:5	3	book
可2:10#1	71	76	腓二6～7	腓2:6	-	book
可2:11#2	1	6	太九5註2	太9:5	2	book
可2:11#2	18	23	一31註1	可1:31	1	chapter
可2:12#2	1	6	太九6註3	太9:6	3	book
可2:12#3	1	6	太九6註4	太9:6	4	book
可2:13#1	1	6	一21註2	可1:21	2	chapter
可2:14#1	0	6	14～17節	可2:14	-	bare
可2:14#1	8	14	太九9～13	太9:9	-	book
可2:14#2	30	33	太十3	太10:3	-	book
可2:14#2	34	39	路十八11	路18:11	-	book
可2:14#2	40	47	太五46與註2	太5:46	2	book
可2:14#2	83	86	三18	可3:18	-	chapter
可2:16#1	1	4	6註1	可2:6	1	bare
可2:18#1	0	6	18～22節	可2:18	-	bare
可2:18#1	8	15	太九14～17	太9:14	-	book
可2:23#1	0	6	23～28節	可2:23	-	bare
可2:23#1	8	14	太十二1～8	太12:1	-	book
可2:24#1	1	4	6註1	可2:6	1	bare
可2:27#1	33	38	創二2～3	創2:2	-	book
出26:31#1	26	27	1	出26:1	-	bare
出26:31#1	40	44	來十20	來10:20	-	book
出26:31#1	56	58	33	出26:33	-	bare
出26:31#1	69	72	民四5	民4:5	-	book
出26:31#1	95	98	創六3	創6:3	-	book
出26:31#1	100	107	創三22～24	創3:22	-	book
出26:31#1	181	189	太二七51與註1	太27:51	1	book
出26:31#1	190	197	來十19～20	來10:19	-	book
出26:31#1	198	202	羅三25	羅3:25	-	book
出26:31#1	204	209	出二五22	出25:22	-	book
出26:32#1	43	46	加二9	加2:9	-	book
出26:32#1	47	51	啟三12	啟3:12	-	book
出26:32#1	52	57	提前三15	提前3:15	-	book
出26:32#1	177	181	加二20	加2:20	-	book
出26:32#1	182	185	五24	加5:24	-	chapter
出26:32#1	219	223	37註1	出26:37	1	bare
出26:32#3	41	47	啟二10註2	啟2:10	2	book
出26:32#3	96	103	三十11～16	出30:11	-	chapter
出26:32#3	104	108	三八25	出38:25	-	chapter
出26:32#3	109	111	27	出38:27	-	bare
出26:33#1	14	15	6	出26:6	-	bare
出26:33#1	105	108	3註1	出26:3	1	bare
出26:33#1	111	115	18註1	出26:18	1	bare
出26:36#1	38	42	約一14	約1:14	-	book
出26:36#1	63	66	十九6	出19:6	-	chapter
出26:36#1	122	127	羅十五16	羅15:16	-	book
出26:36#1	128	132	彼前二5	彼前2:5	-	book
出26:36#1	133	134	9	彼前2:9	-	bare
出26:36#1	135	138	啟一6	啟1:6	-	book
出26:36#1	154	159	約壹四13	約壹4:13	-	book
出26:36#1	160	162	15	約壹4:15	-	bare
出26:36#1	194	198	詩九十1	詩90:1	-	book
出26:36#1	199	204	啟二一22	啟21:22	-	book
出26:36#2	32	33	1	出26:1	-	bare
出26:36#2	34	36	31	出26:31	-	bare
出26:36#2	97	102	林前十五3	林前15:3	-	book
出26:36#2	103	108	彼前二24	彼前2:24	-	book
出26:36#2	109	112	三18	彼前3:18	-	chapter
出26:36#2	222	230	林後五14～15	林後5:14	-	book
出26:36#2	231	233	21	林後5:21	-	bare
出26:36#2	286	294	林後五18～21	林後5:18	-	book
出26:36#2	305	312	林後五20註2	林後5:20	2	book
出26:37#1	13	15	32	出26:32	-	bare
出26:37#1	55	59	32註1	出26:32	1	bare
出26:37#1	169	173	加二20	加2:20	-	book
出26:37#1	313	316	啟五9	啟5:9	-	book
出26:37#1	365	373	啟二一12～13	啟21:12	-	book
出26:37#1	374	378	13註1	啟21:13	1	bare
出26:37#2	19	27	民十六38～39	民16:38	-	book
出26:37#2	28	31	二一9	民21:9	-	chapter
出26:37#2	56	61	二七2註2	出27:2	2	chapter
出27:1#1	17	21	提前二5	提前2:5	-	book
出27:1#1	49	53	二五10	出25:10	-	chapter
出27:1#2	22	27	來十三10	來13:10	-	book
出27:1#3	44	51	可十二37註1	可12:37	1	book
出27:1#4	47	53	創三24註1	創3:24	1	book
出27:1#5	67	71	來九14	來9:14	-	book
出27:1#5	72	77	太二七46	太27:46	-	book
出27:1#5	78	85	西二14～15	西2:14	-	book
出27:2#1	26	32	詩九二10上	詩92:10	-	book
出27:2#2	28	36	民十六37～39	民16:37	-	book
出27:2#2	83	87	賽五三5	賽53:5	-	book
出27:2#2	88	93	林後五21	林後5:21	-	book
出27:2#2	94	99	彼前三18	彼前3:18	-	book
出27:4#1	41	42	5	出27:5	-	bare
出27:4#1	219	224	詩二二14	詩22:14	-	book
出27:4#2	16	22	二五12註1	出25:12	1	chapter
出27:4#2	48	55	來九14與註1	來9:14	1	book
出27:4#2	116	119	三八5	出38:5	-	chapter
出27:4#2	120	121	7	出38:7	-	bare
出27:4#2	134	138	利九24	利9:24	-	book
出27:4#2	140	144	代下七1	代下7:1	-	book
出27:4#2	154	158	利六13	利6:13	-	book
出27:4#2	223	228	林前一18	林前1:18	-	book
出27:4#2	229	233	羅一16	羅1:16	-	book
出27:4#2	234	241	十五18～19	羅15:18	-	chapter
出27:4#2	242	245	徒一8	徒1:8	-	book
出27:4#2	246	250	帖前一5	帖前1:5	-	book
出27:4#2	284	290	林前十五45	林前15:45	-	book
出27:4#2	300	304	徒二38	徒2:38	-	book
出27:4#2	305	312	加三13～14	加3:13	-	book
出27:4#2	325	330	林後三17	林後3:17	-	book
出27:4#2	349	352	啟五6	啟5:6	-	book
出27:5#2	21	25	二五10	出25:10	-	chapter
出27:5#2	74	81	羅三24～25	羅3:24	-	book
出27:6#1	40	41	7	出27:7	-	bare
出27:6#1	100	104	帖前一5	帖前1:5	-	book
出27:6#1	105	108	路十1	路10:1	-	book
出27:6#1	109	112	徒一8	徒1:8	-	book
出27:6#1	113	118	十三1～4	徒13:1	-	chapter
出27:6#1	119	125	十六6～10	徒16:6	-	chapter
出27:9#1	43	47	9～13	出27:9	-	bare
出27:9#1	124	129	啟二一16	啟21:16	-	book
出27:9#1	132	138	二五10註3	出25:10	3	chapter
出27:9#2	1	6	二五4註2	出25:4	2	chapter
出27:9#2	7	12	二六1註2	出26:1	2	chapter
出27:9#3	65	70	林前一30	林前1:30	-	book
出27:9#3	90	96	太五20註1	太5:20	1	book
出27:9#3	97	102	腓三9註6	腓3:9	6	book
出27:9#3	103	109	啟十九8註2	啟19:8	2	book
出27:9#3	202	206	弗四24	弗4:24	-	book
出27:9#3	233	239	賽五16註2	賽5:16	2	book
出27:9#3	240	246	羅六19註1	羅6:19	1	book
出27:10#1	50	56	二六37註2	出26:37	2	chapter
出27:10#2	23	27	三八17	出38:17	-	chapter
出27:10#2	47	54	三十11～16	出30:11	-	chapter
出27:10#2	55	59	三八25	出38:25	-	chapter
出27:10#2	60	62	28	出38:28	-	bare
出27:16#1	29	34	13～16	出27:13	-	bare
出27:16#1	63	68	二五4註1	出25:4	1	chapter
出27:16#1	115	116	2	出27:2	-	bare
出27:16#1	117	118	4	出27:4	-	bare
出27:16#2	1	6	二六1註4	出26:1	4	chapter
出27:18#2	20	24	9～15	出27:9	-	bare
出27:18#2	25	27	18	出27:18	-	bare
出27:18#2	36	37	1	出27:1	-	bare
出27:18#2	67	71	羅三24	羅3:24	-	book
出27:18#2	72	75	五18	羅5:18	-	chapter
出27:19#1	43	49	二六37註2	出26:37	2	chapter
可3:1#1	0	4	1～6節	可3:1	-	bare
可3:1#1	6	13	太十二9～14	太12:9	-	book
可3:5#1	120	125	十14註1	可10:14	1	chapter
可3:5#2	1	6	一31註1	可1:31	1	chapter
可3:6#1	1	5	二6註1	可2:6	1	chapter
可3:9#1	11	12	7	可3:7	-	bare
可3:10#1	1	6	一31註1	可1:31	1	chapter
可3:14#2	1	8	啟二一12註2	啟21:12	2	book
可3:14#4	1	6	一14註3	可1:14	3	chapter
可3:15#1	1	6	一23註1	可1:23	1	chapter
可3:15#1	10	12	14	可3:14	-	bare
可3:16#1	0	6	16～19節	可3:16	-	bare
可3:16#1	8	13	太十2～4	太10:2	-	book
可3:17#1	38	45	路九54～55	路9:54	-	book
可3:17#1	46	53	可九38與註1	可9:38	1	book
可3:21#1	45	47	22	可3:22	-	bare
可3:22#1	0	6	22～30節	可3:22	-	bare
可3:22#1	8	16	太十二24～32	太12:24	-	book
可3:22#2	1	5	二6註1	可2:6	1	chapter
可3:22#3	9	12	21節	可3:21	-	bare
可3:24#1	23	27	約壹三8	約壹3:8	-	book
可3:24#1	28	30	10	約壹3:10	-	bare
可3:24#1	42	46	西一13	西1:13	-	book
可3:27#1	54	57	約三5	約3:5	-	book
可3:27#1	74	78	弗二19	弗2:19	-	book
可3:29#1	63	67	路四18	路4:18	-	book
可3:29#1	68	69	1	路4:1	-	bare
可3:29#1	70	74	可一12	可1:12	-	book
可3:33#1	1	8	太十二48註1	太12:48	1	book
可3:35#1	1	8	太十二50註1	太12:50	1	book
可3:35#2	33	36	來三5	來3:5	-	book
可3:35#2	44	48	羅八29	羅8:29	-	book
可3:35#2	49	53	來二11	來2:11	-	book
可3:35#2	72	76	弗五30	弗5:30	-	book
可3:35#2	77	83	林前十二12	林前12:12	-	book
出27:20#1	10	15	羅十一17	羅11:17	-	book
出27:20#1	63	69	林前十五45	林前15:45	-	book
出27:20#1	70	76	羅八9與註4	羅8:9	4	book
出27:20#2	36	40	二五31	出25:31	-	chapter
出27:21#1	29	32	利一1	利1:1	-	book
出27:21#3	80	83	二八2	出28:2	-	chapter
出27:21#4	52	57	羅十三12	羅13:12	-	book
出27:21#4	58	63	彼後一19	彼後1:19	-	book
出28:1#1	26	34	來四14～七28	來4:14	-	book
出28:1#1	63	66	啟一6	啟1:6	-	book
出28:1#1	67	70	五10	啟5:10	-	chapter
出28:1#1	73	78	啟二6註1	啟2:6	1	book
出28:1#2	72	79	彼前二5與註7	彼前2:5	7	book
出28:1#2	133	139	羅十二1註7	羅12:1	7	book
出28:2#1	13	17	賽六四6	賽64:6	-	book
出28:2#1	18	22	啟十九8	啟19:8	-	book
出28:2#1	63	64	3	出28:3	-	bare
出28:2#2	52	56	約一14	約1:14	-	book
出28:2#2	57	60	來一3	來1:3	-	book
出28:4#1	32	37	40～42	出28:40	-	bare
出28:4#1	38	44	二九8～9上	出29:8	-	chapter
出28:4#1	86	91	36～37	出28:36	-	bare
出28:4#1	92	97	二九5～6	出29:5	-	chapter
出28:4#2	31	32	6	出28:6	-	bare
出28:4#2	66	69	9註1	出28:9	1	bare
出28:4#2	84	88	15註2	出28:15	2	bare
出28:4#2	103	108	12～28	出28:12	-	bare
出28:4#2	158	163	林後一21	林後1:21	-	book
出28:4#2	164	168	彼後一3	彼後1:3	-	book
出28:4#2	170	173	2註2	彼後1:2	2	bare
出28:4#2	174	177	9註1	彼後1:9	1	bare
出28:4#2	178	182	15註2	彼後1:15	-	bare
出28:6#1	271	274	約一1	約1:1	-	book
出28:6#1	275	277	14	約1:14	-	bare
出28:6#1	343	346	三九3	出39:3	-	chapter
出28:7#1	30	31	8	出28:8	-	bare
出28:7#1	32	34	27	出28:27	-	bare
出28:7#1	93	97	9～12	出28:9	-	bare
出28:8#1	22	25	二九5	出29:5	-	chapter
出28:8#1	26	29	利八7	利8:7	-	book
出28:9#1	29	34	太十六18	太16:18	-	book
出28:9#1	35	39	約一42	約1:42	-	book
出28:9#1	40	44	彼前二5	彼前2:5	-	book
出28:9#1	46	52	創二12註1	創2:12	1	book
出28:9#1	112	116	22註1	出28:22	1	bare
出28:11#1	77	80	6註1	出28:6	1	bare
出28:11#1	144	148	彼後一4	彼後1:4	-	book
出28:14#1	56	59	6註1	出28:6	1	bare
出28:14#1	60	64	11註1	出28:11	1	bare
出28:15#1	1	5	30註3	出28:30	3	bare
出28:15#2	41	46	17～20	出28:17	-	bare
出28:15#2	95	104	林前三10～12上	林前3:10	-	book
出28:15#2	105	112	弗一22～23	弗1:22	-	book
出28:15#2	135	141	創二12註1	創2:12	1	book
出28:15#2	170	174	羅十二5	羅12:5	-	book
出28:15#2	175	181	林前十二27	林前12:27	-	book
出28:15#3	45	52	創二18～24	創2:18	-	book
出28:16#2	70	74	約十28	約10:28	-	book
出28:17#1	67	74	啟二一12註2	啟21:12	2	book
出28:17#1	75	79	13註1	啟21:13	1	bare
出28:17#1	80	85	二二2註4	啟22:2	4	chapter
出28:17#1	128	130	20	出28:20	-	bare
出28:17#1	226	228	29	出28:29	-	bare
出28:17#1	240	243	16下	出28:16	-	bare
出28:17#2	116	119	創二7	創2:7	-	book
出28:17#2	154	159	林後三18	林後3:18	-	book
出28:17#2	176	181	太十六18	太16:18	-	book
出28:17#2	182	186	約一42	約1:42	-	book
出28:17#2	187	191	彼前二5	彼前2:5	-	book
出28:17#2	192	200	啟二一18～20	啟21:18	-	book
出28:17#3	1	6	啟四3註2	啟4:3	2	book
出28:21#1	47	51	林後三3	林後3:3	-	book
出28:21#1	99	105	啟二二13上	啟22:13	-	book
可4:1#1	0	5	1～12節	可4:1	-	bare
可4:1#1	7	14	太十三1～15	太13:1	-	book
可4:1#2	1	6	一21註2	可1:21	2	chapter
可4:3#1	12	17	太十三37	太13:37	-	book
可4:3#1	31	33	14	可4:14	-	bare
可4:3#1	48	52	26註2	可4:26	2	bare
可4:3#2	23	29	一14～15	可1:14	-	chapter
可4:3#2	33	36	26節	可4:26	-	bare
可4:3#2	52	54	14	可4:14	-	bare
可4:11#1	84	87	3註1	可4:3	1	bare
可4:11#1	88	92	26註1	可4:26	1	bare
可4:11#1	93	97	21註1	可4:21	1	bare
可4:11#1	124	129	羅十四17	羅14:17	-	book
可4:21#1	65	69	腓二15	腓2:15	-	book
可4:21#1	79	83	啟一20	啟1:20	-	book
可4:21#1	125	131	啟二二1～2	啟22:1	-	book
可4:21#1	132	136	二一11	啟21:11	-	chapter
可4:21#1	137	142	23～24	啟21:23	-	bare
可4:21#2	1	7	太五15註1	太5:15	1	book
可4:21#3	1	7	太五15註2	太5:15	2	book
可4:24#1	1	4	太七2	太7:2	-	book
可4:24#1	5	9	路六38	路6:38	-	book
可4:25#1	19	27	太十三10～13	太13:10	-	book
可4:25#1	28	32	路八18	路8:18	-	book
可4:26#1	29	34	林前四15	林前4:15	-	book
可4:26#1	44	47	約三5	約3:5	-	book
可4:26#1	66	73	彼後一3～11	彼後1:3	-	book
可4:26#1	76	81	一15註1	可1:15	1	chapter
可4:26#2	12	15	3註1	可4:3	1	bare
可4:26#3	21	25	約壹三9	約壹3:9	-	book
可4:26#3	26	31	彼前一23	彼前1:23	-	book
可4:26#3	62	67	羅十四17	羅14:17	-	book
可4:26#3	132	138	林前三6～9	林前3:6	-	book
可4:26#3	141	145	啟十四4	啟14:4	-	book
可4:26#3	146	151	15～16	啟14:15	-	bare
可4:27#1	61	63	28	可4:28	-	bare
可4:28#1	7	8	8	可4:8	-	bare
可4:28#1	21	25	創一31	創1:31	-	book
可4:28#1	122	130	太十三24～30	太13:24	-	book
可4:29#2	15	20	啟十四16	啟14:16	-	book
可4:29#2	21	26	太十三39	太13:39	-	book
可4:30#1	0	6	30～32節	可4:30	-	bare
可4:30#1	8	16	太十三31～32	太13:31	-	book
可4:32#1	0	1	3	可4:3	-	bare
可4:32#1	2	5	26節	可4:26	-	bare
可4:32#1	11	14	21節	可4:21	-	bare
可4:33#1	20	28	太十三34～35	太13:34	-	book
出28:22#1	69	74	22～25	出28:22	-	bare
出28:22#1	75	82	三九15～18	出39:15	-	chapter
出28:22#1	94	96	29	出28:29	-	bare
出28:23#1	12	14	23	出28:23	-	bare
出28:23#1	15	20	26～28	出28:26	-	bare
出28:23#1	38	44	二五26註1	出25:26	1	chapter
出28:28#1	5	10	22～25	出28:22	-	bare
出28:28#1	11	15	22註1	出28:22	1	bare
出28:28#1	87	92	26～28	出28:26	-	bare
出28:28#1	93	100	三九19～21	出39:19	-	chapter
出28:30#1	126	130	約八12	約8:12	-	book
出28:30#1	131	135	弗五14	弗5:14	-	book
出28:30#2	133	137	來十二2	來12:2	-	book
出28:30#2	155	159	21註1	出28:21	1	bare
出28:30#2	191	195	啟三14	啟3:14	-	book
出28:30#2	210	213	來一2	來1:2	-	book
出28:30#2	267	270	羅八4	羅8:4	-	book
出28:30#2	271	273	14	羅8:14	-	bare
出28:30#3	35	39	申三三8	申33:8	-	book
出28:30#3	40	42	10	申33:10	-	bare
出28:30#3	68	73	路一6註4	路1:6	4	book
出28:30#3	124	126	30	出28:30	-	bare
出28:30#3	214	218	羅八14	羅8:14	-	book
出28:30#3	241	248	羅八1～13節	羅8:1	-	book
出28:30#3	266	272	羅八14註2	羅8:14	2	book
出28:30#3	444	448	林後三3	林後3:3	-	book
出28:31#1	37	44	弗一22～23	弗1:22	-	book
出28:31#2	32	35	弗一3	弗1:3	-	book
出28:31#2	36	38	二6	弗2:6	-	chapter
出28:32#1	29	34	民一3註2	民1:3	2	book
出28:33#1	20	24	31註1	出28:31	1	bare
出28:33#1	90	92	35	出28:35	-	bare
出28:36#1	14	17	二九6	出29:6	-	chapter
出28:36#2	59	65	羅六19註2	羅6:19	2	book
出28:36#2	123	128	36～43	出28:36	-	bare
出28:38#1	210	213	弗一4	弗1:4	-	book
出28:38#1	214	219	帖前三13	帖前3:13	-	book
出28:38#1	220	223	五23	帖前5:23	-	chapter
出28:39#1	81	83	42	出28:42	-	bare
出28:39#1	105	110	路十五22	路15:22	-	book
出28:39#1	111	116	林前一30	林前1:30	-	book
出28:39#1	136	138	43	出28:43	-	bare
出28:42#1	32	35	創三7	創3:7	-	book
可4:36#1	0	6	36～41節	可4:36	-	bare
可4:36#1	8	15	太八23～27	太8:23	-	book
可4:38#1	63	65	40	可4:40	-	bare
可4:41#1	29	32	創一9	創1:9	-	book
可4:41#1	33	40	伯三八8～11	伯38:8	-	book
可5:1#1	0	5	1～20節	可5:1	-	bare
可5:1#1	7	14	太八28～34	太8:28	-	book
可5:3#1	16	20	詩八八3	詩88:3	-	book
可5:3#1	21	22	5	詩88:5	-	bare
可5:8#1	1	6	一23註1	可1:23	1	chapter
可5:22#1	0	6	22～43節	可5:22	-	bare
可5:22#1	8	15	太九18～26	太9:18	-	book
可5:25#1	167	170	弗二1	弗2:1	-	book
可5:25#1	193	198	彼前二24	彼前2:24	-	book
可5:25#1	212	219	約五24～25	約5:24	-	book
可5:28#1	70	74	徒十38	徒10:38	-	book
可5:28#1	77	82	一31註1	可1:31	1	chapter
可5:30#1	16	19	約一1	約1:1	-	book
可5:30#1	20	22	14	約1:14	-	bare
可5:30#1	70	73	西二9	西2:9	-	book
可5:34#1	21	23	30	可5:30	-	bare
可5:34#2	1	5	28註1	可5:28	1	bare
可5:43#1	1	6	一44註1	可1:44	1	chapter
出29:1#1	71	73	24	出29:24	-	bare
出29:1#1	75	81	二八41註1	出28:41	1	chapter
出29:1#1	103	109	來十5～10	來10:5	-	book
出29:1#1	120	123	弗三8	弗3:8	-	book
出29:1#1	151	152	4	出29:4	-	bare
出29:1#1	169	172	5～9	出29:5	-	bare
出29:1#1	190	195	10～14	出29:10	-	bare
出29:1#1	208	213	15～18	出29:15	-	bare
出29:1#1	231	236	19～28	出29:19	-	bare
出29:1#1	263	267	28註2	出29:28	2	bare
出29:1#2	11	16	10～14	出29:10	-	bare
出29:1#2	29	34	15～18	出29:15	-	bare
出29:1#2	48	53	19～28	出29:19	-	bare
出29:1#2	167	172	加二20上	加2:20	-	book
出29:1#2	194	202	約二十17與註1	約20:17	1	book
出29:1#2	203	207	弗二6上	弗2:6	-	book
出29:2#1	27	31	約一29	約1:29	-	book
出29:2#1	64	69	約十二24	約12:24	-	book
出29:2#2	1	6	利二4註2	利2:4	2	book
出29:2#2	7	10	40節	出29:40	-	bare
出29:4#1	27	31	來十22	來10:22	-	book
出29:4#1	32	36	約十五3	約15:3	-	book
出29:4#1	38	42	弗五26	弗5:26	-	book
出29:5#1	27	30	二八2	出28:2	-	chapter
出29:5#1	89	94	羅八7～8	羅8:7	-	book
出29:5#1	119	120	5	出29:5	-	bare
出29:5#1	121	122	9	出29:9	-	bare
出29:5#1	137	142	32～33	出29:32	-	bare
出29:5#1	178	186	路十五22～23	路15:22	-	book
出29:6#1	16	23	二八36～38	出28:36	-	chapter
出29:7#1	1	5	21註1	出29:21	1	bare
出29:10#1	3	5	15	出29:15	-	bare
出29:10#1	6	9	19節	出29:19	-	bare
出29:10#1	32	35	利一4	利1:4	-	book
出29:10#1	36	40	徒十三3	徒13:3	-	book
出29:10#1	109	114	利一5～9	利1:5	-	book
出29:11#1	32	37	賽五三10	賽53:10	-	book
出29:12#1	50	55	二七2註1	出27:2	1	chapter
出29:13#2	39	45	13～14節	出29:13	-	bare
出29:13#2	129	135	創三24註1	創3:24	1	book
出29:13#2	137	140	14節	出29:14	-	bare
出29:13#2	192	200	來十三11～13	來13:11	-	book
出29:14#1	9	15	利五1～六7	利5:1	-	book
出29:14#1	16	20	來九28	來9:28	-	book
出29:14#1	21	26	彼前二24	彼前2:24	-	book
出29:14#1	27	30	三18	彼前3:18	-	chapter
出29:14#1	58	64	利四1～35	利4:1	-	book
出29:14#1	65	68	羅八3	羅8:3	-	book
出29:14#1	69	74	林後五21	林後5:21	-	book
出29:14#1	75	79	來九26	來9:26	-	book
出29:14#1	127	135	羅七17～18上	羅7:17	-	book
出29:14#1	136	143	約壹一8與註1	約壹1:8	1	book
出29:14#1	181	185	羅五19	羅5:19	-	book
出29:14#1	195	200	林後五21	林後5:21	-	book
出29:14#1	233	236	腓三3	腓3:3	-	book
出29:14#1	288	291	1～2	出29:1	-	bare
出29:14#1	292	297	32～33	出29:32	-	bare
出29:14#1	343	347	羅五10	羅5:10	-	book
出29:14#1	348	349	1	羅5:1	-	bare
出29:14#1	375	380	38～42	出29:38	-	bare
出29:16#1	16	19	弗一7	弗1:7	-	book
出29:16#1	20	24	來九12	來9:12	-	book
出29:16#1	25	33	彼前一18～19	彼前1:18	-	book
出29:18#1	19	23	約五19	約5:19	-	book
出29:18#1	24	26	30	約5:30	-	bare
出29:18#1	27	30	六38	約6:38	-	chapter
出29:18#1	31	34	七18	約7:18	-	chapter
出29:18#1	35	38	八29	約8:29	-	chapter
出29:18#1	39	43	十四24	約14:24	-	chapter
出29:18#1	55	61	民二八2～3	民28:2	-	book
出29:18#1	74	76	16	出29:16	-	bare
出29:18#1	92	96	來九14	來9:14	-	book
出29:20#1	65	70	二一2～6	出21:2	-	chapter
出29:20#1	71	77	賽五十4～5	賽50:4	-	book
出29:20#1	78	85	路十38～42	路10:38	-	book
出29:20#1	104	109	利十四14	利14:14	-	book
出29:21#1	51	58	三十22～33	出30:22	-	chapter
出29:21#1	160	163	羅七6	羅7:6	-	book
出29:21#1	168	170	7節	出29:7	-	bare
出29:21#1	197	202	詩一三三2	詩133:2	-	book
出29:21#1	303	309	三十25註2	出30:25	2	chapter
出29:21#1	310	314	26註1	出30:26	1	bare
可6:2#1	1	6	一21註2	可1:21	2	chapter
可6:3#1	1	8	太十三55註1	太13:55	1	book
可6:3#1	22	28	賽五三2～3	賽53:2	-	book
可6:3#1	106	111	林後五16	林後5:16	-	book
可6:3#1	131	134	羅一4	羅1:4	-	book
可6:3#1	176	180	賽十一1	賽11:1	-	book
可6:3#1	189	193	耶二三5	耶23:5	-	book
可6:3#1	194	198	三三15	耶33:15	-	chapter
可6:3#1	217	220	亞三8	亞3:8	-	book
可6:3#1	221	224	六12	亞6:12	-	chapter
可6:3#1	241	244	羅一3	羅1:3	-	book
可6:3#1	269	272	賽四2	賽4:2	-	book
可6:3#1	292	295	羅一4	羅1:4	-	book
可6:5#1	1	8	太十三58註1	太13:58	1	book
可6:5#2	1	6	一31註1	可1:31	1	chapter
可6:7#1	1	6	一23註1	可1:23	1	chapter
可6:7#1	7	12	太十1註2	太10:1	2	book
可6:8#1	1	6	太十9註1	太10:9	1	book
可6:12#1	1	6	一14註3	可1:14	3	chapter
可6:13#1	1	6	一23註1	可1:23	1	chapter
可6:27#1	39	46	太十四10註1	太14:10	1	book
可6:31#1	1	6	三20註2	可3:20	2	chapter
可6:32#1	0	6	32～44節	可6:32	-	bare
可6:32#1	8	16	太十四13～21	太14:13	-	book
可6:34#1	35	39	43註1	可6:43	1	bare
可6:37#1	1	6	約六7註1	約6:7	1	book
可6:40#1	93	97	歌五13	歌5:13	-	book
可6:40#1	98	100	六2	歌6:2	-	chapter
可6:43#1	20	24	羅四17	羅4:17	-	book
可6:43#1	48	51	弗三8	弗3:8	-	book
可6:43#1	52	56	腓一19	腓1:19	-	book
出29:22#1	61	66	22～25	出29:22	-	bare
出29:22#1	95	97	26	出29:26	-	bare
出29:22#1	133	138	27～28	出29:27	-	bare
出29:22#1	139	144	31～32	出29:31	-	bare
出29:22#1	151	153	22	出29:22	-	bare
出29:22#1	202	203	2	出29:2	-	bare
出29:22#1	204	206	23	出29:23	-	bare
出29:22#1	259	264	利二4註4	利2:4	4	book
出29:22#1	312	317	24～25	出29:24	-	bare
出29:22#1	387	391	24註1	出29:24	1	bare
出29:23#1	24	29	利二1註2	利2:1	2	book
出29:23#1	45	47	22	出29:22	-	bare
出29:25#1	11	13	24	出29:24	-	bare
出29:25#1	50	55	羅十五16	羅15:16	-	book
出29:25#1	56	64	來十三15～16	來13:15	-	book
出29:26#2	81	86	林前九23	林前9:23	-	book
出29:28#2	21	25	22註1	出29:22	1	bare
出29:28#2	83	89	二八41註1	出28:41	1	chapter
出29:28#2	303	310	羅六19與註2	羅6:19	2	book
出29:31#1	43	45	18	出29:18	-	bare
出29:31#1	46	48	25	出29:25	-	bare
出29:31#1	75	80	十二9註1	出12:9	1	chapter
出29:32#1	69	73	約六51	約6:51	-	book
出29:32#1	112	117	民十八26	民18:26	-	book
出29:33#1	1	7	利十六1註1	利16:1	1	book
出29:33#2	22	27	31～32	出29:31	-	bare
出29:34#2	15	20	彼後一19	彼後1:19	-	book
出29:34#2	21	24	瑪四2	瑪4:2	-	book
出29:36#1	11	13	35	出29:35	-	bare
出29:36#1	74	78	30註1	出29:30	1	bare
出29:36#1	81	85	14註1	出29:14	1	bare
出29:36#2	14	19	林後五21	林後5:21	-	book
出29:36#3	70	72	37	出29:37	-	bare
出29:38#1	18	24	38～42上	出29:38	-	bare
出29:38#1	36	41	40～41	出29:40	-	bare
出29:38#1	43	48	利二4註2	利2:4	2	book
出29:38#1	59	64	40～41	出29:40	-	bare
出29:38#1	86	90	約一29	約1:29	-	book
出29:38#1	96	99	腓二8	腓2:8	-	book
出29:38#1	100	107	羅五18～19	羅5:18	-	book
出29:38#1	120	124	賽五三7	賽53:7	-	book
出29:38#1	133	134	2	出29:2	-	bare
出29:38#1	157	161	約六41	約6:41	-	book
出29:38#1	162	166	十二24	約12:24	-	chapter
出29:38#1	180	186	林前十五45	林前15:45	-	book
出29:38#1	187	192	林後三17	林後3:17	-	book
出29:38#1	233	240	腓二17與註1	腓2:17	1	book
出29:38#1	384	386	36	出29:36	-	bare
出29:40#1	1	8	利二三13註2	利23:13	2	book
出29:46#1	19	24	29～30	出29:29	-	bare
出29:46#1	33	38	31～34	出29:31	-	bare
出29:46#1	51	57	35～42上	出29:35	-	bare
出29:46#1	97	100	42下	出29:42	-	bare
出29:46#1	101	106	45～46	出29:45	-	bare
可6:45#1	0	6	45～51節	可6:45	-	bare
可6:45#1	8	16	太十四22～32	太14:22	-	book
可6:46#1	1	6	一35註1	可1:35	1	chapter
可6:48#1	1	4	四38	可4:38	-	chapter
可6:48#1	85	88	伯九8	伯9:8	-	book
可6:56#1	1	7	太九20註4	太9:20	4	book
可6:56#1	8	14	可五30註1	可5:30	1	book
可6:56#2	6	11	五28註1	可5:28	1	chapter
可7:1#1	0	5	1～23節	可7:1	-	bare
可7:1#1	7	14	太十五1～20	太15:1	-	book
可7:5#1	1	5	二6註1	可2:6	1	chapter
可7:6#1	1	6	太六2註2	太6:2	2	book
可7:10#2	1	7	太十五4註3	太15:4	3	book
可7:15#1	12	16	徒十一8	徒11:8	-	book
可7:23#1	27	29	21	可7:21	-	bare
可7:23#1	30	34	羅七18	羅7:18	-	book
可7:24#1	0	6	24～30節	可7:24	-	bare
可7:24#1	8	16	太十五21～28	太15:21	-	book
可7:26#1	17	23	徒二一2～3	徒21:2	-	book
可7:26#1	49	54	太十五22	太15:22	-	book
可7:29#1	1	6	一23註1	可1:23	1	chapter
出30:1#1	13	14	3	出30:3	-	bare
出30:1#2	25	29	羅八34	羅8:34	-	book
出30:1#2	30	34	來七25	來7:25	-	book
出30:1#2	35	38	啟八3	啟8:3	-	book
出30:1#2	121	126	啟八3～6	啟8:3	-	book
出30:1#2	179	183	提前二1	提前2:1	-	book
出30:1#2	249	253	路一10	路1:10	-	book
出30:1#2	329	334	來九4註3	來9:4	3	book
出30:1#2	421	424	啟八3	啟8:3	-	book
出30:1#2	450	455	啟四2註2	啟4:2	2	book
出30:1#2	488	491	7註1	出30:7	1	bare
出30:2#1	124	128	二五10	出25:10	-	chapter
出30:2#1	129	131	23	出25:23	-	bare
出30:3#1	1	4	1註1	出30:1	1	bare
出30:3#2	1	7	二五11註2	出25:11	2	chapter
出30:4#1	33	34	5	出30:5	-	bare
出30:6#1	21	26	來九4註1	來9:4	1	book
出30:6#1	48	52	約一14	約1:14	-	book
出30:6#1	116	123	來十19～20	來10:19	-	book
出30:6#1	148	152	約六57	約6:57	-	book
出30:7#1	8	13	詩一四一2	詩141:2	-	book
出30:7#1	14	21	路一10～11	路1:10	-	book
出30:7#1	22	27	啟八3～4	啟8:3	-	book
出30:7#1	43	47	35註3	出30:35	3	bare
出30:7#1	48	53	啟八3註4	啟8:3	4	book
出30:9#1	29	32	7註1	出30:7	1	bare
出30:9#1	38	41	利十1	利10:1	-	book
出30:9#1	64	68	35註1	出30:35	1	bare
出30:10#2	19	22	利四7	利4:7	-	book
出30:10#2	37	45	利十六12～13	利16:12	-	book
出30:12#1	13	15	14	出30:14	-	bare
出30:12#1	16	21	民一2～3	民1:2	-	book
出30:12#1	53	57	三八26	出38:26	-	chapter
出30:12#1	58	65	民一45～46	民1:45	-	book
出30:12#1	66	69	二32	民2:32	-	chapter
出30:12#1	219	225	二三23註1	出23:23	1	chapter
出30:13#2	73	76	弗二6	弗2:6	-	book
出30:13#2	77	80	六12	弗6:12	-	chapter
出30:13#2	113	115	12	出30:12	-	bare
出30:13#2	118	124	弗六10註3	弗6:10	3	book
出30:13#2	179	187	太十七24～27	太17:24	-	book
出30:14#1	17	22	民一2～3	民1:2	-	book
出30:16#1	30	34	12註1	出30:12	1	bare
出30:16#1	52	59	三八25～28	出38:25	-	chapter
出30:18#1	12	18	二六37註2	出26:37	2	chapter
出30:18#1	45	48	三八8	出38:8	-	chapter
出30:18#2	101	107	林前十五45	林前15:45	-	book
出30:18#2	108	111	六11	林前6:11	-	chapter
出30:18#2	112	115	多三5	多3:5	-	book
出30:18#2	148	152	約三34	約3:34	-	book
出30:18#3	61	66	20～21	出30:20	-	bare
出30:18#4	21	25	弗五26	弗5:26	-	book
出30:19#1	23	27	約壹一7	約壹1:7	-	book
出30:19#1	53	57	約十三5	約13:5	-	book
可7:31#2	1	8	太十五29註1	太15:29	1	book
可7:32#1	28	32	賽三五6	賽35:6	-	book
可7:32#1	43	48	賽五六10	賽56:10	-	book
可7:33#1	33	39	賽五十4～5	賽50:4	-	book
可7:33#1	40	48	伯三三14～16	伯33:14	-	book
可7:33#1	90	95	一31註1	可1:31	1	chapter
可7:36#1	1	6	一44註1	可1:44	1	chapter
可8:1#1	0	5	1～10節	可8:1	-	bare
可8:1#1	7	15	太十五32～39	太15:32	-	book
可8:3#1	1	4	2註1	可8:2	1	bare
可8:8#1	1	6	六43註1	可6:43	1	chapter
可8:10#1	15	20	太十五39	太15:39	-	book
可8:11#1	0	6	11～21節	可8:11	-	bare
可8:11#1	8	15	太十六1～12	太16:1	-	book
可8:11#2	1	5	二6註1	可2:6	1	chapter
可8:15#1	1	8	太十三33註1	太13:33	1	book
可8:15#1	25	29	路十二1	路12:1	-	book
可8:15#1	50	55	六27註1	可6:27	1	chapter
可8:22#1	20	25	徒二六18	徒26:18	-	book
可8:22#1	26	30	彼後一9	彼後1:9	-	book
可8:23#1	31	36	九36註1	可9:36	1	chapter
可8:23#2	49	51	26	可8:26	-	bare
可8:23#3	8	13	徒二六18	徒26:18	-	book
可8:23#3	45	50	約九6註1	約9:6	1	book
可8:25#1	1	6	一31註1	可1:31	1	chapter
可8:26#1	28	33	一44註1	可1:44	1	chapter
出30:25#2	23	28	23～24	出30:23	-	bare
出30:25#2	82	88	林前十五45	林前15:45	-	book
出30:25#2	90	96	約七39註1	約7:39	1	book
出30:25#2	97	103	腓一19註2	腓1:19	2	book
出30:25#2	137	142	約十九39	約19:39	-	book
出30:25#2	154	157	羅六3	羅6:3	-	book
出30:25#2	179	183	羅八13	羅8:13	-	book
出30:25#2	223	226	弗二6	弗2:6	-	book
出30:25#2	227	230	西三1	西3:1	-	book
出30:25#2	231	235	彼前一3	彼前1:3	-	book
出30:25#2	263	267	腓三10	腓3:10	-	book
出30:25#2	304	307	創一2	創1:2	-	book
出30:25#2	320	324	創一26	創1:26	-	book
出30:25#2	332	335	結一5	結1:5	-	book
出30:25#2	349	353	申四35	申4:35	-	book
出30:25#2	354	358	提前二5	提前2:5	-	book
出30:25#2	439	445	利二4與註2	利2:4	2	book
出30:25#2	485	490	太二六36	太26:36	-	book
出30:25#2	501	507	羅八9與註4	羅8:9	4	book
出30:25#2	596	603	太二五2與註1	太25:2	1	book
出30:25#2	676	682	創六15註2	創6:15	2	book
出30:26#1	67	72	26～30	出30:26	-	bare
出30:26#1	74	78	彼前一2	彼前1:2	-	book
出30:26#1	79	84	林前六11	林前6:11	-	book
出30:26#1	85	90	羅十五16	羅15:16	-	book
出30:26#1	181	186	約二十22	約20:22	-	book
出30:26#1	187	192	約壹二20	約壹2:20	-	book
出30:26#1	193	195	27	約壹2:27	-	bare
出30:26#1	196	201	林後一21	林後1:21	-	book
出30:26#1	202	207	林前六17	林前6:17	-	book
出30:26#1	337	344	彼前二5與註7	彼前2:5	7	book
出30:30#1	1	8	詩一三三1～2	詩133:1	-	book
出30:32#1	21	24	創六3	創6:3	-	book
出30:32#1	25	29	加二16	加2:16	-	book
出30:32#2	40	47	加五22～23	加5:22	-	book
出30:33#1	43	47	32註1	出30:32	1	bare
出30:34#1	69	72	結一5	結1:5	-	book
出30:34#1	167	172	約十二24	約12:24	-	book
出30:34#1	226	230	約一29	約1:29	-	book
出30:34#1	410	415	約十二24	約12:24	-	book
出30:34#1	416	424	彼前一18～19	彼前1:18	-	book
出30:34#1	425	429	來二14	來2:14	-	book
出30:34#1	470	472	35	出30:35	-	bare
出30:34#1	493	497	太二五2	太25:2	-	book
出30:34#1	500	504	25註2	出30:25	2	bare
出30:34#2	77	80	弗三8	弗3:8	-	book
出30:34#2	81	83	18	弗3:18	-	bare
出30:35#1	14	18	太五13	太5:13	-	book
出30:35#1	118	120	24	出30:24	-	bare
出30:35#3	4	9	23～25	出30:23	-	bare
出30:35#3	157	160	1註2	出30:1	2	bare
出30:36#1	2	8	35～36節	出30:35	-	bare
出30:36#2	30	36	十六34註1	出16:34	1	chapter
出30:37#1	37	42	太六5～6	太6:5	-	book
出31:2#1	55	61	林前三10上	林前3:10	-	book
出31:2#1	62	67	林後十二9	林後12:9	-	book
出31:3#1	28	33	林前三10	林前3:10	-	book
出31:3#1	34	38	弗四12	弗4:12	-	book
出31:3#1	39	41	16	弗4:16	-	bare
出31:3#1	82	89	西一28～29	西1:28	-	book
出31:4#1	51	56	林前三12	林前3:12	-	book
出31:5#1	107	110	弗四2	弗4:2	-	book
出31:6#1	10	11	2	出31:2	-	bare
出31:6#1	22	27	創四九10	創49:10	-	book
出31:6#1	40	44	來七14	來7:14	-	book
出31:6#1	57	58	6	出31:6	-	bare
出31:6#1	68	73	創四九17	創49:17	-	book
出31:6#1	124	132	代下二11～14	代下2:11	-	book
出31:6#1	172	179	弗四11～16	弗4:11	-	book
出31:13#1	12	18	二十8～11	出20:8	-	chapter
出31:13#1	84	86	17	出31:17	-	bare
出31:13#1	138	140	16	出31:16	-	bare
出31:13#1	205	208	創二2	創2:2	-	book
出31:13#2	1	7	二十10註1	出20:10	1	chapter
出31:18#1	1	9	二十1～二三19	出20:1	-	chapter
出31:18#1	23	27	二四12	出24:12	-	chapter
出31:18#1	57	62	二十1註1	出20:1	1	chapter
出31:18#1	100	108	二五1～三一17	出25:1	-	chapter
出31:18#1	198	205	來九1～十22	來9:1	-	book
可8:27#1	0	6	27～29節	可8:27	-	bare
可8:27#1	8	16	太十六13～16	太16:13	-	book
可8:31#1	0	5	31～九1	可8:31	-	bare
可8:31#1	7	15	太十六21～28	太16:21	-	book
可9:2#1	0	5	2～13節	可9:2	-	bare
可9:2#1	7	14	太十七1～13	太17:1	-	book
可9:9#1	1	6	一44註1	可1:44	1	chapter
可9:14#2	1	5	二6註1	可2:6	1	chapter
可9:17#1	0	6	17～29節	可9:17	-	bare
可9:17#1	8	16	太十七14～21	太17:14	-	book
可9:25#1	1	6	一23註1	可1:23	1	chapter
可9:27#1	1	6	八23註1	可8:23	1	chapter
出32:1#1	39	44	二十2～7	出20:2	-	chapter
出32:1#1	68	75	羅一18～32	羅1:18	-	book
出32:1#1	78	86	約壹五21與註3	約壹5:21	3	book
出32:2#1	29	33	創三五4	創35:4	-	book
出32:2#1	65	72	十二35～36	出12:35	-	chapter
出32:2#1	84	87	二五3	出25:3	-	chapter
出32:2#1	88	91	三五5	出35:5	-	chapter
出32:4#1	74	77	4～6	出32:4	-	bare
出32:4#1	78	79	8	出32:8	-	bare
出32:4#1	121	130	詩一○六19～20	詩106:19	-	book
出32:4#1	131	135	羅一23	羅1:23	-	book
出32:4#1	200	208	林前一10～13	林前1:10	-	book
出32:4#1	209	216	十一18～19	林前11:18	-	chapter
出32:4#1	232	238	啟十七1～5	啟17:1	-	book
出32:4#1	253	259	民二五1～2	民25:1	-	book
出32:4#1	260	264	啟二20	啟2:20	-	book
出32:4#2	27	33	創十八7～8	創18:7	-	book
出32:4#2	34	39	路十五23	路15:23	-	book
出32:4#2	66	67	6	出32:6	-	bare
出32:4#2	68	74	18～19上	出32:18	-	bare
出32:7#1	34	41	羅一18～32	羅1:18	-	book
出32:11#1	46	51	11～13	出32:11	-	bare
出32:11#1	85	87	14	出32:14	-	bare
出32:19#1	5	7	15	出32:15	-	bare
出32:20#1	23	30	羅一23～25	羅1:23	-	book
出32:20#1	31	37	加六7～8上	加6:7	-	book
出32:26#1	35	38	4註1	出32:4	1	bare
出32:27#2	70	77	申三三8～10	申33:8	-	book
出32:27#2	99	102	十九6	出19:6	-	chapter
出32:27#2	179	182	啟一6	啟1:6	-	book
出32:27#2	183	186	五10	啟5:10	-	chapter
出32:30#1	73	80	三三11與註1	出33:11	1	chapter
出33:2#1	12	18	十四19註1	出14:19	1	chapter
出33:6#1	45	50	三二2註1	出32:2	1	chapter
出33:6#1	52	58	創三五1～4	創35:1	-	book
出33:7#1	85	93	來十三12～13	來13:12	-	book
出33:7#1	96	104	來十三12～13	來13:12	-	book
出33:11#1	42	47	代下二十7	代下20:7	-	book
出33:11#1	48	52	賽四一8	賽41:8	-	book
出33:11#1	53	57	雅二23	雅2:23	-	book
出33:14#1	12	18	12～17節	出33:12	-	bare
出33:14#1	75	82	約十四6與註1	約14:6	1	book
出33:14#1	83	87	來十一8	來11:8	-	book
出33:14#1	119	124	賽二九13	賽29:13	-	book
出33:22#1	23	26	十七6	出17:6	-	chapter
出33:22#1	53	56	太五8	太5:8	-	book
出33:22#1	57	61	啟二二4	啟22:4	-	book
可9:36#1	21	26	八23註1	可8:23	1	chapter
可9:36#1	27	32	十14註2	可10:14	2	chapter
可9:38#1	29	34	三17註1	可3:17	1	chapter
可9:38#1	46	51	民十一28	民11:28	-	book
可9:39#1	49	56	腓一16～18	腓1:16	-	book
可9:39#1	65	73	民十一26～29	民11:26	-	book
可9:39#1	97	103	38～50節	可9:38	-	bare
可9:39#1	109	115	33～37節	可9:33	-	bare
可9:39#1	182	188	十35～45	可10:35	-	chapter
可9:40#1	3	8	太十二30	太12:30	-	book
可9:40#1	62	64	39	可9:39	-	bare
可9:40#1	95	100	太十二24	太12:24	-	book
可9:41#3	17	22	路十四14	路14:14	-	book
可9:41#3	25	31	來十35註1	來10:35	1	book
可9:41#3	32	39	林後五10註2	林後5:10	2	book
可9:42#1	39	42	37節	可9:37	-	bare
可9:43#2	1	7	太五29註1	太5:29	1	book
可9:43#3	32	35	十30	可10:30	-	chapter
可9:43#3	37	44	太十九29註3	太19:29	3	book
可9:43#3	66	68	47	可9:47	-	bare
可9:43#4	1	7	太五22註9	太5:22	9	book
可9:43#5	29	33	啟二11	啟2:11	-	book
可9:43#5	55	59	49註1	可9:49	1	bare
可9:44#1	6	9	44節	可9:44	-	bare
可9:46#1	6	9	46節	可9:46	-	bare
可9:47#1	15	19	43註3	可9:43	3	bare
可9:48#1	10	12	44	可9:44	-	bare
可9:48#1	13	16	46節	可9:46	-	bare
可9:48#1	19	24	賽六六24	賽66:24	-	book
可9:48#1	25	32	太五29～30	太5:29	-	book
可9:48#1	33	38	十八8～9	太18:8	-	chapter
可9:48#1	39	43	路十二5	路12:5	-	book
可9:49#1	9	12	瑪三2	瑪3:2	-	book
可9:49#1	36	41	賽三三14	賽33:14	-	book
可9:49#1	77	81	43註5	可9:43	5	bare
可9:49#1	105	109	彼前一7	彼前1:7	-	book
可9:49#1	110	113	四12	彼前4:12	-	chapter
可9:49#1	114	116	17	彼前4:17	-	bare
可9:49#2	23	27	利二13	利2:13	-	book
可9:49#2	28	33	結四三24	結43:24	-	book
可9:50#1	1	7	太五13註2	太5:13	2	book
可9:50#1	18	22	太五13	太5:13	-	book
可9:50#1	23	28	路十四34	路14:34	-	book
可9:50#1	201	204	西四6	西4:6	-	book
可9:50#1	232	237	38～50	可9:38	-	bare
可9:50#2	1	7	太五13註3	太5:13	3	book
可10:1#1	35	40	一14註2	可1:14	2	chapter
可10:1#1	79	83	約一29	約1:29	-	book
可10:1#1	127	131	創二二2	創22:2	-	book
可10:1#1	132	136	9～14	創22:9	-	bare
可10:1#1	154	158	代下三1	代下3:1	-	book
可10:1#1	172	176	徒二23	徒2:23	-	book
可10:1#1	193	196	九31	可9:31	-	chapter
可10:1#1	197	200	十33	可10:33	-	chapter
可10:1#1	219	222	八31	可8:31	-	chapter
可10:1#1	223	227	徒四11	徒4:11	-	book
可10:1#1	251	259	約十八31～32	約18:31	-	book
可10:1#1	262	265	十九6	約19:6	-	chapter
可10:1#1	266	271	14～15	約19:14	-	bare
可10:1#1	288	294	民二一8～9	民21:8	-	book
可10:1#1	295	299	約三14	約3:14	-	book
可10:1#1	331	338	但九24～26	但9:24	-	book
可10:1#1	355	359	林前五7	林前5:7	-	book
可10:1#1	373	380	出十二1～11	出12:1	-	book
可10:1#1	395	399	約十二1	約12:1	-	book
可10:1#1	400	404	可十四1	可14:1	-	book
可10:1#1	413	415	33	可10:33	-	bare
可10:1#1	416	419	十一1	可11:1	-	chapter
可10:1#1	420	422	11	可11:11	-	bare
可10:1#1	423	425	15	可11:15	-	bare
可10:1#1	426	428	27	可11:27	-	bare
可10:1#1	429	434	約十二12	約12:12	-	book
可10:1#1	465	472	十四12～17	可14:12	-	chapter
可10:1#1	473	478	約十八28	約18:28	-	book
可10:1#2	1	6	一21註2	可1:21	2	chapter
可10:2#1	0	5	2～12節	可10:2	-	bare
可10:2#1	7	13	太十九3～9	太19:3	-	book
可10:2#2	1	5	二6註1	可2:6	1	chapter
出34:1#1	20	24	三二19	出32:19	-	chapter
出34:1#1	25	30	三四10上	出34:10	-	chapter
出34:4#1	41	45	箴四18	箴4:18	-	book
出34:4#1	82	83	3	出34:3	-	bare
出34:4#1	85	89	可一35	可1:35	-	book
出34:10#1	79	84	申八7註1	申8:7	1	book
出34:10#1	102	105	啟一2	啟1:2	-	book
出34:10#1	106	111	林前三16	林前3:16	-	book
出34:14#1	0	6	12～17節	出34:12	-	bare
出34:14#1	30	35	二十2～7	出20:2	-	chapter
出34:14#1	91	96	10～11	出34:10	-	bare
出34:14#1	166	173	西一12～13	西1:12	-	book
出34:14#1	194	199	約壹五21	約壹5:21	-	book
出34:18#1	81	89	路十五18～32	路15:18	-	book
出34:18#1	90	94	19註2	路15:19	2	bare
出34:18#1	132	138	創二17註1	創2:17	1	book
出34:18#1	144	146	18	出34:18	-	bare
出34:18#1	147	153	22～23節	出34:22	-	bare
出34:18#1	166	173	二三14～16	出23:14	-	chapter
出34:19#1	1	6	十三2註2	出13:2	2	chapter
出34:20#1	1	7	十三13註1	出13:13	1	chapter
出34:21#1	11	13	18	出34:18	-	bare
出34:21#1	14	19	22～23	出34:22	-	bare
出34:23#1	18	20	21	出34:21	-	bare
出34:24#2	25	31	二三23註1	出23:23	1	chapter
出34:24#2	56	61	代上四10	代上4:10	-	book
出34:25#1	1	7	二三18註1	出23:18	1	chapter
出34:25#2	40	45	彼後一19	彼後1:19	-	book
出34:25#2	48	54	二九34註2	出29:34	2	chapter
出34:26#1	1	7	二三19註1	出23:19	1	chapter
出34:26#2	1	7	二三19註2	出23:19	2	chapter
出34:27#1	111	115	林前一9	林前1:9	-	book
出34:27#1	116	118	五8	林前5:8	-	chapter
出34:27#1	185	189	29註1	出34:29	1	bare
出34:29#1	11	15	民七89	民7:89	-	book
出34:29#1	105	109	林後三3	林後3:3	-	book
出34:33#1	1	6	林後三13	林後3:13	-	book
出34:34#1	1	6	林後三18	林後3:18	-	book
出34:34#1	7	11	18註3	林後3:18	3	bare
出35:2#1	113	119	林前十五10	林前15:10	-	book
出35:2#1	122	128	三一13註1	出31:13	1	chapter
出35:5#1	0	4	5～9節	出35:5	-	bare
出35:5#1	6	11	二五2～7	出25:2	-	chapter
出35:5#2	30	37	十二35～36	出12:35	-	chapter
出35:5#2	53	54	5	出35:5	-	bare
出35:5#2	55	60	21～22	出35:21	-	bare
出35:5#2	61	63	24	出35:24	-	bare
出35:5#2	64	66	29	出35:29	-	bare
出35:5#2	67	70	三六3	出36:3	-	chapter
出35:5#2	121	126	二五2註1	出25:2	1	chapter
出35:10#1	0	2	10	出35:10	-	bare
出35:10#1	3	8	30～35	出35:30	-	bare
出35:10#1	9	14	三六1～2	出36:1	-	chapter
出35:10#1	15	22	三八22～23	出38:22	-	chapter
出35:10#1	42	48	三一1～11	出31:1	-	chapter
出35:21#1	54	59	拉一5～6	拉1:5	-	book
出35:21#1	60	66	林前十五58	林前15:58	-	book
出35:34#1	39	43	徒二42	徒2:42	-	book
出35:34#1	44	48	提前三2	提前3:2	-	book
出35:34#1	49	52	五17	提前5:17	-	chapter
可10:14#1	13	17	三5註1	可3:5	1	chapter
可10:14#2	24	28	21註1	可10:21	1	bare
可10:14#2	29	34	九36註1	可9:36	1	chapter
可10:14#3	1	8	太十九14註1	太19:14	1	book
可10:17#1	0	6	17～31節	可10:17	-	bare
可10:17#1	8	16	太十九16～30	太19:16	-	book
可10:21#1	17	21	14註2	可10:14	2	bare
可10:21#1	22	26	49註1	可10:49	1	bare
可10:30#2	1	6	九43註3	可9:43	3	chapter
可10:33#1	19	22	八31	可8:31	-	chapter
可10:33#1	23	26	九31	可9:31	-	chapter
可10:33#1	41	44	1註1	可10:1	1	bare
可10:33#1	83	85	32	可10:32	-	bare
可10:33#1	97	101	徒二23	徒2:23	-	book
可10:33#1	112	115	腓二8	腓2:8	-	book
可10:33#1	129	134	賽五三10	賽53:10	-	book
可10:33#1	154	162	路二四25～26	路24:25	-	book
可10:33#1	189	197	約十二23～24	約12:23	-	book
可10:33#1	198	202	羅八29	羅8:29	-	book
可10:33#1	222	226	來十二2	來12:2	-	book
可10:33#1	274	278	十六19	可16:19	-	chapter
可10:33#1	279	286	徒二33～35	徒2:33	-	book
可10:33#1	302	308	腓二9～10	腓2:9	-	book
可10:33#1	319	323	徒二36	徒2:36	-	book
可10:33#1	337	340	來二9	來2:9	-	book
可10:33#2	1	5	二6註1	可2:6	1	chapter
可10:33#3	1	8	太二十18註1	太20:18	1	book
可10:35#1	0	6	35～45節	可10:35	-	bare
可10:35#1	8	16	太二十20～28	太20:20	-	book
可10:38#1	14	19	約十八11	約18:11	-	book
可10:38#1	20	25	路十二50	路12:50	-	book
可10:46#1	1	6	八22註1	可8:22	1	chapter
可10:47#1	1	8	太二十30註1	太20:30	1	book
可10:49#1	55	59	51註1	可10:51	1	bare
可10:49#1	60	64	21註1	可10:21	1	bare
可10:51#1	39	43	49註1	可10:49	1	bare
可10:52#1	1	6	一31註1	可1:31	1	chapter
可10:52#1	7	12	五28註1	可5:28	1	chapter
出36:2#1	1	7	三五21註1	出35:21	1	chapter
出36:8#1	11	17	二六1～14	出26:1	-	chapter
出36:8#2	12	20	三六8～三八20	出36:8	-	chapter
出36:8#2	32	41	二五10～二八43	出25:10	-	chapter
出36:8#2	42	48	三十1～10	出30:1	-	chapter
出36:8#2	49	54	17～38	出30:17	-	bare
出36:8#2	190	195	來九4註3	來9:4	3	book
出36:20#1	9	16	二六15～30	出26:15	-	chapter
出36:35#1	10	17	二六31～35	出26:31	-	chapter
出36:37#1	9	16	二六36～37	出26:36	-	chapter
出37:1#1	8	15	二五10～22	出25:10	-	chapter
出37:10#1	10	17	二五23～30	出25:23	-	chapter
出37:17#1	6	13	二五31～40	出25:31	-	chapter
出37:25#1	6	12	三十1～10	出30:1	-	chapter
出37:29#1	11	18	三十22～38	出30:22	-	chapter
出38:1#1	7	12	二七1～8	出27:1	-	chapter
出38:8#1	7	14	三十17～21	出30:17	-	chapter
出38:9#1	9	15	二七9～19	出27:9	-	chapter
出38:26#1	1	7	三十13註1	出30:13	1	chapter
可11:1#1	0	5	1～11節	可11:1	-	bare
可11:1#1	7	14	太二一1～10	太21:1	-	book
可11:2#2	18	22	二8註1	可2:8	1	chapter
可11:7#1	9	16	太二一5與註2	太21:5	2	book
可11:7#2	20	24	賽六四6	賽64:6	-	book
可11:7#2	25	29	啟十九8	啟19:8	-	book
可11:7#2	69	70	8	可11:8	-	bare
可11:7#2	116	123	太二一7與註1	太21:7	1	book
可11:8#2	23	26	詩一3	詩1:3	-	book
可11:12#1	0	6	12～14節	可11:12	-	bare
可11:12#1	8	16	太二一18～19	太21:18	-	book
可11:14#1	0	6	12～26節	可11:12	-	bare
可11:14#1	71	75	耶二四2	耶24:2	-	book
可11:14#1	76	77	5	耶24:5	-	bare
可11:14#1	78	79	8	耶24:8	-	bare
可11:14#1	174	177	十二9	可12:9	-	chapter
可11:14#1	178	181	十三2	可13:2	-	chapter
可11:15#1	0	7	一14～十52	可1:14	-	chapter
可11:15#1	109	116	15～十四42	可11:15	-	bare
可11:15#1	147	153	十二9～10	可12:9	-	chapter
可11:15#1	221	226	15～18	可11:15	-	bare
可11:15#1	254	261	27～十二37	可11:27	-	bare
可11:15#1	332	339	十二35～37	可12:35	-	chapter
可11:17#1	1	6	一21註2	可1:21	2	chapter
可11:18#1	1	5	二6註1	可2:6	1	chapter
出39:1#2	9	15	二八1～43	出28:1	-	chapter
出40:2#1	18	20	17	出40:17	-	bare
出40:2#1	34	37	十三4	出13:4	-	chapter
出40:2#1	149	154	提前三15	提前3:15	-	book
出40:3#1	17	22	20～21	出40:20	-	bare
出40:3#1	141	147	啟二一2～3	啟21:2	-	book
出40:3#1	148	151	二二1	啟22:1	-	chapter
出40:34#1	32	36	三八21	出38:21	-	chapter
出40:34#2	81	86	利十六15	利16:15	-	book
出40:34#2	87	90	來九7	來9:7	-	book
出40:34#2	171	177	約一14註2	約1:14	2	book
出40:38#1	35	40	來三6註1	來3:6	1	book
出40:38#1	186	188	34	出40:34	-	bare
出40:38#1	222	228	啟二一2～3	啟21:2	-	book
出40:38#1	229	234	10～11	啟21:10	-	bare
出40:38#1	258	262	啟二二1	啟22:1	-	book
出40:38#1	263	264	5	啟22:5	-	bare
可11:33#2	1	8	太二一27註2	太21:27	2	book
可12:1#1	0	5	1～12節	可12:1	-	bare
可12:1#1	7	15	太二一33～46	太21:33	-	book
可12:9#1	34	36	10	可12:10	-	bare
可12:10#1	11	15	弗二20	弗2:20	-	book
可12:13#1	0	6	13～17節	可12:13	-	bare
可12:13#1	8	16	太二二15～22	太22:15	-	book
可12:13#2	1	5	二6註1	可2:6	1	chapter
可12:18#1	0	6	18～27節	可12:18	-	bare
可12:18#1	8	16	太二二23～33	太22:23	-	book
可12:28#1	0	5	太二二35	太22:35	-	book
可12:28#2	1	5	二6註1	可2:6	1	chapter
可12:31#1	1	8	太二二40註1	太22:40	1	book
可12:31#1	9	12	雅二8	雅2:8	-	book
可12:35#1	0	6	35～37節	可12:35	-	bare
可12:35#1	8	16	太二二41～45	太22:41	-	book
可12:35#2	1	6	一21註2	可1:21	2	chapter
可12:35#3	10	13	36節	可12:36	-	bare
可12:37#1	23	29	出十二3～6	出12:3	-	book
可12:37#1	45	49	林前五7	林前5:7	-	book
可12:37#1	77	81	約十二1	約12:1	-	book
可12:37#1	82	86	可十一1	可11:1	-	book
可12:37#1	105	110	約十二12	約12:12	-	book
可12:37#1	111	116	可十一11	可11:11	-	book
可12:37#1	131	138	十一12～15	可11:12	-	chapter
可12:37#1	158	167	十一27～十二37	可11:27	-	chapter
可12:37#1	168	175	十四53～65	可14:53	-	chapter
可12:37#1	176	181	約十八13	約18:13	-	book
可12:37#1	182	187	19～24	約18:19	-	bare
可12:37#1	209	218	約十八28～十九6	約18:28	-	book
可12:37#1	220	226	可十五1註2	可15:1	2	book
可12:37#1	242	246	十四12	可14:12	-	chapter
可12:37#1	247	252	約十八28	約18:28	-	book
可12:37#1	254	261	可十四12註2	可14:12	2	book
可12:37#1	336	341	十五1註2	可15:1	2	chapter
可12:37#1	342	348	太二六2註1	太26:2	1	book
可12:37#1	349	356	約十八13註1	約18:13	1	book
利1:1#1	113	117	出十九1	出19:1	-	book
利1:1#1	119	123	民十11	民10:11	-	book
利1:1#1	281	285	約四24	約4:24	-	book
利1:1#2	9	17	出四十34～35	出40:34	-	book
利1:1#2	35	40	出二五22	出25:22	-	book
利1:1#2	41	44	三三7	出33:7	-	chapter
利1:1#2	65	70	提前三15	提前3:15	-	book
利1:1#2	91	100	林前十四23～25	林前14:23	-	book
利1:1#3	87	92	林前三16	林前3:16	-	book
利1:1#3	93	100	十四23～31	林前14:23	-	chapter
利1:2#1	259	263	約一14	約1:14	-	book
利1:2#1	279	283	約一29	約1:29	-	book
利1:2#1	299	305	來十5～10	來10:5	-	book
利1:2#1	324	332	約一1～十三38	約1:1	-	book
利1:2#1	354	363	約十四1～二一25	約14:1	-	book
利1:2#1	440	447	約六53～58	約6:53	-	book
利1:2#1	492	496	約六63	約6:63	-	book
利1:2#1	497	504	十四16～18	約14:16	-	chapter
利1:2#1	505	507	20	約14:20	-	bare
利1:2#1	508	514	林前十五45	林前15:45	-	book
利1:2#1	536	540	1～17	利1:1	-	bare
利1:2#1	546	551	二1～16	利2:1	-	chapter
利1:2#1	558	563	三1～17	利3:1	-	chapter
利1:2#1	570	575	四1～35	利4:1	-	chapter
利1:2#1	583	588	五1～六7	利5:1	-	chapter
利1:2#2	76	77	3	利1:3	-	bare
利1:2#2	98	102	約五30	約5:30	-	book
利1:2#2	103	106	六38	約6:38	-	chapter
利1:2#2	130	136	來十5～10	來10:5	-	book
利1:2#2	137	140	7註1	來10:7	1	bare
利1:3#1	64	65	9	利1:9	-	bare
利1:3#1	66	70	約五19	約5:19	-	book
利1:3#1	71	73	30	約5:30	-	bare
利1:3#1	74	77	六38	約6:38	-	chapter
利1:3#1	78	81	七18	約7:18	-	chapter
利1:3#1	82	85	八29	約8:29	-	chapter
利1:3#1	86	90	十四24	約14:24	-	chapter
利1:3#1	114	119	林後五15	林後5:15	-	book
利1:3#1	120	127	加二19～20	加2:19	-	book
利1:3#1	151	155	民二八2	民28:2	-	book
利1:3#1	169	177	出二九38～42	出29:38	-	book
利1:3#1	178	184	利六8～13	利6:8	-	book
利1:3#1	185	191	民二八3～4	民28:3	-	book
利1:3#2	22	25	5註2	利1:5	2	bare
利1:3#2	37	42	彼前一19	彼前1:19	-	book
利1:3#2	43	47	來九14	來9:14	-	book
利1:3#3	27	32	啟六9註2	啟6:9	2	book
利1:4#1	20	27	徒十三3與註2	徒13:3	2	book
利1:4#1	138	143	林前六17	林前6:17	-	book
利1:4#1	186	192	林前十五45	林前15:45	-	book
利1:4#1	193	197	林後三6	林後3:6	-	book
利1:4#1	198	200	17	林後3:17	-	bare
利1:4#2	22	27	十六1註1	利16:1	1	chapter
利1:4#2	56	60	來九22	來9:22	-	book
利1:4#2	125	126	9	利1:9	-	bare
利1:4#2	127	130	六30	利6:30	-	chapter
利1:5#1	13	17	賽五三7	賽53:7	-	book
利1:5#1	18	23	太二七31	太27:31	-	book
利1:5#1	24	28	徒二23	徒2:23	-	book
利1:5#1	29	32	腓二8	腓2:8	-	book
利1:5#3	21	24	5～8	利1:5	-	bare
利1:5#3	25	27	二2	利2:2	-	chapter
利1:5#3	28	30	三2	利3:2	-	chapter
利1:5#3	31	33	四5	利4:5	-	chapter
利1:5#3	34	36	10	利4:10	-	bare
利1:5#3	37	39	五8	利5:8	-	chapter
利1:5#3	54	59	來五5～6	來5:5	-	book
利1:5#3	73	77	來九14	來9:14	-	book
利1:5#3	78	80	26	來9:26	-	bare
利1:5#3	81	84	十10	來10:10	-	chapter
利1:5#4	9	10	4	利1:4	-	bare
利1:6#1	59	64	太十一19	太11:19	-	book
利1:6#1	65	69	可三22	可3:22	-	book
利1:6#1	70	74	約八48	約8:48	-	book
利1:6#1	75	80	太二六65	太26:65	-	book
利1:6#1	81	85	二七28	太27:28	-	chapter
利1:6#1	87	92	詩二二18	詩22:18	-	book
利1:6#2	55	63	可十五29～32	可15:29	-	book
利1:6#2	64	72	路二三35～39	路23:35	-	book
利1:6#2	74	82	詩二二16～17	詩22:16	-	book
利1:8#1	25	29	太三17	太3:17	-	book
利1:8#1	30	34	十二18	太12:18	-	chapter
利1:8#1	35	38	十七5	太17:5	-	chapter
利1:8#1	43	44	9	利1:9	-	bare
利1:8#1	82	83	9	利1:9	-	bare
利1:9#1	57	64	約七38～39	約7:38	-	book
利1:9#1	138	142	彼前二5	彼前2:5	-	book
利1:9#1	143	148	來十三15	來13:15	-	book
利1:9#1	164	168	羅八36	羅8:36	-	book
利1:9#1	169	174	林後四11	林後4:11	-	book
利1:9#1	181	185	太五11	太5:11	-	book
利1:9#1	186	192	徒二四5～6	徒24:5	-	book
利1:9#1	193	197	林後六8	林後6:8	-	book
利1:9#1	198	205	十二16～18	林後12:16	-	chapter
利1:9#1	215	220	林前四13	林前4:13	-	book
利1:9#1	241	246	林前一24	林前1:24	-	book
利1:9#1	247	249	30	林前1:30	-	bare
利1:9#1	250	252	二7	林前2:7	-	chapter
利1:9#1	253	260	西一26～27	西1:26	-	book
利1:9#1	273	277	林後五9	林後5:9	-	book
利1:9#1	278	282	加一10	加1:10	-	book
利1:9#1	283	288	羅十四18	羅14:18	-	book
利1:9#1	301	304	腓二5	腓2:5	-	book
利1:9#1	305	311	林前二16下	林前2:16	-	book
利1:9#1	312	316	十六24	林前16:24	-	chapter
利1:9#1	317	320	腓一8	腓1:8	-	book
利1:9#1	321	327	林後十一10	林後11:10	-	book
利1:9#1	339	344	太十一29	太11:29	-	book
利1:9#1	345	349	弗四20	弗4:20	-	book
利1:9#1	350	355	林前十一1	林前11:1	-	book
利1:9#1	356	361	彼前二21	彼前2:21	-	book
利1:9#1	379	384	林前六11	林前6:11	-	book
利1:9#1	385	388	多三5	多3:5	-	book
利1:9#1	429	433	加二20	加2:20	-	book
利1:9#1	434	438	腓一21	腓1:21	-	book
利1:9#1	475	479	14註1	利1:14	1	bare
利1:9#3	19	23	約五30	約5:30	-	book
利1:9#3	24	27	六38	約6:38	-	chapter
利1:9#3	28	31	八29	約8:29	-	chapter
利1:9#3	58	63	約十四30	約14:30	-	book
利1:9#3	64	69	路二三14	路23:14	-	book
利1:9#3	70	75	林後五21	林後5:21	-	book
利1:9#3	76	80	來四15	來4:15	-	book
利1:9#3	81	86	彼前一19	彼前1:19	-	book
利1:9#3	87	90	二22	彼前2:22	-	chapter
利1:9#4	9	14	來十二29	來12:29	-	book
利1:9#4	45	47	六9	利6:9	-	chapter
利1:9#4	48	53	12～13	利6:12	-	bare
利1:12#1	36	39	6註1	利1:6	1	bare
利1:12#1	40	43	9註1	利1:9	1	bare
利1:14#1	27	30	3～9	利1:3	-	bare
利1:14#1	31	36	10～13	利1:10	-	bare
利1:14#1	37	42	14～17	利1:14	-	bare
利1:16#1	1	6	六10註1	利6:10	1	chapter
可13:1#1	0	4	1～2節	可13:1	-	bare
可13:1#1	6	12	太二四1～2	太24:1	-	book
可13:1#2	15	24	十一15～十四42	可11:15	-	chapter
可13:1#2	33	42	十一15～十二37	可11:15	-	chapter
可13:1#2	68	74	1～十四42	可13:1	-	bare
可13:1#2	111	115	2～37	可13:2	-	bare
可13:1#2	147	152	十四3～9	可14:3	-	chapter
可13:1#2	165	171	林前十一20	林前11:20	-	book
可13:1#2	181	188	十四12～26	可14:12	-	chapter
可13:1#2	213	220	十四27～42	可14:27	-	chapter
可13:1#2	242	251	十四43～十五28	可14:43	-	chapter
可13:2#1	102	105	1～2	可13:1	-	bare
可13:2#1	141	144	3～8	可13:3	-	bare
可13:2#1	165	169	9～13	可13:9	-	bare
可13:2#1	197	202	14～27	可13:14	-	bare
可13:2#1	230	235	28～37	可13:28	-	bare
可13:2#1	277	282	彼後一19	彼後1:19	-	book
可13:3#1	0	4	3～8節	可13:3	-	bare
可13:3#1	6	12	太二四3～8	太24:3	-	book
可13:9#1	0	5	9～13節	可13:9	-	bare
可13:9#1	7	14	太十17～22	太10:17	-	book
可13:9#1	16	22	二四9～13	太24:9	-	chapter
可13:9#2	3	6	太二6	太2:6	-	book
可13:14#1	0	6	14～23節	可13:14	-	bare
可13:14#1	8	16	太二四15～26	太24:15	-	book
可13:14#3	11	16	太二四15	太24:15	-	book
可13:28#1	0	6	28～31節	可13:28	-	bare
可13:28#1	8	16	太二四32～35	太24:32	-	book
可13:29#1	10	13	28節	可13:28	-	bare
利2:1#1	17	22	一1～17	利1:1	-	chapter
利2:1#1	44	47	腓二8	腓2:8	-	book
利2:1#1	104	108	13註1	利2:13	1	bare
利2:1#1	122	127	林前一30	林前1:30	-	book
利2:1#1	129	134	林後五21	林後5:21	-	book
利2:1#1	152	156	約壹二1	約壹2:1	-	book
利2:1#2	121	125	賽五三3	賽53:3	-	book
利2:1#3	20	27	彼前三18註3	彼前3:18	3	book
利2:1#3	42	45	4～5	利2:4	-	bare
利2:1#3	55	56	1	利2:1	-	bare
利2:1#3	57	58	6	利2:6	-	bare
利2:1#3	59	61	15	利2:15	-	bare
利2:1#3	68	69	4	利2:4	-	bare
利2:1#3	96	100	太一18	太1:18	-	book
利2:1#3	101	103	20	太1:20	-	bare
利2:1#3	104	108	路一35	路1:35	-	book
利2:1#3	121	125	太三16	太3:16	-	book
利2:1#3	126	130	約一32	約1:32	-	book
利2:1#3	137	141	路四18	路4:18	-	book
利2:1#3	142	145	來一9	來1:9	-	book
利2:1#4	46	54	太十一20～30	太11:20	-	book
利2:1#4	55	59	路十21	路10:21	-	book
利2:1#4	98	104	約十八4～8	約18:4	-	book
利2:1#4	105	113	十九26～27上	約19:26	-	chapter
利2:1#4	133	136	路四1	路4:1	-	book
利2:1#4	137	142	約十一25	約11:25	-	book
利2:2#1	26	27	9	利2:9	-	bare
利2:2#1	28	30	16	利2:16	-	bare
利2:2#1	133	134	3	利2:3	-	bare
利2:2#1	135	137	10	利2:10	-	bare
利2:2#1	155	159	民二八2	民28:2	-	book
利2:2#1	227	234	約四24與註4	約4:24	4	book
利2:2#2	16	19	4～9	利2:4	-	bare
利2:2#2	48	52	啟一15	啟1:15	-	book
利2:2#2	69	74	來十二29	來12:29	-	book
利2:4#1	19	22	4～5	利2:4	-	bare
利2:4#1	23	24	7	利2:7	-	bare
利2:4#2	10	13	4～5	利2:4	-	bare
利2:4#2	29	34	太一18下	太1:18	-	book
利2:4#2	243	247	約六51	約6:51	-	book
利2:4#2	248	250	57	約6:57	-	bare
利2:4#2	251	253	63	約6:63	-	bare
利2:4#3	46	51	約十九34	約19:34	-	book
利2:4#3	52	54	37	約19:37	-	bare
利2:4#3	55	58	啟一7	啟1:7	-	book
利2:5#1	14	17	1～2	利2:1	-	bare
利2:5#1	26	27	4	利2:4	-	bare
利2:5#1	87	93	林前十二12	林前12:12	-	book
利2:5#1	102	107	林前十17	林前10:17	-	book
利2:5#1	197	200	1註4	利2:1	4	bare
利2:5#1	201	205	11註1	利2:11	1	bare
利2:5#1	209	213	13註1	利2:13	1	bare
利2:6#1	63	67	一6註2	利1:6	2	chapter
利2:11#1	7	10	4～5	利2:4	-	bare
利2:11#1	31	36	林後五21	林後5:21	-	book
利2:11#1	37	41	來四15	來4:15	-	book
利2:11#1	42	47	彼前二22	彼前2:22	-	book
利2:11#1	48	53	路二三14	路23:14	-	book
利2:11#1	55	61	林前五6～8	林前5:6	-	book
利2:11#2	27	35	太十二46～50	太12:46	-	book
利2:11#2	36	40	可十18	可10:18	-	book
利2:13#1	59	63	可十38	可10:38	-	book
利2:13#1	64	69	約十二24	約12:24	-	book
利2:13#1	125	129	約六38	約6:38	-	book
利2:13#1	130	132	七6	約7:6	-	chapter
利2:13#1	133	138	16～18	約7:16	-	bare
利2:13#1	140	144	加二20	加2:20	-	book
利2:13#2	50	58	來十三20與註2	來13:20	2	book
利2:14#1	33	38	約十二24	約12:24	-	book
利2:14#1	39	45	林前十五20	林前15:20	-	book
利3:1#1	42	46	民十10	民10:10	-	book
利3:1#1	47	51	申二七7	申27:7	-	book
利3:1#1	93	101	太二六26～30	太26:26	-	book
利3:1#1	127	135	路十五23～24	路15:23	-	book
利3:1#1	257	258	5	利3:5	-	bare
利3:1#1	308	311	3註1	利3:3	1	bare
利3:1#2	92	96	彼前三7	彼前3:7	-	book
利3:1#2	99	102	7註1	利3:7	1	bare
利3:1#3	27	31	來九14	來9:14	-	book
利3:1#3	32	37	彼前一19	彼前1:19	-	book
利3:1#3	38	43	林後五21	林後5:21	-	book
利3:1#3	44	48	來四15	來4:15	-	book
利3:2#1	1	5	一4註1	利1:4	1	chapter
利3:2#2	1	5	一3註3	利1:3	3	chapter
利3:2#3	14	15	2	利3:2	-	bare
利3:2#3	16	17	8	利3:8	-	bare
利3:2#3	18	20	13	利3:13	-	bare
利3:2#3	63	68	來九14下	來9:14	-	book
利3:3#1	66	69	3～5	利3:3	-	bare
利3:3#1	92	95	七14	利7:14	-	chapter
利3:3#1	96	101	32～34	利7:32	-	bare
利3:3#1	119	125	七30～31	利7:30	-	chapter
利3:3#1	126	128	34	利7:34	-	bare
利3:3#1	142	148	七15～18	利7:15	-	chapter
利3:3#1	174	180	七19～21	利7:19	-	chapter
利3:3#1	203	208	啟二6註1	啟2:6	1	book
利3:3#2	56	59	腓一8	腓1:8	-	book
利3:3#2	60	66	約七3～18	約7:3	-	book
利3:3#2	87	93	太十一27上	太11:27	-	book
利3:3#2	119	122	3～5	利3:3	-	bare
利3:3#2	123	127	9～11	利3:9	-	bare
利3:3#2	128	133	14～16	利3:14	-	bare
利3:5#1	15	18	六12	利6:12	-	chapter
利3:5#1	22	27	一1～六7	利1:1	-	chapter
利3:5#1	114	120	六8～七38	利6:8	-	chapter
利3:5#1	223	229	七37與註2	利7:37	2	chapter
利3:7#1	21	23	12	利3:12	-	bare
利3:7#1	56	61	林後五21	林後5:21	-	book
利3:11#1	14	16	一9	利1:9	-	chapter
利3:11#1	17	19	13	利1:13	-	bare
利3:11#1	20	22	17	利1:17	-	bare
利3:17#1	63	69	創三24註1	創3:24	1	book
利3:17#1	92	99	約六53～56	約6:53	-	book
利3:17#1	100	104	54註2	約6:54	2	bare
利3:17#1	127	134	來十29與註2	來10:29	2	book
可14:1#1	0	4	1～2節	可14:1	-	bare
可14:1#1	6	12	太二六2～5	太26:2	-	book
可14:3#1	0	4	3～9節	可14:3	-	bare
可14:3#1	6	13	太二六6～13	太26:6	-	book
可14:5#1	1	6	約六7註1	約6:7	1	book
可14:7#1	16	20	西一18	西1:18	-	book
可14:9#1	1	6	一14註3	可1:14	3	chapter
可14:11#1	8	13	太二六15	太26:15	-	book
可14:11#1	26	31	出二一32	出21:32	-	book
可14:12#1	1	8	太二六17註1	太26:17	1	book
可14:12#2	21	24	創一5	創1:5	-	book
可14:12#2	67	72	12～25	可14:12	-	bare
可14:12#2	93	98	26～42	可14:26	-	bare
可14:12#2	127	132	43～72	可14:43	-	bare
可14:12#2	161	167	十五1～15	可15:1	-	chapter
可14:12#2	206	213	十五16～41	可15:16	-	chapter
可14:12#2	226	233	出十二6～11	出12:6	-	book
可14:12#2	235	242	可十二37註1	可12:37	1	book
可14:18#1	11	13	16	可14:16	-	bare
可14:18#1	29	35	22～24節	可14:22	-	bare
可14:20#1	19	27	太二六20～26	太26:20	-	book
可14:20#1	34	42	約十三21～30	約13:21	-	book
可14:20#1	79	84	約十七12	約17:12	-	book
可14:20#1	101	108	約六70～71	約6:70	-	book
可14:20#1	110	118	路二二21～23	路22:21	-	book
可14:20#1	145	151	19～20節	路22:19	-	bare
可14:20#1	176	182	22～24節	可14:22	-	bare
可14:20#1	193	199	18～21節	可14:18	-	bare
可14:20#1	239	245	太八16註1	太8:16	1	book
可14:22#1	0	6	22～26節	可14:22	-	bare
可14:22#1	8	16	太二六26～30	太26:26	-	book
可14:22#2	12	18	16～18節	可14:16	-	bare
可14:22#2	85	90	出十二14	出12:14	-	book
可14:22#2	91	94	十三3	出13:3	-	chapter
可14:22#2	133	139	林前十一24	林前11:24	-	book
可14:22#2	156	161	太二六28	太26:28	-	book
可14:22#2	169	173	約六35	約6:35	-	book
可14:22#2	194	199	林前十16	林前10:16	-	book
可14:22#2	213	217	詩十六5	詩16:5	-	book
可14:22#2	237	242	啟十四10	啟14:10	-	book
可14:22#2	258	263	約十八11	約18:11	-	book
可14:22#2	283	287	詩二三5	詩23:5	-	book
可14:22#2	294	300	詩一一六13	詩116:13	-	book
可14:22#2	354	359	林前十21	林前10:21	-	book
可14:22#2	404	410	林前十一26	林前11:26	-	book
可14:24#1	2	8	出二四3～8	出24:3	-	book
可14:24#1	22	29	來九18～21	來9:18	-	book
可14:24#1	68	71	來十7	來10:7	-	book
可14:24#1	72	76	9～10	來10:9	-	bare
可14:24#1	116	122	來八6～13	來8:6	-	book
可14:24#1	140	147	來九16～17	來9:16	-	book
利4:2#1	55	59	羅五12	羅5:12	-	book
利4:2#1	72	79	羅七19～20	羅7:19	-	book
利4:2#1	94	99	羅七8註1	羅7:8	1	book
利4:2#1	132	140	羅七17～18上	羅7:17	-	book
利4:2#1	141	143	20	羅7:20	-	bare
利4:2#1	144	146	23	羅7:23	-	bare
利4:2#1	148	152	18註2	羅7:18	2	bare
利4:2#1	167	170	羅八3	羅8:3	-	book
利4:2#1	209	212	創六3	創6:3	-	book
利4:2#1	213	217	羅三20	羅3:20	-	book
利4:2#1	233	241	林後五21與註2	林後5:21	2	book
利4:3#1	1	5	三1註3	利3:1	3	chapter
利4:3#2	24	25	3	利4:3	-	bare
利4:3#2	26	28	14	利4:14	-	bare
利4:3#2	29	31	23	利4:23	-	bare
利4:3#2	32	34	28	利4:28	-	bare
利4:3#2	35	37	32	利4:32	-	bare
利4:3#2	69	74	一14註1	利1:14	1	chapter
利4:3#3	17	20	羅八3	羅8:3	-	book
利4:3#3	21	26	林後五21	林後5:21	-	book
利4:3#4	88	91	羅八3	羅8:3	-	book
利4:3#4	92	97	林後五21	林後5:21	-	book
利4:3#4	98	102	來九26	來9:26	-	book
利4:3#4	135	141	賽五三5～6	賽53:5	-	book
利4:3#4	142	144	11	賽53:11	-	bare
利4:3#4	145	150	林前十五3	林前15:3	-	book
利4:3#4	151	156	彼前二24	彼前2:24	-	book
利4:3#4	157	161	來九28	來9:28	-	book
利4:3#4	190	195	賽五三10	賽53:10	-	book
利4:3#4	196	200	約一29	約1:29	-	book
利4:3#4	203	210	彼前三18註1	彼前3:18	1	book
利4:3#4	211	217	約壹一7註6	約壹1:7	6	book
利4:3#4	254	257	約一1	約1:1	-	book
利4:3#4	258	260	14	約1:14	-	bare
利4:3#4	262	266	14註2	約1:14	2	bare
利4:3#4	269	275	羅八3與註3	羅8:3	3	book
利4:3#4	298	304	彼前三18下	彼前3:18	-	book
利4:3#4	389	392	羅八3	羅8:3	-	book
利4:3#4	403	406	羅六6	羅6:6	-	book
利4:3#4	415	419	來二14	來2:14	-	book
利4:3#4	439	444	約十二31	約12:31	-	book
利4:3#4	485	490	一1～六7	利1:1	-	chapter
利4:3#4	534	538	約壹一3	約壹1:3	-	book
利4:3#4	552	556	約壹一5	約壹1:5	-	book
利4:3#4	607	611	約壹一8	約壹1:8	-	book
利4:3#4	625	629	約壹一9	約壹1:9	-	book
利4:3#4	634	640	約壹一7註4	約壹1:7	4	book
利4:4#1	9	10	4	利4:4	-	bare
利4:4#1	11	13	15	利4:15	-	bare
利4:4#1	14	16	24	利4:24	-	bare
利4:4#1	17	19	29	利4:29	-	bare
利4:4#1	20	22	33	利4:33	-	bare
利4:4#1	36	41	林後五14	林後5:14	-	book
利4:4#1	44	48	一4註1	利1:4	1	chapter
利4:5#1	42	45	5～6	利4:5	-	bare
利4:5#1	46	51	16～17	利4:16	-	bare
利4:5#1	81	85	來九12	來9:12	-	book
利4:5#1	104	106	7上	利4:7	-	bare
利4:5#1	107	110	18上	利4:18	-	bare
利4:5#1	141	145	來十19	來10:19	-	book
利4:5#1	165	168	25上	利4:25	-	bare
利4:5#1	169	172	30上	利4:30	-	bare
利4:5#1	173	176	34上	利4:34	-	bare
利4:5#1	197	200	弗一7	弗1:7	-	book
利4:5#1	201	209	彼前一18～19	彼前1:18	-	book
利4:5#1	228	230	7下	利4:7	-	bare
利4:5#1	231	234	18下	利4:18	-	bare
利4:5#1	235	238	25下	利4:25	-	bare
利4:5#1	239	242	30下	利4:30	-	bare
利4:5#1	243	246	34下	利4:34	-	bare
利4:5#1	289	293	來九14	來9:14	-	book
利4:8#1	19	23	8～10	利4:8	-	bare
利4:8#1	24	26	19	利4:19	-	bare
利4:8#1	27	29	26	利4:26	-	bare
利4:8#1	30	32	31	利4:31	-	bare
利4:8#1	33	35	35	利4:35	-	bare
利4:8#1	117	123	六25與註1	利6:25	1	chapter
利4:10#1	2	4	10	利4:10	-	bare
利4:10#1	5	8	12節	利4:12	-	bare
利4:10#1	18	25	出二九13註2	出29:13	2	book
利4:11#1	15	20	11～12	利4:11	-	bare
利4:11#1	21	23	21	利4:21	-	bare
利4:11#1	52	60	來十三11～13	來13:11	-	book
利4:11#1	73	75	12	利4:12	-	bare
利4:12#1	7	9	10	利4:10	-	bare
可14:32#1	0	6	32～42節	可14:32	-	bare
可14:32#1	8	16	太二六36～46	太26:36	-	book
可14:36#1	22	27	弗一7～9	弗1:7	-	book
可14:36#1	99	107	彼前一19～20	彼前1:19	-	book
可14:36#1	120	124	約一29	約1:29	-	book
可14:36#1	167	171	啟十三8	啟13:8	-	book
可14:36#1	206	210	創三21	創3:21	-	book
可14:36#1	211	213	四4	創4:4	-	chapter
可14:36#1	214	217	八20	創8:20	-	chapter
可14:36#1	218	222	二二13	創22:13	-	chapter
可14:36#1	223	229	出十二3～8	出12:3	-	book
可14:36#1	230	233	利一2	利1:2	-	book
可14:36#1	296	299	來十5	來10:5	-	book
可14:36#1	315	319	來九14	來9:14	-	book
可14:36#1	320	323	十12	來10:12	-	chapter
可14:36#1	335	338	來十7	來10:7	-	book
可14:36#1	386	392	來十9～10	來10:9	-	book
可14:36#1	423	428	太二六39	太26:39	-	book
可14:36#1	429	431	42	太26:42	-	bare
可14:47#1	6	11	約十八10	約18:10	-	book
可14:47#1	12	14	26	約18:26	-	bare
可14:49#1	26	32	十一7～11	可11:7	-	chapter
可14:49#1	42	46	十二37	可12:37	-	chapter
可14:49#1	83	84	1	可14:1	-	bare
可14:49#1	93	95	48	可14:48	-	bare
可14:49#2	1	6	一21註2	可1:21	2	chapter
利5:1#1	80	84	約八44	約8:44	-	book
利5:1#2	1	5	四3註4	利4:3	4	chapter
利5:2#1	30	36	十一1～30	利11:1	-	chapter
利5:2#1	115	121	林前十五26	林前15:26	-	book
利5:2#1	140	146	十一31註2	利11:31	2	chapter
利5:3#1	51	59	太十五17～20	太15:17	-	book
利5:3#1	60	67	十六21～25	太16:21	-	chapter
利5:3#1	70	75	十二2註1	利12:2	1	chapter
利5:3#1	76	81	十五2註1	利15:2	1	chapter
利5:4#1	45	53	太十七24～27	太17:24	-	book
利5:6#1	77	83	約壹一3～9	約壹1:3	-	book
利5:6#1	86	90	四3註4	利4:3	4	chapter
利5:6#1	123	130	可十二37註1	可12:37	1	book
利5:6#2	44	47	5～7	利5:5	-	bare
利5:6#2	48	50	11	利5:11	-	bare
利5:6#2	106	108	四4	利4:4	-	chapter
利5:6#2	109	111	32	利4:32	-	bare
利5:6#3	15	18	6～8	利5:6	-	bare
利5:6#3	19	24	11～12	利5:11	-	bare
利5:6#3	105	109	四3註4	利4:3	4	chapter
利5:9#1	17	19	9上	利5:9	-	bare
利5:9#1	20	22	七2	利7:2	-	chapter
利5:9#1	39	43	彼前一2	彼前1:2	-	book
利5:9#1	74	79	太二六28	太26:28	-	book
利5:9#1	80	83	弗一7	弗1:7	-	book
利5:9#1	84	88	來九22	來9:22	-	book
利5:11#1	52	55	7註1	利5:7	1	bare
利5:11#2	36	40	二1註3	利2:1	3	chapter
利5:12#1	51	55	來九22	來9:22	-	book
利5:12#1	92	96	西一20	西1:20	-	book
利5:15#1	33	35	15	利5:15	-	bare
利5:15#1	36	38	18	利5:18	-	bare
利5:15#1	39	41	六6	利6:6	-	chapter
利5:15#1	71	73	15	利5:15	-	bare
利5:15#1	74	77	17節	利5:17	-	bare
利5:15#1	78	82	六2～5	利6:2	-	chapter
利5:16#2	3	7	六4～5	利6:4	-	chapter
利5:16#2	54	58	路十九8	路19:8	-	book
利6:4#1	1	6	五16註2	利5:16	2	chapter
利6:9#1	67	70	羅八2	羅8:2	-	book
利6:9#1	113	121	林前九26～27	林前9:26	-	book
利6:9#1	122	126	十一17	林前11:17	-	chapter
利6:9#1	127	132	27～29	林前11:27	-	bare
利6:9#1	133	140	加六15～16	加6:15	-	book
利6:9#1	141	148	腓三13～16	腓3:13	-	book
利6:9#2	46	51	彼後一19	彼後1:19	-	book
利6:9#2	52	55	瑪四2	瑪4:2	-	book
利6:9#4	11	13	9下	利6:9	-	bare
利6:9#4	14	17	12上	利6:12	-	bare
利6:9#4	18	20	13	利6:13	-	bare
利6:9#4	35	40	來十二29	來12:29	-	book
利6:10#1	30	32	10	利6:10	-	bare
利6:10#1	71	73	11	利6:11	-	bare
利6:10#1	122	127	加二20上	加2:20	-	book
利6:10#1	139	142	一16	利1:16	-	chapter
利6:10#1	181	186	羅六3～5	羅6:3	-	book
利6:10#1	187	195	林後四10～12	林後4:10	-	book
利6:10#1	196	203	腓三10～11	腓3:10	-	book
利6:10#1	251	255	羅十二2	羅12:2	-	book
利6:10#1	256	261	林後三18	林後3:18	-	book
利6:10#1	304	312	啟二一18～21	啟21:18	-	book
利6:12#1	19	22	9註4	利6:9	4	bare
利6:12#1	61	66	羅十二11	羅12:11	-	book
利6:12#1	67	71	提後一6	提後1:6	-	book
利6:12#2	1	5	三5註1	利3:5	1	chapter
利6:12#2	43	47	羅十二1	羅12:1	-	book
利6:14#1	35	40	來十三10	來13:10	-	book
利6:15#1	2	5	15節	利6:15	-	bare
利6:15#1	7	9	二2	利2:2	-	chapter
利6:16#1	59	62	羅一9	羅1:9	-	book
利6:16#1	63	67	十五16	羅15:16	-	chapter
利6:16#1	68	72	彼前二9	彼前2:9	-	book
利6:16#2	72	76	一1註2	利1:1	2	chapter
利6:17#2	70	74	四3註4	利4:3	4	chapter
利6:20#1	42	47	七35註1	利7:35	1	chapter
可14:53#1	0	6	53～65節	可14:53	-	bare
可14:53#1	8	16	太二六57～68	太26:57	-	book
可14:53#2	12	14	48	可14:48	-	bare
可14:53#2	26	30	賽五三7	賽53:7	-	book
可14:55#1	1	7	太五22註7	太5:22	7	book
可14:65#1	20	24	賽五三3	賽53:3	-	book
可14:66#1	0	6	66～72節	可14:66	-	bare
可14:66#1	8	16	太二六69～75	太26:69	-	book
可15:1#1	1	7	太五22註7	太5:22	7	book
可15:1#2	1	7	太二七2註1	太27:2	1	book
可15:1#2	23	30	十四53～65	可14:53	-	chapter
可15:1#2	51	55	賽五三7	賽53:7	-	book
可15:1#2	59	66	本章1～15節	可15:1	-	anaphor
可15:1#2	76	80	十四64	可14:64	-	chapter
可15:1#2	114	117	十45	可10:45	-	chapter
可15:1#2	156	162	十二37註1	可12:37	1	chapter
可15:15#1	21	25	賽五三5	賽53:5	-	book
可15:15#1	26	27	8	賽53:8	-	bare
可15:15#2	1	8	太二七26註2	太27:26	2	book
利6:26#1	74	78	16註2	利6:16	2	bare
利6:27#1	67	70	羅八3	羅8:3	-	book
利6:27#2	37	42	賽六四6上	賽64:6	-	book
利6:27#2	60	67	弗四22～24	弗4:22	-	book
利6:27#2	92	96	來十29	來10:29	-	book
利6:28#1	25	29	林後四7	林後4:7	-	book
利6:28#2	20	27	出三十18註1	出30:18	1	book
利6:28#2	57	62	林前六11	林前6:11	-	book
利6:28#2	63	66	多三5	多3:5	-	book
利6:30#1	16	20	十六27	利16:27	-	chapter
利6:30#1	121	123	26	利6:26	-	bare
利7:1#1	14	17	六17	利6:17	-	chapter
利7:1#1	18	20	25	利6:25	-	bare
利7:1#1	84	90	約壹一7～8	約壹1:7	-	book
利7:1#1	125	129	五7註1	利5:7	1	chapter
利7:2#1	66	69	六25	利6:25	-	chapter
利7:2#2	1	5	五9註1	利5:9	1	chapter
利7:3#1	1	5	四8註1	利4:8	1	chapter
利7:3#1	7	9	7上	利7:7	-	bare
利7:6#1	1	2	7	利7:7	-	bare
利7:6#1	3	8	六26註1	利6:26	1	chapter
利7:6#1	9	13	29註1	利6:29	1	bare
利7:7#1	29	33	四3註4	利4:3	4	chapter
利7:7#2	1	4	六26	利6:26	-	chapter
利7:9#1	29	33	二4註1	利2:4	1	chapter
利7:11#1	1	5	三3註1	利3:3	1	chapter
利7:12#1	64	68	西一20	西1:20	-	book
利7:15#1	74	76	16	利7:16	-	bare
利7:19#1	42	48	林前十一28	林前11:28	-	book
利7:20#1	0	6	20～21節	利7:20	-	bare
利7:20#1	37	45	林前十16～17	林前10:16	-	book
利7:20#1	87	93	林前五13下	林前5:13	-	book
利7:23#1	38	42	三3～5	利3:3	-	chapter
利7:23#1	45	49	25註1	利7:25	1	bare
利7:26#1	1	6	三17註1	利3:17	1	chapter
利7:26#1	36	38	27	利7:27	-	bare
利7:29#1	0	6	29～34節	利7:29	-	bare
利7:29#1	138	142	彼前二5	彼前2:5	-	book
利7:29#1	143	144	9	彼前2:9	-	bare
利7:29#1	145	150	啟一5～6	啟1:5	-	book
利7:29#1	151	154	五10	啟5:10	-	chapter
利7:29#1	171	178	出二九26註1	出29:26	1	book
利7:29#1	179	183	28註1	出29:28	1	bare
利7:30#1	1	8	出二九24註1	出29:24	1	book
利7:37#1	101	107	37～38節	利7:37	-	bare
利7:37#2	0	5	一1～六7	利1:1	-	chapter
利7:37#2	26	30	三1註1	利3:1	1	chapter
利7:37#2	31	34	5註1	利3:5	1	bare
利7:37#2	35	39	四3註4	利4:3	4	chapter
利7:37#2	44	50	六8～七38	利6:8	-	chapter
利7:37#2	160	164	弗二14	弗2:14	-	book
利7:37#2	238	241	腓四7	腓4:7	-	book
利7:37#2	242	243	9	腓4:9	-	bare
可15:16#1	0	6	16～20節	可15:16	-	bare
可15:16#1	8	16	太二七27～31	太27:27	-	book
可15:17#1	18	20	20	可15:20	-	bare
可15:18#1	1	8	太二七29註2	太27:29	2	book
可15:21#1	0	6	21～38節	可15:21	-	bare
可15:21#1	8	16	太二七32～51	太27:32	-	book
可15:29#1	9	13	約二19	約2:19	-	book
可15:40#2	9	14	太十三55	太13:55	-	book
可15:40#3	17	22	太二七56	太27:56	-	book
可15:42#1	1	8	約十九38註1	約19:38	1	book
可15:46#1	5	10	賽五三9下	賽53:9	-	book
利8:2#1	85	89	彼前二5	彼前2:5	-	book
利8:2#1	90	91	9	彼前2:9	-	bare
利8:2#1	92	95	啟一6	啟1:6	-	book
利8:2#1	96	99	五10	啟5:10	-	chapter
利8:6#1	24	29	林前六11	林前6:11	-	book
利8:7#1	12	15	7～9	利8:7	-	bare
利8:10#1	31	36	10～11	利8:10	-	bare
利8:10#1	91	97	出二五9註1	出25:9	1	book
利8:10#1	98	103	二七1註2	出27:1	2	chapter
利8:10#1	104	110	三十18註2	出30:18	2	chapter
利8:10#1	210	217	出三十25註2	出30:25	2	book
利8:10#1	218	222	26註1	出30:26	1	bare
利8:10#1	248	253	14～21	利8:14	-	bare
利8:10#1	291	295	14註1	利8:14	1	bare
利8:10#1	296	300	18註1	利8:18	1	bare
利8:10#2	33	40	出二九1與註1	出29:1	1	book
利8:12#1	35	39	路四18	路4:18	-	book
利8:12#1	40	43	來一9	來1:9	-	book
利8:12#1	45	50	詩一三三2	詩133:2	-	book
利8:13#1	49	53	出二八2	出28:2	-	book
利8:13#1	83	89	約十三4註1	約13:4	1	book
利8:14#1	2	8	14～17節	利8:14	-	bare
利8:14#1	17	22	四4～12	利4:4	-	chapter
利8:14#2	70	74	四3註4	利4:3	4	chapter
利8:14#2	125	132	出二九36註1	出29:36	1	book
利8:18#1	2	8	18～21節	利8:18	-	bare
利8:18#1	16	20	一4～9	利1:4	-	chapter
利8:18#2	93	96	六12	利6:12	-	chapter
利8:22#1	31	37	22～32節	利8:22	-	bare
利8:22#1	50	58	出二九19～34	出29:19	-	book
利8:23#1	1	8	出二九20註1	出29:20	1	book
利8:30#1	1	8	出二九21註1	出29:21	1	book
利8:33#1	24	29	33～36	利8:33	-	bare
利8:33#1	85	90	十六1註1	利16:1	1	chapter
利8:35#1	60	69	林前十一27～29	林前11:27	-	book
利9:1#1	21	26	可十六9上	可16:9	-	book
利9:1#1	74	81	林前十五45下	林前15:45	-	book
利9:1#1	94	99	約十一25	約11:25	-	book
利9:2#1	19	20	7	利9:7	-	bare
利9:2#1	71	76	八14註1	利8:14	1	chapter
利9:2#1	77	81	18註1	利8:18	1	bare
利9:2#1	136	140	來九14	來9:14	-	book
利9:2#1	141	146	十5～10	來10:5	-	chapter
利9:2#1	225	228	弗一7	弗1:7	-	book
利9:2#1	271	275	加二20	加2:20	-	book
利9:2#1	276	284	腓一20～21上	腓1:20	-	book
利9:15#1	18	23	15～17	利9:15	-	bare
利9:18#1	12	17	18～21	利9:18	-	bare
利9:18#1	79	84	15～17	利9:15	-	bare
利9:18#1	105	109	弗二14	弗2:14	-	book
利9:18#1	130	134	三1註1	利3:1	1	chapter
利9:22#1	50	55	路二四50	路24:50	-	book
利9:22#1	76	81	太二八20	太28:20	-	book
利9:23#1	57	61	徒五31	徒5:31	-	book
利9:23#1	62	66	來四14	來4:14	-	book
利9:23#1	67	69	七1	來7:1	-	chapter
利9:23#1	130	135	亞十二10	亞12:10	-	book
利9:23#1	136	141	羅十一26	羅11:26	-	book
利9:23#1	142	145	啟一7	啟1:7	-	book
利9:23#2	25	27	4下	利9:4	-	bare
利9:23#2	28	30	6下	利9:6	-	bare
利9:24#1	13	18	來十二29	來12:29	-	book
利9:24#1	48	50	23	利9:23	-	bare
利9:24#1	78	85	徒七55～59	徒7:55	-	book
利9:24#1	86	90	提後四6	提後4:6	-	book
利9:24#1	93	97	十1～2	利10:1	-	chapter
利9:24#1	98	101	2註1	利10:2	1	bare
可16:1#1	0	4	1～8節	可16:1	-	bare
可16:1#1	6	12	太二八1～8	太28:1	-	book
可16:1#2	1	7	十五40註2	可15:40	2	chapter
可16:1#3	1	7	十五40註3	可15:40	3	chapter
可16:1#4	1	5	路四18	路4:18	-	book
可16:1#4	6	11	約壹二20	約壹2:20	-	book
可16:6#1	25	31	羅四25註1	羅4:25	1	book
可16:6#1	51	55	徒二24	徒2:24	-	book
可16:6#1	56	59	三15	徒3:15	-	chapter
可16:6#1	74	78	羅四25	羅4:25	-	book
可16:6#1	90	96	林前十五17	林前15:17	-	book
可16:9#1	5	10	9～20節	可16:9	-	bare
可16:9#2	1	6	一23註1	可1:23	1	chapter
可16:15#1	90	94	西一20	西1:20	-	book
可16:15#1	95	97	23	西1:23	-	bare
可16:15#1	137	144	羅八19～22	羅8:19	-	book
可16:15#2	1	6	一14註3	可1:14	3	chapter
可16:16#1	3	8	一15註3	可1:15	3	chapter
可16:16#1	19	23	約一12	約1:12	-	book
可16:16#1	36	40	徒十43	徒10:43	-	book
可16:16#1	49	54	彼前一21	彼前1:21	-	book
可16:16#1	55	57	23	彼前1:23	-	bare
可16:16#1	76	81	太二八19	太28:19	-	book
可16:16#1	91	98	約一12～13	約1:12	-	book
可16:16#1	107	111	弗五30	弗5:30	-	book
可16:16#1	189	191	一4	可1:4	-	chapter
可16:16#1	192	198	徒十九3～5	徒19:3	-	book
可16:16#1	305	309	林前十2	林前10:2	-	book
可16:16#1	310	314	十二13	林前12:13	-	chapter
可16:19#1	50	57	徒二33～36	徒2:33	-	book
可16:19#1	77	80	來二9	來2:9	-	book
可16:19#1	94	97	腓二9	腓2:9	-	book
可16:19#1	108	112	徒二36	徒2:36	-	book
可16:19#1	120	124	弗一22	弗1:22	-	book
可16:19#1	141	146	太二八18	太28:18	-	book
可16:20#1	1	6	一14註3	可1:14	3	chapter
可16:20#1	49	52	徒一8	徒1:8	-	book
可16:20#1	70	72	15	可16:15	-	bare
可16:20#1	100	105	路十九12	路19:12	-	book
可16:20#1	106	113	但七13～14	但7:13	-	book
利10:1#1	24	30	九22～24	利9:22	-	chapter
利10:1#2	34	38	十六12	利16:12	-	chapter
利10:1#2	48	51	九24	利9:24	-	chapter
利10:1#2	154	155	2	利10:2	-	bare
利10:1#2	238	244	徒五1～11	徒5:1	-	book
利10:1#2	245	254	林前十一27～32	林前11:27	-	book
利10:1#2	255	260	約壹五16	約壹5:16	-	book
利10:1#2	275	281	撒下六7註2	撒下6:7	2	book
利10:1#2	282	289	來十二29註1	來12:29	1	book
利10:2#1	58	61	九24	利9:24	-	chapter
利10:3#1	11	12	2	利10:2	-	bare
利10:6#1	54	60	林前十一10	林前11:10	-	book
利10:6#1	61	63	15	林前11:15	-	bare
利10:6#1	78	84	出二八2註1	出28:2	1	book
利10:9#1	46	51	9～11節	利10:9	-	bare
利10:12#1	27	32	12～13	利10:12	-	bare
利10:12#1	47	49	二2	利2:2	-	chapter
利10:12#1	50	51	9	利2:9	-	bare
利10:12#1	151	156	1～11節	利10:1	-	bare
利10:14#1	1	6	七29註1	利7:29	1	chapter
利10:17#1	159	164	加六1～2	加6:1	-	book
利10:17#1	165	168	弗四2	弗4:2	-	book
利10:17#2	1	6	十六1註1	利16:1	1	chapter
利10:19#1	39	44	16～17	利10:16	-	bare
利10:19#1	45	50	19～20	利10:19	-	bare
利10:19#1	225	227	20	利10:20	-	bare
路1:2#2	15	18	徒六4	徒6:4	-	book
路1:2#2	19	21	八4	徒8:4	-	chapter
路1:2#3	52	55	四20	路4:20	-	chapter
路1:2#3	56	60	太五25	太5:25	-	book
路1:2#3	61	66	可十四54	可14:54	-	book
路1:2#3	67	72	徒二六16	徒26:16	-	book
路1:2#3	73	77	林前四1	林前4:1	-	book
路1:3#1	46	50	西四14	西4:14	-	book
路1:3#1	52	54	11	西4:11	-	bare
路1:3#1	76	80	西四14	西4:14	-	book
路1:3#1	116	124	徒十六10～17	徒16:10	-	book
路1:3#1	125	133	二十5～二一18	徒20:5	-	chapter
路1:3#1	134	142	二七1～二八15	徒27:1	-	chapter
路1:3#1	161	164	門24	門1:24	-	book
路1:3#1	165	170	提後四11	提後4:11	-	book
路1:3#1	206	211	可一1註1	可1:1	1	book
路1:3#1	246	251	可一1註1	可1:1	1	book
路1:3#1	346	351	太一1註1	太1:1	1	book
路1:3#1	428	434	四16～21	路4:16	-	chapter
路1:3#1	435	441	七41～43	路7:41	-	chapter
路1:3#1	442	449	十二14～21	路12:14	-	chapter
路1:3#1	450	455	十三2～5	路13:2	-	chapter
路1:3#1	464	470	十30～37	路10:30	-	chapter
路1:3#1	471	478	十四16～24	路14:16	-	chapter
路1:3#1	479	485	十五3～32	路15:3	-	chapter
路1:3#1	486	492	十八9～14	路18:9	-	chapter
路1:3#1	502	508	七36～50	路7:36	-	chapter
路1:3#1	509	516	十三10～17	路13:10	-	chapter
路1:3#1	517	524	十六19～31	路16:19	-	chapter
路1:3#1	525	531	十九1～10	路19:1	-	chapter
路1:3#1	532	539	二三39～43	路23:39	-	chapter
路1:3#1	596	599	二10	路2:10	-	chapter
路1:3#1	619	625	四25～28	路4:25	-	chapter
路1:3#1	676	682	太八16註1	太8:16	1	book
路1:3#1	685	692	可十四20註1	可14:20	1	book
路1:5#1	22	28	代上二四10	代上24:10	-	book
路1:6#2	2	6	羅三20	羅3:20	-	book
路1:6#2	48	51	二25	路2:25	-	chapter
路1:6#2	52	55	腓三6	腓3:6	-	book
路1:6#2	118	122	利四28	利4:28	-	book
路1:6#2	123	126	五15	利5:15	-	chapter
路1:6#4	49	56	出二十2～17	出20:2	-	book
路1:6#4	83	91	出二十22～26	出20:22	-	book
路1:6#4	120	129	出二一1～二三19	出21:1	-	book
路1:6#4	153	157	羅二26	羅2:26	-	book
路1:6#4	161	164	來九1	來9:1	-	book
路1:6#4	165	167	10	來9:10	-	bare
路1:9#1	10	12	11	路1:11	-	bare
路1:9#1	13	19	出三十6～8	出30:6	-	book
路1:9#1	20	25	撒上二28	撒上2:28	-	book
路1:9#1	26	32	代上二三13	代上23:13	-	book
路1:9#1	33	39	代下二九11	代下29:11	-	book
路1:13#1	85	93	創十七15～19	創17:15	-	book
路1:13#1	104	111	撒上一5～20	撒上1:5	-	book
路1:13#2	11	17	王下二五23	王下25:23	-	book
路1:13#2	18	23	代上三24	代上3:24	-	book
路1:13#2	24	30	代下二八12	代下28:12	-	book
路1:15#1	13	18	民六1～4	民6:1	-	book
路1:15#1	47	51	弗五18	弗5:18	-	book
路1:15#2	34	39	詩五一11	詩51:11	-	book
路1:15#2	40	48	賽六三10～11	賽63:10	-	book
路1:17#1	18	21	瑪四5	瑪4:5	-	book
路1:17#1	23	31	太十一14與註1	太11:14	1	book
路1:17#1	32	39	可九11～13	可9:11	-	book
路1:20#1	14	19	林後四13	林後4:13	-	book
利11:1#1	41	45	一1註1	利1:1	1	chapter
利11:2#1	65	72	徒十9下～15	徒10:9	-	book
利11:2#1	73	78	27～29	徒10:27	-	bare
利11:2#1	118	123	46～47	利11:46	-	bare
利11:2#1	124	130	林前十五33	林前15:33	-	book
利11:2#1	131	139	林後六14～18	林後6:14	-	book
利11:3#1	19	20	7	利11:7	-	bare
利11:3#1	21	23	26	利11:26	-	bare
利11:3#1	34	35	3	利11:3	-	bare
利11:3#1	37	40	4～8	利11:4	-	bare
利11:3#1	41	46	26～28	利11:26	-	bare
利11:3#1	59	65	腓一9～10	腓1:9	-	book
利11:3#1	83	91	詩一一九15註1	詩119:15	1	book
利11:9#1	18	21	但七3	但7:3	-	book
利11:9#1	22	24	17	但7:17	-	bare
利11:9#1	25	30	啟十七15	啟17:15	-	book
利11:9#1	78	82	9～12	利11:9	-	bare
利11:13#1	54	60	13～19節	利11:13	-	bare
利11:13#1	96	101	創八7註1	創8:7	1	book
利11:21#1	22	27	21～22	利11:21	-	bare
利11:21#1	29	34	23～25	利11:23	-	bare
利11:25#1	18	20	25	利11:25	-	bare
利11:25#1	21	24	28上	利11:28	-	bare
利11:25#1	25	27	40	利11:40	-	bare
利11:25#1	53	58	賽六四6上	賽64:6	-	book
利11:29#1	21	23	31	利11:31	-	bare
利11:29#1	24	26	44	利11:44	-	bare
利11:29#1	27	29	46	利11:46	-	bare
利11:29#1	46	51	41～44	利11:41	-	bare
利11:29#1	75	77	42	利11:42	-	bare
利11:29#1	137	141	創三14	創3:14	-	book
利11:29#1	142	146	啟十二9	啟12:9	-	book
利11:29#1	147	154	路十19與註2	路10:19	2	book
利11:31#1	35	36	8	利11:8	-	bare
利11:31#1	37	39	11	利11:11	-	bare
利11:31#1	40	42	24	利11:24	-	bare
利11:31#1	43	45	27	利11:27	-	bare
利11:31#1	46	51	31～40	利11:31	-	bare
利11:31#1	116	119	創二9	創2:9	-	book
利11:31#1	120	122	17	創2:17	-	bare
利11:31#2	61	66	24～25	利11:24	-	bare
利11:31#2	67	74	27下～28上	利11:27	-	bare
利11:31#2	75	81	31下～32	利11:31	-	bare
利11:31#2	82	87	39～40	利11:39	-	bare
利11:31#2	110	114	約壹一9	約壹1:9	-	book
利11:31#2	155	160	民十九11	民19:11	-	book
利11:31#2	161	163	13	民19:13	-	bare
利11:31#2	186	194	太十五17～20	太15:17	-	book
利11:32#1	54	61	約七38～39	約7:38	-	book
利11:33#1	13	17	羅九21	羅9:21	-	book
利11:33#1	18	20	23	羅9:23	-	bare
利11:33#1	21	25	林後四7	林後4:7	-	book
利11:33#1	65	67	33	利11:33	-	bare
利11:33#1	68	70	35	利11:35	-	bare
利11:33#1	118	122	路九23	路9:23	-	book
利11:36#1	54	58	約四14	約4:14	-	book
利11:36#1	59	65	七38～39	約7:38	-	chapter
利11:36#1	84	88	約四10	約4:10	-	book
利11:36#1	89	92	七37	約7:37	-	chapter
利11:37#1	53	58	可四3註1	可4:3	1	book
利11:47#1	38	42	約六35	約6:35	-	book
利11:47#1	43	45	57	約6:57	-	bare
利11:47#1	85	88	45下	利11:45	-	bare
利12:2#1	14	19	創三2註1	創3:2	1	book
利12:2#1	78	82	詩五一5	詩51:5	-	book
利12:2#1	95	100	弗二1～3	弗2:1	-	book
利12:2#1	101	107	四17～19	弗4:17	-	chapter
利12:2#1	137	145	太十五17～20	太15:17	-	book
利12:2#1	146	151	羅五19上	羅5:19	-	book
利12:2#2	23	24	2	利12:2	-	bare
利12:2#2	25	27	5上	利12:5	-	bare
利12:2#2	72	76	彼前三7	彼前3:7	-	book
利12:3#1	0	2	3節	利12:3	-	bare
利12:3#1	3	5	6節	利12:6	-	bare
利12:3#1	42	46	太二八1	太28:1	-	book
利12:3#1	47	51	約二十1	約20:1	-	book
利12:3#1	79	82	羅六6	羅6:6	-	book
利12:3#1	83	88	加二20上	加2:20	-	book
利12:3#1	119	123	羅三20	羅3:20	-	book
利12:3#1	170	177	西二11～12	西2:11	-	book
利12:3#1	180	187	創十七10註1	創17:10	1	book
利12:3#1	188	192	12註1	創17:12	1	bare
利12:4#1	38	40	5下	利12:5	-	bare
利12:4#1	105	108	申九9	申9:9	-	book
利12:4#1	109	114	王上十九8	王上19:8	-	book
利12:4#2	61	64	3註1	利12:3	1	bare
利12:4#2	65	68	6註1	利12:6	1	bare
利12:6#1	24	27	6～8	利12:6	-	bare
利12:6#1	60	61	3	利12:3	-	bare
利12:6#1	111	116	來十5～7	來10:5	-	book
利12:6#1	164	171	約壹一7～二2	約壹1:7	-	book
路1:26#1	21	25	約七52	約7:52	-	book
路1:26#1	26	29	一46	約1:46	-	chapter
路1:27#1	31	36	31～32	路1:31	-	bare
路1:27#1	37	43	太一16註1	太1:16	1	book
路1:31#1	1	7	太一21註1	太1:21	1	book
路1:32#1	16	21	創十四18	創14:18	-	book
路1:32#2	42	45	太一1	太1:1	-	book
路1:32#2	46	50	二二45	太22:45	-	chapter
路1:33#1	24	27	徒一6	徒1:6	-	book
路1:33#1	28	32	十五16	徒15:16	-	chapter
路1:33#1	47	52	啟十一15	啟11:15	-	book
路1:33#1	62	66	啟二十4	啟20:4	-	book
路1:33#1	67	68	6	啟20:6	-	bare
路1:33#1	84	88	啟二二3	啟22:3	-	book
路1:33#1	89	90	5	啟22:5	-	bare
路1:35#1	1	5	15註2	路1:15	2	bare
路1:35#3	10	14	太十七5	太17:5	-	book
路1:35#3	20	25	出四十34	出40:34	-	book
路1:35#3	26	28	38	出40:38	-	bare
路1:35#3	61	65	太一18	太1:18	-	book
路1:35#3	66	68	20	太1:20	-	bare
路1:35#3	337	339	15	路1:15	-	bare
路1:35#3	364	368	約一14	約1:14	-	book
路1:35#3	441	446	提前三16	提前3:16	-	book
路1:35#3	458	461	二11	路2:11	-	chapter
路1:41#1	15	17	44	路1:44	-	bare
路1:42#1	9	11	41	路1:41	-	bare
路1:42#1	39	41	43	路1:43	-	bare
路1:42#1	57	59	45	路1:45	-	bare
路1:42#2	9	13	徒二30	徒2:30	-	book
路1:42#2	24	28	啟二二2	啟22:2	-	book
路1:42#2	49	52	賽四2	賽4:2	-	book
路1:42#2	60	64	耶二三5	耶23:5	-	book
路1:42#2	82	86	徒二30	徒2:30	-	book
路1:42#2	104	107	啟二7	啟2:7	-	book
路1:43#1	11	13	41	路1:41	-	bare
路1:43#1	46	51	詩一一○1	詩110:1	-	book
路1:43#1	52	60	太二二43～45	太22:43	-	book
路1:45#2	12	14	20	路1:20	-	bare
路1:45#3	5	7	41	路1:41	-	bare
路1:45#3	15	21	30～37節	路1:30	-	bare
路1:46#2	32	37	47～50	路1:47	-	bare
路1:46#2	61	66	51～55	路1:51	-	bare
路1:46#2	118	123	41～43	路1:41	-	bare
路1:46#2	137	142	67～71	路1:67	-	bare
路1:46#2	143	148	76～79	路1:76	-	bare
路1:50#1	17	19	55	路1:55	-	bare
路1:50#1	20	22	58	路1:58	-	bare
路1:50#1	23	25	72	路1:72	-	bare
路1:50#1	26	28	78	路1:78	-	bare
路1:50#1	30	36	來四16註2	來4:16	2	book
路1:50#1	37	42	多三5註2	多3:5	2	book
路1:50#1	55	57	48	路1:48	-	bare
路1:50#1	64	66	52	路1:52	-	bare
路1:55#1	33	37	50註1	路1:50	1	bare
路1:55#1	48	50	70	路1:70	-	bare
路1:55#1	51	56	72與註2	路1:72	2	bare
利13:2#1	42	49	民十二1～10	民12:1	-	book
利13:2#1	56	64	王下五20～27	王下5:20	-	book
利13:2#1	71	80	代下二六16～21	代下26:16	-	book
利13:2#1	141	148	約壹三4與註3	約壹3:4	3	book
利13:2#1	179	187	結二八13～18	結28:13	-	book
利13:2#1	188	196	賽十四12～15	賽14:12	-	book
利13:2#1	246	250	羅五12	羅5:12	-	book
利13:2#1	251	254	19上	羅5:19	-	bare
利13:2#1	255	258	七20	羅7:20	-	chapter
利13:2#1	319	324	太八2註1	太8:2	1	book
利13:2#2	25	30	2下～28	利13:2	-	bare
利13:3#1	60	64	歌五11	歌5:11	-	book
利13:3#1	68	75	啟一14與註1	啟1:14	1	book
利13:3#2	42	43	4	利13:4	-	bare
利13:12#1	0	6	12～13節	利13:12	-	bare
利13:12#1	43	47	約壹一9	約壹1:9	-	book
利13:14#1	32	37	16～17	利13:16	-	bare
利13:14#1	62	66	約壹一9	約壹1:9	-	book
利13:18#1	12	17	18～20	利13:18	-	bare
利13:24#1	0	6	24～25節	利13:24	-	bare
利13:29#1	21	26	林前十一7	林前11:7	-	book
利13:29#1	27	29	15	林前11:15	-	bare
利13:29#1	111	115	林後十5	林後10:5	-	book
利13:29#1	116	120	提後三8	提後3:8	-	book
利13:29#1	145	150	太六1～6	太6:1	-	book
利13:29#1	151	156	路十一43	路11:43	-	book
利13:29#1	157	163	十四7～11	路14:7	-	chapter
利13:30#1	32	35	3註1	利13:3	1	bare
利13:33#1	40	46	林前十一10	林前11:10	-	book
利13:33#1	47	49	15	林前11:15	-	bare
利13:34#1	11	15	賽六四6	賽64:6	-	book
利13:34#1	70	74	啟七14	啟7:14	-	book
利13:34#1	75	80	林前六11	林前6:11	-	book
利13:38#1	14	19	太六1～6	太6:1	-	book
利13:38#1	29	31	39	利13:39	-	bare
利13:40#1	15	17	41	利13:41	-	bare
利13:40#1	53	58	42～44	利13:42	-	bare
利13:45#1	17	22	45～46	利13:45	-	bare
利13:45#1	149	151	46	利13:46	-	bare
利13:45#1	180	185	林前五13	林前5:13	-	book
利13:47#1	8	13	47～59	利13:47	-	bare
利13:47#2	78	80	48	利13:48	-	bare
利13:49#1	60	62	51	利13:51	-	bare
利13:52#1	42	49	加五19～24	加5:19	-	book
利13:54#1	34	39	林前六11	林前6:11	-	book
利13:54#1	40	43	多三5	多3:5	-	book
利13:56#1	53	55	57	利13:57	-	bare
路1:64#1	1	3	20	路1:20	-	bare
路1:68#1	86	91	68～73	路1:68	-	bare
路1:68#1	92	97	76～79	路1:76	-	bare
路1:69#1	14	20	耶二三5～6	耶23:5	-	book
路1:70#1	1	5	55註1	路1:55	1	bare
路1:72#1	1	5	50註1	路1:50	1	bare
路1:72#2	23	25	73	路1:73	-	bare
路1:73#1	13	16	來八6	來8:6	-	book
路1:75#1	29	32	羅一2	羅1:2	-	book
路1:76#1	7	9	17	路1:17	-	bare
路1:76#1	10	13	瑪三1	瑪3:1	-	book
路1:76#2	1	6	可一3註3	可1:3	3	book
路1:78#1	47	52	42與註2	路1:42	2	bare
路1:78#1	63	67	約十四6	約14:6	-	book
路1:78#1	90	93	約九5	約9:5	-	book
路1:78#1	94	98	太四16	太4:16	-	book
路1:80#1	19	21	41	路1:41	-	bare
路1:80#1	22	24	67	路1:67	-	bare
利14:3#1	50	55	太八1～4	太8:1	-	book
利14:3#2	33	39	約八32註1	約8:32	1	book
利14:4#1	9	10	3	利14:3	-	bare
利14:4#2	74	75	5	利14:5	-	bare
利14:4#2	104	109	彼前二24	彼前2:24	-	book
利14:4#2	124	127	6～7	利14:6	-	bare
利14:4#2	174	177	羅八2	羅8:2	-	book
利14:4#3	6	11	王上四33	王上4:33	-	book
利14:4#3	71	74	腓二7	腓2:7	-	book
利14:4#3	93	98	太八2～3	太8:2	-	book
利14:4#3	116	120	書二18	書2:18	-	book
利14:4#3	133	141	太二七28～29	太27:28	-	book
利14:4#3	219	225	腓二5～11	腓2:5	-	book
利14:5#1	22	26	林後四7	林後4:7	-	book
利14:5#1	42	49	約七37～39	約7:37	-	book
利14:5#1	50	54	啟二二1	啟22:1	-	book
利14:5#1	105	109	來九14	來9:14	-	book
利14:6#1	3	7	6～7節	利14:6	-	bare
利14:6#1	86	91	弗二5～6	弗2:5	-	book
利14:6#1	92	96	腓三10	腓3:10	-	book
利14:6#1	97	99	21	腓3:21	-	bare
利14:6#1	100	105	西三1～4	西3:1	-	book
利14:6#1	137	140	4註2	利14:4	2	bare
利14:6#1	144	147	7註1	利14:7	1	bare
利14:7#1	38	42	彼前一2	彼前1:2	-	book
利14:7#1	64	71	出十二22註2	出12:22	2	book
利14:7#1	91	95	約壹一7	約壹1:7	-	book
利14:7#1	96	97	9	約壹1:9	-	bare
利14:7#2	60	68	林後五14～15	林後5:14	-	book
利14:7#2	69	74	弗二5～6	弗2:5	-	book
利14:7#2	75	80	西三1～3	西3:1	-	book
利14:7#2	83	86	4註2	利14:4	2	bare
利14:8#1	61	64	5～7	利14:5	-	bare
利14:8#1	118	124	十三34註1	利13:34	1	chapter
利14:8#1	125	130	本章9註1	利14:9	1	anaphor
利14:8#1	131	136	十五5註1	利15:5	1	chapter
利14:9#1	147	153	腓三7～11	腓3:7	-	book
利14:10#1	1	7	10～32節	利14:10	-	bare
利14:10#1	27	28	9	利14:9	-	bare
利14:10#1	79	84	18～20	利14:18	-	bare
利14:10#1	180	181	3	利14:3	-	bare
利14:10#1	187	190	4～9	利14:4	-	bare
利14:10#1	200	205	十六1註1	利16:1	1	chapter
利14:10#2	13	18	10～11	利14:10	-	bare
利14:12#1	1	8	出二九24註1	出29:24	1	book
利14:12#1	96	101	彼前二24	彼前2:24	-	book
利14:13#2	1	6	六26註1	利6:26	1	chapter
利14:14#1	80	87	出二九20註1	出29:20	1	book
利14:17#1	57	59	14	利14:14	-	bare
利14:18#2	1	6	十六1註1	利16:1	1	chapter
路2:2#1	8	12	箴二一1	箴21:1	-	book
路2:2#1	69	72	彌五2	彌5:2	-	book
路2:2#1	73	80	約七41～42	約7:41	-	book
路2:4#1	16	22	三23～31	路3:23	-	chapter
路2:4#1	23	26	一32	路1:32	-	chapter
路2:4#1	28	34	太一6～16	太1:6	-	book
路2:7#1	89	94	21～24	路2:21	-	bare
路2:7#1	111	118	創十七9～14	創17:9	-	book
路2:7#1	146	150	創十二3	創12:3	-	book
路2:7#1	166	169	加三8	加3:8	-	book
路2:7#1	187	191	加三14	加3:14	-	book
路2:7#1	207	209	40	路2:40	-	bare
路2:7#1	274	279	40～52	路2:40	-	bare
路2:7#1	444	449	太二2註1	太2:2	1	book
路2:12#1	23	26	賽九6	賽9:6	-	book
路2:13#1	21	24	十五7	路15:7	-	chapter
路2:14#3	9	12	弗一5	弗1:5	-	book
路2:24#1	30	36	21～24節	路2:21	-	bare
路2:24#1	50	52	39	路2:39	-	bare
路2:24#2	15	19	利十二8	利12:8	-	book
路2:34#1	35	39	羅九33	羅9:33	-	book
利14:21#1	0	6	21～32節	利14:21	-	bare
利14:35#1	37	42	林前一11	林前1:11	-	book
利14:37#1	54	56	38	利14:38	-	bare
利14:40#1	76	81	林前五13	林前5:13	-	book
利14:40#1	82	87	羅十六17	羅16:17	-	book
利14:40#1	88	92	多三10	多3:10	-	book
利14:40#1	93	97	帖後三6	帖後3:6	-	book
利14:40#1	98	100	14	帖後3:14	-	bare
利14:42#1	23	27	彼前二5	彼前2:5	-	book
利14:45#1	47	50	啟二5	啟2:5	-	book
利14:49#1	0	6	49～51節	利14:49	-	bare
利14:49#1	34	37	4～9	利14:4	-	bare
利14:52#1	32	35	5註1	利14:5	1	bare
利14:53#1	46	49	7註2	利14:7	2	bare
利14:53#2	29	33	約十四2	約14:2	-	book
路2:40#1	7	9	52	路2:52	-	bare
路2:40#1	18	21	一80	路1:80	-	chapter
路2:40#2	9	14	西二2～3	西2:2	-	book
路2:42#2	21	26	申十六16	申16:16	-	book
路2:49#3	11	15	約五18	約5:18	-	book
路2:52#1	10	13	十九3	路19:3	-	chapter
路2:52#1	22	28	太六27註1	太6:27	1	book
路3:2#1	1	6	太三1註2	太3:1	2	book
路3:2#1	7	12	可一4註2	可1:4	2	book
路3:3#1	1	6	可一4註3	可1:4	3	book
路3:3#2	1	6	可一4註4	可1:4	4	book
路3:4#1	9	12	可一3	可1:3	-	book
路3:5#1	47	53	一16～17	路1:16	-	chapter
路3:7#1	13	18	約壹三10	約壹3:10	-	book
路3:7#1	27	31	啟十二9	啟12:9	-	book
路3:8#1	6	10	約八39	約8:39	-	book
路3:8#2	1	6	太三9註2	太3:9	2	book
路3:9#1	1	5	17註1	路3:17	1	bare
路3:14#1	1	6	十九8註2	路19:8	2	chapter
路3:15#1	17	24	約一19～27	約1:19	-	book
路3:16#1	0	6	16～17節	路3:16	-	bare
路3:16#1	8	15	太三11～12	太3:11	-	book
路3:16#1	16	21	可一7～8	可1:7	-	book
路3:17#1	7	12	啟二十15	啟20:15	-	book
路3:18#1	1	6	四43註1	路4:43	1	chapter
利15:2#1	10	12	7節	利15:7	-	bare
利15:2#1	79	82	2～3	利15:2	-	bare
利15:2#1	110	118	太十六21～24	太16:21	-	book
利15:2#1	119	123	羅七18	羅7:18	-	book
利15:4#1	22	26	4～11	利15:4	-	bare
利15:4#1	81	86	十二1～8	利12:1	-	chapter
利15:4#1	87	91	詩五一5	詩51:5	-	book
利15:5#1	10	13	5～8	利15:5	-	bare
利15:5#1	14	19	10～11	利15:10	-	bare
利15:5#1	62	66	弗五26	弗5:26	-	book
利15:5#1	83	90	約七37～39	約7:37	-	book
利15:5#1	91	94	羅八2	羅8:2	-	book
利15:5#2	25	28	5～8	利15:5	-	bare
利15:5#2	29	34	10～11	利15:10	-	bare
利15:5#2	103	108	羅六3～4	羅6:3	-	book
利15:5#2	109	117	林後五14～15	林後5:14	-	book
利15:11#1	33	37	弗五26	弗5:26	-	book
利15:11#1	38	42	約六63	約6:63	-	book
利15:12#1	43	47	11註1	利15:11	1	bare
利15:14#1	1	7	十四10註2	利14:10	2	chapter
路3:21#1	0	6	21～22節	路3:21	-	bare
路3:21#1	8	15	太三16～17	太3:16	-	book
路3:21#1	16	22	可一9～11	可1:9	-	book
路3:22#1	1	4	一35	路1:35	-	chapter
路3:22#1	111	114	四14	路4:14	-	chapter
路3:22#1	115	117	18	路4:18	-	bare
路3:22#1	118	123	太十二28	太12:28	-	book
路3:22#1	169	174	太二七46	太27:46	-	book
路3:23#1	10	13	民四3	民4:3	-	book
路3:23#1	14	16	35	民4:35	-	bare
路3:23#1	17	22	39～40	民4:39	-	bare
路3:23#1	23	28	43～44	民4:43	-	bare
路3:23#1	29	34	47～48	民4:47	-	bare
路3:23#3	1	6	太一1註1	太1:1	1	book
路3:23#3	35	38	約一1	約1:1	-	book
路3:23#3	39	41	14	約1:14	-	bare
路3:23#3	89	91	23	路3:23	-	bare
路3:23#3	92	94	38	路3:38	-	bare
路3:23#4	1	7	太一16註1	太1:16	1	book
路3:27#1	1	7	太一12註2	太1:12	2	book
路3:31#1	1	6	太一6註4	太1:6	4	book
路3:38#1	1	6	太一1註1	太1:1	1	book
路3:38#2	4	6	23	路3:23	-	bare
路3:38#2	50	52	38	路3:38	-	bare
路3:38#2	53	60	創一26～27	創1:26	-	book
路3:38#2	61	63	二7	創2:7	-	chapter
路3:38#2	76	78	38	路3:38	-	bare
路3:38#2	100	102	34	路3:34	-	bare
路3:38#2	103	109	創十二1～3	創12:1	-	book
路3:38#2	122	124	23	路3:23	-	bare
路3:38#2	125	131	二10～11	路2:10	-	chapter
路3:38#3	57	59	23	路3:23	-	bare
路3:38#3	70	75	創五1～2	創5:1	-	book
路3:38#3	121	126	徒十七28	徒17:28	-	book
路3:38#3	200	207	約一12～13	約1:12	-	book
路3:38#3	208	211	三16	約3:16	-	chapter
路3:38#3	212	216	彼後一4	彼後1:4	-	book
路4:1#1	0	5	1～13節	路4:1	-	bare
路4:1#1	7	13	太四1～11	太4:1	-	book
路4:1#2	1	6	三22註1	路3:22	1	chapter
路4:6#1	42	50	結二八13～14	結28:13	-	book
路4:6#1	71	76	約十二31	約12:31	-	book
路4:6#1	113	121	賽十四12～15	賽14:12	-	book
路4:6#1	150	157	啟二十7～10	啟20:7	-	book
路4:6#1	241	247	帖後二3～4	帖後2:3	-	book
路4:6#1	253	257	啟十三4	啟13:4	-	book
路4:9#1	1	6	太四5註2	太4:5	2	book
路4:12#1	1	6	太四7註2	太4:7	2	book
路4:13#1	31	39	太十六22～23	太16:22	-	book
路4:13#1	40	44	約八40	約8:40	-	book
路4:13#1	45	50	路二二53	路22:53	-	book
路4:13#1	51	58	約六70～71	約6:70	-	book
利16:1#1	147	149	2節	利16:2	-	bare
利16:1#1	150	155	出二五17	出25:17	-	book
利16:1#1	186	190	羅三25	羅3:25	-	book
利16:1#1	191	195	來二17	來2:17	-	book
利16:1#1	196	200	約壹二2	約壹2:2	-	book
利16:1#1	201	204	四10	約壹4:10	-	chapter
利16:1#1	259	264	14～15	利16:14	-	bare
利16:1#1	281	286	出二五16	出25:16	-	book
利16:1#1	316	321	來一3註3	來1:3	3	book
利16:1#1	383	387	來九12	來9:12	-	book
利16:1#1	388	391	二17	來2:17	-	chapter
利16:1#1	392	396	約壹二2	約壹2:2	-	book
利16:1#1	397	400	四10	約壹4:10	-	chapter
利16:1#1	401	405	約一29	約1:29	-	book
利16:1#1	408	414	羅三25註2	羅3:25	2	book
利16:1#1	418	424	來二17註5	來2:17	5	book
利16:1#1	425	430	九12註2	來9:12	2	chapter
利16:1#1	431	437	約壹二2註2	約壹2:2	2	book
利16:2#1	48	49	3	利16:3	-	bare
利16:4#1	33	38	林前一30	林前1:30	-	book
利16:4#1	39	43	徒三14	徒3:14	-	book
利16:4#1	62	69	來十19～22	來10:19	-	book
利16:4#1	103	109	出二八2註1	出28:2	1	book
利16:4#2	45	49	加三27	加3:27	-	book
利16:5#1	0	2	3節	利16:3	-	bare
利16:5#1	20	21	6	利16:6	-	bare
利16:5#1	22	24	11	利16:11	-	bare
利16:6#1	1	4	1註1	利16:1	1	bare
利16:6#1	34	38	彼前二5	彼前2:5	-	book
利16:6#1	39	40	9	彼前2:9	-	bare
利16:6#1	41	44	啟一6	啟1:6	-	book
利16:6#1	45	48	五10	啟5:10	-	chapter
利16:8#1	27	31	約八44	約8:44	-	book
利16:8#1	47	48	9	利16:9	-	bare
利16:8#1	81	83	10	利16:10	-	bare
利16:8#1	84	89	20～22	利16:20	-	bare
利16:8#1	190	194	約一29	約1:29	-	book
利16:8#1	195	199	來九26	來9:26	-	book
利16:8#1	227	232	啟二十10	啟20:10	-	book
利16:12#1	13	21	出三十34～38	出30:34	-	book
利16:12#1	33	38	11～13	利16:11	-	bare
利16:12#1	96	103	來十19～22	來10:19	-	book
利16:14#1	14	19	14～15	利16:14	-	bare
利16:14#1	64	68	來九12	來9:12	-	book
利16:14#2	1	8	出二五17註1	出25:17	1	book
利16:16#1	94	101	約壹一7～二2	約壹1:7	-	book
利16:16#1	129	133	腓三21	腓3:21	-	book
利16:17#1	23	27	來二17	來2:17	-	book
利16:18#1	45	50	出三十10	出30:10	-	book
利16:18#1	53	55	四7	利4:7	-	chapter
利16:18#1	56	58	18	利4:18	-	bare
利16:18#1	94	98	四5註1	利4:5	1	chapter
利16:19#1	50	54	來九14	來9:14	-	book
利16:19#1	65	70	14～15	利16:14	-	bare
利16:19#2	50	56	彼前二24上	彼前2:24	-	book
利16:20#1	77	81	林後七1	林後7:1	-	book
利16:20#1	82	87	來十三12	來13:12	-	book
利16:20#2	0	6	20～22節	利16:20	-	bare
利16:20#2	8	11	8註1	利16:8	1	bare
利16:24#1	87	88	9	利16:9	-	bare
利16:25#1	94	99	12～13	利16:12	-	bare
利16:27#1	51	55	來九12	來9:12	-	book
利16:27#1	72	75	六30	利6:30	-	chapter
利16:27#1	78	86	來十三10～11	來13:10	-	book
利16:27#1	87	91	10註1	來13:10	1	bare
利16:27#1	141	149	來十三12～13	來13:12	-	book
利16:29#3	26	28	31	利16:31	-	bare
利16:34#1	34	37	來十1	來10:1	-	book
利16:34#1	59	66	來九1～十18	來9:1	-	book
路4:14#1	1	6	三22註1	路3:22	1	chapter
路4:15#1	1	7	可一21註1	可1:21	1	book
路4:15#1	8	13	雅二2註1	雅2:2	1	book
路4:15#2	1	7	可一21註2	可1:21	2	book
路4:18#1	1	6	三22註1	路3:22	1	chapter
路4:18#3	1	5	43註1	路4:43	1	bare
路4:18#4	16	20	十二21	路12:21	-	chapter
路4:18#4	21	25	啟三17	啟3:17	-	book
路4:18#4	27	30	太五3	太5:3	-	book
路4:18#5	21	25	賽四二7	賽42:7	-	book
路4:18#6	11	15	番一17	番1:17	-	book
路4:18#6	16	23	約九39～41	約9:39	-	book
路4:18#6	24	29	約壹二11	約壹2:11	-	book
路4:18#6	30	34	啟三17	啟3:17	-	book
路4:18#7	17	22	徒二六18	徒26:18	-	book
路4:18#8	29	36	十三11～13	路13:11	-	chapter
路4:18#8	37	41	約八34	約8:34	-	book
路4:19#1	4	11	利二五8～17	利25:8	-	book
路4:19#1	28	32	賽四九8	賽49:8	-	book
路4:19#1	33	37	林後六2	林後6:2	-	book
路4:22#2	1	4	21節	路4:21	-	bare
路4:22#2	9	15	18～19節	路4:18	-	bare
路4:22#3	16	21	林後五16	林後5:16	-	book
路4:22#3	30	33	羅一4	羅1:4	-	book
路4:26#1	20	24	約六33	約6:33	-	book
路4:26#1	25	27	35	約6:35	-	bare
路4:26#1	51	56	林前六11	林前6:11	-	book
路4:26#1	82	90	徒十三45～48	徒13:45	-	book
路4:26#1	92	99	太十五21註1	太15:21	1	book
路4:26#1	100	104	22註1	太15:22	1	bare
路4:32#1	1	7	可一22註1	可1:22	1	book
路4:33#1	1	7	可一23註1	可1:23	1	book
路4:36#1	1	7	可一27註1	可1:27	1	book
路4:38#1	0	5	38～41	路4:38	-	bare
路4:38#1	6	12	五12～14	路5:12	-	chapter
路4:38#1	13	18	七1～10	路7:1	-	chapter
路4:38#1	34	40	太八2～16	太8:2	-	book
路4:38#1	41	48	可一29～二1	可1:29	-	book
路4:38#1	55	61	太八16註1	太8:16	1	book
路4:38#2	12	18	可一30註1	可1:30	1	book
路4:38#2	19	23	31註1	可1:31	1	bare
路4:43#2	9	15	十七21註1	路17:21	1	chapter
路4:43#2	40	43	可四3	可4:3	-	book
路4:43#2	44	46	26	可4:26	-	bare
路4:43#2	91	94	約三5	約3:5	-	book
路4:43#2	113	120	彼後一3～11	彼後1:3	-	book
路4:43#2	149	154	羅十四17	羅14:17	-	book
路4:43#2	178	182	啟二十4	啟20:4	-	book
路4:43#2	183	184	6	啟20:6	-	bare
路4:43#2	193	197	加五21	加5:21	-	book
路4:43#2	198	201	弗五5	弗5:5	-	book
路4:43#2	265	271	啟二一1～4	啟21:1	-	book
路4:43#2	272	277	二二1～5	啟22:1	-	chapter
路4:43#2	278	280	14	啟22:14	-	bare
路4:43#2	283	289	可一15註1	可1:15	1	book
路4:43#2	290	294	四3註1	可4:3	1	chapter
路4:43#2	298	302	26註1	可4:26	1	bare
路4:43#2	349	353	弗四18	弗4:18	-	book
路4:43#3	1	7	可一38註2	可1:38	2	book
路4:44#1	11	15	可一39	可1:39	-	book
路4:44#1	16	20	太四23	太4:23	-	book
路4:44#1	51	56	七17註1	路7:17	1	chapter
路4:44#1	57	62	二三5註1	路23:5	1	chapter
路4:44#2	1	7	可一14註3	可1:14	3	book
利17:4#1	2	6	3～9節	利17:3	-	bare
利17:4#1	164	170	申十二5～6	申12:5	-	book
利17:4#2	7	8	4	利17:4	-	bare
利17:4#2	9	13	9～10	利17:9	-	bare
利17:4#2	14	16	14	利17:14	-	bare
利17:4#2	33	38	林前五13	林前5:13	-	book
利17:5#1	34	36	五6	利5:6	-	chapter
利17:5#1	74	79	七37註2	利7:37	2	chapter
利17:7#1	29	37	林前十20～21	林前10:20	-	book
利17:7#2	77	80	4註1	利17:4	1	bare
利17:10#1	7	9	10	利17:10	-	bare
利17:10#1	10	12	12	利17:12	-	bare
利17:10#1	15	20	三17註1	利3:17	1	chapter
利17:15#1	39	44	賽五三10	賽53:10	-	book
利17:15#1	65	69	約壹一7	約壹1:7	-	book
利17:15#2	54	58	賽五三8	賽53:8	-	book
利17:15#2	77	80	啟一5	啟1:5	-	book
利17:15#3	112	119	約六53～55	約6:53	-	book
利17:15#3	120	126	林前十16上	林前10:16	-	book
利17:15#3	127	130	21上	林前10:21	-	bare
利17:15#3	156	161	羅一5註4	羅1:5	4	book
利18:1#1	25	33	弗四17～五14	弗4:17	-	book
利18:3#1	50	54	弗四22	弗4:22	-	book
利18:3#1	109	113	羅十二2	羅12:2	-	book
利18:3#1	135	141	4～二十27	利18:4	-	bare
利18:3#1	177	181	弗四24	弗4:24	-	book
利18:4#1	1	6	路一6註4	路1:6	4	book
利18:5#1	1	8	加三21與註1	加3:21	1	book
利18:25#2	10	15	申八7註1	申8:7	1	book
利18:25#2	58	60	25	利18:25	-	bare
利18:25#2	61	63	28	利18:28	-	bare
利18:25#2	64	68	二十22	利20:22	-	chapter
利18:25#2	144	148	啟三16	啟3:16	-	book
路5:1#1	9	13	太四18	太4:18	-	book
路5:1#1	14	18	可一16	可1:16	-	book
路5:2#1	0	5	2～10節	路5:2	-	bare
路5:2#1	8	15	太四18～22	太4:18	-	book
路5:2#1	16	23	可一16～20	可1:16	-	book
路5:3#1	22	29	約一40～42	約1:40	-	book
路5:10#2	16	22	約二一6註1	約21:6	1	book
路5:10#2	98	102	太四19	太4:19	-	book
路5:10#2	113	117	徒二38	徒2:38	-	book
路5:10#2	118	122	十一18	徒11:18	-	chapter
路5:12#1	0	6	12～15節	路5:12	-	bare
路5:12#1	8	13	太八2～4	太8:2	-	book
路5:12#1	15	22	可一40～45	可1:40	-	book
路5:16#1	1	7	可一35註1	可1:35	1	book
路5:18#1	0	6	18～26節	路5:18	-	bare
路5:18#1	8	13	太九2～8	太9:2	-	book
路5:18#1	15	21	可二3～12	可2:3	-	book
路5:27#1	0	6	27～32節	路5:27	-	bare
路5:27#1	8	14	太九9～13	太9:9	-	book
路5:27#1	16	23	可二13～17	可2:13	-	book
路5:33#1	0	6	33～39節	路5:33	-	bare
路5:33#1	8	15	太九14～17	太9:14	-	book
路6:1#1	0	4	1～5節	路6:1	-	bare
路6:1#1	6	12	太十二1～8	太12:1	-	book
路6:1#1	14	21	可二23～28	可2:23	-	book
路6:6#1	0	5	6～11節	路6:6	-	bare
路6:6#1	7	14	太十二9～14	太12:9	-	book
路6:6#1	16	21	可三1～6	可3:1	-	book
路6:6#2	1	7	可一21註2	可1:21	2	book
路6:11#1	29	35	二34～35	路2:34	-	chapter
利19:2#1	13	14	2	利19:2	-	bare
利19:2#1	15	18	二十7	利20:7	-	chapter
利19:2#1	19	21	26	利20:26	-	bare
利19:2#1	46	51	彼前一15	彼前1:15	-	book
利19:2#1	52	57	彼後三11	彼後3:11	-	book
利19:5#1	1	5	三1註1	利3:1	1	chapter
利19:5#1	34	43	林前十一17～21	林前11:17	-	book
利19:6#1	0	4	6～8節	利19:6	-	bare
利19:6#1	72	73	7	利19:7	-	bare
利19:6#1	109	110	8	利19:8	-	bare
利19:9#1	0	5	9～10節	利19:9	-	bare
利19:9#1	7	10	得二2	得2:2	-	book
利19:19#1	21	25	創一11	創1:11	-	book
利19:19#1	26	28	21	創1:21	-	bare
利19:19#1	29	34	24～25	創1:24	-	bare
利19:19#1	83	87	加五16	加5:16	-	book
利19:19#1	127	132	林前二13	林前2:13	-	book
利19:19#1	133	139	提前一3～4	提前1:3	-	book
利19:19#1	186	193	加二19～20	加2:19	-	book
利19:19#1	194	198	五1～6	加5:1	-	chapter
利19:19#1	220	224	二十23	利20:23	-	chapter
利19:19#1	226	230	弗四17	弗4:17	-	book
利19:19#1	231	236	羅十二2上	羅12:2	-	book
利19:19#1	239	244	十八3註1	利18:3	1	chapter
利20:7#1	1	6	十九2註1	利19:2	1	chapter
利20:22#1	1	7	十八25註2	利18:25	2	chapter
利20:24#1	1	6	申八7註1	申8:7	1	book
利20:25#1	1	6	十一2註1	利11:2	1	chapter
利20:25#1	7	11	47註1	利11:47	1	bare
路6:12#1	1	7	可一35註1	可1:35	1	book
路6:13#1	0	6	13～16節	路6:13	-	bare
路6:13#1	8	13	太十1～4	太10:1	-	book
路6:20#1	0	6	20～23節	路6:20	-	bare
路6:20#1	8	14	太五3～12	太5:3	-	book
路6:20#2	27	33	20～49節	路6:20	-	bare
路6:20#2	90	95	24～26	路6:24	-	bare
路6:20#2	96	99	39節	路6:39	-	bare
路6:20#3	1	6	四43註2	路4:43	2	chapter
路6:24#1	7	13	24～26節	路6:24	-	bare
路6:27#1	0	6	27～36節	路6:27	-	bare
路6:27#1	8	15	太五38～48	太5:38	-	book
路6:37#1	0	6	37～38節	路6:37	-	bare
路6:37#1	8	13	太七1～2	太7:1	-	book
路6:39#1	17	24	太十五14註1	太15:14	1	book
路6:41#1	0	6	41～42節	路6:41	-	bare
路6:41#1	8	13	太七3～5	太7:3	-	book
路6:42#1	1	6	太六2註2	太6:2	2	book
路6:47#1	0	6	47～49節	路6:47	-	bare
路6:47#1	8	15	太七24～27	太7:24	-	book
利21:1#1	29	32	1～4	利21:1	-	bare
利21:1#1	54	59	啟一5～6	啟1:5	-	book
利21:1#1	60	63	五10	啟5:10	-	chapter
利21:5#1	36	41	林前十一5	林前11:5	-	book
利21:7#1	0	1	7	利21:7	-	bare
利21:7#1	2	3	9	利21:9	-	bare
利21:7#1	4	10	13～15節	利21:13	-	bare
利21:10#1	10	16	出二八1註1	出28:1	1	book
利21:10#1	62	67	林後一21	林後1:21	-	book
利21:10#1	68	73	詩一三三2	詩133:2	-	book
利21:10#1	153	157	啟十九8	啟19:8	-	book
利21:11#1	77	81	太十37	太10:37	-	book
利21:11#1	82	89	十二46～50	太12:46	-	chapter
利21:18#1	0	6	18～20節	利21:18	-	bare
利21:18#1	44	48	約八12	約8:12	-	book
利21:18#1	71	75	腓四13	腓4:13	-	book
利21:18#1	104	108	歌七4下	歌7:4	-	book
利21:18#1	138	143	林後十13	林後10:13	-	book
利21:18#1	174	182	提後三16～17	提後3:16	-	book
利21:18#1	221	226	西三1～3	西3:1	-	book
利21:18#1	251	255	弗四13	弗4:13	-	book
利21:18#1	295	303	徒十八24～28	徒18:24	-	book
利21:18#1	321	328	腓一19～20	腓1:19	-	book
利21:18#1	373	378	腓一21上	腓1:21	-	book
利21:18#1	446	450	約十五5	約15:5	-	book
利21:22#1	0	6	22～23節	利21:22	-	bare
利22:3#1	0	4	3～9節	利22:3	-	bare
利22:3#1	79	84	林前六11	林前6:11	-	book
利22:10#1	71	73	11	利22:11	-	bare
利22:12#1	0	6	12～13節	利22:12	-	bare
利22:18#1	60	62	23	利22:23	-	bare
利22:27#1	31	35	約二十1	約20:1	-	book
利22:27#1	86	90	加二20	加2:20	-	book
利22:30#1	12	14	29	利22:29	-	bare
利22:30#1	66	71	來十三15	來13:15	-	book
路7:1#2	0	5	1～10節	路7:1	-	bare
路7:1#2	7	13	太八5～13	太8:5	-	book
路7:13#1	106	110	十九10	路19:10	-	chapter
路7:17#1	23	28	四44註1	路4:44	1	chapter
路7:18#1	0	6	18～35節	路7:18	-	bare
路7:18#1	8	15	太十一2～19	太11:2	-	book
路7:22#1	1	6	四43註1	路4:43	1	chapter
利23:2#2	52	58	弗一22註4	弗1:22	4	book
利23:3#1	90	93	7～8	利23:7	-	bare
利23:3#1	94	96	21	利23:21	-	bare
利23:3#1	97	99	25	利23:25	-	bare
利23:3#1	100	102	28	利23:28	-	bare
利23:3#1	103	108	31～32	利23:31	-	bare
利23:3#1	109	114	35～36	利23:35	-	bare
利23:3#1	115	117	39	利23:39	-	bare
利23:4#1	43	44	3	利23:3	-	bare
利23:4#1	62	69	西二16～17	西2:16	-	book
利23:5#2	6	7	5	利23:5	-	bare
利23:5#2	14	17	6～8	利23:6	-	bare
利23:7#1	13	14	8	利23:8	-	bare
利23:8#1	101	107	林前五7～8	林前5:7	-	book
利23:10#1	26	32	林前十五20	林前15:20	-	book
利23:10#1	53	61	林前十五20註2	林前15:20	2	book
利23:10#1	62	69	太二七53註1	太27:53	1	book
利23:10#1	85	93	可十四12與註2	可14:12	2	book
利23:10#1	103	108	林前十五4	林前15:4	-	book
利23:10#1	120	122	11	利23:11	-	bare
利23:10#1	123	127	約二十1	約20:1	-	book
利23:11#1	49	54	羅四25下	羅4:25	-	book
利23:12#1	109	112	弗二6	弗2:6	-	book
利23:13#2	0	5	一1～六7	利1:1	-	chapter
利23:13#2	56	63	民十五1～10	民15:1	-	book
利23:13#2	64	70	二八7～10	民28:7	-	chapter
利23:13#2	81	83	12	利23:12	-	bare
利23:13#2	126	132	賽五三12下	賽53:12	-	book
利23:13#2	133	138	腓二5～8	腓2:5	-	book
利23:13#2	156	163	腓二17與註1	腓2:17	1	book
利23:13#2	164	171	提後四6與註1	提後4:6	1	book
利23:14#1	46	54	約二十17與註1	約20:17	1	book
利23:15#1	22	27	申十六10	申16:10	-	book
利23:15#1	34	39	出二三16	出23:16	-	book
利23:16#1	1	4	徒二1	徒2:1	-	book
利23:16#1	43	45	11	利23:11	-	bare
利23:16#1	61	63	15	利23:15	-	bare
利23:16#1	267	276	林前十二12～13	林前12:12	-	book
利23:17#1	11	13	16	利23:16	-	bare
利23:17#1	77	82	林前十17	林前10:17	-	book
利23:17#1	123	128	徒二1～4	徒2:1	-	book
利23:17#1	144	151	徒十34～38	徒10:34	-	book
利23:17#1	170	176	徒五1～11	徒5:1	-	book
利23:17#1	177	179	六1	徒6:1	-	chapter
利23:17#1	247	253	林前十五20	林前15:20	-	book
利23:17#1	254	259	約二十17	約20:17	-	book
利23:17#1	303	310	約三29～30	約3:29	-	book
利23:17#1	311	317	林前十二12	林前12:12	-	book
利23:17#1	318	325	西三10～11	西3:10	-	book
利23:18#1	74	78	腓二17	腓2:17	-	book
利23:18#1	79	83	提後四6	提後4:6	-	book
利23:19#1	16	18	20	利23:20	-	bare
利23:19#1	38	44	徒五1～11	徒5:1	-	book
利23:22#1	61	66	得二2～3	得2:2	-	book
利23:22#1	70	78	太十五21～28	太15:21	-	book
利23:24#1	45	50	太二四31	太24:31	-	book
利23:24#1	52	57	賽二七13	賽27:13	-	book
利23:24#1	58	62	詩八一3	詩81:3	-	book
利23:24#1	279	281	25	利23:25	-	bare
利23:27#1	27	32	二五9註1	利25:9	1	chapter
利23:27#1	46	51	十六1註1	利16:1	1	chapter
利23:27#2	17	20	27下	利23:27	-	bare
利23:27#2	21	23	29	利23:29	-	bare
利23:27#2	77	85	亞十二10～14	亞12:10	-	book
利23:27#2	86	91	太二四30	太24:30	-	book
利23:27#2	92	95	啟一7	啟1:7	-	book
利23:28#1	23	25	28	利23:28	-	bare
利23:28#1	26	32	30～32上	利23:30	-	bare
路7:38#1	10	16	林前十一15	林前11:15	-	book
路7:39#1	32	34	16	路7:16	-	bare
路7:41#2	1	6	約六7註1	約6:7	1	book
路7:44#1	3	9	44～46節	路7:44	-	bare
路7:48#1	24	29	11～17	路7:11	-	bare
路7:49#1	26	31	可二7註1	可2:7	1	book
路7:50#1	52	55	加五6	加5:6	-	book
路8:1#2	1	6	四43註1	路4:43	1	chapter
路8:2#1	13	14	1	路8:1	-	bare
路8:2#1	42	43	3	路8:3	-	bare
路8:5#1	0	5	5～15節	路8:5	-	bare
路8:5#1	7	14	太十三3～23	太13:3	-	book
路8:5#1	16	22	可四2～20	可4:2	-	book
路8:10#1	1	6	四43註2	路4:43	2	chapter
路8:16#1	0	6	16～18節	路8:16	-	bare
路8:16#1	8	15	可四21～25	可4:21	-	book
路8:19#1	0	6	19～21節	路8:19	-	bare
路8:19#1	8	16	太十二46～50	太12:46	-	book
路8:19#1	18	25	可三31～35	可3:31	-	book
利23:34#1	6	12	出二三16下	出23:16	-	book
利23:34#1	15	22	出二三16註2	出23:16	2	book
利23:36#2	25	29	約二十1	約20:1	-	book
利23:36#2	89	94	來四9註1	來4:9	1	book
利23:39#1	55	59	羅五14	羅5:14	-	book
利23:39#1	77	81	約一17	約1:17	-	book
利23:39#1	102	106	徒一11	徒1:11	-	book
利23:39#1	120	124	啟二十4	啟20:4	-	book
利23:39#1	125	126	6	啟20:6	-	bare
利23:39#1	168	174	啟二一1～3	啟21:1	-	book
利23:40#1	16	23	王上六15註1	王上6:15	1	book
利23:40#2	1	6	啟七9註4	啟7:9	4	book
利23:42#1	112	119	來十一8～10	來11:8	-	book
利23:42#1	120	126	啟二一2～3	啟21:2	-	book
利23:42#1	127	129	14	啟21:14	-	bare
利23:42#1	132	137	約七2註1	約7:2	1	book
利23:44#1	134	138	太二六2	太26:2	-	book
利23:44#1	139	144	17～19	太26:17	-	bare
利23:44#1	145	150	26～28	太26:26	-	bare
利23:44#1	151	155	林前五7	林前5:7	-	book
利23:44#1	170	176	林前五7～8	林前5:7	-	book
利23:44#1	194	200	林前十五20	林前15:20	-	book
利23:44#1	220	224	彼前一3	彼前1:3	-	book
利23:44#1	225	228	弗二6	弗2:6	-	book
利23:44#1	259	264	徒二1～4	徒2:1	-	book
利23:44#1	266	269	徒一3	徒1:3	-	book
利23:44#1	333	338	太二四31	太24:31	-	book
利23:44#1	373	381	羅十一26～27	羅11:26	-	book
利23:44#1	382	390	亞十二10～14	亞12:10	-	book
利23:44#1	413	419	啟二十4～6	啟20:4	-	book
利23:44#1	455	461	啟二一1～2	啟21:1	-	book
利24:1#1	0	4	1～9節	利24:1	-	bare
利24:2#1	42	47	約十九34	約19:34	-	book
利24:2#1	65	72	太二六36註1	太26:36	1	book
利24:2#1	73	80	出二五31註2	出25:31	2	book
利24:3#1	17	18	2	利24:2	-	bare
利24:3#1	31	34	約一4	約1:4	-	book
利24:3#1	35	38	八12	約8:12	-	chapter
利24:3#1	63	66	3～4	利24:3	-	bare
利24:5#1	24	28	二三13	利23:13	-	chapter
利24:5#1	29	31	17	利23:17	-	bare
利24:5#1	53	58	太十四20	太14:20	-	book
利24:7#2	10	11	9	利24:9	-	bare
利24:10#1	52	54	16	利24:16	-	bare
利24:11#1	42	45	1～9	利24:1	-	bare
利24:11#1	66	69	太六9	太6:9	-	book
利24:17#1	40	45	17～22	利24:17	-	bare
利24:17#1	59	63	創一26	創1:26	-	book
路8:22#1	0	6	22～25節	路8:22	-	bare
路8:22#1	8	15	太八23～27	太8:23	-	book
路8:22#1	17	24	可四36～41	可4:36	-	book
路8:24#1	1	5	五5註1	路5:5	1	chapter
路8:26#1	0	6	26～39節	路8:26	-	bare
路8:26#1	8	15	太八28～34	太8:28	-	book
路8:26#1	17	23	可五1～20	可5:1	-	book
路8:40#1	1	6	太九1註1	太9:1	1	book
路8:41#1	0	6	41～56節	路8:41	-	bare
路8:41#1	8	15	太九18～26	太9:18	-	book
路8:41#1	17	24	可五22～43	可5:22	-	book
路8:48#1	24	28	羅三17	羅3:17	-	book
路8:48#1	45	48	一79	路1:79	-	chapter
利25:2#1	109	114	來四9註1	來4:9	1	book
利25:4#1	15	19	4下～5	利25:4	-	bare
利25:4#1	50	58	太十一28～30	太11:28	-	book
利25:6#1	47	50	6～7	利25:6	-	bare
利25:8#1	27	32	11～12	利25:11	-	bare
利25:8#1	126	130	約二十1	約20:1	-	book
利25:9#1	45	47	10	利25:10	-	bare
利25:9#1	81	86	可十六15	可16:15	-	book
利25:9#1	87	92	路二四47	路24:47	-	book
利25:10#1	9	14	10～11	利25:10	-	bare
利25:10#1	114	120	賽六一1～2	賽61:1	-	book
利25:10#1	126	133	路四16～22	路4:16	-	book
利25:10#1	192	196	賽四九8	賽49:8	-	book
利25:10#1	197	205	路十五17～24	路15:17	-	book
利25:10#1	206	210	林後六2	林後6:2	-	book
利25:10#1	235	242	羅七14～八2	羅7:14	-	book
利25:10#2	37	39	10	利25:10	-	bare
利25:10#2	40	42	13	利25:13	-	bare
利25:10#2	43	45	28	利25:28	-	bare
利25:10#2	71	76	39～41	利25:39	-	bare
利25:10#2	202	205	25上	利25:25	-	bare
利25:10#2	241	244	39上	利25:39	-	bare
利25:10#2	286	289	西二9	西2:9	-	book
利25:10#2	305	311	林前十五45	林前15:45	-	book
利25:10#2	312	317	林後三17	林後3:17	-	book
利25:10#2	318	322	加三14	加3:14	-	book
利25:10#2	337	342	申八7註1	申8:7	1	book
利25:10#2	379	382	創二9	創2:9	-	book
利25:10#2	383	390	十三12～15	創13:12	-	chapter
利25:10#2	391	395	詩十六5	詩16:5	-	book
利25:10#2	396	399	九十1	詩90:1	-	chapter
利25:10#2	423	427	創三24	創3:24	-	book
利25:10#2	428	431	四16	創4:16	-	chapter
利25:10#2	432	436	弗二12	弗2:12	-	book
利25:10#2	456	460	約八34	約8:34	-	book
利25:10#2	461	466	羅七14下	羅7:14	-	book
利25:10#2	467	470	加四8	加4:8	-	book
利25:10#2	471	474	多三3	多3:3	-	book
利25:10#2	475	481	約壹五19下	約壹5:19	-	book
利25:10#2	511	515	羅三24	羅3:24	-	book
利25:10#2	516	520	五1～2	羅5:1	-	chapter
利25:10#2	521	524	弗二8	弗2:8	-	book
利25:10#2	545	550	徒二六18	徒26:18	-	book
利25:10#2	551	555	加三14	加3:14	-	book
利25:10#2	556	560	弗一14	弗1:14	-	book
利25:10#2	561	565	西一12	西1:12	-	book
利25:10#2	566	574	路十五12～24	路15:12	-	book
利25:10#2	593	597	約八32	約8:32	-	book
利25:10#2	598	601	羅六6	羅6:6	-	book
利25:10#2	602	604	14	羅6:14	-	bare
利25:10#2	605	607	八2	羅8:2	-	chapter
利25:10#2	608	615	來二14～15	來2:14	-	book
利25:10#2	616	621	約十二31	約12:31	-	book
利25:10#2	643	647	加六10	加6:10	-	book
利25:10#2	648	652	弗二19	弗2:19	-	book
利25:10#2	670	676	林後十三14	林後13:14	-	book
利25:10#2	747	753	賽六一1～2	賽61:1	-	book
利25:10#3	64	71	路四18～19	路4:18	-	book
利25:10#3	72	77	徒二六18	徒26:18	-	book
利25:11#1	20	25	11～12	利25:11	-	bare
利25:21#1	54	57	6～7	利25:6	-	bare
利25:21#1	96	100	8～17	利25:8	-	bare
利25:23#1	148	153	林前三15	林前3:15	-	book
利25:24#1	0	6	24～28節	利25:24	-	bare
利25:24#1	27	29	25	利25:25	-	bare
利25:24#1	114	119	26～27	利25:26	-	bare
利25:24#1	143	147	約一11	約1:11	-	book
利25:24#1	232	237	亞十二10	亞12:10	-	book
利25:24#1	282	284	28	利25:28	-	bare
利25:24#1	336	340	10註2	利25:10	2	bare
利25:29#1	41	46	太十六18	太16:18	-	book
利25:29#1	47	51	啟一11	啟1:11	-	book
利25:29#1	73	78	29～30	利25:29	-	bare
利25:29#1	195	200	太二五29	太25:29	-	book
利25:29#1	243	247	23註1	利25:23	1	bare
利25:32#1	24	29	32～33	利25:32	-	bare
利25:34#1	56	60	23註1	利25:23	1	bare
利25:35#1	0	6	35～55節	利25:35	-	bare
利25:35#2	44	50	35～37節	利25:35	-	bare
利25:35#2	104	107	加六1	加6:1	-	book
利25:35#2	108	115	雅五19～20	雅5:19	-	book
利25:39#1	0	6	39～43節	利25:39	-	bare
利25:39#1	122	127	太二十28	太20:28	-	book
利25:39#1	128	132	林後四5	林後4:5	-	book
利25:39#1	133	136	加六1	加6:1	-	book
利25:44#1	2	8	44～46節	利25:44	-	bare
利25:47#1	1	7	47～49節	利25:47	-	bare
利25:47#1	139	144	50～53	利25:50	-	bare
利25:47#1	197	199	54	利25:54	-	bare
路9:1#2	1	7	可一27註1	可1:27	1	book
路9:1#2	8	13	太十1註2	太10:1	2	book
路9:2#1	1	6	四43註2	路4:43	2	chapter
路9:3#1	1	6	太十9註1	太10:9	1	book
路9:9#1	1	7	可六27註1	可6:27	1	book
路9:12#1	0	6	12～17節	路9:12	-	bare
路9:12#1	8	16	太十四15～21	太14:15	-	book
路9:17#1	1	7	可六43註1	可6:43	1	book
路9:18#1	0	6	18～27節	路9:18	-	bare
路9:18#1	8	16	太十六13～28	太16:13	-	book
路9:28#1	0	6	28～36節	路9:28	-	bare
路9:28#1	8	14	太十七1～9	太17:1	-	book
利26:1#1	58	65	約壹五21註3	約壹5:21	3	book
利26:2#1	48	54	出二十8註1	出20:8	1	book
利26:2#2	33	37	約一14	約1:14	-	book
利26:2#2	38	41	西二9	西2:9	-	book
利26:2#2	68	76	提前三15～16	提前3:15	-	book
利26:2#2	77	82	啟二一10	啟21:10	-	book
利26:3#1	1	5	1～2節	利26:1	-	bare
利26:3#1	230	234	4～13	利26:4	-	bare
利26:4#1	32	35	羅八4	羅8:4	-	book
利26:4#1	58	60	4上	利26:4	-	bare
利26:4#1	73	78	申十一14	申11:14	-	book
利26:4#1	79	83	耶五24	耶5:24	-	book
利26:4#1	84	88	珥二23	珥2:23	-	book
利26:4#1	130	134	4下～5	利26:4	-	bare
利26:4#1	135	137	10	利26:10	-	bare
利26:4#1	173	176	弗三8	弗3:8	-	book
利26:4#1	177	181	西一12	西1:12	-	book
利26:4#1	207	208	6	利26:6	-	bare
利26:4#1	237	242	徒二十29	徒20:29	-	book
利26:4#1	250	253	雅四1	雅4:1	-	book
利26:4#1	284	287	7～8	利26:7	-	bare
利26:4#1	307	311	弗六12	弗6:12	-	book
利26:4#1	322	323	9	利26:9	-	bare
利26:4#1	336	340	約十五8	約15:8	-	book
利26:4#1	341	343	16	約15:16	-	bare
利26:4#1	362	364	11	利26:11	-	bare
利26:4#1	400	408	林後六16～18	林後6:16	-	book
利26:14#1	12	17	14～15	利26:14	-	bare
利26:14#1	38	43	16～39	利26:16	-	bare
利26:14#1	68	73	羅八7～8	羅8:7	-	book
利26:16#1	8	13	16～17	利26:16	-	bare
利26:16#1	37	46	林前十一29～32	林前11:29	-	book
利26:16#1	47	54	雅五14～16	雅5:14	-	book
利26:16#1	55	60	約壹五16	約壹5:16	-	book
利26:16#1	76	79	啟三1	啟3:1	-	book
利26:16#1	80	82	17	啟3:17	-	bare
利26:18#1	32	37	19～20	利26:19	-	bare
利26:21#1	15	20	21～22	利26:21	-	bare
利26:21#1	40	45	林前一11	林前1:11	-	book
利26:21#1	46	52	林後十二20	林後12:20	-	book
利26:22#1	47	52	徒二十29	徒20:29	-	book
利26:24#1	14	19	24～26	利26:24	-	bare
利26:25#1	17	21	加五15	加5:15	-	book
利26:25#1	22	25	雅四1	雅4:1	-	book
利26:25#1	48	52	提前六4	提前6:4	-	book
利26:25#1	53	58	提後二17	提後2:17	-	book
利26:25#1	89	93	彼前五8	彼前5:8	-	book
利26:28#1	22	27	27～39	利26:27	-	bare
利26:34#1	15	20	34～35	利26:34	-	bare
利26:36#1	1	7	36～39節	利26:36	-	bare
利26:40#1	34	39	40～41	利26:40	-	bare
利26:42#1	28	35	來八10～12	來8:10	-	book
利26:42#1	46	50	西一12	西1:12	-	book
利26:44#1	132	137	亞十二10	亞12:10	-	book
利26:44#1	138	146	羅十一25～27	羅11:25	-	book
路9:49#1	1	7	可九38註1	可9:38	1	book
路9:50#1	1	7	可九39註1	可9:39	1	book
路9:50#2	1	7	可九40註1	可9:40	1	book
路9:51#1	1	6	可十1註1	可10:1	1	book
路9:54#1	19	26	可三17與註1	可3:17	1	book
路9:54#1	57	63	可九38註1	可9:38	1	book
路9:57#1	8	12	太八19	太8:19	-	book
路9:57#1	35	39	太八18	太8:18	-	book
路9:57#1	60	66	太八19註2	太8:19	2	book
路9:58#1	33	35	二7	路2:7	-	chapter
路9:58#1	66	69	二12	路2:12	-	chapter
路9:59#1	45	51	太八21註1	太8:21	1	book
路9:60#1	16	20	約五25	約5:25	-	book
路9:60#1	21	24	弗二1	弗2:1	-	book
利27:2#2	44	45	3	利27:3	-	bare
利27:2#2	46	48	25	利27:25	-	bare
利27:2#2	86	91	提前三15	提前3:15	-	book
利27:2#2	109	111	13	利27:13	-	bare
利27:2#2	112	114	15	利27:15	-	bare
利27:2#2	115	117	19	利27:19	-	bare
利27:3#1	37	42	民一2～3	民1:2	-	book
利27:4#1	23	27	彼前三7	彼前3:7	-	book
利27:5#1	29	37	約壹二13～14	約壹2:13	-	book
利27:6#1	24	29	約壹二13	約壹2:13	-	book
利27:9#1	44	47	10上	利27:10	-	bare
利27:9#1	111	114	10下	利27:10	-	bare
利27:11#1	25	30	11～12	利27:11	-	bare
利27:11#1	59	63	提前二5	提前2:5	-	book
利27:14#1	29	34	提前三15	提前3:15	-	book
利27:14#1	47	51	提前二5	提前2:5	-	book
利27:16#1	28	33	申八7註1	申8:7	1	book
利27:16#2	83	88	約十二24	約12:24	-	book
利27:17#1	22	27	17～18	利27:17	-	bare
利27:17#1	88	90	16	利27:16	-	bare
利27:17#1	166	170	約十五2	約15:2	-	book
利27:17#1	171	172	6	約15:6	-	bare
利27:21#1	0	6	21～24節	利27:21	-	bare
利27:27#1	1	5	11註1	利27:11	1	bare
利27:30#1	0	6	30～33節	利27:30	-	bare
路10:1#1	60	68	民十一16～17	民11:16	-	book
路10:1#1	69	73	出二四1	出24:1	-	book
路10:1#1	74	75	9	出24:9	-	bare
路10:1#2	6	10	申十七6	申17:6	-	book
路10:1#2	11	15	十九15	申19:15	-	chapter
路10:1#2	16	21	太十八16	太18:16	-	book
路10:2#1	1	7	太九38註1	太9:38	1	book
路10:2#2	1	7	太九38註3	太9:38	3	book
路10:4#1	1	6	太十9註1	太10:9	1	book
路10:6#1	67	68	3	路10:3	-	bare
路10:6#1	98	102	太九36	太9:36	-	book
路10:6#1	114	115	2	路10:2	-	bare
路10:6#1	116	123	太九37～38	太9:37	-	book
路10:9#1	1	6	四43註2	路4:43	2	chapter
路10:12#1	1	7	太十15註1	太10:15	1	book
路10:15#1	1	8	太十一23註1	太11:23	1	book
路10:18#1	35	40	賽十四15	賽14:15	-	book
路10:18#1	41	46	結二八17	結28:17	-	book
路10:18#1	100	104	來二14	來2:14	-	book
路10:18#1	105	110	約十二31	約12:31	-	book
路10:18#1	135	139	啟十二5	啟12:5	-	book
路10:18#1	140	144	7～10	啟12:7	-	bare
路10:18#1	145	147	13	啟12:13	-	bare
路10:18#1	170	176	啟二十1～3	啟20:1	-	book
路10:18#1	198	203	啟二十10	啟20:10	-	book
路10:19#2	12	15	弗二2	弗2:2	-	book
路10:19#2	16	22	六11～12	弗6:11	-	chapter
路10:19#2	31	33	17	路10:17	-	bare
路10:19#2	34	36	20	路10:20	-	bare
路10:21#1	0	6	21～22節	路10:21	-	bare
路10:21#1	8	16	太十一25～27	太11:25	-	book
民1:1#1	39	42	西二9	西2:9	-	book
民1:1#1	56	63	出二五11註1	出25:11	1	book
民1:1#1	79	84	林前三16	林前3:16	-	book
民1:1#1	85	92	弗二21～22	弗2:21	-	book
民1:1#1	93	98	提前三15	提前3:15	-	book
民1:1#1	115	120	出二六15	出26:15	-	book
民1:1#1	190	193	徒一8	徒1:8	-	book
民1:1#2	1	6	利一1註2	利1:1	2	book
民1:2#1	31	35	1～16	民1:1	-	bare
民1:2#1	47	52	林前四15	林前4:15	-	book
民1:2#1	61	65	約壹一3	約壹1:3	-	book
民1:2#1	81	86	來十三17	來13:17	-	book
民1:2#1	101	106	20～46	民1:20	-	bare
民1:2#1	119	124	約壹二13	約壹2:13	-	book
民1:3#1	1	8	出三十14註1	出30:14	1	book
民1:3#1	40	44	利二七3	利27:3	-	book
民1:3#1	96	104	書十四10～11	書14:10	-	book
民1:3#2	28	30	四3	民4:3	-	chapter
民1:17#1	36	40	弗一22	弗1:22	-	book
民1:17#1	41	46	西一18上	西1:18	-	book
民1:17#1	77	81	來二17	來2:17	-	book
民1:17#1	107	111	4～16	民1:4	-	bare
民1:17#1	125	130	徒十四23	徒14:23	-	book
民1:47#1	13	18	47～49	民1:47	-	bare
民1:47#1	19	22	二33	民2:33	-	chapter
民1:47#1	59	64	50～53	民1:50	-	bare
民1:47#1	130	137	弗六10～20	弗6:10	-	book
民1:47#1	188	192	彼前二5	彼前2:5	-	book
民1:47#1	193	194	9	彼前2:9	-	bare
民1:50#1	18	19	1	民1:1	-	bare
民1:50#1	39	41	50	民1:50	-	bare
民1:50#1	42	44	53	民1:53	-	bare
民2:2#1	59	65	林前十二18	林前12:18	-	book
民2:2#1	66	68	28	林前12:28	-	bare
民2:2#2	43	48	出二五16	出25:16	-	book
民2:2#2	65	71	出二十1註1	出20:1	1	book
民2:2#2	72	78	二五10註2	出25:10	2	chapter
民2:2#2	259	267	太十六18與註6	太16:18	6	book
民2:2#2	268	275	約一14與註2	約1:14	2	book
民2:2#2	276	283	弗六10～20	弗6:10	-	book
民2:2#2	284	288	11註2	弗6:11	2	bare
民2:2#3	62	70	啟二一12～13	啟21:12	-	book
民2:2#3	112	116	2～31	民2:2	-	bare
民2:2#3	181	188	啟二一12註2	啟21:12	2	book
民2:9#1	27	35	創二九31～32	創29:31	-	book
民2:9#1	52	58	創四九3～4	創49:3	-	book
民2:9#1	59	65	代上五1～2	代上5:1	-	book
民2:9#1	78	80	16	民2:16	-	bare
民2:9#1	92	100	創二九31～35	創29:31	-	book
民2:9#1	127	133	創四九8～9	創49:8	-	book
民2:9#1	156	159	啟五5	啟5:5	-	book
民2:9#1	171	175	來二14	來2:14	-	book
民2:9#1	191	198	創四八8～20	創48:8	-	book
民2:9#1	208	210	24	民2:24	-	bare
民2:9#1	225	227	31	民2:31	-	bare
民2:9#1	238	243	創四九17	創49:17	-	book
民2:9#1	266	275	王上十二26～30	王上12:26	-	book
路10:25#1	1	6	太四7註2	太4:7	2	book
路10:25#3	1	8	太十九29註3	太19:29	3	book
路10:25#3	9	13	17註3	太19:17	3	bare
路10:29#1	14	21	十六14～15	路16:14	-	chapter
路10:29#1	22	28	十八9～10	路18:9	-	chapter
路10:30#1	53	55	29	路10:29	-	bare
路10:30#2	14	17	來七2	來7:2	-	book
路10:30#2	30	34	書六26	書6:26	-	book
路10:30#2	35	41	王上十六34	王上16:34	-	book
路10:30#4	15	18	約十1	約10:1	-	book
路10:30#4	24	30	林前十五56	林前15:56	-	book
路10:30#6	15	21	羅七9～10	羅7:9	-	book
路10:30#7	25	29	羅七11	羅7:11	-	book
路10:30#7	30	32	13	羅7:13	-	bare
路10:31#1	23	28	申三三10	申33:10	-	book
路10:31#1	29	34	代下十五3	代下15:3	-	book
路10:32#1	16	20	民一50	民1:50	-	book
路10:32#1	21	25	三6～7	民3:6	-	chapter
路10:32#1	26	29	八19	民8:19	-	chapter
路10:33#1	44	46	25	路10:25	-	bare
路10:33#1	47	49	29	路10:29	-	bare
路10:33#1	68	72	約八48	約8:48	-	book
路10:33#1	73	78	四9與註1	約4:9	1	chapter
路10:33#1	109	113	十九10	路19:10	-	chapter
路10:33#1	190	195	34～35	路10:34	-	bare
路10:34#1	1	7	34～35節	路10:34	-	bare
路10:34#1	127	134	太九17與註1	太9:17	1	book
路10:34#1	135	141	約二9與註1	約2:9	1	book
路10:34#1	174	177	亞九9	亞9:9	-	book
路10:35#1	1	6	約六7註1	約6:7	1	book
路10:36#1	14	16	29	路10:29	-	bare
路10:38#1	6	13	約十二1與註1	約12:1	1	book
路10:38#1	14	18	可十一1	可11:1	-	book
路10:38#1	19	27	太二一17與註1	太21:17	1	book
路10:39#1	28	32	民十二1	民12:1	-	book
路10:39#1	33	38	10～15	民12:10	-	bare
路10:42#1	18	20	39	路10:39	-	bare
路10:42#1	52	58	撒上十五22	撒上15:22	-	book
路10:42#1	59	62	傳五1	傳5:1	-	book
民3:4#1	1	6	利十1～2	利10:1	-	book
民3:8#1	16	21	25～26	民3:25	-	bare
民3:8#1	22	24	31	民3:31	-	bare
民3:8#1	25	30	36～37	民3:36	-	bare
民3:8#1	60	63	弗三8	弗3:8	-	book
民3:8#1	64	68	林後三3	林後3:3	-	book
民3:8#1	69	73	提前四6	提前4:6	-	book
民3:8#1	84	89	來十三10	來13:10	-	book
民3:8#1	112	115	西二9	西2:9	-	book
民3:8#1	129	133	約一14	約1:14	-	book
民3:8#1	154	158	約十四2	約14:2	-	book
民3:8#1	159	160	6	約14:6	-	bare
民3:8#1	161	163	20	約14:20	-	bare
民3:8#1	210	215	林前一23	林前1:23	-	book
民3:8#1	216	218	二2	林前2:2	-	chapter
民3:8#1	243	246	弗三8	弗3:8	-	book
民3:8#1	247	254	西一27～28	西1:27	-	book
民3:10#1	6	10	一3註3	民1:3	3	chapter
民3:12#1	13	16	5～9	民3:5	-	bare
民3:12#1	17	22	11～37	民3:11	-	bare
民3:12#1	23	28	39～51	民3:39	-	bare
民3:12#1	58	66	出十二12～13	出12:12	-	book
民3:12#1	67	69	23	出12:23	-	bare
民3:12#1	70	77	十三11～15	出13:11	-	chapter
民3:12#1	203	211	太二五14～30	太25:14	-	book
民3:17#1	65	68	二17	民2:17	-	chapter
民3:17#1	78	80	23	民3:23	-	bare
民3:17#1	90	92	29	民3:29	-	bare
民3:17#1	105	107	35	民3:35	-	bare
民3:17#1	131	133	38	民3:38	-	bare
民3:17#1	229	236	弗四11～16	弗4:11	-	book
民3:31#1	1	4	8註1	民3:8	1	bare
民3:31#1	19	24	30～31	民3:30	-	bare
民3:31#1	25	28	四15	民4:15	-	chapter
民3:38#1	18	20	32	民3:32	-	bare
民3:38#1	21	24	38下	民3:38	-	bare
民3:38#1	148	152	彼前二5	彼前2:5	-	book
民3:38#1	153	154	9	彼前2:9	-	bare
民4:3#1	21	22	3	民4:3	-	bare
民4:3#1	23	25	23	民4:23	-	bare
民4:3#1	26	28	30	民4:30	-	bare
民4:3#1	29	31	35	民4:35	-	bare
民4:3#1	32	34	43	民4:43	-	bare
民4:3#1	35	37	47	民4:47	-	bare
民4:3#1	62	66	路三23	路3:23	-	book
民4:3#1	104	107	三39	民3:39	-	chapter
民4:3#1	108	110	43	民3:43	-	bare
民4:3#1	155	157	一3	民1:3	-	chapter
民4:3#2	1	5	一3註2	民1:3	2	chapter
民4:3#2	65	68	羅一1	羅1:1	-	book
民4:3#2	69	73	十五16	羅15:16	-	chapter
民4:3#2	82	88	林後十3～5	林後10:3	-	book
民4:3#2	89	93	弗六12	弗6:12	-	book
民4:3#2	94	99	提前一18	提前1:18	-	book
民4:3#2	100	105	提後四7上	提後4:7	-	book
民4:5#1	93	96	徒一8	徒1:8	-	book
民4:5#1	97	102	十三1～4	徒13:1	-	chapter
民4:5#2	1	5	19註1	民4:19	1	bare
民4:7#2	1	8	利二三13註2	利23:13	2	book
民4:16#1	27	31	三8註1	民3:8	1	chapter
民4:16#1	32	36	31註1	民3:31	1	bare
民4:19#1	21	25	5～14	民4:5	-	bare
民4:19#1	40	42	19	民4:19	-	bare
民4:19#1	43	48	27～28	民4:27	-	bare
民4:19#1	49	51	33	民4:33	-	bare
民4:19#1	86	91	羅十五16	羅15:16	-	book
民4:19#1	92	96	彼前二5	彼前2:5	-	book
民4:19#1	97	98	9	彼前2:9	-	bare
民4:19#1	99	102	啟一6	啟1:6	-	book
民4:19#1	103	106	五10	啟5:10	-	chapter
路11:2#1	0	4	2～4節	路11:2	-	bare
路11:2#1	6	12	太六9～13	太6:9	-	book
路11:9#1	0	5	9～13節	路11:9	-	bare
路11:9#1	7	13	太七7～11	太7:7	-	book
路11:13#1	1	7	太七11註4	太7:11	4	book
路11:13#2	29	34	約二十22	約20:22	-	book
路11:14#1	0	6	14～15節	路11:14	-	bare
路11:14#1	8	15	太九32～34	太9:32	-	book
路11:14#1	16	23	十二22～24	太12:22	-	chapter
路11:15#1	1	7	太十25註1	太10:25	1	book
路11:17#1	0	6	17～23節	路11:17	-	bare
路11:17#1	8	16	太十二25～30	太12:25	-	book
路11:17#1	18	25	可三23～27	可3:23	-	book
路11:20#1	9	11	46	路11:46	-	bare
路11:20#1	31	38	約十28～29	約10:28	-	book
路11:20#1	50	54	賽五三1	賽53:1	-	book
路11:20#1	85	90	太十二28	太12:28	-	book
路11:23#1	1	7	可九40註1	可9:40	1	book
路11:24#1	0	6	24～26節	路11:24	-	bare
路11:24#1	8	16	太十二43～45	太12:43	-	book
路11:29#1	0	6	29～32節	路11:29	-	bare
路11:29#1	8	16	太十二38～42	太12:38	-	book
路11:33#1	1	7	可四21註1	可4:21	1	book
路11:33#2	1	7	太五15註1	太5:15	1	book
路11:33#3	1	7	太五15註2	太5:15	2	book
路11:34#1	1	7	太六22註1	太6:22	1	book
路11:34#3	1	7	太六23註1	太6:23	1	book
路11:35#1	20	22	34	路11:34	-	bare
路11:35#1	43	46	太五8	太5:8	-	book
路11:35#1	49	55	太六23註2	太6:23	2	book
民5:2#1	52	58	利十三2註1	利13:2	1	book
民5:2#1	118	124	利十五2註1	利15:2	1	book
民5:2#1	125	128	4註1	利15:4	1	bare
民5:2#1	170	175	利十一31	利11:31	-	book
民5:7#1	58	62	約壹一9	約壹1:9	-	book
民5:7#1	103	108	路十九8下	路19:8	-	book
民5:8#2	25	29	約壹二2	約壹2:2	-	book
民5:8#2	30	33	四10	約壹4:10	-	chapter
民5:8#2	35	41	利十六1註1	利16:1	1	book
民5:8#2	76	79	7註1	民5:7	1	bare
民5:14#1	32	39	林後十一2～3	林後11:2	-	book
民5:14#1	74	80	啟十九7～9	啟19:7	-	book
民5:14#1	81	86	11～14	啟19:11	-	bare
民5:14#1	141	144	雅四4	雅4:4	-	book
民5:14#1	165	171	林前十六22	林前16:22	-	book
民5:15#2	53	58	約六9註2	約6:9	2	book
民5:18#1	24	30	林前十一10	林前11:10	-	book
民5:18#1	31	33	15	林前11:15	-	bare
民5:25#1	14	21	出二九24註1	出29:24	1	book
民5:25#1	46	48	26	民5:26	-	bare
民6:2#1	146	150	士十三5	士13:5	-	book
民6:2#1	157	162	撒上一11	撒上1:11	-	book
民6:2#1	163	166	二11	撒上2:11	-	chapter
民6:2#2	59	65	羅六19註2	羅6:19	2	book
民6:2#2	115	119	約五30	約5:30	-	book
民6:2#2	120	123	腓二8	腓2:8	-	book
民6:3#1	17	20	3～4	民6:3	-	bare
民6:3#1	39	45	詩一○四15	詩104:15	-	book
民6:3#1	46	50	傳十19	傳10:19	-	book
民6:3#1	105	109	太八20	太8:20	-	book
民6:3#1	110	113	雅四4	雅4:4	-	book
民6:3#1	114	119	約壹二15	約壹2:15	-	book
民6:5#1	25	30	林前十一3	林前11:3	-	book
民6:5#1	31	32	6	林前11:6	-	bare
民6:5#1	33	35	10	林前11:10	-	bare
民6:5#1	36	38	15	林前11:15	-	bare
民6:5#1	57	64	羅十三1～2上	羅13:1	-	book
民6:5#1	65	69	弗五21	弗5:21	-	book
民6:5#1	70	72	23	弗5:23	-	bare
民6:5#1	73	75	六1	弗6:1	-	chapter
民6:5#1	76	81	來十三17	來13:17	-	book
民6:5#1	82	86	彼前五5	彼前5:5	-	book
民6:5#1	89	94	五18註1	民5:18	1	chapter
民6:6#1	33	40	利十一31註2	利11:31	2	book
民6:7#1	64	72	太十二46～50	太12:46	-	book
民6:9#1	46	51	徒二一27	徒21:27	-	book
民6:10#1	18	22	約二十1	約20:1	-	book
民6:10#1	89	94	10～11	民6:10	-	bare
民6:10#1	134	137	弗一7	弗1:7	-	book
民6:12#1	60	65	10～11	民6:10	-	bare
民6:13#1	13	18	徒二一27	徒21:27	-	book
民6:13#1	37	43	林前五8註1	林前5:8	1	book
民6:13#1	101	104	3註1	民6:3	1	bare
民6:13#1	105	108	7註1	民6:7	1	bare
民6:14#1	110	113	利一4	利1:4	-	book
民6:14#2	73	77	來九12	來9:12	-	book
民6:14#3	62	68	利七37註2	利7:37	2	book
民6:15#2	1	8	利二三13註2	利23:13	2	book
民6:18#1	33	35	14	民6:14	-	bare
民6:19#1	1	7	19～20節	民6:19	-	bare
民6:23#1	0	6	23～27節	民6:23	-	bare
民6:23#1	18	23	五1～10	民5:1	-	chapter
民6:23#1	32	38	五11～31	民5:11	-	chapter
民6:23#1	48	52	1～21	民6:1	-	bare
民6:23#1	61	67	林後十三14	林後13:14	-	book
民6:23#1	357	359	24	民6:24	-	bare
民6:23#1	387	389	25	民6:25	-	bare
民6:23#1	414	416	26	民6:26	-	bare
民6:24#1	20	23	弗一3	弗1:3	-	book
民6:24#1	45	50	約十七11	約17:11	-	book
民6:24#1	51	53	15	約17:15	-	bare
民6:24#1	54	58	彼前一5	彼前1:5	-	book
民6:25#1	40	46	約十四7～9	約14:7	-	book
民6:25#1	80	84	路一78	路1:78	-	book
民6:25#1	86	90	太四16	太4:16	-	book
民6:25#1	91	95	約八12	約8:12	-	book
民6:25#2	46	50	約一14	約1:14	-	book
民6:25#2	51	56	16～17	約1:16	-	bare
民6:25#2	91	98	林後十三14上	林後13:14	-	book
民6:26#1	2	4	25	民6:25	-	bare
民6:26#1	59	61	25	民6:25	-	bare
民6:26#1	75	79	弗四30	弗4:30	-	book
路11:41#1	12	14	39	路11:39	-	bare
路11:41#1	48	50	39	路11:39	-	bare
路11:42#2	1	8	太二三23註2	太23:23	2	book
路11:49#1	14	19	林前一30	林前1:30	-	book
路11:49#1	22	27	太二三34	太23:34	-	book
路11:49#1	34	42	太二三34～36	太23:34	-	book
路11:49#1	43	51	路十一49～51	路11:49	-	book
路11:49#1	54	63	代下二四20～22	代下24:20	-	book
路11:54#1	10	15	太二二15	太22:15	-	book
路12:5#2	1	7	太十28註1	太10:28	1	book
路12:5#3	1	7	太五22註9	太5:22	9	book
路12:9#1	22	28	太十33註1	太10:33	1	book
路12:10#1	1	8	太十二31註1	太12:31	1	book
路12:10#1	9	13	32註1	太12:32	1	bare
路12:12#1	1	7	太十20註1	太10:20	1	book
民7:1#1	79	87	出三十23～25	出30:23	-	book
民7:1#1	88	92	25註2	出30:25	2	bare
民7:1#1	171	176	林後一21	林後1:21	-	book
民7:1#1	226	233	出三十26註1	出30:26	1	book
民7:3#1	29	30	9	民7:9	-	bare
民7:10#1	45	50	84～86	民7:84	-	bare
民7:10#1	189	194	87～88	民7:87	-	bare
民7:10#1	364	371	啟二一12註2	啟21:12	2	book
民7:10#1	372	376	16註2	啟21:16	2	bare
民7:10#1	377	381	17註2	啟21:17	2	bare
民8:2#1	9	12	啟四5	啟4:5	-	book
民8:4#1	12	16	出二五9	出25:9	-	book
民8:4#1	17	19	40	出25:40	-	bare
民8:4#1	38	46	出二五31～40	出25:31	-	book
民8:7#1	99	100	8	民8:8	-	bare
民8:7#1	101	103	12	民8:12	-	bare
民8:10#1	29	34	16～18	民8:16	-	bare
民8:10#1	35	38	三12	民3:12	-	chapter
民8:10#1	42	49	出三二27註2	出32:27	2	book
民8:11#1	12	19	出二九24註1	出29:24	1	book
民8:11#1	46	50	羅十二1	羅12:1	-	book
民8:11#1	51	55	4～6上	羅12:4	-	bare
民8:12#1	29	31	10	民8:10	-	bare
民8:24#1	2	4	四3	民4:3	-	chapter
民8:25#1	0	6	25～26節	民8:25	-	bare
路12:22#1	0	6	22～31節	路12:22	-	bare
路12:22#1	8	15	太六25～33	太6:25	-	book
路12:32#1	1	6	四43註2	路4:43	2	chapter
路12:33#1	1	7	太六20註1	太6:20	1	book
路12:39#1	0	6	39～46節	路12:39	-	bare
路12:39#1	8	16	太二四43～51	太24:43	-	book
路12:39#2	6	10	來八11	來8:11	-	book
路12:39#2	35	41	來八11註1	來8:11	1	book
民9:1#1	34	36	一1	民1:1	-	chapter
民9:1#1	39	44	九1～14	民9:1	-	chapter
民9:1#1	55	56	1	民9:1	-	bare
民9:1#1	251	260	林前十一23～26	林前11:23	-	book
民9:2#1	10	17	出十二1～28	出12:1	-	book
民9:2#1	19	24	43～51	出12:43	-	bare
民9:2#1	69	76	太二六26註1	太26:26	1	book
民9:2#1	235	239	約六57	約6:57	-	book
民9:3#2	1	6	路一6註4	路1:6	4	book
民9:13#1	34	43	林前十一23～26	林前11:23	-	book
民9:13#1	61	63	14	民9:14	-	bare
民9:13#1	88	95	弗二11～19	弗2:11	-	book
民9:15#1	12	18	林前十1～2	林前10:1	-	book
民9:15#1	19	22	1註4	林前10:1	4	bare
民9:15#1	23	26	2註1	林前10:2	1	bare
民9:15#1	40	47	詩一一九105	詩119:105	-	book
民9:15#1	58	62	約六63	約6:63	-	book
民9:15#1	63	67	弗六17	弗6:17	-	book
民9:15#1	70	77	出十三21註1	出13:21	1	book
民9:17#1	87	92	15～23	民9:15	-	bare
民9:17#1	103	108	十1～10	民10:1	-	chapter
民9:17#1	162	165	羅八4	羅8:4	-	book
民9:17#1	166	168	14	羅8:14	-	bare
民9:17#1	169	173	加五16	加5:16	-	book
民9:17#1	174	176	18	加5:18	-	bare
民9:17#1	177	179	25	加5:25	-	bare
民10:5#1	61	66	出十二51	出12:51	-	book
民10:5#1	67	71	十三18	出13:18	-	chapter
民10:5#1	101	108	弗六10～20	弗6:10	-	book
民10:5#1	109	114	提前一18	提前1:18	-	book
民10:5#1	115	119	六12上	提前6:12	-	chapter
民10:5#1	120	125	提後四7上	提後4:7	-	book
民10:10#1	89	94	利一3註1	利1:3	1	book
民10:10#1	95	99	三1註1	利3:1	1	chapter
民10:33#1	20	27	九15～十10	民9:15	-	chapter
民10:33#1	47	52	33～36	民10:33	-	bare
民10:33#1	94	99	29～32	民10:29	-	bare
民10:33#1	113	118	太二三10	太23:10	-	book
民10:33#1	155	160	來四8～9	來4:8	-	book
民10:33#1	214	220	創十七1～8	創17:1	-	book
民10:33#1	222	229	出二三20註1	出23:20	1	book
民10:33#1	288	296	林後一19～20	林後1:19	-	book
民10:35#1	6	10	詩六八1	詩68:1	-	book
民10:35#1	14	20	弗四8～10	弗4:8	-	book
民10:35#1	63	69	詩六八1註1	詩68:1	1	book
民10:36#2	0	3	35節	民10:35	-	bare
民10:36#2	27	31	35註1	民10:35	1	bare
民10:36#2	55	61	35～36節	民10:35	-	bare
路12:49#1	23	27	50註2	路12:50	2	bare
路12:49#1	31	37	51～53節	路12:51	-	bare
路12:50#1	1	7	可十38註1	可10:38	1	book
路12:51#1	45	51	太十34註1	太10:34	1	book
路12:56#1	1	6	太六2註2	太6:2	2	book
路12:56#5	11	15	太十六3	太16:3	-	book
路12:56#5	52	56	三2～6	路3:2	-	chapter
路12:56#5	57	62	15～17	路3:15	-	bare
路12:58#1	6	12	58～59節	路12:58	-	bare
路12:58#1	13	16	57節	路12:57	-	bare
路12:58#1	38	42	約五45	約5:45	-	book
路12:58#1	63	67	約五22	約5:22	-	book
路12:58#1	68	73	徒十七31	徒17:31	-	book
路12:58#1	125	130	太十三41	太13:41	-	book
路12:58#1	138	146	啟二十11～15	啟20:11	-	book
路12:58#1	171	173	59	路12:59	-	bare
路12:58#1	188	190	54	路12:54	-	bare
路12:58#1	204	211	太五25～26	太5:25	-	book
路12:58#1	233	240	太五25～26	太5:25	-	book
路13:1#1	8	12	1～9節	路13:1	-	bare
路13:1#1	35	39	1～5節	路13:1	-	bare
路13:6#1	6	10	6～9節	路13:6	-	bare
路13:6#2	36	44	太二一33與註1	太21:33	1	book
路13:6#2	62	69	太二一19註1	太21:19	1	book
路13:6#2	87	88	7	路13:7	-	bare
路13:6#2	186	193	十一29～32	路11:29	-	chapter
路13:6#2	194	200	42～52節	路11:42	-	bare
民11:4#1	5	10	出十二38	出12:38	-	book
民11:4#1	53	57	林前五6	林前5:6	-	book
民11:5#1	17	23	出十六3註1	出16:3	1	book
民11:5#1	24	28	13註1	出16:13	1	bare
民11:6#1	20	27	約六29～35	約6:29	-	book
民11:6#1	30	36	出十六4註1	出16:4	1	book
民11:6#1	37	41	15註1	出16:15	1	bare
民11:7#1	9	16	出十六13註2	出16:13	2	book
民11:7#1	17	21	31註1	出16:31	1	bare
民11:16#1	16	22	啟二29註1	啟2:29	1	book
民11:16#1	30	36	啟二10註2	啟2:10	2	book
民11:25#1	1	5	29註1	民11:29	1	bare
民11:29#1	27	32	出七1註1	出7:1	1	book
民11:29#1	94	100	林前十四24	林前14:24	-	book
民11:29#1	101	103	31	林前14:31	-	bare
民12:2#1	23	30	出四10～16	出4:10	-	book
民12:2#1	31	37	六30～七1	出6:30	-	chapter
民12:2#1	38	42	十五20	出15:20	-	chapter
民12:2#1	113	114	1	民12:1	-	bare
民12:2#1	244	252	出三10～18上	出3:10	-	book
民12:2#1	253	255	七1	出7:1	-	chapter
民12:10#1	100	105	林前十一3	林前11:3	-	book
民12:10#1	106	113	弗五22～24	弗5:22	-	book
民12:13#1	25	26	3	民12:3	-	bare
民12:13#1	29	34	太五5註1	太5:5	1	book
民13:2#1	59	62	1～2	民13:1	-	bare
民13:2#1	71	74	申八2	申8:2	-	book
民13:2#1	125	132	林前十1～13	林前10:1	-	book
民13:2#2	1	6	申八7註1	申8:7	1	book
民13:16#2	28	34	太一21註1	太1:21	1	book
民13:22#1	1	4	33節	民13:33	-	bare
民13:33#1	1	6	創六4註1	創6:4	1	book
民13:33#1	67	72	申七1～2	申7:1	-	book
民14:7#1	1	6	申八7註1	申8:7	1	book
民14:9#1	28	32	申一26	申1:26	-	book
民14:9#1	33	35	32	申1:32	-	bare
民14:11#1	10	17	十三31～33	民13:31	-	chapter
民14:11#1	33	36	1～4	民14:1	-	bare
民14:13#1	27	32	17～18	民14:17	-	bare
民14:20#1	31	36	21～38	民14:21	-	bare
民14:20#1	39	45	來三7～19	來3:7	-	book
民14:20#1	91	98	太十二32註2	太12:32	2	book
民14:20#1	99	105	十八34註1	太18:34	1	chapter
民14:41#1	22	26	出三二9	出32:9	-	book
民14:41#1	27	30	三三3	出33:3	-	chapter
民14:41#1	31	35	申十16	申10:16	-	book
民14:41#1	36	40	賽四八4	賽48:4	-	book
民14:41#1	62	66	申一32	申1:32	-	book
民14:41#1	67	74	來三18～19	來3:18	-	book
民14:44#1	20	23	十33	民10:33	-	chapter
民14:45#1	28	32	出十七8	出17:8	-	book
路13:11#1	1	7	可一23註1	可1:23	1	book
路13:15#1	1	6	太六2註2	太6:2	2	book
路13:16#2	26	34	太十二29與註4	太12:29	4	book
路13:16#3	17	20	創二3	創2:3	-	book
路13:18#1	0	6	18～21節	路13:18	-	bare
路13:18#1	8	16	太十三31～33	太13:31	-	book
路13:24#1	1	7	太七14註2	太7:14	2	book
路13:28#1	1	6	四43註2	路4:43	2	chapter
路13:28#1	17	19	23	路13:23	-	bare
路13:28#1	39	45	太八11註2	太8:11	2	book
路13:28#1	62	69	啟二一1～3上	啟21:1	-	book
路13:28#1	70	73	5～7	啟21:5	-	bare
路13:28#1	74	79	二二1～5	啟22:1	-	chapter
路13:28#3	1	7	太八12註4	太8:12	4	book
路13:30#1	41	43	29	路13:29	-	bare
路13:30#2	17	25	羅十一25～26	羅11:25	-	book
路13:30#2	28	33	太十九30	太19:30	-	book
路13:30#2	34	38	二十16	太20:16	-	chapter
路13:30#2	39	43	可十31	可10:31	-	book
路13:30#2	61	68	太二十16註1	太20:16	1	book
路13:33#1	7	9	31	路13:31	-	bare
路13:33#1	38	42	可十33	可10:33	-	book
路13:34#1	0	6	34～35節	路13:34	-	bare
路13:34#1	8	16	太二三37～39	太23:37	-	book
路14:1#2	10	13	可三2	可3:2	-	book
路14:13#1	16	18	21	路14:21	-	bare
路14:14#1	8	12	約五29	約5:29	-	book
路14:14#1	13	19	啟二十4～6	啟20:4	-	book
路14:14#1	29	33	林前四5	林前4:5	-	book
路14:14#1	45	50	啟十一18	啟11:18	-	book
民15:3#1	81	86	利二三13	利23:13	-	book
民15:15#1	37	42	13～16	民15:13	-	bare
民15:15#1	70	77	弗二12～19	弗2:12	-	book
民15:15#1	78	80	三6	弗3:6	-	chapter
民15:20#1	24	30	林前十五20	林前15:20	-	book
民15:20#1	31	33	23	林前15:23	-	bare
民15:20#1	88	93	林前十17	林前10:17	-	book
民15:22#1	75	80	24～26	民15:24	-	bare
民15:25#1	1	7	利十六1註1	利16:1	1	book
民15:25#1	56	60	來九22	來9:22	-	book
民15:25#1	128	132	約壹一9	約壹1:9	-	book
民15:35#1	24	29	創二2註1	創2:2	1	book
民15:35#1	30	36	出二十8註1	出20:8	1	book
民15:38#1	1	7	太九20註4	太9:20	4	book
民16:2#1	22	25	19上	民16:19	-	bare
民16:3#1	7	12	9～10節	民16:9	-	bare
民16:3#1	86	94	太二十20～28	太20:20	-	book
民16:3#1	95	101	約參9～11	約參1:9	-	book
民16:5#1	13	14	4	民16:4	-	bare
民16:5#1	38	42	5～11	民16:5	-	bare
民16:5#1	43	48	16～18	民16:16	-	bare
民16:22#2	26	30	來十二9	來12:9	-	book
民16:30#1	1	8	太十一23註1	太11:23	1	book
民16:33#1	33	38	啟十九20	啟19:20	-	book
民16:33#1	55	60	29～30	民16:29	-	bare
民16:33#1	66	70	二六11	民26:11	-	chapter
民16:33#1	147	155	代上六33～37	代上6:33	-	book
民16:33#1	218	226	代上六31～33	代上6:31	-	book
民16:38#1	1	7	出二七2註2	出27:2	2	book
民16:41#1	29	35	十七12註1	民17:12	1	chapter
民16:46#1	1	7	利十六1註1	利16:1	1	book
路14:16#1	5	12	太二二2～14	太22:2	-	book
路14:16#1	85	90	16～17	路14:16	-	bare
路14:16#1	119	124	18～20	路14:18	-	bare
路14:16#1	177	183	21～22上	路14:21	-	bare
路14:16#1	246	252	22下～23	路14:22	-	bare
路14:16#1	253	261	徒十三46～48	徒13:46	-	book
路14:16#1	262	267	羅十一25	羅11:25	-	book
路14:26#1	1	7	26～33節	路14:26	-	bare
路14:26#1	19	21	25	路14:25	-	bare
路14:26#1	42	46	十三23	路13:23	-	chapter
路14:26#1	95	100	26～27	路14:26	-	bare
路14:26#1	101	103	33	路14:33	-	bare
路14:27#1	42	46	加二20	加2:20	-	book
路14:27#1	47	50	羅六6	羅6:6	-	book
路14:27#1	96	99	羅六3	羅6:3	-	book
路14:27#1	100	107	西二20～21	西2:20	-	book
路14:27#1	139	147	約十九17～18	約19:17	-	book
路14:28#1	3	6	31節	路14:31	-	bare
路14:28#1	73	78	34～35	路14:34	-	bare
路14:34#1	0	6	34～35節	路14:34	-	bare
路14:34#1	8	12	太五13	太5:13	-	book
路14:34#1	14	20	可九50註1	可9:50	1	book
路14:34#2	111	115	林前三9	林前3:9	-	book
路14:34#2	126	131	啟十一15	啟11:15	-	book
路14:34#2	159	163	啟二一8	啟21:8	-	book
路14:34#2	164	168	二二15	啟22:15	-	chapter
路14:34#2	207	213	太八12註2	太8:12	2	book
路14:34#2	284	290	十七32註1	路17:32	1	chapter
路15:3#1	98	101	4～7	路15:4	-	bare
路15:3#1	132	136	8～10	路15:8	-	bare
路15:3#1	160	165	11～32	路15:11	-	bare
路15:4#1	22	26	約一14	約1:14	-	book
民17:2#1	8	15	啟二26～27	啟2:26	-	book
民17:2#1	16	20	十九15	啟19:15	-	chapter
民17:4#1	36	43	出十六34註1	出16:34	1	book
民17:4#1	44	50	二五10註2	出25:10	2	chapter
民17:8#1	113	118	約十二24	約12:24	-	book
民17:8#1	119	123	彼前一3	彼前1:3	-	book
民17:8#1	175	178	十六3	民16:3	-	chapter
民17:8#1	179	183	8～10	民16:8	-	bare
民17:10#1	29	37	出十六32～34	出16:32	-	book
民17:10#1	38	41	申十5	申10:5	-	book
民17:10#1	42	45	來九4	來9:4	-	book
民17:10#1	106	110	約六32	約6:32	-	book
民17:10#1	125	130	約十一25	約11:25	-	book
民17:10#1	147	150	羅八2	羅8:2	-	book
民17:10#1	195	201	來十19註1	來10:19	1	book
民17:12#1	71	77	啟二十7～9	啟20:7	-	book
民17:12#1	113	120	十四28～30	民14:28	-	chapter
民18:1#1	71	73	31	民18:31	-	bare
民18:2#1	22	24	1上	民18:1	-	bare
民18:2#1	25	27	2上	民18:2	-	bare
民18:2#1	28	31	3～4	民18:3	-	bare
民18:2#1	32	33	6	民18:6	-	bare
民18:5#1	22	28	出二五9註1	出25:9	1	book
民18:5#1	48	53	來十三10	來13:10	-	book
民18:6#1	59	65	三12～13	民3:12	-	chapter
民18:6#1	66	70	12註1	民3:12	1	bare
民18:7#1	88	92	十六10	民16:10	-	chapter
民18:9#1	101	105	太三17	太3:17	-	book
民18:9#3	17	20	二八2	民28:2	-	chapter
民18:10#1	14	18	彼前三7	彼前3:7	-	book
民18:10#1	53	60	弗三16～18	弗3:16	-	book
民18:11#1	85	89	10註1	民18:10	1	bare
民18:12#1	54	58	腓二17	腓2:17	-	book
民18:12#1	65	70	12～13	民18:12	-	bare
民18:12#1	80	86	林前十五20	林前15:20	-	book
民18:15#1	32	34	16	民18:16	-	bare
民18:19#1	1	7	利二13註2	利2:13	2	book
民18:20#1	7	10	23下	民18:23	-	bare
民18:20#1	11	14	24下	民18:24	-	bare
民18:20#1	52	55	申十9	申10:9	-	book
民18:20#1	56	59	十八2	申18:2	-	chapter
民18:20#1	60	65	書十三33	書13:33	-	book
民18:20#1	66	71	結四四28	結44:28	-	book
民18:20#1	127	134	徒二六18註8	徒26:18	8	book
民18:20#1	135	141	西一12註3	西1:12	3	book
民18:21#1	27	29	24	民18:24	-	bare
民18:26#1	35	42	太六19～20	太6:19	-	book
民18:26#1	114	118	腓四18	腓4:18	-	book
民18:28#1	17	19	21	民18:21	-	bare
民18:28#1	20	23	26上	民18:26	-	bare
民18:28#1	44	47	26下	民18:26	-	bare
民18:28#1	276	281	申八7註1	申8:7	1	book
民18:31#1	13	17	8～20	民18:8	-	bare
民18:31#1	29	34	21～32	民18:21	-	bare
民18:31#1	149	155	腓三7～14	腓3:7	-	book
民19:2#1	15	16	9	民19:9	-	bare
民19:2#1	81	87	羅八3與註3	羅8:3	3	book
民19:2#1	107	113	出十二6註1	出12:6	1	book
民19:2#1	161	168	出十二5與註1	出12:5	1	book
民19:3#1	8	16	來十三12～13	來13:12	-	book
民19:3#1	38	43	太二七33	太27:33	-	book
民19:6#1	41	47	利十四4註3	利14:4	3	book
民19:6#1	82	83	9	民19:9	-	bare
民19:9#1	12	16	可九12	可9:12	-	book
民19:9#2	17	19	11	民19:11	-	bare
民19:9#2	20	25	13～16	民19:13	-	bare
民19:9#2	39	43	羅五12	羅5:12	-	book
民19:9#2	75	79	十六49	民16:49	-	chapter
民19:9#2	125	127	17	民19:17	-	bare
民19:17#1	24	31	約七37～39	約7:37	-	book
民19:17#1	32	36	38註2	約7:38	2	bare
民19:17#1	37	41	39註1	約7:39	1	bare
路15:8#2	7	14	詩一一九105	詩119:105	-	book
路15:8#2	15	18	130	詩119:130	-	bare
路15:8#4	1	3	4節	路15:4	-	bare
路15:12#2	24	26	30	路15:30	-	bare
路15:12#2	45	48	八14	路8:14	-	chapter
路15:12#2	65	70	可十二44	可12:44	-	book
路15:15#1	8	12	利十一7	利11:7	-	book
路15:17#1	18	19	8	路15:8	-	bare
路15:18#1	2	4	8節	路15:8	-	bare
路15:20#3	26	27	8	路15:8	-	bare
路15:20#3	52	53	4	路15:4	-	bare
路15:22#2	7	9	20	路15:20	-	bare
路15:22#5	22	26	耶二三6	耶23:6	-	book
路15:22#5	27	32	林前一30	林前1:30	-	book
路15:22#5	34	39	賽六一10	賽61:10	-	book
路15:22#5	40	43	亞三4	亞3:4	-	book
路15:22#5	74	78	賽六四6	賽64:6	-	book
路15:22#6	25	29	弗一13	弗1:13	-	book
路15:22#6	31	36	創二四47	創24:47	-	book
路15:22#6	37	41	四一42	創41:42	-	chapter
路15:23#1	8	11	弗三8	弗3:8	-	book
路15:24#1	18	21	弗二1	弗2:1	-	book
路15:24#1	22	23	5	弗2:5	-	bare
路15:24#1	39	46	約五24～25	約5:24	-	book
路15:24#1	47	51	西二13	西2:13	-	book
路15:25#1	12	13	2	路15:2	-	bare
路15:25#1	49	56	羅九31～32	羅9:31	-	book
路15:29#1	12	15	加五1	加5:1	-	book
路15:30#1	1	5	12註2	路15:12	2	bare
路15:32#1	1	5	24註1	路15:24	1	bare
民20:1#1	1	5	28註1	民20:28	1	bare
民20:2#1	0	5	2～13節	民20:2	-	bare
民20:2#1	27	34	約七37～39	約7:37	-	book
民20:2#1	35	38	羅八2	羅8:2	-	book
民20:2#1	67	73	出十六2註1	出16:2	1	book
民20:8#1	18	23	林前十4下	林前10:4	-	book
民20:8#1	38	43	林前十4上	林前10:4	-	book
民20:8#1	63	68	約十九34	約19:34	-	book
民20:8#1	99	105	出十七6註2	出17:6	2	book
民20:8#1	115	119	林前十4	林前10:4	-	book
民20:8#1	124	130	林前十4註2	林前10:4	2	book
民20:8#1	197	203	林前十五45	林前15:45	-	book
民20:8#1	292	296	來七27	來7:27	-	book
民20:8#1	297	304	九26～28上	來9:26	-	chapter
民20:8#1	428	432	約四10	約4:10	-	book
民20:8#1	484	488	腓一19	腓1:19	-	book
民20:10#1	30	32	24	民20:24	-	bare
民20:10#1	33	37	二七14	民27:14	-	chapter
民20:12#1	56	58	10	民20:10	-	bare
民20:12#1	72	74	11	民20:11	-	bare
民20:12#1	136	139	8註1	民20:8	1	bare
民20:12#1	187	192	出三三11	出33:11	-	book
民20:14#1	19	23	創三六1	創36:1	-	book
民20:14#1	99	104	14～17	民20:14	-	bare
民20:14#1	105	107	19	民20:19	-	bare
民20:14#1	143	145	18	民20:18	-	bare
民20:14#1	146	151	20～21	民20:20	-	bare
民20:14#1	173	180	加五16～17	加5:16	-	book
民20:14#1	205	208	腓三3	腓3:3	-	book
民20:28#1	47	50	十一1	民11:1	-	chapter
民20:28#1	51	56	33～34	民11:33	-	bare
民20:28#1	57	64	十四36～37	民14:36	-	chapter
民20:28#1	65	67	45	民14:45	-	bare
民20:28#1	68	75	十六32～33	民16:32	-	chapter
民20:28#1	76	81	二五3～9	民25:3	-	chapter
民20:28#1	90	91	1	民20:1	-	bare
民20:28#1	96	101	23～29	民20:23	-	bare
民20:28#1	109	116	二七12～14	民27:12	-	chapter
民20:28#1	163	169	徒五1～11	徒5:1	-	book
民20:28#1	170	179	林前十一27～30	林前11:27	-	book
民20:28#1	180	185	約壹五16	約壹5:16	-	book
民21:1#1	28	34	申八7～10	申8:7	-	book
民21:1#1	35	38	7註1	申8:7	1	bare
民21:1#1	60	64	西一12	西1:12	-	book
民21:1#1	65	68	弗三8	弗3:8	-	book
民21:1#1	104	109	約十二31	約12:31	-	book
民21:1#1	121	124	弗二2	弗2:2	-	book
民21:1#1	132	137	徒二六18	徒26:18	-	book
民21:1#1	145	150	太二五41	太25:41	-	book
民21:1#1	185	189	弗六12	弗6:12	-	book
民21:1#1	202	207	太十二26	太12:26	-	book
民21:1#1	218	222	西一13	西1:13	-	book
民21:1#1	246	250	啟十二4	啟12:4	-	book
民21:1#1	251	252	7	啟12:7	-	bare
民21:1#1	277	281	但十13	但10:13	-	book
民21:1#1	282	284	20	但10:20	-	bare
民21:1#1	351	355	弗六12	弗6:12	-	book
民21:1#2	12	14	21	民21:21	-	bare
民21:1#2	21	23	33	民21:33	-	bare
民21:1#2	143	146	1註1	民21:1	1	bare
民21:9#1	63	70	約三14～15	約3:14	-	book
民21:9#1	73	79	羅八3與註3	羅8:3	3	book
民21:16#1	4	7	二十8	民20:8	-	chapter
民21:16#1	8	14	出十七5～6	出17:5	-	book
民21:16#1	87	94	約四11～12	約4:11	-	book
民21:16#1	95	97	14	約4:14	-	bare
民21:16#1	102	104	18	民21:18	-	bare
民21:21#1	1	4	1註2	民21:1	2	bare
民21:33#1	0	5	詩二二12	詩22:12	-	book
民21:33#1	6	10	六八15	詩68:15	-	chapter
民21:33#1	11	13	22	詩68:22	-	bare
民21:33#1	14	19	一三五11	詩135:11	-	chapter
民21:33#1	21	26	一三六20	詩136:20	-	chapter
民21:33#1	63	66	1註2	民21:1	2	bare
路16:1#2	38	42	十二42	路12:42	-	chapter
路16:1#2	43	49	林前四1～2	林前4:1	-	book
路16:1#2	50	55	彼前四10	彼前4:10	-	book
路16:4#1	13	14	9	路16:9	-	bare
路16:8#3	10	15	約十二36	約12:36	-	book
路16:8#3	16	20	帖前五5	帖前5:5	-	book
路16:8#3	21	24	弗五8	弗5:8	-	book
路16:9#4	52	59	十四13～14	路14:13	-	chapter
路16:9#4	60	64	太十42	太10:42	-	book
路16:10#1	32	37	太二五21	太25:21	-	book
路16:10#1	38	40	23	太25:23	-	bare
路16:11#1	15	20	太二四47	太24:47	-	book
路16:12#1	47	53	代上二九14	代上29:14	-	book
路16:12#1	54	56	16	代上29:16	-	bare
路16:12#1	69	76	羅八20～21	羅8:20	-	book
路16:12#1	91	96	約壹五19	約壹5:19	-	book
路16:12#1	116	117	9	路16:9	-	bare
路16:12#1	141	148	太六31～33	太6:31	-	book
路16:12#1	217	221	徒三21	徒3:21	-	book
路16:12#1	236	240	羅四13	羅4:13	-	book
路16:12#1	255	259	來十34	來10:34	-	book
路16:13#3	1	7	太六24註3	太6:24	3	book
路16:16#2	17	24	太十一13註1	太11:13	1	book
路16:16#3	1	6	四43註2	路4:43	2	chapter
路16:16#4	24	26	14	路16:14	-	bare
路16:16#4	53	59	18～31節	路16:18	-	bare
路16:16#5	23	25	15	路16:15	-	bare
路16:16#5	33	35	14	路16:14	-	bare
路16:16#5	43	45	18	路16:18	-	bare
民22:3#1	20	28	創十九30～38	創19:30	-	book
民22:3#1	48	49	4	民22:4	-	bare
民22:3#1	83	90	加四22～23	加4:22	-	book
民22:3#1	91	96	28～29	加4:28	-	bare
民22:5#2	15	22	彼後二15註3	彼後2:15	3	book
民22:5#2	42	47	二一1～3	民21:1	-	chapter
民22:5#2	48	53	21～35	民21:21	-	bare
民22:12#1	1	7	創十二3註1	創12:3	1	book
民22:20#1	40	42	22	民22:22	-	bare
民22:22#1	18	23	出三2註1	出3:2	1	book
民22:22#1	40	45	彼後二15	彼後2:15	-	book
民23:2#1	29	33	二二41	民22:41	-	chapter
民23:7#1	18	23	7～10節	民23:7	-	bare
民23:9#1	36	41	林前三17	林前3:17	-	book
民23:9#1	42	45	弗一4	弗1:4	-	book
民23:9#1	46	49	五27	弗5:27	-	chapter
民23:9#1	50	54	彼前二9	彼前2:9	-	book
民23:21#1	111	119	林後五16～17	林後5:16	-	book
民23:22#2	16	19	24節	民23:24	-	bare
民23:22#2	37	41	羅八37	羅8:37	-	book
民23:22#2	42	46	十六20	羅16:20	-	chapter
民23:22#2	47	52	啟十二11	啟12:11	-	book
民24:5#1	18	21	二三9	民23:9	-	chapter
民24:5#1	37	41	二三21	民23:21	-	chapter
民24:5#1	104	110	創十二2～3	創12:2	-	book
民24:5#1	137	142	賽二2～3	賽2:2	-	book
民24:5#1	143	150	亞八20～23	亞8:20	-	book
民24:5#1	203	207	弗五27	弗5:27	-	book
民24:6#1	18	20	7節	民24:7	-	bare
民24:6#1	44	50	啟二9～10	啟2:9	-	book
民24:6#1	59	64	林前三9下	林前3:9	-	book
民24:6#1	79	85	林前十二13	林前12:13	-	book
民24:6#1	87	94	約七38～39	約7:38	-	book
民24:6#2	32	37	約十九39	約19:39	-	book
民24:6#2	69	74	賽二2～3	賽2:2	-	book
民24:6#2	75	82	亞八20～23	亞8:20	-	book
民24:8#1	0	4	8～9節	民24:8	-	bare
民24:8#1	7	11	二三22	民23:22	-	chapter
民24:9#1	41	47	弗一3與註3	弗1:3	3	book
民24:17#1	98	101	5註1	民24:5	1	bare
民24:17#1	169	176	西三10～11	西3:10	-	book
民24:18#1	62	70	羅十一25～32	羅11:25	-	book
民24:20#1	1	7	20～24節	民24:20	-	bare
民24:20#1	52	59	但二31～45	但2:31	-	book
民24:20#1	60	63	四17	但4:17	-	chapter
民24:20#1	64	66	26	但4:26	-	bare
民24:20#1	67	71	五21下	但5:21	-	chapter
民24:20#1	72	77	徒十七26	徒17:26	-	book
路16:19#1	55	60	14～15	路16:14	-	bare
路16:22#1	24	31	林後十二4註1	林後12:4	1	book
路16:23#1	1	8	太十一23註1	太11:23	1	book
路16:26#1	40	42	22	路16:22	-	bare
路16:26#1	67	70	23上	路16:23	-	bare
路16:26#1	71	73	28	路16:28	-	bare
路16:26#1	110	115	23～25	路16:23	-	bare
路16:29#1	15	17	16	路16:16	-	bare
路16:29#1	25	28	太四4	太4:4	-	book
路16:29#1	75	79	約五24	約5:24	-	book
路16:29#1	80	84	弗一13	弗1:13	-	book
路16:29#1	108	113	徒十三46	徒13:46	-	book
路16:31#1	111	119	太二八11～15	太28:11	-	book
路16:31#1	120	128	徒十三30～40	徒13:30	-	book
路16:31#1	129	134	44～45	徒13:44	-	bare
路17:12#1	1	7	可一40註1	可1:40	1	book
民25:1#1	35	39	三一16	民31:16	-	chapter
民25:1#1	40	44	啟二14	啟2:14	-	book
民25:1#1	63	67	1～3上	民25:1	-	bare
民25:1#1	112	117	徒十五29	徒15:29	-	book
民25:1#1	118	124	林前十7～8	林前10:7	-	book
民25:1#1	125	128	弗五5	弗5:5	-	book
民25:1#1	236	239	弗二6	弗2:6	-	book
民25:1#1	240	245	腓三20上	腓3:20	-	book
民25:1#1	246	251	西三1～3	西3:1	-	book
民25:1#1	282	286	羅七18	羅7:18	-	book
民25:1#1	287	292	弗二1～3	弗2:1	-	book
民25:9#1	29	32	十一4	民11:4	-	chapter
民25:9#1	51	60	林前九24～十11	林前9:24	-	book
民25:9#1	85	93	徒四32～五11	徒4:32	-	book
民25:9#1	94	99	提前一20	提前1:20	-	book
民25:9#1	100	108	提後二17～21	提後2:17	-	book
民25:9#1	109	112	四10	提後4:10	-	chapter
民25:9#1	113	118	14～15	提後4:14	-	bare
民25:9#1	190	193	申八2	申8:2	-	book
民26:2#1	1	5	一2註1	民1:2	1	chapter
民26:2#2	32	35	二五9	民25:9	-	chapter
民26:2#2	53	57	一1～2	民1:1	-	chapter
民26:2#2	82	83	3	民26:3	-	bare
民26:2#2	84	86	63	民26:63	-	bare
民26:2#2	111	113	一3	民1:3	-	chapter
民26:2#2	143	145	53	民26:53	-	bare
民26:3#1	1	6	一17註1	民1:17	1	chapter
民26:11#1	1	7	十六33註1	民16:33	1	chapter
民26:33#1	9	11	33	民26:33	-	bare
民26:33#1	12	14	46	民26:46	-	bare
民26:33#1	25	31	二七1～11	民27:1	-	chapter
民26:55#1	7	12	55～56	民26:55	-	bare
民26:55#1	28	34	書十四2註1	書14:2	1	book
民26:55#1	44	49	53～54	民26:53	-	bare
民26:61#1	1	6	利十1～2	利10:1	-	book
民26:62#1	1	7	十八20註1	民18:20	1	chapter
民26:64#1	12	14	65	民26:65	-	bare
民27:1#1	120	127	約一12～13	約1:12	-	book
民27:1#1	142	146	弗二19	弗2:19	-	book
民27:1#2	37	41	彼前三7	彼前3:7	-	book
民27:1#2	52	53	4	民27:4	-	bare
民27:1#2	111	112	4	民27:4	-	bare
民27:4#1	50	54	西一12	西1:12	-	book
民27:4#1	55	59	約一17	約1:17	-	book
民27:7#1	34	39	三六2～3	民36:2	-	chapter
民27:7#1	40	43	6～7	民36:6	-	bare
民27:7#1	96	101	林後六14	林後6:14	-	book
民27:8#1	13	18	申八7註1	申8:7	1	book
民27:8#1	36	41	8～11節	民27:8	-	bare
民27:8#1	97	100	二六2	民26:2	-	chapter
民27:8#1	101	105	弗二19	弗2:19	-	book
民27:8#1	127	133	約壹一1～3	約壹1:1	-	book
民27:14#1	1	7	二十10註1	民20:10	1	chapter
民27:14#1	8	12	12註1	民20:12	1	bare
民27:14#1	29	36	申三23～27	申3:23	-	book
民27:14#1	48	57	太十六28～十七4	太16:28	-	book
民27:16#2	1	7	十六22註2	民16:22	2	chapter
民27:21#1	25	31	十二6～8上	民12:6	-	chapter
民27:21#1	87	92	出二八30	出28:30	-	book
民27:21#1	212	217	撒上二三9	撒上23:9	-	book
民27:21#1	218	221	三十7	撒上30:7	-	chapter
民27:21#1	262	265	該一1	該1:1	-	book
民27:21#1	268	275	申十六18註2	申16:18	2	book
民27:23#1	1	8	提前四14註5	提前4:14	5	book
路17:20#1	1	6	四43註2	路4:43	2	chapter
路17:20#2	36	41	21～22	路17:21	-	bare
路17:20#2	54	59	23～30	路17:23	-	bare
路17:20#2	73	78	31～36	路17:31	-	bare
路17:20#2	91	93	37	路17:37	-	bare
路17:20#2	113	118	啟十一15	啟11:15	-	book
路17:21#1	2	8	22～24節	路17:22	-	bare
路17:21#1	72	74	22	路17:22	-	bare
路17:21#1	107	112	四43註2	路4:43	2	chapter
路17:21#1	130	135	約十四20	約14:20	-	book
路17:21#1	136	140	羅八10	羅8:10	-	book
路17:21#1	157	162	羅十四17	羅14:17	-	book
路17:21#2	10	12	20	路17:20	-	bare
路17:22#1	40	45	23～30	路17:23	-	bare
路17:22#1	75	80	十八1～8	路18:1	-	chapter
路17:22#1	103	108	31～33	路17:31	-	bare
路17:22#1	141	146	十八7～8	路18:7	-	chapter
路17:22#1	184	189	34～37	路17:34	-	bare
路17:24#1	1	8	太二四27註1	太24:27	1	book
路17:26#1	0	6	26～27節	路17:26	-	bare
路17:26#1	8	16	太二四37～39	太24:37	-	book
路17:26#2	60	64	太二四3	太24:3	-	book
路17:26#2	65	67	21	太24:21	-	bare
路17:31#1	17	23	34～36節	路17:34	-	bare
路17:32#1	76	84	創十九15～30	創19:15	-	book
路17:32#1	110	117	十四34～35	路14:34	-	chapter
路17:32#1	118	122	34註2	路14:34	2	bare
路17:33#1	1	7	太十39註1	太10:39	1	book
路17:33#1	18	21	31節	路17:31	-	bare
路17:34#1	0	6	34～36節	路17:34	-	bare
路17:34#1	8	16	太二四40～41	太24:40	-	book
路17:34#1	113	120	十四25～35	路14:25	-	chapter
路17:34#1	145	151	十六1～13	路16:1	-	chapter
路17:34#1	182	190	本章22～37節	路17:22	-	anaphor
路17:34#2	11	17	二一36註2	路21:36	2	chapter
路17:34#2	33	38	26～32	路17:26	-	bare
路17:37#1	7	14	太二四28註1	太24:28	1	book
路18:3#1	30	35	林後十一2	林後11:2	-	book
路18:3#2	47	53	啟六9～10	啟6:9	-	book
路18:8#1	21	27	帖後二6～9	帖後2:6	-	book
民28:2#1	58	63	來十5～9	來10:5	-	book
民28:2#1	76	79	3～8	民28:3	-	bare
民28:2#1	88	89	9	民28:9	-	bare
民28:2#1	98	103	11～15	民28:11	-	bare
民28:2#1	113	120	16～二九38	民28:16	-	bare
民28:5#1	18	21	利一9	利1:9	-	book
民28:5#1	22	24	13	利1:13	-	bare
民28:5#1	45	48	利二3	利2:3	-	book
民28:5#1	49	51	10	利2:10	-	bare
民28:7#1	1	8	利二三13註2	利23:13	2	book
民28:11#1	28	35	西二16～17	西2:16	-	book
民29:7#1	7	12	利二三27	利23:27	-	book
民29:39#1	40	47	利二三44註1	利23:44	1	book
民29:39#1	136	141	二八2註1	民28:2	1	chapter
民30:3#1	32	37	林後十一2	林後11:2	-	book
民30:3#1	62	65	3～5	民30:3	-	bare
民30:7#1	12	17	羅七2～4	羅7:2	-	book
民30:7#1	154	160	羅一1與註3	羅1:1	3	book
路18:9#1	0	5	9～30節	路18:9	-	bare
路18:9#1	50	54	9～14	路18:9	-	bare
路18:9#1	78	83	15～17	路18:15	-	bare
路18:9#1	112	117	18～30	路18:18	-	bare
路18:12#1	3	7	太二八1	太28:1	-	book
路18:12#1	13	17	約二十1	約20:1	-	book
路18:13#1	73	79	羅三25註2	羅3:25	2	book
路18:13#1	80	86	來二17註5	來2:17	5	book
路18:13#1	87	93	約壹二2註2	約壹2:2	2	book
路18:16#2	1	6	四43註2	路4:43	2	chapter
路18:18#1	0	6	18～30節	路18:18	-	bare
路18:18#1	8	16	太十九16～29	太19:16	-	book
路18:18#2	1	6	十25註2	路10:25	2	chapter
路18:29#1	0	5	太十九29	太19:29	-	book
路18:29#1	26	32	十七21註1	路17:21	1	chapter
路18:32#1	1	8	太二十18註1	太20:18	1	book
路18:32#1	9	15	可十33註1	可10:33	1	book
路18:35#1	19	24	太二十29	太20:29	-	book
路18:35#1	25	29	可十46	可10:46	-	book
路18:35#1	68	73	十九1～9	路19:1	-	chapter
路18:35#1	156	161	徒二六18	徒26:18	-	book
路18:35#1	165	172	35～十九10	路18:35	-	bare
路18:35#1	186	191	9～30節	路18:9	-	bare
路18:35#1	216	221	35～43	路18:35	-	bare
路18:35#1	237	243	十九1～10	路19:1	-	chapter
路18:38#1	1	8	太二十30註1	太20:30	1	book
路18:41#1	1	7	可十51註1	可10:51	1	book
民31:2#1	30	36	約壹二16上	約壹2:16	-	book
民31:2#1	37	40	五19	約壹5:19	-	chapter
民31:2#1	91	97	創二五1～2	創25:1	-	book
民31:2#1	134	139	二二3～4	民22:3	-	chapter
民31:2#1	140	141	7	民22:7	-	bare
民31:2#1	142	150	創十九30～38	創19:30	-	book
民31:2#1	201	209	創三七27～28	創37:27	-	book
民31:2#1	210	212	36	創37:36	-	bare
民31:2#1	239	242	士六3	士6:3	-	book
民31:2#1	243	245	33	士6:33	-	bare
民31:2#1	246	251	創三六12	創36:12	-	book
民31:2#1	283	286	二二7	民22:7	-	chapter
民31:2#1	287	291	三一16	民31:16	-	chapter
民31:19#1	1	7	十九12註1	民19:12	1	chapter
民31:19#2	0	6	13～24節	民31:13	-	bare
民31:24#1	14	18	賽六四6	賽64:6	-	book
民32:1#1	113	118	申八7註1	申8:7	1	book
民32:5#1	19	22	1～5	民32:1	-	bare
民32:5#1	95	103	代上五25～26	代上5:25	-	book
民32:5#1	151	158	創十三5～18	創13:5	-	book
民32:5#2	43	51	書三16～四12	書3:16	-	book
民32:5#2	72	77	羅六3～6	羅6:3	-	book
民32:22#1	30	33	1～5	民32:1	-	bare
民33:1#1	27	34	太一17與註1	太1:17	1	book
民33:1#1	98	103	申八7註1	申8:7	1	book
民33:1#1	147	150	羅六3	羅6:3	-	book
民33:1#1	151	155	加三27	加3:27	-	book
民33:1#1	166	171	林前一30	林前1:30	-	book
民33:1#1	172	175	西二6	西2:6	-	book
民33:1#1	178	182	7與註3	西2:7	3	bare
民33:52#1	19	23	西一12	西1:12	-	book
民33:52#1	89	97	約壹五21與註3	約壹5:21	3	book
民33:52#1	121	128	出二三23註1	出23:23	1	book
民33:52#1	129	133	31註3	出23:31	3	bare
民33:54#1	17	23	二六55註1	民26:55	1	chapter
路19:1#1	1	6	十30註2	路10:30	2	chapter
路19:2#1	1	7	太五46註2	太5:46	2	book
路19:8#2	13	16	三14	路3:14	-	chapter
路19:8#3	13	17	出二二1	出22:1	-	book
路19:8#3	18	23	撒下十二6	撒下12:6	-	book
路19:9#1	39	42	加三7	加3:7	-	book
路19:9#1	43	45	29	加3:29	-	bare
路19:10#1	52	55	約四4	約4:4	-	book
路19:12#2	15	19	二四51	路24:51	-	chapter
路19:12#2	20	25	彼前三22	彼前3:22	-	book
路19:12#3	12	19	但七13～14	但7:13	-	book
路19:12#3	20	25	啟十一15	啟11:15	-	book
路19:12#3	26	30	提後四1	提後4:1	-	book
路19:13#1	1	9	太二五14～30	太25:14	-	book
路19:17#1	13	17	啟二26	啟2:26	-	book
路19:17#1	18	21	二十4	啟20:4	-	chapter
路19:17#1	22	23	6	啟20:6	-	bare
路19:20#1	0	6	20～26節	路19:20	-	bare
路19:20#1	8	16	太二五24～29	太25:24	-	book
路19:21#1	8	13	太二五24	太25:24	-	book
路19:21#1	23	30	太二五24註3	太25:24	3	book
民34:12#1	82	88	腓三7～11	腓3:7	-	book
民34:12#1	150	155	約二十22	約20:22	-	book
民34:12#1	173	176	弗二6	弗2:6	-	book
民34:12#1	177	182	西三1～4	西3:1	-	book
民34:15#1	35	40	三二5註1	民32:5	1	chapter
民34:15#1	62	66	三五14	民35:14	-	chapter
民34:15#1	165	169	加二20	加2:20	-	book
民34:15#1	170	177	腓三10～11	腓3:10	-	book
民34:15#1	178	183	西三1～4	西3:1	-	book
民34:17#1	21	25	來四14	來4:14	-	book
民34:17#1	36	42	來四8與註1	來4:8	1	book
民35:6#1	51	55	徒二23	徒2:23	-	book
民35:6#1	56	60	羅四25	羅4:25	-	book
民35:6#1	73	78	路二三34	路23:34	-	book
民35:6#1	79	83	林前二8	林前2:8	-	book
民35:6#1	110	115	路二四47	路24:47	-	book
民35:6#1	116	120	徒二38	徒2:38	-	book
民35:6#1	170	172	16	民35:16	-	bare
民35:6#1	173	180	約三16～18	約3:16	-	book
民35:6#1	201	203	14	民35:14	-	bare
民35:6#1	230	237	創一26～27	創1:26	-	book
民35:6#1	238	240	31	創1:31	-	bare
民35:7#1	151	154	結一5	結1:5	-	book
民35:8#1	27	31	創四九7	創49:7	-	book
民35:16#1	14	19	16～21	民35:16	-	bare
民35:16#1	47	54	羅七15～24	羅7:15	-	book
民35:16#1	88	91	6註1	民35:6	1	bare
民35:25#1	12	16	來四14	來4:14	-	book
民35:25#1	75	77	32	民35:32	-	bare
民35:25#1	157	160	約十1	約10:1	-	book
民35:25#1	165	170	約十1註2	約10:1	2	book
民35:25#1	304	307	弗一7	弗1:7	-	book
民35:25#1	308	312	西二13	西2:13	-	book
民36:6#1	63	67	加五13	加5:13	-	book
民36:7#1	56	61	林後六14	林後6:14	-	book
民36:7#1	64	69	二七7註1	民27:7	1	chapter
民36:8#1	29	35	太一16註1	太1:16	1	book
民36:8#1	91	96	路二四27	路24:27	-	book
民36:8#1	97	99	44	路24:44	-	bare
民36:13#1	396	403	九15～十36	民9:15	-	chapter
民36:13#1	404	408	十二16	民12:16	-	chapter
民36:13#1	409	417	二十1～二一35	民20:1	-	chapter
民36:13#1	418	424	三一1～54	民31:1	-	chapter
民36:13#1	425	431	三三1～49	民33:1	-	chapter
民36:13#1	471	480	三三50～三六13	民33:50	-	chapter
民36:13#1	561	566	書一2～3	書1:2	-	book
民36:13#1	750	756	林前五6～8	林前5:6	-	book
民36:13#1	757	762	十1～13	林前10:1	-	chapter
民36:13#1	763	770	來三7～四13	來3:7	-	book
民36:13#1	773	778	申一1註1	申1:1	1	book
路19:28#1	55	60	可十1註1	可10:1	1	book
路19:28#1	61	65	33註1	可10:33	1	bare
路19:29#1	0	6	29～38節	路19:29	-	bare
路19:29#1	8	14	太二一1～9	太21:1	-	book
路19:42#1	21	24	徒一6	徒1:6	-	book
路19:44#2	27	33	二10～14	路2:10	-	chapter
路19:44#2	34	40	四18～22	路4:18	-	chapter
路20:1#1	1	8	可十一15註1	可11:15	1	book
路20:8#1	1	8	太二一27註2	太21:27	2	book
路20:9#1	0	5	9～19節	路20:9	-	bare
路20:9#1	7	15	太二一33～46	太21:33	-	book
路20:9#1	17	24	可十二1～12	可12:1	-	book
申1:1#1	98	101	出七7	出7:7	-	book
申1:1#1	436	438	七9	申7:9	-	chapter
申1:1#1	473	480	十八15～19	申18:15	-	chapter
申1:1#1	509	514	八7～10	申8:7	-	chapter
申1:1#1	515	519	西一12	西1:12	-	book
申1:1#1	520	526	腓三7～15	腓3:7	-	book
申1:1#1	537	539	八3	申8:3	-	chapter
申1:1#1	540	547	三十11～14	申30:11	-	chapter
申1:1#1	548	551	約一1	約1:1	-	book
申1:1#1	552	556	約壹一1	約壹1:1	-	book
申1:1#1	599	603	八3註1	申8:3	1	chapter
申1:1#1	604	607	7註1	申8:7	1	bare
申1:1#1	608	614	三十12註1	申30:12	1	chapter
申1:1#2	46	49	出七7	出7:7	-	book
申1:1#2	58	61	三四7	申34:7	-	chapter
申1:1#2	121	125	八3註1	申8:3	1	chapter
申1:1#2	126	132	三十12註1	申30:12	1	chapter
申1:2#1	1	8	出十九11註2	出19:11	2	book
申1:4#1	1	7	民二一1註2	民21:1	2	book
申1:4#1	21	22	3	申1:3	-	bare
申2:7#1	49	56	提前一13註3	提前1:13	3	book
申2:7#1	57	63	提後一2註1	提後1:2	1	book
申2:7#1	64	69	多三5註2	多3:5	2	book
申2:7#1	70	76	來四16註2	來4:16	2	book
申2:10#1	1	6	民十三33	民13:33	-	book
申2:11#1	5	8	三11	申3:11	-	chapter
申2:14#1	43	44	7	申2:7	-	bare
申2:24#1	1	7	民二一1註2	民21:1	2	book
申2:30#1	1	7	出九12註1	出9:12	1	book
路20:20#1	0	6	20～26節	路20:20	-	bare
路20:20#1	8	16	太二二15～22	太22:15	-	book
路20:27#1	0	6	27～38節	路20:27	-	bare
路20:27#1	8	16	太二二23～32	太22:23	-	book
路20:35#1	9	16	十三28～29	路13:28	-	chapter
路20:35#1	17	21	二二18	路22:18	-	chapter
路20:35#1	31	35	約五29	約5:29	-	book
路20:35#1	36	41	路十四14	路14:14	-	book
路20:35#1	42	46	啟二十4	啟20:4	-	book
路20:35#1	47	48	6	啟20:6	-	bare
路20:35#1	78	85	十八29～30	路18:29	-	chapter
路20:35#1	86	94	太十九28～29	太19:28	-	book
路20:40#1	104	111	太二二46註1	太22:46	1	book
路20:41#1	0	6	41～44節	路20:41	-	bare
路20:41#1	8	16	太二二41～45	太22:41	-	book
路20:44#1	1	8	可十二37註1	可12:37	1	book
路21:1#1	1	8	可十二41註1	可12:41	1	book
申3:8#1	27	33	民二一1註2	民21:1	2	book
申3:8#1	69	74	12～13	申3:12	-	bare
申3:14#1	18	19	4	申3:4	-	bare
申3:14#1	20	25	民三二41	民32:41	-	book
申3:17#1	18	21	路五1	路5:1	-	book
申3:26#1	31	38	民二十12註1	民20:12	1	book
申3:26#1	104	111	來十二5～11	來12:5	-	book
申4:1#1	9	14	五6～21	申5:6	-	chapter
申4:7#1	1	7	徒二21註1	徒2:21	1	book
申4:13#1	8	14	出二十1註1	出20:1	1	book
申4:41#1	7	14	民三五9～34	民35:9	-	book
申4:48#1	9	11	三9	申3:9	-	chapter
路21:5#1	0	5	5～19節	路21:5	-	bare
路21:5#1	7	14	太二四1～13	太24:1	-	book
路21:5#1	16	23	可十三1～13	可13:1	-	book
路21:20#1	0	6	20～28節	路21:20	-	bare
路21:20#1	8	16	太二四15～31	太24:15	-	book
路21:26#1	35	40	太二四21	太24:21	-	book
路21:26#1	41	47	啟三10註3	啟3:10	3	book
路21:29#1	0	6	29～33節	路21:29	-	bare
路21:29#1	8	16	太二四32～35	太24:32	-	book
路21:36#2	6	11	太二四21	太24:21	-	book
路21:36#2	22	29	十七34～36	路17:34	-	chapter
路21:36#2	30	34	34註2	路17:34	2	bare
路21:36#2	57	61	啟三10	啟3:10	-	book
路21:36#2	103	107	啟三10	啟3:10	-	book
路21:36#4	1	5	啟十四1	啟14:1	-	book
路21:36#4	45	51	啟十二5～6	啟12:5	-	book
路21:36#4	52	54	14	啟12:14	-	bare
路22:1#1	0	4	1～2節	路22:1	-	bare
路22:1#1	6	12	太二六2～5	太26:2	-	book
路22:5#1	1	8	可十四11註1	可14:11	1	book
申5:3#1	14	20	出二四1～8	出24:1	-	book
申5:3#1	59	65	來七9～10	來7:9	-	book
申5:6#1	0	5	6～21節	申5:6	-	bare
申5:6#1	7	14	出二十1～17	出20:1	-	book
申5:16#1	46	51	弗六2～3	弗6:2	-	book
申6:1#1	1	5	四1註1	申4:1	1	chapter
申6:1#1	53	56	約一1	約1:1	-	book
申6:1#1	57	59	14	約1:14	-	bare
申6:1#1	126	129	腓三8	腓3:8	-	book
申6:1#1	130	137	一19～21上	腓1:19	-	chapter
申6:1#1	140	144	八3註1	申8:3	1	chapter
申6:1#1	145	151	三十12註1	申30:12	1	chapter
申6:5#1	1	6	十12註2	申10:12	2	chapter
申6:5#1	10	14	5～9節	申6:5	-	bare
申6:5#1	27	30	1註1	申6:1	1	bare
申6:16#1	1	7	出十七1～7	出17:1	-	book
申6:16#1	8	11	7註1	出17:7	1	bare
申7:1#1	1	8	出二三23註1	出23:23	1	book
申7:2#1	37	41	九4～5	申9:4	-	chapter
申7:2#1	42	48	十八9～14	申18:9	-	chapter
申7:2#1	50	58	林前十20～21	林前10:20	-	book
申7:2#1	61	68	民十三33註1	民13:33	1	book
申7:6#1	1	7	出十九5註1	出19:5	1	book
申7:13#1	19	22	弗一3	弗1:3	-	book
申7:13#1	47	52	羅一5註4	羅1:5	4	book
申7:13#1	117	122	約十四21	約14:21	-	book
申7:13#1	123	125	23	約14:23	-	bare
申7:22#1	1	8	出二三29註1	出23:29	1	book
路22:7#1	1	8	太二六17註1	太26:17	1	book
路22:7#2	1	8	可十四12註2	可14:12	2	book
路22:15#2	0	6	15～18節	路22:15	-	bare
路22:15#2	13	19	19～20節	路22:19	-	bare
路22:16#1	4	7	18節	路22:18	-	bare
路22:16#1	13	16	15節	路22:15	-	bare
路22:16#1	57	59	30	路22:30	-	bare
路22:16#1	60	67	十三28～29	路13:28	-	chapter
路22:19#1	0	6	19～20節	路22:19	-	bare
路22:19#1	8	16	太二六26～28	太26:26	-	book
路22:19#1	18	26	可十四22～24	可14:22	-	book
路22:21#1	1	8	可十四20註1	可14:20	1	book
路22:26#1	1	8	太二十26註1	太20:26	1	book
路22:30#1	3	9	太二二1～4	太22:1	-	book
路22:30#1	17	21	啟十九9	啟19:9	-	book
路22:30#1	32	36	16註1	路22:16	1	bare
路22:36#1	49	54	49～51	路22:49	-	bare
路22:36#1	55	63	太二六51～54	太26:51	-	book
路22:38#1	24	29	王上十九4	王上19:4	-	book
路22:40#1	7	12	太二六36	太26:36	-	book
路22:42#2	1	8	可十四36註1	可14:36	1	book
路22:43#1	5	11	43～44節	路22:43	-	bare
申8:3#1	32	35	太四4	太4:4	-	book
申8:3#1	49	54	提後三16	提後3:16	-	book
申8:3#1	75	78	約一1	約1:1	-	book
申8:3#1	79	84	啟十九13	啟19:13	-	book
申8:3#1	132	136	約六57	約6:57	-	book
申8:3#1	137	139	63	約6:63	-	bare
申8:3#1	200	204	六1註1	申6:1	1	chapter
申8:3#1	205	211	三十12註1	申30:12	1	chapter
申8:3#1	296	300	加二20	加2:20	-	book
申8:3#1	350	358	約十四17～18	約14:17	-	book
申8:3#1	359	361	10	約14:10	-	bare
申8:3#1	388	392	約六63	約6:63	-	book
申8:3#1	393	397	弗六17	弗6:17	-	book
申8:3#1	415	423	弗六17～18上	弗6:17	-	book
申8:3#1	424	427	加三5	加3:5	-	book
申8:7#1	39	42	西二9	西2:9	-	book
申8:7#1	58	64	林前十五45	林前15:45	-	book
申8:7#1	65	70	林後三17	林後3:17	-	book
申8:7#1	91	98	西一12與註3	西1:12	3	book
申8:7#1	99	103	二6～7	西2:6	-	chapter
申8:7#1	104	107	7註3	西2:7	3	bare
申8:7#1	108	115	加三14與註4	加3:14	4	book
申8:7#1	117	121	7～9節	申8:7	-	bare
申8:7#1	147	150	弗三8	弗3:8	-	book
申8:7#1	168	172	腓一19	腓1:19	-	book
申8:7#1	190	194	約四14	約4:14	-	book
申8:7#1	195	201	七37～39	約7:37	-	chapter
申8:7#1	202	206	啟二二1	啟22:1	-	book
申8:7#1	239	246	林後六8～10	林後6:8	-	book
申8:7#1	273	278	約十二24	約12:24	-	book
申8:7#1	290	295	撒下二一9	撒下21:9	-	book
申8:7#1	311	317	林前十五20	林前15:20	-	book
申8:7#1	346	350	士九13	士9:13	-	book
申8:7#1	351	355	太九17	太9:17	-	book
申8:7#1	378	382	士九11	士9:11	-	book
申8:7#1	411	419	出二八33～34	出28:33	-	book
申8:7#1	420	428	王上七18～20	王上7:18	-	book
申8:7#1	429	433	歌四3下	歌4:3	-	book
申8:7#1	434	436	13	歌4:13	-	bare
申8:7#1	451	455	約六35	約6:35	-	book
申8:7#1	456	458	48	約6:48	-	bare
申8:7#1	468	473	羅十一17	羅11:17	-	book
申8:7#1	489	492	路四1	路4:1	-	book
申8:7#1	493	495	18	路4:18	-	bare
申8:7#1	496	499	來一9	來1:9	-	book
申8:7#1	534	538	加五16	加5:16	-	book
申8:7#1	539	541	25	加5:25	-	bare
申8:7#1	542	546	林後三6	林後3:6	-	book
申8:7#1	547	548	8	林後3:8	-	bare
申8:7#1	549	552	士九9	士9:9	-	book
申8:7#1	558	560	六3	申6:3	-	chapter
申8:7#1	574	579	出三8註2	出3:8	2	book
申8:7#1	598	603	賽二八16	賽28:16	-	book
申8:7#1	604	607	亞四7	亞4:7	-	book
申8:7#1	608	612	彼前二4	彼前2:4	-	book
申8:7#1	626	630	創四22	創4:22	-	book
申8:7#1	631	638	撒上十七5～7	撒上17:5	-	book
申8:7#1	657	661	林後十4	林後10:4	-	book
申8:7#1	662	669	弗六10～20	弗6:10	-	book
申8:7#1	684	689	太二八18	太28:18	-	book
申8:7#1	690	695	啟十九15	啟19:15	-	book
申8:7#1	710	717	啟一15與註1	啟1:15	1	book
申8:7#1	738	744	弗四8與註1	弗4:8	1	book
申8:7#1	919	926	弗一22～23	弗1:22	-	book
申8:7#1	935	942	弗二21～22	弗2:21	-	book
申8:7#1	943	948	提前三15	提前3:15	-	book
申8:7#1	955	963	太十六18～19	太16:18	-	book
申8:7#1	964	969	羅十四17	羅14:17	-	book
申8:7#1	1009	1015	啟二一1～3	啟21:1	-	book
申8:7#1	1016	1018	22	啟21:22	-	bare
申8:7#1	1019	1022	二二1	啟22:1	-	chapter
申8:7#1	1023	1024	3	啟22:3	-	bare
申8:7#2	25	31	賽十二3註1	賽12:3	1	book
申8:11#1	28	31	加五2	加5:2	-	book
申8:11#1	32	33	4	加5:4	-	bare
申9:2#1	1	6	民十三33	民13:33	-	book
申9:7#1	31	35	五3註1	申5:3	1	chapter
路22:53#1	1	8	可十四49註1	可14:49	1	book
路22:59#1	1	8	太二六73註1	太26:73	1	book
路22:64#1	1	8	太二六68註1	太26:68	1	book
路22:66#2	1	7	太五22註7	太5:22	7	book
路22:69#1	1	8	太二六64註1	太26:64	1	book
路22:70#1	15	17	四3	路4:3	-	chapter
路22:70#1	18	19	9	路4:9	-	bare
路23:1#1	1	7	太二七2註1	太27:2	1	book
路23:1#1	8	14	可十五1註2	可15:1	2	book
路23:2#1	10	12	14	路23:14	-	bare
路23:5#1	27	32	四44註1	路4:44	1	chapter
路23:9#2	4	8	賽五三7	賽53:7	-	book
路23:23#1	1	8	太二七26註2	太27:26	2	book
路23:24#1	1	8	可十五15註1	可15:15	1	book
申10:9#1	1	8	民十八20註1	民18:20	1	book
申10:12#1	72	76	約十四6	約14:6	-	book
申10:12#1	114	122	腓一20～21上	腓1:20	-	book
申10:12#1	159	163	啟二二1	啟22:1	-	book
申10:12#1	220	226	啟二二1註1	啟22:1	1	book
申10:12#2	24	27	羅九1	羅9:1	-	book
申10:12#2	39	43	來十22	來10:22	-	book
申10:12#2	76	79	羅一9	羅1:9	-	book
申10:12#2	88	90	六5	申6:5	-	chapter
申10:12#2	107	115	可十二28～30	可12:28	-	book
申10:12#2	116	120	30註2	可12:30	2	bare
申10:12#3	19	24	14～15	申10:14	-	bare
申10:12#3	25	29	七7～8	申7:7	-	chapter
申10:12#3	64	70	出二十6註1	出20:6	1	book
申10:12#3	90	96	林前二9註1	林前2:9	1	book
申11:8#1	21	25	八3註1	申8:3	1	chapter
申11:8#1	46	47	8	申11:8	-	bare
申11:8#1	48	50	24	申11:24	-	bare
申11:8#1	60	63	腓三8	腓3:8	-	book
申11:8#1	81	82	9	申11:9	-	bare
申11:8#1	83	85	21	申11:21	-	bare
申11:8#1	115	117	12	申11:12	-	bare
申11:8#1	146	151	14～15	申11:14	-	bare
申11:8#1	174	179	18～22	申11:18	-	bare
申11:12#1	28	32	八7註1	申8:7	1	chapter
申11:14#1	1	7	珥二23註1	珥2:23	1	book
申11:18#1	3	9	18～20節	申11:18	-	bare
申11:18#1	75	79	西三16	西3:16	-	book
申11:18#2	1	5	六8註1	申6:8	1	chapter
申11:24#1	47	52	創十五18	創15:18	-	book
申11:24#1	53	58	出二三31	出23:31	-	book
申11:24#1	85	90	太十七11	太17:11	-	book
申11:24#1	91	95	十九28	太19:28	-	chapter
申11:24#1	96	99	徒一6	徒1:6	-	book
申11:24#1	100	103	三21	徒3:21	-	chapter
申11:24#1	104	108	十五16	徒15:16	-	chapter
申11:26#1	20	24	弗六24	弗6:24	-	book
申11:26#1	39	45	林前十六22	林前16:22	-	book
路23:26#1	1	8	太二七32註1	太27:32	1	book
路23:33#1	1	8	太二七33註1	太27:33	1	book
路23:36#1	1	8	太二七48註1	太27:48	1	book
路23:43#1	1	4	40節	路23:40	-	bare
路23:43#2	1	8	林後十二4註1	林後12:4	1	book
路23:44#1	1	8	太二七45註1	太27:45	1	book
路23:45#2	1	8	太二七51註1	太27:51	1	book
路23:46#1	1	8	太二七50註1	太27:50	1	book
路23:50#1	1	8	約十九38註1	約19:38	1	book
路23:53#1	5	10	賽五三9下	賽53:9	-	book
路23:54#1	1	8	太二七62註1	太27:62	1	book
路24:1#1	1	7	太二八1註1	太28:1	1	book
路24:1#1	8	14	約二十1註1	約20:1	1	book
路24:1#2	1	4	10節	路24:10	-	bare
路24:1#2	5	9	二三55	路23:55	-	chapter
路24:1#3	1	7	約二十1註2	約20:1	2	book
路24:6#1	1	7	可十六6註1	可16:6	1	book
申12:2#1	45	48	2～3	申12:2	-	bare
申12:2#1	99	100	4	申12:4	-	bare
申12:5#1	31	32	8	申12:8	-	bare
申12:5#1	33	35	13	申12:13	-	bare
申12:5#1	36	38	17	申12:17	-	bare
申12:5#1	74	77	5～6	申12:5	-	bare
申12:5#1	104	105	5	申12:5	-	bare
申12:5#1	106	108	11	申12:11	-	bare
申12:5#1	109	111	14	申12:14	-	bare
申12:5#1	112	114	18	申12:18	-	bare
申12:5#1	115	117	21	申12:21	-	bare
申12:5#1	118	123	26～27	申12:26	-	bare
申12:5#1	124	131	十四22～23	申14:22	-	chapter
申12:5#1	132	139	十五19～20	申15:19	-	chapter
申12:5#1	170	176	代下六5～6	代下6:5	-	book
申12:5#1	177	181	約四20	約4:20	-	book
申12:5#1	210	219	王上十二26～33	王上12:26	-	book
申12:5#1	282	287	約十七11	約17:11	-	book
申12:5#1	288	293	21～23	約17:21	-	bare
申12:5#1	294	299	林前一10	林前1:10	-	book
申12:5#1	300	303	弗四3	弗4:3	-	book
申12:5#1	335	340	太十八20	太18:20	-	book
申12:5#1	341	346	林前一12	林前1:12	-	book
申12:5#1	359	364	林前十二3	林前12:3	-	book
申12:5#1	394	399	啟三8註3	啟3:8	3	book
申12:5#1	464	468	約三6下	約3:6	-	book
申12:5#1	469	473	羅八16	羅8:16	-	book
申12:5#1	474	479	提後四22	提後4:22	-	book
申12:5#1	480	484	弗二22	弗2:22	-	book
申12:5#1	519	523	約四24	約4:24	-	book
申12:5#1	524	530	林前十四15	林前14:15	-	book
申12:5#1	586	591	太十六24	太16:24	-	book
申12:5#1	592	596	加二20	加2:20	-	book
申12:5#1	669	675	約四24註4	約4:24	4	book
申12:16#1	1	8	利十七10註1	利17:10	1	book
申12:17#1	51	53	15	申12:15	-	bare
申12:17#1	112	115	5註1	申12:5	1	bare
申12:23#1	0	6	23～25節	申12:23	-	bare
申12:23#1	8	16	利十七10～14	利17:10	-	book
申13:2#1	92	95	約一1	約1:1	-	book
申13:2#1	96	98	14	約1:14	-	bare
申13:2#1	99	104	約壹二18	約壹2:18	-	book
申13:2#1	105	107	22	約壹2:22	-	bare
申13:2#1	108	112	四2～3	約壹4:2	-	chapter
申13:2#1	194	199	羅十六17	羅16:17	-	book
申13:2#1	217	223	約貳9～11	約貳1:9	-	book
申13:2#1	292	295	弗四3	弗4:3	-	book
申13:2#1	296	298	13	弗4:13	-	bare
申13:2#1	300	303	3註2	弗4:3	2	bare
申13:2#1	304	308	13註3	弗4:13	3	bare
申14:1#1	0	8	十四1～二六19	申14:1	-	chapter
申14:1#1	91	94	弗五1	弗5:1	-	book
申14:1#1	149	154	林後三18	林後3:18	-	book
申14:1#1	157	163	二六16註1	申26:16	1	chapter
申14:1#2	1	5	六8註1	申6:8	1	chapter
申14:2#1	1	7	出十九5註1	出19:5	1	book
申14:3#1	41	47	利十一2註1	利11:2	1	book
申14:3#1	129	133	21註1	申14:21	1	bare
申14:21#1	1	8	出二三19註2	出23:19	2	book
路24:15#1	34	38	十九28	路19:28	-	chapter
路24:19#2	16	21	林後五16	林後5:16	-	book
路24:19#2	60	64	腓三10	腓3:10	-	book
路24:26#1	7	9	46	路24:46	-	bare
路24:26#1	20	27	林前十五43上	林前15:43	-	book
路24:26#1	28	33	徒三13上	徒3:13	-	book
路24:26#1	34	37	15上	徒3:15	-	bare
路24:27#1	18	20	44	路24:44	-	bare
路24:31#1	9	11	15	路24:15	-	bare
路24:31#1	21	23	29	路24:29	-	bare
路24:33#1	26	28	49	路24:49	-	bare
路24:33#1	29	32	徒一4	徒1:4	-	book
路24:39#1	17	23	林前十五44	林前15:44	-	book
路24:39#1	34	41	腓三21與註4	腓3:21	4	book
路24:44#1	30	32	27	路24:27	-	bare
路24:45#1	20	24	弗一18	弗1:18	-	book
路24:47#1	33	35	46	路24:46	-	bare
路24:47#1	37	41	羅四25	羅4:25	-	book
路24:47#1	77	81	約十五5	約15:5	-	book
路24:47#1	135	140	約二十22	約20:22	-	book
路24:47#1	171	174	徒一5	徒1:5	-	book
路24:47#1	175	176	8	徒1:8	-	bare
路24:49#1	1	8	珥二28～29	珥2:28	-	book
路24:49#1	22	27	徒一4～5	徒1:4	-	book
路24:49#1	28	29	8	徒1:8	-	bare
路24:49#1	30	34	二1～4	徒2:1	-	chapter
路24:49#1	35	40	16～18	徒2:16	-	bare
路24:49#1	100	108	約二十22與註1	約20:22	1	book
路24:49#5	24	29	約二十22	約20:22	-	book
路24:49#5	68	72	王下二9	王下2:9	-	book
路24:49#5	73	78	13～15	王下2:13	-	bare
路24:49#5	95	102	約七37～39	約7:37	-	book
路24:49#5	119	122	徒一5	徒1:5	-	book
路24:49#5	145	151	林前十二13	林前12:13	-	book
路24:50#1	6	10	徒一12	徒1:12	-	book
路24:51#1	95	98	一35	路1:35	-	chapter
路24:51#1	138	144	四18～19	路4:18	-	chapter
路24:51#1	172	179	二三42～43	路23:42	-	chapter
路24:51#1	205	212	十二49～50	路12:49	-	chapter
路24:51#1	297	301	徒二36	徒2:36	-	book
路24:51#1	333	336	徒二4	徒2:4	-	book
路24:51#1	337	342	17～18	徒2:17	-	bare
申14:23#1	70	75	十二5註1	申12:5	1	chapter
申14:28#1	81	83	29	申14:29	-	bare
申14:28#1	84	88	二六12	申26:12	-	chapter
申14:28#1	93	97	加二10	加2:10	-	book
申14:28#1	98	103	林前九14	林前9:14	-	book
申14:28#1	104	112	提前五17～18	提前5:17	-	book
申14:28#1	168	174	二六15註1	申26:15	1	chapter
申15:7#1	23	30	林後九6～15	林後9:6	-	book
申15:12#1	0	6	12～18節	申15:12	-	bare
申15:12#1	8	14	出二一2～6	出21:2	-	book
申16:13#1	1	8	出二三16註2	出23:16	2	book
約1:1#1	42	43	1	約1:1	-	bare
約1:1#1	55	56	3	約1:3	-	bare
約1:1#1	64	66	14	約1:14	-	bare
約1:1#1	79	81	29	約1:29	-	bare
約1:1#1	103	105	32	約1:32	-	bare
約1:1#1	106	108	42	約1:42	-	bare
約1:1#1	181	186	二1～11	約2:1	-	chapter
約1:1#1	206	212	二13～22	約2:13	-	chapter
約1:1#1	268	274	十二1～11	約12:1	-	chapter
約1:1#1	277	281	十二12	約12:12	-	chapter
約1:1#1	351	355	二十17	約20:17	-	chapter
約1:1#1	367	371	二十22	約20:22	-	chapter
約1:1#1	431	435	二一22	約21:22	-	chapter
約1:2#2	131	134	來七3	來7:3	-	book
約1:4#1	0	2	3節	約1:3	-	bare
約1:4#1	12	14	4節	約1:4	-	bare
約1:4#1	71	75	十一25	約11:25	-	chapter
約1:4#1	76	79	十四6	約14:6	-	chapter
約1:4#1	95	99	十10下	約10:10	-	chapter
約1:4#1	122	123	4	約1:4	-	bare
約1:4#1	131	133	42	約1:42	-	bare
約1:4#1	134	136	51	約1:51	-	bare
約1:4#1	144	148	42註1	約1:42	1	bare
約1:4#1	149	153	51註2	約1:51	2	bare
約1:4#2	12	17	創一3～5	創1:3	-	book
約1:4#2	18	23	14～18	創1:14	-	bare
約1:14#2	0	3	羅八3	羅8:3	-	book
約1:14#2	58	59	1	約1:1	-	bare
約1:14#2	403	407	約壹四2	約壹4:2	-	book
約1:14#2	477	481	來二14	來2:14	-	book
約1:14#2	491	495	來九26	來9:26	-	book
約1:14#2	580	582	14	約1:14	-	bare
約1:14#2	588	591	二21	約2:21	-	chapter
約1:14#2	666	668	29	約1:29	-	bare
約1:14#2	693	696	三14	約3:14	-	chapter
約1:14#2	849	852	六35	約6:35	-	chapter
約1:14#2	869	872	八12	約8:12	-	chapter
約1:14#2	873	875	九5	約9:5	-	chapter
約1:14#2	957	964	十七22～24	約17:22	-	chapter
約1:14#4	33	36	五33	約5:33	-	chapter
約1:14#4	37	40	八32	約8:32	-	chapter
約1:14#4	41	45	十七17	約17:17	-	chapter
約1:14#4	46	48	19	約17:19	-	bare
約1:14#5	14	20	太十七1～2	太17:1	-	book
約1:14#5	21	22	5	太17:5	-	bare
約1:14#5	23	27	路九32	路9:32	-	book
約1:14#5	28	36	彼後一16～18	彼後1:16	-	book
約1:14#6	74	78	八16下	約8:16	-	chapter
約1:14#6	79	81	29	約8:29	-	bare
約1:14#6	82	87	十六32下	約16:32	-	chapter
約1:17#1	49	54	出二五21	出25:21	-	book
申16:18#2	148	153	出二八30	出28:30	-	book
申16:18#2	156	159	利八8	利8:8	-	book
申16:18#2	160	165	民二七21	民27:21	-	book
申16:18#2	166	170	申三三8	申33:8	-	book
申16:18#2	171	176	撒上二八6	撒上28:6	-	book
申16:18#2	177	181	拉二63	拉2:63	-	book
申16:18#2	182	186	尼七65	尼7:65	-	book
申16:18#2	250	254	徒二42	徒2:42	-	book
申16:18#2	273	278	徒十四23	徒14:23	-	book
申16:18#2	279	282	多一5	多1:5	-	book
申16:18#2	302	306	提前三2	提前3:2	-	book
申16:18#2	307	310	五17	提前5:17	-	chapter
申16:18#2	343	347	彼前二5	彼前2:5	-	book
申16:18#2	348	351	啟一6	啟1:6	-	book
申16:18#2	368	371	來八1	來8:1	-	book
申16:18#2	372	376	羅八10	羅8:10	-	book
申16:18#2	395	399	羅八16	羅8:16	-	book
申16:18#2	439	445	徒十三1～4	徒13:1	-	book
申16:18#2	448	453	拉五1註1	拉5:1	1	book
申16:21#1	60	65	太十三33	太13:33	-	book
申17:9#1	66	69	三三8	申33:8	-	chapter
申17:9#1	80	85	出二八30	出28:30	-	book
申17:9#1	197	203	十六18註2	申16:18	2	chapter
申17:14#1	27	33	撒上八4～7	撒上8:4	-	book
申17:14#1	34	37	7註1	撒上8:7	1	bare
申17:18#1	96	100	提前三2	提前3:2	-	book
申17:18#1	101	104	五17	提前5:17	-	chapter
申17:18#1	171	177	十六18註2	申16:18	2	chapter
申18:1#2	64	70	民十八9註1	民18:9	1	book
申18:2#1	1	8	民十八20註1	民18:20	1	book
申18:3#1	10	13	3～5	申18:3	-	bare
申18:3#1	16	23	民十八8～20	民18:8	-	book
申18:6#1	24	32	民十八21～32	民18:21	-	book
申18:15#1	0	4	徒三22	徒3:22	-	book
申18:15#1	5	11	15～19節	申18:15	-	bare
申18:15#1	70	73	15上	申18:15	-	bare
申18:18#1	26	30	約三34	約3:34	-	book
申18:18#1	31	37	七16～17	約7:16	-	chapter
申18:18#1	38	41	八18	約8:18	-	chapter
申18:18#1	42	46	來一2上	來1:2	-	book
申18:18#1	74	79	林前十四1	林前14:1	-	book
申18:18#1	80	83	3～5	林前14:3	-	bare
申18:18#1	84	89	24～25	林前14:24	-	bare
申18:18#1	90	92	31	林前14:31	-	bare
申18:18#1	94	97	1註4	林前14:1	4	bare
申18:18#1	98	101	3註1	林前14:3	1	bare
申18:18#1	102	106	24註1	林前14:24	1	bare
申18:18#1	107	111	25註1	林前14:25	1	bare
申18:18#1	112	116	31註1	林前14:31	1	bare
申19:2#1	0	5	1～13節	申19:1	-	bare
申19:2#1	7	14	民三五9～34	民35:9	-	book
申19:14#1	12	16	書十四2	書14:2	-	book
申19:14#1	90	94	羅十二3	羅12:3	-	book
申19:14#1	95	103	林後十13～16	林後10:13	-	book
約1:28#1	19	22	十一1	約11:1	-	chapter
約1:29#1	23	28	19～25	約1:19	-	bare
約1:29#1	45	49	但九26	但9:26	-	book
約1:29#1	50	53	瑪四5	瑪4:5	-	book
約1:29#1	54	59	申十八15	申18:15	-	book
約1:29#1	60	62	18	申18:18	-	bare
約1:29#1	85	90	29～33	約1:29	-	bare
約1:32#1	1	5	29註1	約1:29	1	bare
約1:42#1	6	11	太十六18	太16:18	-	book
約1:42#1	58	62	彼前二5	彼前2:5	-	book
約1:42#1	102	107	林前三12	林前3:12	-	book
約1:45#1	50	54	太一16	太1:16	-	book
約1:45#1	75	80	路二4～7	路2:4	-	book
約1:51#2	11	19	創二八11～22	創28:11	-	book
約1:51#2	137	139	32	約1:32	-	bare
約1:51#2	145	147	42	約1:42	-	bare
約1:51#3	18	20	34	約1:34	-	bare
約1:51#3	21	23	49	約1:49	-	bare
約1:51#3	49	51	49	約1:49	-	bare
約1:51#3	106	108	18	約1:18	-	bare
申20:1#1	11	15	八7註1	申8:7	1	chapter
申20:1#1	37	41	西一12	西1:12	-	book
申20:1#1	80	86	民二一1註1	民21:1	1	book
申20:1#1	226	230	約十四6	約14:6	-	book
申20:1#1	231	239	約壹五11～12	約壹5:11	-	book
申20:1#1	251	259	約十四16～20	約14:16	-	book
申20:1#1	260	266	林前十五45	林前15:45	-	book
申20:1#1	273	277	八3註1	申8:3	1	chapter
申20:6#1	11	19	利十九23～25	利19:23	-	book
申20:8#1	37	40	士七3	士7:3	-	book
申20:17#1	1	5	七2註1	申7:2	1	chapter
申21:22#1	52	56	加三13	加3:13	-	book
申21:22#1	57	62	彼前二24	彼前2:24	-	book
申21:22#1	76	78	23	申21:23	-	bare
申21:22#1	79	84	約十九31	約19:31	-	book
申22:9#1	32	38	提前一3～4	提前1:3	-	book
申22:9#1	39	41	六3	提前6:3	-	chapter
申22:9#1	43	47	路八11	路8:11	-	book
申22:9#1	61	66	林前三9下	林前3:9	-	book
申22:9#1	93	97	徒二42	徒2:42	-	book
申22:10#1	27	36	林後六14上與註2	林後6:14	2	book
申22:10#1	70	77	利十一3～4上	利11:3	-	book
申22:12#1	18	23	民十五38	民15:38	-	book
申22:12#1	29	34	民十五38	民15:38	-	book
約2:1#1	9	14	林前十五4	林前15:4	-	book
約2:1#2	13	17	七52上	約7:52	-	chapter
約2:1#3	17	22	賽四二3上	賽42:3	-	book
約2:1#3	23	29	太十二20上	太12:20	-	book
約2:1#3	30	33	十一7	太11:7	-	chapter
約2:3#3	26	27	4	約2:4	-	bare
約2:3#3	40	41	5	約2:5	-	bare
約2:6#2	24	28	創一27	創1:27	-	book
約2:6#2	29	31	31	創1:31	-	bare
約2:7#1	11	14	創一2	創1:2	-	book
約2:7#1	15	16	6	創1:6	-	bare
約2:7#1	17	22	出十四21	出14:21	-	book
約2:7#1	23	27	太三16	太3:16	-	book
約2:11#1	89	92	創二9	創2:9	-	book
約2:11#1	93	95	17	創2:17	-	bare
約2:11#2	29	31	23	約2:23	-	bare
約2:11#2	32	34	三2	約3:2	-	chapter
約2:11#2	35	38	四54	約4:54	-	chapter
約2:11#2	39	41	六2	約6:2	-	chapter
約2:11#2	42	44	14	約6:14	-	bare
約2:11#2	45	47	26	約6:26	-	bare
約2:11#2	48	50	30	約6:30	-	bare
約2:11#2	51	54	七31	約7:31	-	chapter
約2:11#2	55	58	九16	約9:16	-	chapter
約2:11#2	59	62	十41	約10:41	-	chapter
約2:11#2	63	67	十一47	約11:47	-	chapter
約2:11#2	68	72	十二18	約12:18	-	chapter
約2:11#2	73	75	37	約12:37	-	bare
約2:11#2	76	80	二十30	約20:30	-	chapter
申23:1#1	71	76	約十五2上	約15:2	-	book
申23:3#1	1	8	創十九37註2	創19:37	2	book
申23:7#1	16	20	創三六1	創36:1	-	book
申23:7#1	23	30	民二十14註1	民20:14	1	book
申23:15#1	32	39	約三16～17	約3:16	-	book
申23:15#1	40	46	八10～11	約8:10	-	chapter
申23:15#1	47	52	路二三34	路23:34	-	book
申23:15#1	53	57	約壹一9	約壹1:9	-	book
申23:15#1	76	84	太十八21～22	太18:21	-	book
申23:15#1	85	90	可十一25	可11:25	-	book
申23:15#1	91	97	路十七3～4	路17:3	-	book
申23:15#1	98	102	弗四32	弗4:32	-	book
申23:15#1	103	107	西三13	西3:13	-	book
申23:21#1	1	8	利二七30註1	利27:30	1	book
申23:24#2	0	6	24～25節	申23:24	-	bare
申24:5#1	16	20	創一28	創1:28	-	book
申25:3#1	61	69	彼前一18～19	彼前1:18	-	book
申25:13#1	31	35	約八44	約8:44	-	book
申25:13#1	122	127	提前三15	提前3:15	-	book
申25:13#1	188	193	太七1～5	太7:1	-	book
約3:1#1	18	24	二23～25	約2:23	-	chapter
約3:1#1	143	147	十二24	約12:24	-	chapter
約3:2#1	164	167	創二9	創2:9	-	book
約3:2#1	168	170	17	創2:17	-	bare
約3:3#2	15	16	5	約3:5	-	bare
約3:5#2	32	36	太三11	太3:11	-	book
申26:2#1	10	17	十四22～27	申14:22	-	chapter
申26:2#1	64	69	十二5註1	申12:5	1	chapter
申26:12#1	1	7	十四28註1	申14:28	1	chapter
申26:15#1	56	60	林後九6	林後9:6	-	book
申26:15#1	92	97	徒二十35	徒20:35	-	book
申26:16#1	11	19	十四1～二六19	申14:1	-	chapter
申26:18#1	1	7	出十九5註1	出19:5	1	book
申27:5#1	38	44	15～26節	申27:15	-	bare
申27:5#1	145	148	6～7	申27:6	-	bare
申27:5#1	195	199	加三13	加3:13	-	book
申27:5#1	249	253	羅六14	羅6:14	-	book
申27:5#1	324	329	弗二14上	弗2:14	-	book
申27:5#1	330	333	羅五1	羅5:1	-	book
申27:5#1	372	376	1～8節	申27:1	-	bare
申27:5#1	420	426	出二十1註1	出20:1	1	book
申27:5#1	652	656	八7註1	申8:7	1	chapter
申27:5#2	1	8	出二十25註1	出20:25	1	book
約3:14#1	120	126	民二一4～9	民21:4	-	book
約3:14#1	175	178	羅八3	羅8:3	-	book
約3:14#1	220	225	林後五21	林後5:21	-	book
約3:14#1	226	230	來四15	來4:15	-	book
約3:14#1	265	272	十二31～33	約12:31	-	chapter
約3:14#1	273	277	來二14	來2:14	-	book
約3:14#1	443	446	一29	約1:29	-	chapter
約3:16#2	67	69	14	約3:14	-	bare
約3:16#2	81	83	16	約3:16	-	bare
約3:16#2	117	121	創一26	創1:26	-	book
約3:16#2	122	127	羅九21上	羅9:21	-	book
約3:16#2	128	130	23	羅9:23	-	bare
約3:16#2	149	153	約壹四8	約壹4:8	-	book
約3:16#2	154	156	16	約壹4:16	-	bare
約3:16#2	243	246	3～6	約3:3	-	bare
約3:16#2	260	265	15～16	約3:15	-	bare
約3:16#2	266	269	36上	約3:36	-	bare
約3:16#2	285	287	34	約3:34	-	bare
約3:16#2	310	315	31～35	約3:31	-	bare
約3:16#2	330	335	28～30	約3:28	-	bare
約3:16#3	7	10	六30	約6:30	-	chapter
約3:21#1	21	26	19～20	約3:19	-	bare
約3:21#1	83	89	約壹一6註6	約壹1:6	6	book
約3:30#1	158	162	啟二十2	啟20:2	-	book
約3:30#1	163	165	10	啟20:10	-	bare
約3:30#1	191	195	啟二一2	啟21:2	-	book
約3:30#1	196	201	10～27	啟21:10	-	bare
約3:31#1	0	6	31～36節	約3:31	-	bare
約3:31#1	115	121	22～30節	約3:22	-	bare
約3:34#1	1	6	六63註3	約6:63	3	chapter
申28:15#1	21	26	羅十一22	羅11:22	-	book
申28:15#1	151	157	羅十一1～5	羅11:1	-	book
申28:15#1	158	163	11～12	羅11:11	-	bare
申28:15#1	164	169	23～32	羅11:23	-	bare
申28:15#1	204	211	來十二5～11	來12:5	-	book
申28:30#1	11	19	利十九23～25	利19:23	-	book
申29:18#1	26	30	耶二13	耶2:13	-	book
申29:18#1	32	37	約壹五21	約壹5:21	-	book
申29:18#2	20	25	徒二十30	徒20:30	-	book
約4:6#1	8	11	14節	約4:14	-	bare
約4:9#1	25	31	王上十六24	王上16:24	-	book
約4:9#1	32	34	29	王上16:29	-	bare
約4:9#1	75	80	王下十七6	王下17:6	-	book
約4:9#1	81	83	24	王下17:24	-	bare
約4:14#1	1	6	三15註1	約3:15	1	chapter
約4:20#1	15	19	八3～5	約8:3	-	chapter
約4:20#1	20	24	九2～3	約9:2	-	chapter
約4:20#1	42	47	21～24	約4:21	-	bare
約4:20#1	59	62	創二9	創2:9	-	book
約4:20#1	63	65	17	創2:17	-	bare
約4:24#4	35	39	申十二5	申12:5	-	book
約4:24#4	40	42	11	申12:11	-	bare
約4:24#4	43	48	13～14	申12:13	-	bare
約4:24#4	49	51	18	申12:18	-	bare
約4:24#4	93	97	弗二22	弗2:22	-	book
約4:24#4	225	230	25～26	約4:25	-	bare
約4:24#5	61	66	16～18	約4:16	-	bare
約4:24#5	94	97	十四6	約14:6	-	chapter
約4:24#5	117	120	一29	約1:29	-	chapter
約4:24#5	121	124	三14	約3:14	-	chapter
約4:24#5	143	147	7～15	約4:7	-	bare
約4:24#5	199	205	約壹一6註6	約壹1:6	6	book
約4:24#5	206	209	羅三7	羅3:7	-	book
約4:24#5	210	215	十五8註1	羅15:8	1	chapter
約4:26#1	26	30	二十31	約20:31	-	chapter
約4:26#1	38	40	29	約4:29	-	bare
申30:1#1	0	5	1～10節	申30:1	-	bare
申30:1#1	29	37	太二四30～31	太24:30	-	book
申30:12#1	1	6	羅十6～8	羅10:6	-	book
申30:12#1	13	19	11～14節	申30:11	-	bare
申30:12#1	41	43	11	申30:11	-	bare
申30:12#1	44	46	14	申30:14	-	bare
申30:12#1	58	61	約一1	約1:1	-	book
申30:12#1	62	67	啟十九13	啟19:13	-	book
申30:12#1	82	84	八3	申8:3	-	chapter
申30:12#1	85	91	提後三16上	提後3:16	-	book
申30:12#1	109	114	羅十8註1	羅10:8	1	book
申30:12#1	166	172	林前十五45	林前15:45	-	book
申30:12#1	173	178	約二十22	約20:22	-	book
申30:12#1	249	256	羅十12～13	羅10:12	-	book
申30:12#1	279	283	八3註1	申8:3	1	chapter
申30:12#1	284	291	詩一一九9註1	詩119:9	1	book
申30:13#1	8	11	羅十7	羅10:7	-	book
申30:13#1	30	35	羅十7註1	羅10:7	1	book
申30:13#1	36	42	啟十三1註2	啟13:1	2	book
申31:10#1	1	8	出二三16註2	出23:16	2	book
申31:27#1	0	6	27～29節	申31:27	-	bare
申31:27#1	90	94	八3註1	申8:3	1	chapter
申31:27#1	95	101	三十12註1	申30:12	1	chapter
申32:5#1	13	17	出四22	出4:22	-	book
申32:17#1	1	6	林前十20	林前10:20	-	book
申32:21#1	9	13	耶八19	耶8:19	-	book
申32:22#1	1	8	太十一23註1	太11:23	1	book
申32:43#1	82	87	賽二2～3	賽2:2	-	book
申32:43#1	88	95	亞八20～23	亞8:20	-	book
申32:51#1	1	8	民二十12註1	民20:12	1	book
申32:52#1	1	6	三26註1	申3:26	1	chapter
約4:32#1	63	65	34	約4:34	-	bare
約4:36#3	1	6	三15註1	約3:15	1	chapter
約4:44#1	27	30	二23	約2:23	-	chapter
約4:46#1	13	16	七41	約7:41	-	chapter
約4:46#1	17	20	52上	約7:52	-	bare
約4:46#2	1	5	二1註3	約2:1	3	chapter
約4:54#1	13	18	二1～11	約2:1	-	chapter
約4:54#1	84	87	創二9	創2:9	-	book
約4:54#1	88	90	17	創2:17	-	bare
申33:1#2	80	85	提後二13	提後2:13	-	book
申33:1#2	210	216	腓三7～14	腓3:7	-	book
申33:1#2	217	223	一19～21	腓1:19	-	chapter
申33:6#1	0	5	6～25節	申33:6	-	bare
申33:6#1	22	29	創四九3～28	創49:3	-	book
申33:7#2	24	30	啟十二9註4	啟12:9	4	book
申33:9#1	1	8	出三二27註2	出32:27	2	book
申33:17#1	1	7	創四八5註1	創48:5	1	book
申33:18#1	16	24	太二八16～20	太28:16	-	book
申33:18#1	64	71	太四12～23	太4:12	-	book
申33:27#1	9	13	詩九十1	詩90:1	-	book
申33:27#1	49	55	詩九十1註1	詩90:1	1	book
申34:6#1	32	38	啟十一3註2	啟11:3	2	book
申34:6#1	41	47	太十七3註1	太17:3	1	book
申34:9#1	16	21	民十三16	民13:16	-	book
申34:9#2	1	8	提前四14註5	提前4:14	5	book
約5:2#1	28	30	十1	約10:1	-	chapter
約5:2#2	40	46	羅七7～24	羅7:7	-	book
約5:3#2	5	10	3下～4節	約5:3	-	bare
約5:4#1	28	32	加三19	加3:19	-	book
約5:4#1	33	35	21	加3:21	-	bare
約5:5#1	20	21	1	約5:1	-	bare
約5:5#1	37	39	10	約5:10	-	bare
約5:6#1	33	36	羅八3	羅8:3	-	book
約5:6#1	54	56	25	約5:25	-	bare
約5:6#1	68	72	加三21	加3:21	-	book
約5:6#1	88	90	21	約5:21	-	bare
約5:6#1	104	107	羅五6	羅5:6	-	book
約5:7#2	148	150	25	約5:25	-	bare
約5:7#2	197	199	25	約5:25	-	bare
約5:9#1	2	8	24～25節	約5:24	-	bare
約5:10#1	36	38	16	約5:16	-	bare
約5:10#1	39	41	18	約5:18	-	bare
約5:10#1	55	59	可二27	可2:27	-	book
約5:17#1	12	17	創二1～3	創2:1	-	book
約5:18#1	62	65	十六2	約16:2	-	chapter
約5:18#2	12	15	十30	約10:30	-	chapter
約5:24#1	1	6	三15註1	約3:15	1	chapter
約5:24#3	22	25	創二9	創2:9	-	book
約5:24#3	26	28	17	創2:17	-	bare
約5:25#1	2	5	弗二1	弗2:1	-	book
約5:25#1	6	7	5	弗2:5	-	bare
約5:25#1	8	12	西二13	西2:13	-	book
約5:25#1	54	60	28～29節	約5:28	-	bare
約5:27#1	6	8	25	約5:25	-	bare
約5:27#1	19	21	21	約5:21	-	bare
約5:29#1	17	21	啟二十4	啟20:4	-	book
約5:29#1	22	23	6	啟20:6	-	bare
約5:29#1	24	30	林前十五23	林前15:23	-	book
約5:29#1	31	33	52	林前15:52	-	bare
約5:29#1	34	39	帖前四16	帖前4:16	-	book
約5:29#2	1	6	三20註1	約3:20	1	chapter
約5:29#3	31	35	啟二十5	啟20:5	-	book
約5:29#3	36	38	12	啟20:12	-	bare
約5:29#3	74	82	啟二十11～15	啟20:11	-	book
約5:29#3	101	107	24～26節	約5:24	-	bare
約5:29#3	114	120	28～29節	約5:28	-	bare
書1:1#1	38	45	林前十1～13	林前10:1	-	book
書1:1#2	28	34	太一21註1	太1:21	1	book
書1:1#2	138	142	約一17	約1:17	-	book
書1:1#2	163	164	2	書1:2	-	bare
書1:1#2	175	176	6	書1:6	-	bare
書1:1#2	209	212	來四8	來4:8	-	book
書1:1#2	227	233	弗一3～14	弗1:3	-	book
書1:1#2	302	307	申八7註1	申8:7	1	book
書1:2#1	51	54	弗三8	弗3:8	-	book
書1:2#1	55	62	西一12～13	西1:12	-	book
書1:2#1	85	91	創十五3註1	創15:3	1	book
書1:3#1	42	48	腓三7～16	腓3:7	-	book
書1:3#1	97	104	林前七40註2	林前7:40	2	book
書1:4#2	10	17	申十一24註1	申11:24	1	book
書1:8#1	21	25	西三16	西3:16	-	book
書1:8#1	57	65	詩一一九15註1	詩119:15	1	book
書1:12#1	0	6	12～15節	書1:12	-	bare
書1:12#1	130	137	弗三17～19	弗3:17	-	book
書2:1#1	47	51	約三30	約3:30	-	book
書2:1#1	159	167	代上二10～11	代上2:10	-	book
書2:1#1	183	187	太一5上	太1:5	-	book
書2:1#1	250	255	太一5註1	太1:5	1	book
書2:11#2	11	15	8～11	書2:8	-	bare
書2:11#2	16	22	來十一31上	來11:31	-	book
書2:11#2	39	43	羅十17	羅10:17	-	book
書2:11#2	70	75	12～13	書2:12	-	bare
書2:11#2	101	105	1下～6	書2:1	-	bare
書2:11#2	106	111	15～16	書2:15	-	bare
書2:11#2	112	116	雅二25	雅2:25	-	book
書2:14#1	10	12	17	書2:17	-	bare
書2:18#1	22	30	彼前一18～19	彼前1:18	-	book
書2:18#1	101	104	六17	書6:17	-	chapter
書2:18#1	105	110	22～23	書6:22	-	bare
書2:18#1	111	113	25	書6:25	-	bare
書2:18#1	159	167	徒十六30～31	徒16:30	-	book
書2:18#1	168	172	31註1	徒16:31	1	bare
書2:24#1	70	77	民十四11註1	民14:11	1	book
約5:33#1	3	6	一14	約1:14	-	chapter
約5:33#1	7	9	17	約1:17	-	bare
約5:33#1	54	57	十四6	約14:6	-	chapter
約5:33#1	104	110	約壹一6註6	約壹1:6	6	book
約5:36#1	1	5	一6註1	約1:6	1	chapter
約5:37#1	16	20	太三17	太3:17	-	book
約5:37#1	45	49	路三22	路3:22	-	book
約5:39#1	17	19	40	約5:40	-	bare
約5:40#1	1	5	39註1	約5:39	1	bare
約5:43#1	21	24	賽九6	賽9:6	-	book
約5:43#1	38	41	十30	約10:30	-	chapter
約5:43#1	44	50	十四26註2	約14:26	2	chapter
約6:1#1	184	187	18節	約6:18	-	bare
約6:4#1	39	43	林前五7	林前5:7	-	book
約6:4#1	54	57	一29	約1:29	-	chapter
約6:4#1	58	60	36	約1:36	-	bare
約6:7#1	25	29	太二十2	太20:2	-	book
約6:9#2	192	197	利二三10	利23:10	-	book
約6:9#2	282	287	14～15	約6:14	-	bare
書3:3#1	18	25	出二五10註2	出25:10	2	book
書3:3#1	186	192	徒十三1～3	徒13:1	-	book
書3:3#1	193	199	十六6～10	徒16:6	-	chapter
書3:16#3	51	56	羅六3～6	羅6:3	-	book
書3:16#3	57	61	加二20	加2:20	-	book
書3:16#3	122	128	民二一1註1	民21:1	1	book
書3:16#3	129	135	弗六12註4	弗6:12	4	book
書3:16#3	210	215	太三6註2	太3:6	2	book
書4:3#1	85	88	6～7	書4:6	-	bare
書4:3#1	89	94	21～24	書4:21	-	bare
書4:3#1	115	120	羅六3～4	羅6:3	-	book
書4:9#1	14	15	3	書4:3	-	bare
書4:9#1	105	108	羅六6	羅6:6	-	book
書4:9#1	109	113	加二20	加2:20	-	book
書4:9#1	114	118	腓三10	腓3:10	-	book
書4:9#1	170	173	弗二1	弗2:1	-	book
書4:9#1	174	177	4～6	弗2:4	-	bare
書4:9#1	178	180	15	弗2:15	-	bare
書4:9#1	181	183	10	弗2:10	-	bare
書4:13#1	16	21	12～13	書4:12	-	bare
書4:13#1	22	28	三10～11	書3:10	-	chapter
書4:20#1	30	35	20～24	書4:20	-	bare
書5:1#1	1	7	民二一1註1	民21:1	1	book
書5:2#1	31	38	創十七7～12	創17:7	-	book
書5:2#1	104	111	西二11～12	西2:11	-	book
書5:2#1	112	115	一12	西1:12	-	chapter
書5:2#1	247	250	腓三3	腓3:3	-	book
書5:2#1	251	255	西二11	西2:11	-	book
書5:2#1	287	292	羅六3～4	羅6:3	-	book
書5:2#1	331	335	羅八13	羅8:13	-	book
書5:2#1	336	340	加五24	加5:24	-	book
書5:2#1	362	368	加五24註2	加5:24	2	book
書5:2#1	369	375	羅八13註2	羅8:13	2	book
書5:10#1	26	32	出十二3～7	出12:3	-	book
書5:10#1	33	38	11～14	出12:11	-	bare
書5:10#1	65	73	出十四13～30	出14:13	-	book
書5:10#1	158	166	太二六26～28	太26:26	-	book
書5:12#1	109	115	申八7～10	申8:7	-	book
書5:12#1	143	147	加三14	加3:14	-	book
書5:12#1	256	264	腓一19～21上	腓1:19	-	book
書5:12#1	308	315	弗一11～14	弗1:11	-	book
書5:12#1	316	319	18下	弗1:18	-	bare
書5:12#1	321	325	出十九5	出19:5	-	book
書5:12#1	593	600	約六51～57	約6:51	-	book
書5:12#1	601	607	林前五7～8	林前5:7	-	book
書5:12#1	608	612	十3～4	林前10:3	-	chapter
書5:12#1	613	617	腓一19	腓1:19	-	book
書5:13#1	25	27	14	書5:14	-	bare
書5:13#1	100	102	15	書5:15	-	bare
書5:13#1	105	110	羅一2註3	羅1:2	3	book
約6:27#1	1	6	三15註1	約3:15	1	chapter
約6:29#2	1	5	一6註1	約1:6	1	chapter
約6:31#1	3	4	5	約6:5	-	bare
約6:31#1	5	7	9節	約6:9	-	bare
約6:35#1	34	37	創二9	創2:9	-	book
約6:42#1	1	6	一45註1	約1:45	1	chapter
約6:46#1	1	6	一14註6	約1:14	6	chapter
約6:51#1	6	8	35	約6:35	-	bare
約6:51#2	59	62	創二9	創2:9	-	book
約6:51#2	88	91	一29	約1:29	-	chapter
約6:51#2	109	113	出十二4	出12:4	-	book
約6:51#2	114	117	7～8	出12:7	-	bare
書6:1#1	51	56	太十二29	太12:29	-	book
書6:1#1	57	61	弗六12	弗6:12	-	book
書6:1#1	64	71	出二三23註1	出23:23	1	book
書6:20#1	43	46	2～5	書6:2	-	bare
書6:23#1	1	5	二1註1	書2:1	1	chapter
書6:23#1	6	10	11註2	書2:11	2	bare
書6:23#1	11	15	18註1	書2:18	1	bare
書6:26#1	3	9	王上十六34	王上16:34	-	book
書7:2#1	36	39	12下	書7:12	-	bare
書7:2#1	74	75	3	書7:3	-	bare
書7:3#1	94	99	11～12	書7:11	-	bare
書7:4#1	60	62	6上	書7:6	-	bare
書7:4#1	84	89	10～15	書7:10	-	bare
書7:4#1	193	196	羅八4	羅8:4	-	book
書7:4#1	197	202	林後二10	林後2:10	-	book
書7:4#1	203	207	加五16	加5:16	-	book
書7:4#1	208	210	25	加5:25	-	bare
書7:11#1	13	15	20	書7:20	-	bare
書7:11#1	52	55	12下	書7:12	-	bare
書7:16#1	12	17	16～18	書7:16	-	bare
書7:16#1	38	43	出二八30	出28:30	-	book
書7:21#1	12	17	但一1～2	但1:1	-	book
書7:26#1	9	11	25	書7:25	-	bare
約6:53#1	19	23	十九34	約19:34	-	chapter
約6:53#1	24	28	來九22	來9:22	-	book
約6:53#1	29	34	太二六28	太26:28	-	book
約6:53#1	35	43	彼前一18～19	彼前1:18	-	book
約6:53#1	44	48	羅三25	羅3:25	-	book
約6:54#1	8	10	56	約6:56	-	bare
約6:54#1	11	14	57節	約6:57	-	bare
約6:54#1	16	19	58節	約6:58	-	bare
約6:54#2	175	178	47節	約6:47	-	bare
約6:54#2	215	218	一12	約1:12	-	chapter
約6:57#1	95	102	十四19～20	約14:19	-	chapter
約6:62#1	0	3	56節	約6:56	-	bare
約6:62#1	39	43	來一3下	來1:3	-	book
約6:63#1	13	19	林前十五45	林前15:45	-	book
約6:63#1	36	39	一14	約1:14	-	chapter
約6:63#2	38	40	51	約6:51	-	bare
約6:63#2	74	76	52	約6:52	-	bare
約6:63#2	90	92	60	約6:60	-	bare
約6:63#3	57	59	一1	約1:1	-	chapter
書9:14#1	54	59	創三2註1	創3:2	1	book
書9:14#1	72	76	賽五四5	賽54:5	-	book
書9:14#1	77	80	六二5	賽62:5	-	chapter
書9:14#1	81	85	約三29	約3:29	-	book
書9:14#1	86	91	林後十一2	林後11:2	-	book
書9:14#1	92	99	弗五23～32	弗5:23	-	book
書9:14#1	100	107	啟二一9～10	啟21:9	-	book
書9:14#1	138	142	七3註1	書7:3	1	chapter
書9:14#1	143	146	4註1	書7:4	1	bare
書10:1#1	38	45	民十三33註1	民13:33	1	book
書10:1#1	89	96	但十10～21	但10:10	-	book
書10:1#1	97	104	弗六10～20	弗6:10	-	book
書10:1#1	143	148	申八7註1	申8:7	1	book
書10:1#1	160	163	腓三8	腓3:8	-	book
書11:1#1	15	16	5	書11:5	-	bare
書11:1#1	17	18	7	書11:7	-	bare
書11:20#1	25	29	出九12	出9:12	-	book
書11:21#1	1	6	民十三33	民13:33	-	book
書12:4#1	7	11	申三11	申3:11	-	book
約7:2#1	57	61	利二三5	利23:5	-	book
約7:2#1	62	64	34	利23:34	-	bare
約7:2#1	91	97	出十二2～3	出12:2	-	book
約7:2#1	98	99	6	出12:6	-	bare
約7:2#1	146	151	出二三16	出23:16	-	book
約7:2#1	253	261	申十六13～15	申16:13	-	book
約7:2#1	350	358	利二三39～43	利23:39	-	book
約7:2#1	413	419	啟二一2～3	啟21:2	-	book
約7:2#1	449	456	來十一9～10	來11:9	-	book
約7:2#1	492	496	啟二二1	啟22:1	-	book
約7:2#1	497	499	17	啟22:17	-	bare
約7:2#1	554	559	37～39	約7:37	-	bare
書13:7#1	34	39	申八7註1	申8:7	1	book
書13:7#1	77	81	西一12	西1:12	-	book
書13:7#1	140	147	創四九3～28	創49:3	-	book
書13:7#1	212	218	羅十二3～4	羅12:3	-	book
書13:7#1	219	222	弗四7	弗4:7	-	book
書13:7#1	225	231	利一14註1	利1:14	1	book
書13:7#1	232	236	三1註2	利3:1	2	chapter
書13:14#1	1	7	民十八9註1	民18:9	1	book
書13:14#1	8	12	21註1	民18:21	1	bare
書13:14#1	13	17	28註1	民18:28	1	bare
書13:30#1	19	24	民三二41	民32:41	-	book
書13:33#1	1	8	民十八20註1	民18:20	1	book
書14:2#1	28	31	十八6	書18:6	-	chapter
書14:2#1	32	33	8	書18:8	-	bare
書14:2#1	34	36	10	書18:10	-	bare
書14:2#1	80	84	十五63	書15:63	-	chapter
書14:2#1	96	99	彌五2	彌5:2	-	book
書14:2#1	100	104	來七14	來7:14	-	book
書14:2#1	139	144	箴十六33	箴16:33	-	book
書14:12#1	1	6	民十三33	民13:33	-	book
書15:8#1	36	40	十八16	書18:16	-	chapter
書15:8#1	41	46	尼十一30	尼11:30	-	book
書15:8#1	86	93	太五22與註9	太5:22	9	book
書15:13#1	1	6	民十三33	民13:33	-	book
書17:3#1	0	4	3～4節	書17:3	-	bare
書17:3#1	6	13	民二七1～11	民27:1	-	book
約7:29#1	1	6	一14註6	約1:14	6	chapter
約7:29#2	1	5	一6註1	約1:6	1	chapter
約7:38#1	56	62	五24～25	約5:24	-	chapter
約7:38#1	63	66	八24	約8:24	-	chapter
約7:38#1	67	74	十一25～26	約11:25	-	chapter
約7:38#2	28	33	羅十五30	羅15:30	-	book
約7:38#2	34	38	帖前一6	帖前1:6	-	book
約7:38#2	39	44	帖後二13	帖後2:13	-	book
約7:38#2	45	52	加五22～23	加5:22	-	book
約7:38#2	69	73	啟二二1	啟22:1	-	book
約7:38#2	85	88	羅八2	羅8:2	-	book
約7:39#1	11	16	創一1～2	創1:1	-	book
約7:39#1	30	33	羅八9	羅8:9	-	book
約7:39#1	43	47	腓一19	腓1:19	-	book
約7:39#1	83	88	路二四26	路24:26	-	book
約7:39#1	144	148	二十22	約20:22	-	chapter
約7:39#1	180	187	十四16～17	約14:16	-	chapter
約7:39#1	303	308	38～39	約7:38	-	bare
約7:41#1	8	13	路二4～7	路2:4	-	book
約7:41#1	59	63	太二23	太2:23	-	book
約7:41#1	103	109	賽五三2～3	賽53:2	-	book
約7:41#1	127	132	林後五16	林後5:16	-	book
書18:6#1	1	6	十四2註1	書14:2	1	chapter
書18:16#1	1	6	十五8註1	書15:8	1	chapter
書18:28#1	23	27	十五63	書15:63	-	chapter
書19:46#1	1	4	徒十5	徒10:5	-	book
書19:47#1	1	6	士十八29	士18:29	-	book
書20:2#1	1	7	民三五6註1	民35:6	1	book
書21:36#1	5	11	36～37節	書21:36	-	bare
約7:53#1	5	11	53～八11	約7:53	-	bare
約8:3#1	207	208	3	約8:3	-	bare
約8:3#1	209	211	41	約8:41	-	bare
約8:3#1	212	214	44	約8:44	-	bare
約8:3#1	397	398	5	約8:5	-	bare
約8:3#1	399	401	17	約8:17	-	bare
約8:3#1	414	415	2	約8:2	-	bare
約8:3#1	416	418	20	約8:20	-	bare
約8:5#1	10	16	四20～25	約4:20	-	chapter
約8:5#1	17	21	九2～3	約9:2	-	chapter
約8:5#1	44	48	創二17	創2:17	-	book
約8:5#1	53	55	7節	約8:7	-	bare
約8:5#1	79	82	創二9	創2:9	-	book
約8:12#1	5	7	一4	約1:4	-	chapter
約8:16#1	51	54	三13	約3:13	-	chapter
約8:16#1	70	73	一14	約1:14	-	chapter
約8:16#1	107	112	提前三16	提前3:16	-	book
約8:19#1	3	6	14節	約8:14	-	bare
約8:24#2	5	7	28	約8:28	-	bare
約8:24#2	8	10	58	約8:58	-	bare
約8:24#2	23	27	出三14	出3:14	-	book
約8:24#2	39	42	創二7	創2:7	-	book
約8:24#2	67	70	啟一4	啟1:4	-	book
約8:24#2	71	78	出三14～15	出3:14	-	book
書22:4#1	88	94	林前十二13	林前12:13	-	book
書22:4#1	95	98	弗三6	弗3:6	-	book
書22:10#1	53	59	申十二5～8	申12:5	-	book
書22:10#1	151	157	申十二5註1	申12:5	1	book
書23:11#2	1	7	出二十6註1	出20:6	1	book
約8:28#1	10	13	三14	約3:14	-	chapter
約8:28#1	14	21	十二31～34	約12:31	-	chapter
約8:28#1	23	26	三14	約3:14	-	chapter
約8:28#1	59	66	十二31～34	約12:31	-	chapter
約8:32#1	3	6	一14	約1:14	-	chapter
約8:32#1	7	9	17	約1:17	-	bare
約8:32#1	50	55	十四6註2	約14:6	2	chapter
約8:32#1	56	59	一14	約1:14	-	chapter
約8:32#1	60	62	17	約1:17	-	bare
約8:32#1	79	82	36節	約8:36	-	bare
約8:32#1	122	125	西二9	西2:9	-	book
約8:32#1	269	272	一14	約1:14	-	chapter
約8:32#1	298	301	一17	約1:17	-	chapter
約8:42#1	1	5	一6註1	約1:6	1	chapter
約8:44#1	22	27	約壹三10	約壹3:10	-	book
約8:44#1	37	41	啟十二9	啟12:9	-	book
約8:44#1	42	45	二十2	啟20:2	-	chapter
約8:44#1	60	65	太二三33	太23:33	-	book
約8:44#1	66	68	三7	太3:7	-	chapter
約8:44#1	99	102	三14	約3:14	-	chapter
約8:44#1	128	132	來二14	來2:14	-	book
約8:47#1	1	6	六63註3	約6:63	3	chapter
約8:58#1	41	43	53	約8:53	-	bare
士1:1#1	25	31	出二十6註1	出20:6	1	book
士1:1#1	177	183	二11～13	士2:11	-	chapter
士1:1#1	184	186	17	士2:17	-	bare
士1:1#1	187	189	三7	士3:7	-	chapter
士1:1#1	190	193	八33	士8:33	-	chapter
士1:1#1	194	196	十6	士10:6	-	chapter
士1:1#1	198	203	耶十一13	耶11:13	-	book
士1:1#1	204	212	結十六25～26	結16:25	-	book
士1:1#1	213	216	何一2	何1:2	-	book
士1:1#1	217	219	二2	何2:2	-	chapter
士1:1#1	222	227	1～20節	士1:1	-	bare
士1:1#1	394	398	一1～2	士1:1	-	chapter
士1:1#1	399	406	二11～三11	士2:11	-	chapter
士1:1#2	5	10	1～20節	士1:1	-	bare
士1:20#2	1	6	民十三33	民13:33	-	book
士1:21#1	11	16	1～19上	士1:1	-	bare
士1:21#1	17	19	20	士1:20	-	bare
士1:21#1	48	51	19下	士1:19	-	bare
士1:21#1	64	66	21	士1:21	-	bare
士1:21#1	110	112	27	士1:27	-	bare
士1:21#1	113	118	29～36	士1:29	-	bare
士1:21#1	145	153	出二三23～33	出23:23	-	book
士1:21#1	154	162	民三三50～56	民33:50	-	book
士1:21#1	224	228	三5～6	士3:5	-	chapter
士1:21#1	231	238	出二三23註1	出23:23	1	book
士1:21#1	239	246	民三三52註1	民33:52	1	book
士2:1#1	32	36	來一14	來1:14	-	book
士2:1#1	82	87	出三2註1	出3:2	1	book
士2:1#1	216	222	亞二9～11	亞2:9	-	book
士2:1#1	253	257	1～3節	士2:1	-	bare
士2:9#2	13	18	書十九50	書19:50	-	book
士2:9#2	19	23	二四30	書24:30	-	chapter
士2:12#1	42	45	創二9	創2:9	-	book
士2:12#1	46	51	16～17	創2:16	-	bare
士2:12#1	52	56	三1～6	創3:1	-	chapter
士2:12#1	173	177	耶二13	耶2:13	-	book
約9:1#1	15	19	14註1	約9:14	1	bare
約9:1#1	49	53	十10下	約10:10	-	chapter
約9:1#1	54	56	28	約10:28	-	bare
約9:1#2	70	74	林後四4	林後4:4	-	book
約9:1#2	105	110	徒二六18	徒26:18	-	book
約9:2#1	8	14	四20～25	約4:20	-	chapter
約9:2#1	15	19	八3～5	約8:3	-	chapter
約9:2#1	42	46	創二17	創2:17	-	book
約9:2#1	51	53	3節	約9:3	-	bare
約9:2#1	78	81	創二9	創2:9	-	book
約9:6#1	5	9	羅九21	羅9:21	-	book
約9:6#1	37	40	太四4	太4:4	-	book
約9:6#1	60	63	六63	約6:63	-	chapter
約9:6#1	109	113	路四18	路4:18	-	book
約9:6#1	114	122	林後一21～22	林後1:21	-	book
約9:6#1	123	128	約壹二27	約壹2:27	-	book
約9:7#1	34	39	羅六3～4	羅6:3	-	book
約9:7#1	40	41	6	羅6:6	-	bare
約9:7#2	1	5	一6註1	約1:6	1	chapter
約9:14#1	56	59	五10	約5:10	-	chapter
約9:14#1	60	62	16	約5:16	-	bare
約9:33#1	1	6	一14註6	約1:14	6	chapter
約9:34#2	37	41	十3～4	約10:3	-	chapter
士3:5#1	0	4	5～6節	士3:5	-	bare
士4:4#1	77	83	出二21註1	出2:21	1	book
士4:4#1	201	204	6～9	士4:6	-	bare
士4:4#1	206	211	林前十一3	林前11:3	-	book
士4:4#1	212	215	5～6	林前11:5	-	bare
士4:4#1	216	218	10	林前11:10	-	bare
士4:4#1	268	270	10	士4:10	-	bare
士4:4#1	290	296	五15～16	士5:15	-	chapter
士4:4#1	344	349	14～24	士4:14	-	bare
約10:1#1	1	4	9註1	約10:9	1	bare
約10:1#3	6	7	8	約10:8	-	bare
約10:9#2	154	161	加三23～25	加3:23	-	book
約10:9#2	162	166	四3～5	加4:3	-	chapter
約10:11#1	93	95	15	約10:15	-	bare
約10:11#1	96	101	17～18	約10:17	-	bare
約10:11#1	125	128	10下	約10:10	-	bare
約10:11#1	137	139	28	約10:28	-	bare
約10:16#1	12	17	徒十一18	徒11:18	-	book
約10:16#2	20	27	弗二14～16	弗2:14	-	book
約10:16#2	28	30	三6	弗3:6	-	chapter
約10:16#2	65	70	10～18	約10:10	-	bare
約10:25#1	1	6	五43註1	約5:43	1	chapter
約10:28#1	7	12	三15註1	約3:15	1	chapter
約10:28#1	44	48	十七23	約17:23	-	chapter
約10:28#1	49	55	六38～39	約6:38	-	chapter
約10:28#1	82	85	一14	約1:14	-	chapter
約10:28#1	86	89	六37	約6:37	-	chapter
約10:29#1	1	5	28註1	約10:28	1	bare
約10:30#1	20	22	33	約10:33	-	bare
約10:30#1	23	26	五18	約5:18	-	chapter
約10:30#1	27	29	一1	約1:1	-	chapter
約10:30#1	30	34	二十28	約20:28	-	chapter
約10:30#1	35	40	約壹五20	約壹5:20	-	book
約10:30#1	41	44	腓二6	腓2:6	-	book
士6:11#1	1	5	二1註1	士2:1	1	chapter
士6:14#1	15	20	11～14	士6:11	-	bare
士6:14#1	21	26	21～23	士6:21	-	bare
士6:14#1	29	34	出三2註1	出3:2	1	book
士6:20#1	14	16	11	士6:11	-	bare
士6:20#1	28	30	14	士6:14	-	bare
士6:27#1	20	25	11～24	士6:11	-	bare
士6:27#1	98	103	25～28	士6:25	-	bare
士6:27#1	159	164	29～32	士6:29	-	bare
士6:27#1	192	194	34	士6:34	-	bare
士6:27#1	229	232	七25	士7:25	-	chapter
士6:27#1	233	239	八10～12	士8:10	-	chapter
士7:5#1	148	152	提後二4	提後2:4	-	book
士8:16#1	3	5	7節	士8:7	-	bare
士8:16#1	62	67	二12註1	士2:12	1	chapter
士8:16#1	105	110	16～17	士8:16	-	bare
士8:16#1	124	129	出二十13	出20:13	-	book
士8:16#1	155	160	30～31	士8:30	-	bare
士8:16#1	174	179	出二十14	出20:14	-	book
士8:16#1	203	208	22～23	士8:22	-	bare
士8:16#1	222	224	24	士8:24	-	bare
士8:16#1	238	243	出二十17	出20:17	-	book
士8:16#1	265	268	弗五5	弗5:5	-	book
士8:16#1	269	272	西三5	西3:5	-	book
士8:16#1	310	312	27	士8:27	-	bare
士8:16#1	353	358	申八7註1	申8:7	1	book
士8:16#1	459	466	撒下十一4註1	撒下11:4	1	book
士8:16#1	467	475	王上十一43註1	王上11:43	1	book
士8:16#1	478	485	創十四23註1	創14:23	1	book
約10:36#1	1	5	一6註1	約1:6	1	chapter
約11:8#1	93	97	8～16	約11:8	-	bare
約11:8#1	106	111	21～28	約11:21	-	bare
約11:8#1	121	126	32～33	約11:32	-	bare
約11:8#1	136	141	36～38	約11:36	-	bare
約11:8#1	155	160	39～40	約11:39	-	bare
約11:14#1	46	47	6	約11:6	-	bare
士8:33#1	16	22	八33～十5	士8:33	-	chapter
士8:33#1	23	30	十6～十二15	士10:6	-	chapter
士8:33#1	55	60	二12註1	士2:12	1	chapter
士9:5#1	45	48	八33	士8:33	-	chapter
士9:5#1	71	77	八30～31	士8:30	-	chapter
士9:5#1	78	80	九5	士9:5	-	chapter
士9:5#1	81	83	十4	士10:4	-	chapter
士9:5#1	84	89	十二8～9	士12:8	-	chapter
士9:5#1	90	95	13～14	士12:13	-	bare
士9:5#1	96	101	十六1～4	士16:1	-	chapter
士9:5#1	116	121	十二1～6	士12:1	-	chapter
士9:8#1	9	14	羅十一17	羅11:17	-	book
士9:8#1	15	22	亞四11～14	亞4:11	-	book
士9:8#1	23	28	啟十一4上	啟11:4	-	book
士9:8#1	54	58	路四1上	路4:1	-	book
士9:8#1	59	62	18上	路4:18	-	bare
士9:8#1	63	66	來一9	來1:9	-	book
士9:8#1	83	84	9	士9:9	-	bare
士9:8#1	104	108	加五16	加5:16	-	book
士9:8#1	109	111	25	加5:25	-	bare
士9:8#1	131	135	林後三6	林後3:6	-	book
士9:8#1	136	137	8	林後3:8	-	bare
士9:12#1	41	45	太九17	太9:17	-	book
士9:31#1	1	4	41節	士9:41	-	bare
約11:24#1	17	19	23	約11:23	-	bare
約11:35#1	5	7	31	約11:31	-	bare
約11:35#1	8	11	33節	約11:33	-	bare
約11:42#1	1	5	一6註1	約1:6	1	chapter
士13:3#1	0	5	3～21節	士13:3	-	bare
士13:3#1	23	28	22～23	士13:22	-	bare
士13:3#1	49	54	出三2註1	出3:2	1	book
士13:3#2	63	66	4～5	士13:4	-	bare
士13:3#2	67	69	14	士13:14	-	bare
士13:3#2	93	95	25	士13:25	-	bare
士13:3#2	96	101	十四5～6	士14:5	-	chapter
士13:3#2	102	104	19	士14:19	-	bare
士13:3#2	105	109	十五14	士15:14	-	chapter
士13:5#1	8	14	民六1～21	民6:1	-	book
士13:6#1	63	69	創十八2註1	創18:2	1	book
士13:18#1	15	18	賽九6	賽9:6	-	book
士14:1#1	76	79	1～3	士14:1	-	bare
士14:1#1	80	85	10～17	士14:10	-	bare
士14:1#1	119	124	十六1～3	士16:1	-	chapter
士14:1#1	158	165	十六4～20上	士16:4	-	chapter
士14:1#1	212	220	十六20下～30	士16:20	-	chapter
士14:6#1	7	12	來十一32	來11:32	-	book
士14:6#1	36	39	5～6	士14:5	-	bare
士14:6#1	60	62	19	士14:19	-	bare
士14:6#1	86	94	十五12～18上	士15:12	-	chapter
士14:6#1	115	122	十六28～30	士16:28	-	chapter
約12:1#1	96	103	十一43～44	約11:43	-	chapter
約12:1#1	127	131	可十四3	可14:3	-	book
約12:1#1	165	166	2	約12:2	-	bare
約12:1#1	179	182	2～3	約12:2	-	bare
約12:1#1	217	220	2～3	約12:2	-	bare
約12:1#1	238	239	4	約12:4	-	bare
約12:1#1	252	254	10	約12:10	-	bare
約12:1#1	267	268	6	約12:6	-	bare
約12:1#1	269	271	10	約12:10	-	bare
約12:1#1	284	286	11	約12:11	-	bare
約12:3#2	12	16	可十四3	可14:3	-	book
約12:5#1	1	5	六7註1	約6:7	1	chapter
約12:7#1	29	33	十一47	約11:47	-	chapter
約12:7#1	34	36	53	約11:53	-	bare
約12:7#1	37	39	57	約11:57	-	bare
約12:7#1	59	63	太二六6	太26:6	-	book
約12:7#1	87	90	2～3	約12:2	-	bare
約12:7#1	101	102	4	約12:4	-	bare
約12:7#1	114	116	11	約12:11	-	bare
約12:7#1	137	141	路二34	路2:34	-	book
約12:13#1	16	22	詩一一八25	詩118:25	-	book
約12:23#1	55	59	彼前一3	彼前1:3	-	book
約12:23#1	109	114	十七1註1	約17:1	1	chapter
約12:24#1	47	52	12～19	約12:12	-	bare
約12:24#1	66	71	20～22	約12:20	-	bare
約12:24#2	38	43	路二四26	路24:26	-	book
約12:24#2	46	51	本章23節	約12:23	-	anaphor
約12:24#2	81	84	十七5	約17:5	-	chapter
約12:24#2	149	151	23	約12:23	-	bare
約12:24#2	152	154	28	約12:28	-	bare
約12:24#2	155	162	十三31～32	約13:31	-	chapter
約12:24#2	163	167	十四13	約14:13	-	chapter
約12:24#2	168	171	十五8	約15:8	-	chapter
約12:24#2	172	176	十六14	約16:14	-	chapter
約12:24#2	177	180	十七1	約17:1	-	chapter
約12:24#2	181	182	4	約17:4	-	bare
約12:24#2	183	184	5	約17:5	-	bare
約12:24#2	185	187	10	約17:10	-	bare
約12:24#2	188	190	22	約17:22	-	bare
約12:24#2	191	193	24	約17:24	-	bare
約12:24#2	240	243	十四2	約14:2	-	chapter
約12:24#2	253	258	十五1～5	約15:1	-	chapter
約12:24#2	279	283	十六21	約16:21	-	chapter
約12:24#2	382	389	弗三19～21	弗3:19	-	book
約12:24#2	427	434	十七20～23	約17:20	-	chapter
士17:3#1	31	36	太十三33	太13:33	-	book
士17:5#1	54	58	7～13	士17:7	-	bare
士17:5#1	60	65	啟二6註1	啟2:6	1	book
士17:6#1	35	39	十八31	士18:31	-	chapter
士17:6#1	53	60	出二八30註1	出28:30	1	book
士17:6#1	134	138	一1註1	士1:1	1	chapter
士18:31#1	78	86	王上十二28註1	王上12:28	1	book
士18:31#1	87	94	創四九17註1	創49:17	1	book
約12:25#1	3	6	十11	約10:11	-	chapter
約12:25#1	7	9	15	約10:15	-	bare
約12:25#1	10	12	17	約10:17	-	bare
約12:25#1	102	105	26節	約12:26	-	bare
約12:25#2	1	6	三15註1	約3:15	1	chapter
約12:28#1	145	150	十七1註1	約17:1	1	chapter
約12:31#1	8	15	約壹二15註2	約壹2:15	2	book
約12:31#1	157	161	31註2	約12:31	2	bare
約12:31#2	6	8	23	約12:23	-	bare
約12:31#2	18	21	三14	約3:14	-	chapter
約12:31#2	36	39	羅八3	羅8:3	-	book
約12:31#2	65	69	啟十二9	啟12:9	-	book
約12:31#2	70	73	二十2	啟20:2	-	chapter
約12:31#2	119	123	來二14	來2:14	-	book
約12:31#2	136	140	十六11	約16:11	-	chapter
約12:32#1	12	15	24節	約12:24	-	bare
約12:32#1	32	37	彼前二24	彼前2:24	-	book
約12:32#1	180	182	24	約12:24	-	bare
約12:32#1	183	185	32	約12:32	-	bare
約12:32#1	206	208	23	約12:23	-	bare
約12:32#1	209	211	28	約12:28	-	bare
約12:32#1	235	237	31	約12:31	-	bare
約12:41#1	38	41	賽六1	賽6:1	-	book
約12:41#1	42	43	3	賽6:3	-	bare
約12:41#1	73	78	42～43	約12:42	-	bare
約12:44#1	33	38	44～45	約12:44	-	bare
約12:44#1	64	66	46	約12:46	-	bare
約12:44#1	67	69	36	約12:36	-	bare
約12:44#1	125	130	47～50	約12:47	-	bare
約12:47#1	1	6	六63註3	約6:63	3	chapter
約12:50#1	1	6	三15註1	約3:15	1	chapter
士21:25#1	1	6	十七6註1	士17:6	1	chapter
約13:4#3	17	21	彼前五5	彼前5:5	-	book
約13:5#1	10	13	多三5	多3:5	-	book
約13:5#1	17	21	弗五26	弗5:26	-	book
約13:5#1	22	26	約十五3	約15:3	-	book
約13:5#1	32	36	十九34	約19:34	-	chapter
約13:5#2	160	164	約壹一7	約壹1:7	-	book
約13:5#2	165	166	9	約壹1:9	-	bare
約13:5#3	102	103	1	約13:1	-	bare
約13:5#3	123	125	14	約13:14	-	bare
約13:5#3	126	128	34	約13:34	-	bare
約13:7#1	27	32	八55註1	約8:55	1	chapter
約13:10#1	14	17	多三5	多3:5	-	book
約13:10#1	18	21	約三5	約3:5	-	book
約13:19#2	1	6	八24註2	約8:24	2	chapter
約13:31#1	1	7	十二23註1	約12:23	1	chapter
約13:31#2	1	7	十二28註1	約12:28	1	chapter
約13:32#2	1	7	十二28註1	約12:28	1	chapter
約13:32#3	1	7	十二23註1	約12:23	1	chapter
約13:34#1	6	10	太五19	太5:19	-	book
約13:34#1	11	14	羅七8	羅7:8	-	book
約13:34#1	15	16	9	羅7:9	-	bare
約13:34#1	17	19	10	羅7:10	-	bare
約13:34#1	20	22	11	羅7:11	-	bare
約13:34#1	23	25	12	羅7:12	-	bare
約13:34#1	26	28	13	羅7:13	-	bare
約13:34#1	73	77	十四15	約14:15	-	chapter
約13:34#1	78	80	21	約14:21	-	bare
約13:34#1	81	85	十五10	約15:10	-	chapter
約13:34#1	86	88	12	約15:12	-	bare
約13:34#1	89	93	約壹二3	約壹2:3	-	book
約13:34#1	94	95	4	約壹2:4	-	bare
約13:34#1	96	97	7	約壹2:7	-	bare
約13:34#1	98	99	8	約壹2:8	-	bare
約13:34#1	100	103	三22	約壹3:22	-	chapter
約13:34#1	104	106	23	約壹3:23	-	bare
約13:34#1	107	109	24	約壹3:24	-	bare
約13:34#1	110	113	四21	約壹4:21	-	chapter
約13:34#1	114	116	五2	約壹5:2	-	chapter
約13:34#1	117	118	3	約壹5:3	-	bare
約13:34#1	119	122	約貳4	約貳1:4	-	book
約13:34#1	123	124	5	約貳1:5	-	bare
約13:34#1	125	126	6	約貳1:6	-	bare
得1:1#1	119	122	太一5	太1:5	-	book
得1:1#1	149	150	4	得1:4	-	bare
得1:1#1	170	174	申二三3	申23:3	-	book
得1:1#1	196	202	四21～22	得4:21	-	chapter
得1:1#1	203	208	太一5～6	太1:5	-	book
得1:1#1	249	255	太一5～16	太1:5	-	book
得1:1#1	301	305	太一18	太1:18	-	book
得1:1#1	306	312	20下～23	太1:20	-	bare
得1:1#1	328	333	太一5註3	太1:5	3	book
得1:1#2	35	40	利二六26	利26:26	-	book
得1:1#2	41	46	結十四13	結14:13	-	book
得1:1#2	73	78	士一1註1	士1:1	1	book
得1:1#3	24	27	彌五2	彌5:2	-	book
得1:1#3	28	33	路二4～7	路2:4	-	book
得1:1#3	50	57	創四九8～10	創49:8	-	book
得1:1#3	66	70	出三8下	出3:8	-	book
得1:1#3	88	94	申八7～10	申8:7	-	book
得1:1#3	104	107	賽八8	賽8:8	-	book
得1:1#4	60	64	申十二9	申12:9	-	book
得1:1#4	65	68	來四8	來4:8	-	book
得1:1#4	227	232	創二2註1	創2:2	1	book
得1:1#4	235	240	來四9註1	來4:9	1	book
得1:1#5	35	43	創十九30～38	創19:30	-	book
得1:1#5	58	64	申二三3～6	申23:3	-	book
得1:1#5	75	77	15	得1:15	-	bare
得1:1#5	78	81	士十6	士10:6	-	book
得1:3#1	15	16	3	得1:3	-	bare
得1:3#1	17	18	5	得1:5	-	bare
得1:3#1	33	35	20	得1:20	-	bare
得1:4#1	10	18	創十九30～38	創19:30	-	book
得1:4#1	57	61	約八41	約8:41	-	book
得1:4#1	62	65	44上	約8:44	-	bare
得1:4#2	59	62	4註1	得1:4	1	bare
得1:4#2	87	91	弗四22	弗4:22	-	book
得1:4#2	92	95	西三9	西3:9	-	book
得1:4#2	113	117	創一27	創1:27	-	book
得1:4#2	118	120	31	創1:31	-	bare
得1:4#2	140	145	羅五18上	羅5:18	-	book
得1:4#2	146	149	19上	羅5:19	-	bare
得1:4#2	207	210	羅六6	羅6:6	-	book
得1:4#2	267	272	四9～10	得4:9	-	chapter
得1:4#2	313	317	羅七4上	羅7:4	-	book
得1:4#2	318	320	六6	羅6:6	-	chapter
得1:4#2	356	360	弗五25	弗5:25	-	book
得1:4#2	476	481	羅七1～4	羅7:1	-	book
得1:4#2	570	573	四13	得4:13	-	chapter
得1:4#2	619	623	約三6下	約3:6	-	book
得1:4#2	624	627	29上	約3:29	-	bare
得1:4#2	628	632	羅七4下	羅7:4	-	book
得1:4#2	734	741	林前十五45下	林前15:45	-	book
得1:4#2	756	761	林後五17	林後5:17	-	book
得1:4#2	804	808	弗四24	弗4:24	-	book
得1:4#2	890	894	約三30	約3:30	-	book
得1:4#2	975	978	弗三6	弗3:6	-	book
得1:6#1	86	89	22上	得1:22	-	bare
得1:16#2	56	60	羅十17	羅10:17	-	book
得1:20#3	34	39	20～21	得1:20	-	bare
得1:20#3	41	42	3	得1:3	-	bare
得1:22#1	12	17	撒下二一9	撒下21:9	-	book
得1:22#1	28	34	林前十五20	林前15:20	-	book
得1:22#1	42	45	二23	得2:23	-	chapter
得1:22#1	68	71	約六9	約6:9	-	book
得1:22#1	72	74	33	約6:33	-	bare
得1:22#1	75	77	35	約6:35	-	bare
得2:1#1	35	36	1	得2:1	-	bare
得2:1#1	37	42	14～16	得2:14	-	bare
得2:1#1	43	46	三15	得3:15	-	chapter
得2:1#1	82	85	弗三8	弗3:8	-	book
得2:1#1	86	93	路十33～35	路10:33	-	book
得2:1#1	94	99	腓一19下	腓1:19	-	book
得2:1#1	112	113	3	得2:3	-	bare
得2:1#1	114	116	三9	得3:9	-	chapter
得2:1#1	117	119	12	得3:12	-	bare
得2:1#1	153	158	四9～10	得4:9	-	chapter
得2:1#1	159	161	13	得4:13	-	bare
得2:1#1	191	198	弗五23～32	弗5:23	-	book
得2:1#1	199	206	約三29～30	約3:29	-	book
得2:1#1	209	214	三12註1	得3:12	1	chapter
得2:2#1	10	13	2～3	得2:2	-	bare
得2:2#1	50	55	腓一19下	腓1:19	-	book
得2:2#1	57	62	申八7註1	申8:7	1	book
得2:2#2	58	65	利十九9～10	利19:9	-	book
得2:2#2	66	70	二三22	利23:22	-	chapter
得2:2#2	71	76	申二四19	申24:19	-	book
得2:2#2	187	194	林後九6～10	林後9:6	-	book
得2:3#1	118	122	申二三3	申23:3	-	book
得2:3#1	124	128	弗二12	弗2:12	-	book
得2:3#1	184	192	太十五21～28	太15:21	-	book
得2:3#1	193	197	27註1	太15:27	1	bare
得2:3#1	312	318	腓三7～16	腓3:7	-	book
得2:3#1	387	391	西一12	西1:12	-	book
約14:2#1	1	4	二16	約2:16	-	chapter
約14:2#1	5	7	21	約2:21	-	bare
約14:2#1	99	103	彼前一3	彼前1:3	-	book
約14:2#1	129	134	提前三15	提前3:15	-	book
約14:2#1	135	139	彼前二5	彼前2:5	-	book
約14:2#1	140	143	來三6	來3:6	-	book
約14:2#1	151	158	弗二21～22	弗2:21	-	book
約14:2#1	165	173	林前三16～17	林前3:16	-	book
約14:2#2	17	21	羅十二5	羅12:5	-	book
約14:2#2	33	41	林前三16～17	林前3:16	-	book
約14:2#2	43	46	23節	約14:23	-	bare
約14:2#3	114	119	太十六18	太16:18	-	book
約14:2#3	135	140	來十一10	來11:10	-	book
約14:2#3	141	145	啟二一2	啟21:2	-	book
約14:3#1	37	39	18	約14:18	-	bare
約14:3#1	40	42	28	約14:28	-	bare
約14:3#1	53	56	一14	約1:14	-	chapter
約14:3#1	124	130	17～20節	約14:17	-	bare
約14:3#1	163	170	二十19～22	約20:19	-	chapter
約14:3#3	5	7	18	約14:18	-	bare
約14:3#3	8	11	28節	約14:28	-	bare
約14:3#4	23	26	20節	約14:20	-	bare
約14:3#5	7	12	10～11	約14:10	-	bare
約14:3#5	25	29	十七21	約17:21	-	chapter
約14:6#2	29	34	一14註4	約1:14	4	chapter
約14:6#2	35	41	約壹一6註6	約壹1:6	6	book
得3:1#1	84	89	林後十一2	林後11:2	-	book
得3:1#1	90	94	啟十九7	啟19:7	-	book
得3:1#1	95	101	二一9～10	啟21:9	-	chapter
得3:1#2	121	124	羅七4	羅7:4	-	book
得3:1#2	125	130	林後十一2	林後11:2	-	book
得3:1#2	131	138	弗五23～32	弗5:23	-	book
得3:1#2	187	192	太一5～6	太1:5	-	book
得3:1#2	193	195	16	太1:16	-	bare
得3:7#1	1	5	7～9節	得3:7	-	bare
得3:7#1	23	25	四5	得4:5	-	chapter
得3:7#1	26	31	利二五25	利25:25	-	book
得3:7#1	32	39	申二五5～10	申25:5	-	book
得3:7#1	60	64	8～11	得3:8	-	bare
得3:7#1	72	74	14	得3:14	-	bare
得3:7#1	82	87	12～13	得3:12	-	bare
得3:7#1	102	104	13	得3:13	-	bare
得3:7#1	105	110	四9～10	得4:9	-	chapter
得3:9#1	1	5	12註1	得3:12	1	bare
得3:12#1	55	59	四1～6	得4:1	-	chapter
得3:12#1	91	95	來二14	來2:14	-	book
得3:12#1	173	178	四7～13	得4:7	-	chapter
得3:12#1	181	185	一4註2	得1:4	2	chapter
得4:5#1	11	13	10	得4:10	-	bare
得4:12#1	1	5	太一3上	太1:3	-	book
得4:13#1	63	66	羅七4	羅7:4	-	book
得4:13#1	93	96	1～9	得4:1	-	bare
得4:13#1	168	174	13下～22	得4:13	-	bare
得4:13#1	175	181	太一5～16	太1:5	-	book
得4:13#1	281	285	太一17	太1:17	-	book
得4:13#1	433	441	徒二六16～18	徒26:16	-	book
得4:13#1	442	445	弗三6	弗3:6	-	book
得4:18#1	33	36	徒一8	徒1:8	-	book
得4:18#1	63	66	羅八2	羅8:2	-	book
得4:18#1	116	121	士十三25	士13:25	-	book
得4:18#1	122	125	十四6	士14:6	-	chapter
得4:18#1	126	128	19	士14:19	-	bare
得4:18#1	150	156	士八16註1	士8:16	1	book
得4:18#1	157	161	九5註1	士9:5	1	chapter
得4:18#1	162	167	十四1註1	士14:1	1	chapter
得4:22#1	45	49	太一17	太1:17	-	book
約14:7#1	67	71	7～11	約14:7	-	bare
約14:7#1	84	89	17～20	約14:17	-	bare
約14:7#1	103	106	賽九6	賽9:6	-	book
約14:7#1	123	128	林後三17	林後3:17	-	book
約14:10#1	1	6	六63註3	約6:63	3	chapter
約14:13#1	46	49	五43	約5:43	-	chapter
約14:13#1	50	53	十25	約10:25	-	chapter
約14:13#1	65	68	十30	約10:30	-	chapter
約14:13#1	76	79	六57	約6:57	-	chapter
約14:13#1	91	93	10	約14:10	-	bare
約14:13#1	143	145	12	約14:12	-	bare
約14:16#1	34	38	約壹二1	約壹2:1	-	book
約14:17#1	8	11	七39	約7:39	-	chapter
約14:17#1	23	26	羅八2	羅8:2	-	book
約14:17#1	53	57	二十22	約20:22	-	chapter
約14:17#1	69	74	路二四49	路24:49	-	book
約14:17#1	126	131	徒二1～4	徒2:1	-	book
約14:17#1	158	159	6	約14:6	-	bare
約14:17#1	175	178	羅八9	羅8:9	-	book
約14:17#1	192	196	約壹五6	約壹5:6	-	book
約14:17#1	197	199	20	約壹5:20	-	bare
約14:17#2	15	18	18節	約14:18	-	bare
約14:17#2	65	71	林前十五45	林前15:45	-	book
約14:17#3	37	42	林前六19	林前6:19	-	book
約14:17#3	43	46	羅八9	羅8:9	-	book
約14:17#3	47	49	11	羅8:11	-	bare
約14:18#1	1	5	17註2	約14:17	2	bare
約14:18#2	5	12	二十19～22	約20:19	-	chapter
約14:19#1	26	30	加二20	加2:20	-	book
約14:20#1	12	16	二十19	約20:19	-	chapter
約14:23#1	2	4	2節	約14:2	-	bare
約14:26#1	94	99	林前十二3	林前12:3	-	book
約14:26#2	13	18	五43註1	約5:43	1	chapter
約14:26#2	46	50	十五26	約15:26	-	chapter
約14:26#2	60	63	十30	約10:30	-	chapter
約14:26#2	83	87	十五26	約15:26	-	chapter
約14:26#2	113	119	十五26註1	約15:26	1	chapter
約14:26#3	0	3	五43	約5:43	-	chapter
約14:26#3	42	45	十30	約10:30	-	chapter
約14:28#1	1	5	18註2	約14:18	2	bare
約14:28#2	1	5	12註1	約14:12	1	bare
撒上1:1#1	275	280	申八7註1	申8:7	1	book
撒上1:1#1	358	362	西一12	西1:12	-	book
撒上1:1#1	377	385	太十六18～19	太16:18	-	book
撒上1:1#1	386	391	羅十四17	羅14:17	-	book
撒上1:1#1	518	522	羅五17	羅5:17	-	book
撒上1:5#1	23	29	二12～29	撒上2:12	-	chapter
撒上1:5#1	99	102	5～7	撒上1:5	-	bare
撒上1:5#1	134	139	10～11	撒上1:10	-	bare
撒上1:5#1	199	201	20	撒上1:20	-	bare
撒上1:10#1	42	45	5註1	撒上1:5	1	bare
撒上1:10#1	87	92	創二9註3	創2:9	3	book
撒上1:10#1	118	124	得四18註1	得4:18	1	book
撒上1:10#1	151	159	太十六18～19	太16:18	-	book
撒上1:10#1	160	165	羅十四17	羅14:17	-	book
撒上1:10#1	166	174	弗一22下～23	弗1:22	-	book
撒上1:11#1	24	29	19～20	撒上1:19	-	bare
撒上1:11#1	91	96	民六1～5	民6:1	-	book
撒上2:11#1	15	18	一25	撒上1:25	-	chapter
撒上2:11#1	39	42	11下	撒上2:11	-	bare
撒上2:11#1	43	48	18～19	撒上2:18	-	bare
撒上2:11#1	86	91	12～17	撒上2:12	-	bare
撒上2:11#1	92	97	22～25	撒上2:22	-	bare
撒上2:11#2	10	18	代上六33～38	代上6:33	-	book
撒上2:11#2	185	188	一11	撒上1:11	-	chapter
撒上2:11#2	189	191	28	撒上1:28	-	bare
撒上2:11#2	194	199	民六2註1	民6:2	1	book
撒上2:23#1	13	18	23～25	撒上2:23	-	bare
撒上2:23#1	51	53	29	撒上2:29	-	bare
撒上2:23#1	75	78	三13	撒上3:13	-	chapter
撒上2:35#1	164	167	三21	撒上3:21	-	chapter
撒上2:35#3	13	15	十1	撒上10:1	-	chapter
撒上2:35#3	16	19	十六1	撒上16:1	-	chapter
撒上2:35#3	20	22	13	撒上16:13	-	bare
撒上3:1#1	1	5	20註1	撒上3:20	1	bare
撒上3:11#1	23	29	二27～36	撒上2:27	-	chapter
撒上3:11#1	51	55	4～18	撒上3:4	-	bare
撒上3:20#1	83	88	出二八30	出28:30	-	book
撒上3:20#1	111	112	1	撒上3:1	-	bare
撒上3:20#1	176	180	徒三24	徒3:24	-	book
撒上3:20#1	181	185	十三20	徒13:20	-	chapter
撒上3:20#1	186	191	來十一32	來11:32	-	book
約15:1#2	17	21	提後二6	提後2:6	-	book
約15:1#2	22	25	雅五7	雅5:7	-	book
約15:1#2	26	31	太二一33	太21:33	-	book
約15:7#1	1	6	六63註3	約6:63	3	chapter
約15:7#2	89	90	8	約15:8	-	bare
約15:7#2	101	105	16註5	約15:16	5	bare
約15:10#1	24	28	7與註1	約15:7	1	bare
約15:16#2	21	24	十四4	約14:4	-	chapter
約15:16#2	25	28	十六5	約16:5	-	chapter
約15:16#2	60	67	加五22～23	加5:22	-	book
約15:16#2	102	111	十二20～十七26	約12:20	-	chapter
約15:16#5	84	87	7註2	約15:7	2	bare
約15:26#1	10	15	一14註6	約1:14	6	chapter
約16:2#2	55	60	徒四1～3	徒4:1	-	book
約16:2#2	61	67	五17～18	徒5:17	-	chapter
約16:2#2	68	70	40	徒5:40	-	bare
約16:2#2	71	77	六11～14	徒6:11	-	chapter
約16:2#2	78	84	七57～59	徒7:57	-	chapter
約16:2#2	85	91	二六9～12	徒26:9	-	chapter
撒上4:3#1	117	121	民十35	民10:35	-	book
撒上4:3#1	194	197	11上	撒上4:11	-	bare
撒上4:3#1	217	224	出二五10註2	出25:10	2	book
撒上4:3#1	281	282	4	撒上4:4	-	bare
撒上4:3#1	313	320	民十33～36	民10:33	-	book
撒上4:3#1	322	328	詩六八1註1	詩68:1	1	book
撒上4:11#1	58	63	出四十21	出40:21	-	book
撒上4:11#1	104	110	四11～六1	撒上4:11	-	chapter
撒上4:11#1	166	171	六2～七2	撒上6:2	-	chapter
撒上4:11#1	197	204	撒下六1～11	撒下6:1	-	book
撒上4:11#1	221	224	一24	撒上1:24	-	chapter
撒上4:11#1	225	229	書十八1	書18:1	-	book
撒上4:11#1	275	283	撒下六12～19	撒下6:12	-	book
撒上4:11#1	284	293	代上十五1～十六1	代上15:1	-	book
撒上4:11#1	359	366	王上八1～11	王上8:1	-	book
撒上4:11#1	463	467	啟三20	啟3:20	-	book
撒上4:18#1	54	60	二28～29	撒上2:28	-	chapter
撒上4:18#1	122	124	三1	撒上3:1	-	chapter
撒上4:21#1	15	18	徒七2	徒7:2	-	book
撒上4:21#1	61	66	詩七八61	詩78:61	-	book
撒上5:6#1	22	26	1～12	撒上5:1	-	bare
撒上5:6#1	45	51	六19～20	撒上6:19	-	chapter
撒上6:4#1	75	79	7～12	撒上6:7	-	bare
撒上6:4#1	82	88	撒下六7註2	撒下6:7	2	book
約16:7#1	10	14	二十17	約20:17	-	chapter
約16:8#1	11	15	羅五12	羅5:12	-	book
約16:8#1	26	28	10	約16:10	-	bare
約16:8#1	29	34	林前一30	林前1:30	-	book
約16:8#1	46	48	11	約16:11	-	bare
約16:8#1	62	65	八44	約8:44	-	chapter
約16:8#1	102	103	9	約16:9	-	bare
約16:8#1	133	137	羅三24	羅3:24	-	book
約16:8#1	138	141	四25	羅4:25	-	chapter
約16:8#1	193	198	太二五41	太25:41	-	book
約16:13#1	76	79	西二9	西2:9	-	book
約16:13#1	105	110	14～15	約16:14	-	bare
約16:13#1	176	179	啟一1	啟1:1	-	book
約16:13#1	180	182	19	啟1:19	-	bare
約16:21#1	7	12	徒十三33	徒13:33	-	book
約16:21#1	46	50	彼前一3	彼前1:3	-	book
約16:21#1	88	92	羅八29	羅8:29	-	book
約16:21#1	93	101	約二十17與註2	約20:17	2	book
約16:21#1	102	109	來二10～12	來2:10	-	book
約16:21#1	118	122	十二24	約12:24	-	chapter
約16:21#1	127	133	三29～30	約3:29	-	chapter
約16:21#1	149	153	弗一23	弗1:23	-	book
約16:21#2	40	45	徒十三33	徒13:33	-	book
約16:21#2	46	49	來一5	來1:5	-	book
約16:21#2	50	53	羅一4	羅1:4	-	book
約16:22#1	34	38	二十20	約20:20	-	chapter
約16:24#1	1	7	十五16註5	約15:16	5	chapter
約16:27#1	1	6	一14註6	約1:14	6	chapter
約16:28#1	15	18	27節	約16:27	-	bare
約16:30#1	18	21	27節	約16:27	-	bare
約16:32#1	1	6	八16註1	約8:16	1	chapter
撒上7:1#1	1	6	四11註1	撒上4:11	1	chapter
撒上7:3#1	0	4	2～6節	撒上7:2	-	bare
撒上7:3#1	102	110	代上六33～38	代上6:33	-	book
撒上7:3#1	112	119	民十六1～33	民16:1	-	book
撒上7:3#1	179	182	一11	撒上1:11	-	chapter
撒上7:3#1	183	186	28上	撒上1:28	-	bare
撒上7:3#1	225	228	二35	撒上2:35	-	chapter
撒上7:3#1	243	246	三20	撒上3:20	-	chapter
撒上7:3#1	296	301	15～17	撒上7:15	-	bare
撒上7:3#1	346	350	3～14	撒上7:3	-	bare
撒上7:3#1	351	353	八6	撒上8:6	-	chapter
撒上7:3#1	354	359	十五11下	撒上15:11	-	chapter
撒上7:3#1	361	365	十二23	撒上12:23	-	chapter
撒上7:3#1	408	410	12	撒上7:12	-	bare
撒上7:3#1	462	466	耶十五1	耶15:1	-	book
撒上7:3#1	485	490	申十八15	申18:15	-	book
撒上7:3#1	491	493	18	申18:18	-	bare
撒上7:3#1	501	506	出十八13	出18:13	-	book
撒上7:3#1	507	509	16	出18:16	-	bare
撒上7:3#1	526	534	出三二11～13	出32:11	-	book
撒上7:3#1	535	540	31～32	出32:31	-	bare
撒上8:3#1	32	37	十二3～5	撒上12:3	-	chapter
撒上8:3#1	69	72	4～5	撒上8:4	-	bare
撒上8:3#1	98	103	徒十三20	徒13:20	-	book
撒上8:7#1	36	37	6	撒上8:6	-	bare
撒上8:7#1	64	65	7	撒上8:7	-	bare
撒上8:7#1	66	70	十二12	撒上12:12	-	chapter
撒上8:7#1	88	92	十二17	撒上12:17	-	chapter
撒上8:7#1	93	95	19	撒上12:19	-	bare
撒上8:7#1	233	236	一11	撒上1:11	-	chapter
撒上8:7#1	237	240	民六5	民6:5	-	book
撒上8:22#1	86	93	民二七21註1	民27:21	1	book
撒上8:22#1	205	208	二35	撒上2:35	-	chapter
撒上8:22#1	247	253	三20～21	撒上3:20	-	chapter
撒上8:22#1	283	289	七15～17	撒上7:15	-	chapter
撒上8:22#1	362	366	徒三24	徒3:24	-	book
撒上8:22#1	367	371	十三20	徒13:20	-	chapter
撒上8:22#1	372	377	來十一32	來11:32	-	book
撒上8:22#1	467	473	九3～十27	撒上9:3	-	chapter
撒上8:22#1	551	559	撒下七12～13	撒下7:12	-	book
約17:1#1	40	43	一14	約1:14	-	chapter
約17:1#1	114	120	太十七1～4	太17:1	-	book
約17:1#1	121	125	約一14	約1:14	-	book
約17:1#1	178	182	十二23	約12:23	-	chapter
約17:1#1	183	190	十三31～32	約13:31	-	chapter
約17:1#1	287	293	十二23註1	約12:23	1	chapter
約17:1#1	311	317	十二28註1	約12:28	1	chapter
約17:1#1	409	416	十二23～24	約12:23	-	chapter
約17:1#1	441	446	路二四26	路24:26	-	book
約17:1#1	494	501	徒三13～15	徒3:13	-	book
約17:1#1	568	572	弗三21	弗3:21	-	book
約17:1#1	573	581	提前三15～16	提前3:15	-	book
約17:1#1	644	649	啟二一11	啟21:11	-	book
約17:1#1	650	655	23～24	啟21:23	-	bare
約17:2#2	1	6	三15註1	約3:15	1	chapter
約17:3#1	1	5	一6註1	約1:6	1	chapter
約17:3#2	26	31	太十一27	太11:27	-	book
約17:3#2	85	89	來八11	來8:11	-	book
約17:3#2	90	94	腓三10	腓3:10	-	book
約17:5#1	4	6	1節	約17:1	-	bare
約17:5#1	94	97	十30	約10:30	-	chapter
約17:6#1	44	47	賽九6	賽9:6	-	book
約17:6#1	48	52	六三16	賽63:16	-	chapter
約17:6#1	53	56	六四8	賽64:8	-	chapter
約17:6#1	81	84	五43	約5:43	-	chapter
約17:6#1	85	88	十25	約10:25	-	chapter
約17:6#1	115	117	26	約17:26	-	bare
約17:6#1	132	135	五26	約5:26	-	chapter
約17:6#1	157	163	一12～13	約1:12	-	chapter
約17:6#2	12	13	6	約17:6	-	bare
約17:6#2	21	22	8	約17:8	-	bare
約17:8#1	1	6	一14註6	約1:14	6	chapter
約17:11#2	54	55	2	約17:2	-	bare
撒上10:1#1	69	71	19	撒上10:19	-	bare
撒上10:1#1	72	76	十二17	撒上12:17	-	chapter
撒上10:1#1	77	79	19	撒上12:19	-	bare
撒上10:20#1	13	19	20～23上	撒上10:20	-	bare
撒上10:20#1	32	38	書十四2註1	書14:2	1	book
撒上11:14#1	40	49	十一14～十二25	撒上11:14	-	chapter
撒上11:14#1	119	127	撒下七12～16	撒下7:12	-	book
撒上11:14#1	129	134	太二一43	太21:43	-	book
撒上12:3#1	32	35	1～5	撒上12:1	-	bare
撒上12:23#1	45	49	出十九5	出19:5	-	book
撒上13:9#1	20	24	8～12	撒上13:8	-	bare
撒上13:9#1	122	128	13～15上	撒上13:13	-	bare
撒上13:9#1	129	133	十五28	撒上15:28	-	chapter
撒上13:14#1	17	23	十六1～13	撒上16:1	-	chapter
撒上13:14#1	24	28	二八17	撒上28:17	-	chapter
撒上13:14#1	31	38	徒十三22註1	徒13:22	1	book
約17:14#1	15	17	14	約17:14	-	bare
約17:14#1	18	20	17	約17:17	-	bare
約17:14#1	29	30	8	約17:8	-	bare
約17:14#2	10	14	十二31	約12:31	-	chapter
約17:14#2	27	29	14	約17:14	-	bare
約17:14#2	30	32	16	約17:16	-	bare
約17:14#2	46	48	19	約17:19	-	bare
約17:14#2	60	62	15	約17:15	-	bare
約17:14#2	83	85	18	約17:18	-	bare
約17:15#3	23	28	約壹五19	約壹5:19	-	book
約17:15#3	75	79	太六13	太6:13	-	book
約17:17#1	18	21	一14	約1:14	-	chapter
約17:17#1	22	24	17	約1:17	-	bare
約17:17#1	25	28	十四6	約14:6	-	chapter
約17:17#1	29	33	約壹五6	約壹5:6	-	book
約17:17#1	60	65	一14註4	約1:14	4	chapter
約17:17#1	66	72	約壹一6註6	約壹1:6	6	book
約17:17#2	4	8	弗五26	弗5:26	-	book
約17:17#2	9	14	帖前五23	帖前5:23	-	book
約17:17#2	54	59	太二三17	太23:17	-	book
約17:17#2	60	62	19	太23:19	-	bare
約17:17#2	74	78	羅六19	羅6:19	-	book
約17:17#2	79	81	22	羅6:22	-	bare
約17:17#3	58	61	八44	約8:44	-	chapter
約17:18#1	47	53	二十21註2	約20:21	2	chapter
約17:22#1	30	33	五26	約5:26	-	chapter
約17:22#1	47	50	一18	約1:18	-	chapter
約17:22#1	51	54	十四9	約14:9	-	chapter
約17:22#1	55	58	西二9	西2:9	-	book
約17:22#1	59	62	來一3	來1:3	-	book
約17:22#1	101	102	2	約17:2	-	bare
約17:22#1	103	107	彼後一4	彼後1:4	-	book
約17:22#1	121	124	一16	約1:16	-	chapter
約17:22#2	231	232	2	約17:2	-	bare
約17:22#2	238	239	2	約17:2	-	bare
約17:22#2	240	241	6	約17:6	-	bare
約17:22#2	242	243	9	約17:9	-	bare
約17:22#2	244	246	24	約17:24	-	bare
約17:22#2	252	253	4	約17:4	-	bare
約17:22#2	258	259	8	約17:8	-	bare
約17:22#2	265	270	11～12	約17:11	-	bare
約17:22#2	278	280	24	約17:24	-	bare
約17:22#2	311	312	2	約17:2	-	bare
約17:22#2	320	321	8	約17:8	-	bare
約17:22#2	322	324	14	約17:14	-	bare
約17:22#2	333	335	22	約17:22	-	bare
撒上14:33#1	1	7	利三17註1	利3:17	1	book
撒上15:2#1	19	26	出十七8～16	出17:8	-	book
撒上15:2#1	27	31	創六3上	創6:3	-	book
撒上15:2#1	32	37	羅三20上	羅3:20	-	book
撒上15:2#1	96	99	羅八7	羅8:7	-	book
撒上15:2#1	118	123	太十六23	太16:23	-	book
撒上15:2#1	135	139	加五17	加5:17	-	book
撒上15:9#1	127	130	加三3	加3:3	-	book
撒上15:9#1	131	135	五2～4	加5:2	-	chapter
撒上15:15#1	32	34	19	撒上15:19	-	bare
撒上15:15#1	82	85	創四5	創4:5	-	book
撒上15:15#1	88	95	太七22～23	太7:22	-	book
撒上15:15#1	96	100	23註1	太7:23	1	bare
撒上15:23#1	30	37	出十七16註1	出17:16	1	book
撒上15:23#1	65	71	二二17註2	撒上22:17	2	chapter
撒上15:23#2	95	99	加五24	加5:24	-	book
撒上15:23#2	100	104	羅八13	羅8:13	-	book
撒上15:23#2	149	155	林前十五45	林前15:45	-	book
撒上15:23#2	156	159	六17	林前6:17	-	chapter
撒上15:23#2	160	165	提後四22	提後4:22	-	book
撒上15:23#2	166	170	加五16	加5:16	-	book
撒上15:23#2	171	173	25	加5:25	-	bare
撒上15:23#2	196	204	太十六18～19	太16:18	-	book
撒上15:23#2	205	210	羅十四17	羅14:17	-	book
撒上15:23#2	211	218	弗一22～23	弗1:22	-	book
撒上15:23#2	241	245	啟二一2	啟21:2	-	book
撒上15:28#1	14	20	十六1～13	撒上16:1	-	chapter
撒上15:28#1	21	25	二八17	撒上28:17	-	chapter
約17:25#1	84	86	11	約17:11	-	bare
約18:1#1	19	25	十17～18	約10:17	-	chapter
約18:4#1	1	4	1註1	約18:1	1	bare
約18:5#1	20	25	八24註2	約8:24	2	chapter
約18:13#1	8	11	一29	約1:29	-	chapter
約18:13#1	23	25	28	約18:28	-	bare
約18:13#1	46	52	出十二3～6	出12:3	-	book
約18:13#1	90	93	38下	約18:38	-	bare
約18:13#1	94	97	十九4	約19:4	-	chapter
約18:13#1	98	99	6	約19:6	-	bare
約18:13#1	102	109	可十二37註1	可12:37	1	book
撒上16:1#1	17	21	十五23	撒上15:23	-	chapter
撒上16:1#1	125	132	得四21～22	得4:21	-	book
撒上16:1#1	160	165	十三14上	撒上13:14	-	chapter
撒上16:1#1	235	239	撒下五4	撒下5:4	-	book
撒上16:10#1	13	17	十七12	撒上17:12	-	chapter
撒上16:10#1	18	20	14	撒上17:14	-	bare
撒上16:11#1	9	13	1～10	撒上16:1	-	bare
撒上16:13#1	51	58	路二四49註5	路24:49	5	book
撒上16:13#1	59	64	徒二2註1	徒2:2	1	book
撒上16:13#1	91	93	14	撒上16:14	-	bare
撒上16:19#1	108	113	十三14上	撒上13:14	-	chapter
約18:32#1	27	32	利二四16	利24:16	-	book
約18:32#1	50	56	民二一8～9	民21:8	-	book
約18:32#1	66	69	三14	約3:14	-	chapter
約18:32#1	70	73	八28	約8:28	-	chapter
約18:32#1	74	78	十二32	約12:32	-	chapter
約18:32#1	149	153	徒二23	徒2:23	-	book
約18:34#1	1	5	21註1	約18:21	1	bare
約18:37#1	41	46	一14註4	約1:14	4	chapter
約18:37#1	47	53	約壹一6註6	約壹1:6	6	book
約19:3#1	1	8	太二七29註2	太27:29	2	book
約19:14#1	1	8	太二七62註1	太27:62	1	book
撒上18:11#1	29	34	羅十二19	羅12:19	-	book
撒上18:11#1	35	39	弗四26	弗4:26	-	book
撒上18:11#1	76	80	加五21	加5:21	-	book
撒上18:11#1	98	102	加五24	加5:24	-	book
撒上19:2#1	22	28	二十1～42	撒上20:1	-	chapter
撒上19:2#1	29	36	十九11～18	撒上19:11	-	chapter
撒上19:2#1	303	307	路九23	路9:23	-	book
撒上19:2#1	330	334	腓三10	腓3:10	-	book
撒上19:2#1	348	353	約十一25	約11:25	-	book
撒上19:2#1	382	386	加二20	加2:20	-	book
約19:23#1	12	17	23～24	約19:23	-	bare
約19:23#1	22	27	28～30	約19:28	-	bare
約19:25#1	5	10	可十五40	可15:40	-	book
約19:25#1	30	35	太二七56	太27:56	-	book
約19:26#1	1	6	路二三43	路23:43	-	book
約19:26#1	62	68	26～27節	約19:26	-	bare
約19:27#1	1	5	26註1	約19:26	1	bare
約19:28#1	8	13	路十六24	路16:24	-	book
約19:28#1	14	18	啟二一8	啟21:8	-	book
約19:28#1	38	41	來二9	來2:9	-	book
約19:30#1	1	6	太二七34	太27:34	-	book
約19:30#1	7	12	可十五23	可15:23	-	book
約19:30#1	68	73	路二三36	路23:36	-	book
約19:34#1	32	37	徒二十28	徒20:28	-	book
約19:34#1	44	47	一29	約1:29	-	chapter
約19:34#1	48	52	來九22	來9:22	-	book
約19:34#1	70	77	弗五29～30	弗5:29	-	book
約19:34#1	84	88	十二24	約12:24	-	chapter
約19:34#1	89	95	三14～15	約3:14	-	chapter
約19:34#1	215	220	太二七45	太27:45	-	book
約19:34#1	221	223	51	太27:51	-	bare
約19:34#1	224	229	可十五33	可15:33	-	book
約19:34#1	230	238	路二三44～45	路23:44	-	book
約19:34#1	281	286	路二三34	路23:34	-	book
約19:34#1	306	311	太二七46	太27:46	-	book
約19:34#1	361	365	本章34	約19:34	-	anaphor
約19:34#1	366	369	36節	約19:36	-	bare
約19:34#1	400	404	26註1	約19:26	1	bare
約19:34#1	489	496	創二21～23	創2:21	-	book
約19:34#1	519	523	十二24	約12:24	-	chapter
約19:34#1	537	542	林前十17	林前10:17	-	book
約19:34#1	604	611	創二21～23	創2:21	-	book
約19:34#1	630	634	出十二7	出12:7	-	book
約19:34#1	635	637	22	出12:22	-	bare
約19:34#1	638	643	啟十二11	啟12:11	-	book
約19:34#1	667	671	出十七6	出17:6	-	book
約19:34#1	672	676	林前十4	林前10:4	-	book
約19:34#1	688	692	亞十三1	亞13:1	-	book
約19:34#1	704	708	詩三六9	詩36:9	-	book
約19:34#1	709	713	啟二一6	啟21:6	-	book
約19:36#1	47	55	彼前一19～20	彼前1:19	-	book
約19:36#2	1	8	創二21～23	創2:21	-	book
約19:36#2	204	207	三36	約3:36	-	chapter
撒上21:6#1	1	7	太十二1～4	太12:1	-	book
撒上21:6#1	8	11	3註1	太12:3	1	bare
撒上22:17#2	15	19	6～23	撒上22:6	-	bare
撒上22:17#2	84	88	十五23	撒上15:23	-	chapter
撒上24:6#1	55	57	十1	撒上10:1	-	chapter
撒上24:6#1	146	152	創九25註1	創9:25	1	book
撒上24:6#1	153	157	猶9註3	猶1:9	3	book
撒上24:10#1	59	64	羅十二17	羅12:17	-	book
撒上24:10#1	65	67	21	羅12:21	-	bare
撒上24:16#1	33	38	16～22	撒上24:16	-	bare
撒上24:16#1	64	69	羅十四17	羅14:17	-	book
約19:38#1	43	48	太二七57	太27:57	-	book
約19:38#1	64	66	三1	約3:1	-	chapter
約19:38#1	106	110	賽五三9	賽53:9	-	book
約19:38#1	133	141	路二三55～56	路23:55	-	book
約19:39#1	1	6	十二3註1	約12:3	1	chapter
約20:1#1	25	33	利二三10～11	利23:10	-	book
約20:1#1	34	36	15	利23:15	-	bare
約20:1#1	90	96	林前十五20	林前15:20	-	book
約20:1#1	97	99	23	林前15:23	-	bare
約20:1#1	196	202	詩一一八24	詩118:24	-	book
約20:1#1	204	207	詩二7	詩2:7	-	book
約20:1#1	226	231	太十六21	太16:21	-	book
約20:1#1	232	236	約二19	約2:19	-	book
約20:1#1	237	239	22	約2:22	-	bare
約20:1#1	257	261	啟一10	啟1:10	-	book
約20:1#1	281	286	徒十三33	徒13:33	-	book
約20:1#1	287	290	來一5	來1:5	-	book
約20:1#1	314	318	西一18	西1:18	-	book
約20:1#2	100	102	17	約20:17	-	bare
約20:1#2	104	108	17註2	約20:17	2	bare
約20:1#2	193	196	16節	約20:16	-	bare
約20:5#1	125	126	8	約20:8	-	bare
約20:5#1	174	181	十九38～42	約19:38	-	chapter
約20:7#1	1	4	5註1	約20:5	1	bare
約20:9#1	13	17	十一25	約11:25	-	chapter
約20:9#1	29	33	徒二24	徒2:24	-	book
撒上25:1#1	51	55	七3註1	撒上7:3	1	chapter
撒上25:1#1	88	93	申八7註1	申8:7	1	book
撒上25:1#1	174	177	十25	撒上10:25	-	chapter
撒上25:1#1	196	200	十五35	撒上15:35	-	chapter
撒上25:21#1	52	57	十九2註1	撒上19:2	1	chapter
撒上25:39#1	11	13	43	撒上25:43	-	bare
撒上25:39#1	64	71	撒下十一4註1	撒下11:4	1	book
撒上26:9#1	1	6	二四6註1	撒上24:6	1	chapter
撒上26:19#2	135	142	撒下七16註1	撒下7:16	1	book
撒上26:19#2	163	168	申八7註1	申8:7	1	book
撒上28:7#1	23	27	十五23	撒上15:23	-	chapter
撒上28:19#1	11	16	三一1～5	撒上31:1	-	chapter
撒上28:19#1	19	24	三一6註1	撒上31:6	1	chapter
約20:17#1	23	26	十六7	約16:7	-	chapter
約20:17#1	51	57	徒一9～11	徒1:9	-	book
約20:17#1	92	94	19	約20:19	-	bare
約20:17#2	17	24	十五14～15	約15:14	-	chapter
約20:17#2	66	70	彼前一3	彼前1:3	-	book
約20:17#2	90	94	十二24	約12:24	-	chapter
約20:17#2	138	143	林前十17	林前10:17	-	book
約20:17#2	190	194	羅八29	羅8:29	-	book
約20:17#2	218	225	來二10～12	來2:10	-	book
約20:19#1	27	34	來二10～12	來2:10	-	book
約20:19#1	37	42	詩二二22	詩22:22	-	book
約20:19#2	10	18	路二四37～40	路24:37	-	book
約20:19#2	19	25	林前十五44	林前15:44	-	book
約20:19#2	98	102	十六16	約16:16	-	chapter
約20:19#2	103	105	19	約16:19	-	bare
約20:19#2	106	108	22	約16:22	-	bare
約20:20#1	6	10	十六22	約16:22	-	chapter
約20:20#1	36	40	十六21	約16:21	-	chapter
約20:20#1	61	66	徒十三33	徒13:33	-	book
約20:20#1	122	124	21	約20:21	-	bare
約20:20#1	133	135	22	約20:22	-	bare
約20:20#1	150	152	23	約20:23	-	bare
約20:21#1	1	5	一6註1	約1:6	1	chapter
約20:21#2	23	29	十七18註1	約17:18	1	chapter
約20:21#2	93	100	十四16～17	約14:16	-	chapter
約20:22#1	3	6	七39	約7:39	-	chapter
約20:22#1	15	22	十四16～17	約14:16	-	chapter
約20:22#1	23	25	26	約14:26	-	bare
約20:22#1	26	30	十五26	約15:26	-	chapter
約20:22#1	31	36	十六7～8	約16:7	-	chapter
約20:22#1	37	39	13	約16:13	-	bare
約20:22#1	81	86	徒二1～4	徒2:1	-	book
約20:22#1	95	100	路二四49	路24:49	-	book
約20:22#1	109	115	十四17註1	約14:17	1	chapter
約20:22#1	150	153	徒一8	徒1:8	-	book
約20:22#1	324	330	林前十五45	林前15:45	-	book
約20:22#1	409	415	七38～39	約7:38	-	chapter
約20:22#1	458	465	十四16～17	約14:16	-	chapter
約20:22#1	497	501	十四19	約14:19	-	chapter
約20:22#1	528	532	十四20	約14:20	-	chapter
約20:22#1	533	538	十五4～5	約15:4	-	chapter
約20:22#1	565	569	十四23	約14:23	-	chapter
約20:22#1	597	604	十六13～16	約16:13	-	chapter
約20:22#1	647	654	來二11～12	來2:11	-	book
約20:22#1	694	696	21	約20:21	-	bare
約20:22#1	723	725	23	約20:23	-	bare
約20:22#1	755	757	一1	約1:1	-	chapter
約20:22#1	800	803	一14	約1:14	-	chapter
約20:22#1	819	822	一29	約1:29	-	chapter
約20:22#1	834	837	一18	約1:18	-	chapter
約20:22#1	851	857	十四9～11	約14:9	-	chapter
約20:22#1	1038	1042	一1～2	約1:1	-	chapter
約20:22#1	1043	1049	五17～18	約5:17	-	chapter
約20:22#1	1050	1056	十30～33	約10:30	-	chapter
約20:22#1	1057	1063	十四9～11	約14:9	-	chapter
約20:22#1	1064	1068	二十28	約20:28	-	chapter
約20:22#1	1077	1079	一4	約1:4	-	chapter
約20:22#1	1080	1083	十10	約10:10	-	chapter
約20:22#1	1084	1088	十一25	約11:25	-	chapter
約20:22#1	1089	1092	十四6	約14:6	-	chapter
約20:22#1	1101	1105	十一25	約11:25	-	chapter
約20:24#2	68	73	16～18	約20:16	-	bare
約20:24#2	111	116	19～23	約20:19	-	bare
約20:24#2	164	169	25～28	約20:25	-	bare
撒上29:4#1	61	66	三一1～5	撒上31:1	-	chapter
撒上29:4#1	210	213	太一1	太1:1	-	book
撒上29:4#1	239	242	彌五2	彌5:2	-	book
撒上30:8#1	29	36	十七36～37	撒上17:36	-	chapter
撒上30:8#1	37	44	二三14～16	撒上23:14	-	chapter
撒上30:8#1	62	67	6下～10	撒上30:6	-	bare
撒上30:20#1	50	55	三一1～5	撒上31:1	-	chapter
撒上31:2#1	13	17	二三17	撒上23:17	-	chapter
撒上31:2#1	89	93	西一18	西1:18	-	book
撒上31:6#1	171	175	二十31	撒上20:31	-	chapter
撒上31:6#1	217	221	十五28	撒上15:28	-	chapter
撒上31:6#1	399	407	代上十13～14	代上10:13	-	book
撒上31:6#1	453	457	加五24	加5:24	-	book
撒上31:6#1	458	463	太十六24	太16:24	-	book
撒上31:6#1	464	467	腓二3	腓2:3	-	book
約20:26#3	6	9	19節	約20:19	-	bare
約20:26#3	86	91	二一1註2	約21:1	2	chapter
約20:28#1	20	24	一1～2	約1:1	-	chapter
約20:28#1	25	31	五17～18	約5:17	-	chapter
約20:28#1	32	38	十30～33	約10:30	-	chapter
約20:28#1	39	45	十四9～11	約14:9	-	chapter
約20:31#1	126	132	林前十二12	林前12:12	-	book
約21:1#1	78	85	二十30～31	約20:30	-	chapter
約21:1#2	4	8	二十26	約20:26	-	chapter
約21:3#1	24	31	太四19～20	太4:19	-	book
約21:3#1	32	38	路五3～11	路5:3	-	book
約21:5#2	12	20	路二四41～43	路24:41	-	book
約21:6#1	3	4	4	約21:4	-	bare
約21:6#1	58	64	路五3～11	路5:3	-	book
約21:9#1	222	226	羅四17	羅4:17	-	book
撒下1:1#1	1	7	撒上一1註1	撒上1:1	1	book
撒下1:14#1	16	21	14～16	撒下1:14	-	bare
撒下1:14#1	52	59	撒上二四6註1	撒上24:6	1	book
撒下2:4#1	1	5	五3註1	撒下5:3	1	chapter
撒下2:8#1	20	25	代上八33	代上8:33	-	book
約21:15#1	84	88	十八17	約18:17	-	chapter
約21:15#1	89	91	25	約18:25	-	bare
約21:15#1	92	94	27	約18:27	-	bare
約21:15#2	11	14	16節	約21:16	-	bare
約21:15#3	8	11	16節	約21:16	-	bare
約21:16#1	9	12	十14	約10:14	-	chapter
約21:16#1	13	15	16	約10:16	-	bare
約21:16#1	23	28	徒二十28	徒20:28	-	book
約21:16#1	43	48	太十六18	太16:18	-	book
約21:16#1	86	92	彼前二2～5	彼前2:2	-	book
約21:16#1	110	116	彼前五1～4	彼前5:1	-	book
約21:17#2	24	29	八55註1	約8:55	1	chapter
約21:18#1	5	7	3節	約21:3	-	bare
約21:19#1	11	16	彼後一14	彼後1:14	-	book
約21:22#1	207	212	徒一3～4	徒1:3	-	book
約21:22#1	240	243	23節	約21:23	-	bare
約21:25#1	3	10	二十30～31	約20:30	-	chapter
約21:25#1	42	49	太二八20註2	太28:20	2	book
約21:25#1	126	130	彼前一7	彼前1:7	-	book
約21:25#1	131	135	帖後一6	帖後1:6	-	book
約21:25#1	157	162	太十六27	太16:27	-	book
約21:25#1	269	272	一14	約1:14	-	chapter
約21:25#1	281	284	一29	約1:29	-	chapter
約21:25#1	311	317	林前十五45	林前15:45	-	book
約21:25#1	508	512	二十22	約20:22	-	chapter
約21:25#1	532	536	十七21	約17:21	-	chapter
撒下3:1#1	74	78	羅八28	羅8:28	-	book
撒下3:2#1	19	22	2～5	撒下3:2	-	bare
撒下3:2#1	47	50	五13	撒下5:13	-	chapter
撒下3:2#1	69	77	撒上二五39註1	撒上25:39	1	book
撒下4:4#1	1	6	代上八34	代上8:34	-	book
撒下4:4#1	7	10	九40	代上9:40	-	chapter
撒下5:3#1	1	3	二4	撒下2:4	-	chapter
撒下5:3#1	31	34	1～5	撒下5:1	-	bare
撒下5:3#1	65	69	6～25	撒下5:6	-	bare
撒下5:3#1	132	137	太二三12	太23:12	-	book
撒下5:3#1	148	153	撒上十八1	撒上18:1	-	book
撒下5:3#1	154	159	撒下五25	撒下5:25	-	book
撒下5:10#1	37	42	11～25	撒下5:11	-	bare
撒下5:13#1	1	5	三2註1	撒下3:2	1	chapter
撒下5:25#1	3	9	代上十四16	代上14:16	-	book
徒1:1#1	1	6	路一1註1	路1:1	1	book
徒1:1#2	1	6	路一3註1	路1:3	1	book
徒1:1#3	1	6	路一1註5	路1:1	5	book
徒1:2#1	16	22	林前十五45	林前15:45	-	book
徒1:2#1	40	45	約二十22	約20:22	-	book
徒1:3#1	21	28	約二十26註3	約20:26	3	book
徒1:3#2	15	20	太四2註1	太4:2	1	book
徒1:3#3	39	44	約二十22	約20:22	-	book
徒1:3#4	29	32	八12	徒8:12	-	chapter
徒1:3#4	33	37	十四22	徒14:22	-	chapter
徒1:3#4	38	41	十九8	徒19:8	-	chapter
徒1:3#4	42	46	二十25	徒20:25	-	chapter
徒1:3#4	47	51	二八23	徒28:23	-	chapter
徒1:3#4	52	54	31	徒28:31	-	bare
徒1:3#4	107	113	可一15註1	可1:15	1	book
徒1:3#4	114	119	四26註1	可4:26	1	chapter
徒1:3#4	120	126	路四43註2	路4:43	2	book
徒1:4#2	1	8	路二四49註1	路24:49	1	book
徒1:4#2	10	17	約十四17註1	約14:17	1	book
徒1:5#1	1	6	太三6註3	太3:6	3	book
徒1:5#1	7	12	可一8註1	可1:8	1	book
徒1:5#2	35	37	二4	徒2:4	-	chapter
徒1:5#2	62	68	十44～47	徒10:44	-	chapter
徒1:5#2	69	76	十一15～17	徒11:15	-	chapter
徒1:5#2	124	133	林前十二13與註3	林前12:13	3	book
徒1:6#1	30	32	3節	徒1:3	-	bare
徒1:6#1	64	67	3註4	徒1:3	4	bare
徒1:8#1	9	14	約十四17	約14:17	-	book
徒1:8#1	35	40	約二十22	約20:22	-	book
徒1:8#1	55	58	羅八2	羅8:2	-	book
徒1:8#1	92	99	路二四49註5	路24:49	5	book
徒1:8#3	11	12	5	徒1:5	-	bare
徒1:8#3	25	26	4	徒1:4	-	bare
徒1:8#4	208	209	8	徒1:8	-	bare
徒1:8#4	214	220	二三11註5	徒23:11	5	chapter
徒1:8#4	221	227	二六16註1	徒26:16	1	chapter
徒1:11#2	14	19	路二四51	路24:51	-	book
徒1:11#2	200	205	太十六18	太16:18	-	book
徒1:11#2	222	226	弗一23	弗1:23	-	book
徒1:11#2	242	246	弗三19	弗3:19	-	book
徒1:11#4	12	14	12	徒1:12	-	bare
徒1:11#4	44	48	亞十四4	亞14:4	-	book
徒1:11#4	56	61	太二四30	太24:30	-	book
徒1:11#5	42	48	林前十五45	林前15:45	-	book
徒1:12#2	13	18	路二四49	路24:49	-	book
徒1:12#2	19	22	徒一4	徒1:4	-	book
徒1:12#2	53	55	11	徒1:11	-	bare
徒1:13#1	32	37	太十4註1	太10:4	1	book
徒1:14#3	22	27	路二二40	路22:40	-	book
徒1:14#3	28	33	45～46	路22:45	-	bare
徒1:14#3	48	53	路二二24	路22:24	-	book
徒1:14#3	176	181	約二十22	約20:22	-	book
徒1:14#4	39	44	路二四49	路24:49	-	book
徒1:14#4	45	48	徒一4	徒1:4	-	book
徒1:14#4	58	66	路二四47～48	路24:47	-	book
徒1:14#4	67	70	徒一8	徒1:8	-	book
徒1:15#1	15	23	太十六22～23	太16:22	-	book
徒1:15#1	24	31	十七24～26	太17:24	-	chapter
徒1:15#1	32	39	二六33～35	太26:33	-	chapter
徒1:15#1	71	76	16～20	徒1:16	-	bare
徒1:17#1	3	6	25節	徒1:25	-	bare
徒1:17#1	22	23	8	徒1:8	-	bare
徒1:19#2	8	14	太二七5～8	太27:5	-	book
徒1:22#1	48	51	二23	徒2:23	-	chapter
徒1:26#1	57	62	約二十22	約20:22	-	book
徒1:26#1	92	93	3	徒1:3	-	bare
徒1:26#1	123	127	利十六8	利16:8	-	book
徒1:26#1	128	132	書十四2	書14:2	-	book
徒1:26#1	133	139	撒上十四41	撒上14:41	-	book
徒1:26#1	140	144	尼十34	尼10:34	-	book
徒1:26#1	145	148	十一1	尼11:1	-	chapter
徒1:26#1	149	154	箴十六33	箴16:33	-	book
徒1:26#1	174	178	羅八14	羅8:14	-	book
徒1:26#1	189	194	十六6～8	徒16:6	-	chapter
撒下6:2#1	81	83	七2	撒下7:2	-	chapter
撒下6:2#1	278	284	撒上十三14	撒上13:14	-	book
撒下6:7#2	25	28	3～6	撒下6:3	-	bare
撒下6:7#2	30	37	撒上六7～14	撒上6:7	-	book
撒下6:7#2	51	55	民四15	民4:15	-	book
撒下6:7#2	56	58	七9	民7:9	-	chapter
撒下6:7#2	59	64	代上十五2	代上15:2	-	book
撒下6:10#1	26	28	五7	撒下5:7	-	chapter
撒下7:1#1	13	14	5	撒下7:5	-	bare
撒下7:1#1	15	16	6	撒下7:6	-	bare
撒下7:1#1	17	18	7	撒下7:7	-	bare
撒下7:1#1	19	22	13節	撒下7:13	-	bare
撒下7:1#1	28	30	11	撒下7:11	-	bare
撒下7:1#1	31	34	27節	撒下7:27	-	bare
撒下7:11#1	84	89	11～12	撒下7:11	-	bare
撒下7:11#1	123	126	太一1	太1:1	-	book
撒下7:11#1	127	131	6～16	太1:6	-	bare
撒下7:11#1	141	145	賽十一1	賽11:1	-	book
撒下7:11#1	257	264	太一18～20	太1:18	-	book
撒下7:11#1	297	304	路一31～32	路1:31	-	book
撒下7:11#1	305	307	35	路1:35	-	bare
撒下7:12#1	40	44	王上五5	王上5:5	-	book
撒下7:12#1	45	51	八15～20	王上8:15	-	chapter
撒下7:12#1	52	60	代上二二9～10	代上22:9	-	book
撒下7:12#1	61	64	二八6	代上28:6	-	chapter
撒下7:12#1	70	74	來一5下	來1:5	-	book
撒下7:12#1	80	85	本章14節	撒下7:14	-	anaphor
撒下7:12#1	107	111	來一5上	來1:5	-	book
撒下7:12#1	112	113	6	來1:6	-	bare
撒下7:12#1	135	140	太一1註3	太1:1	3	book
撒下7:12#1	235	238	5～7	撒下7:5	-	bare
撒下7:12#1	259	265	撒上十三14	撒上13:14	-	book
撒下7:12#1	400	405	提前三15	提前3:15	-	book
撒下7:12#1	432	438	約十四2～3	約14:2	-	book
撒下7:12#1	439	441	20	約14:20	-	bare
撒下7:12#1	442	444	23	約14:23	-	bare
撒下7:12#1	445	448	十五4	約15:4	-	chapter
撒下7:12#1	467	473	創二22註1	創2:22	1	book
撒下7:12#1	567	571	弗三17	弗3:17	-	book
撒下7:12#2	15	22	路一32～33	路1:32	-	book
撒下7:12#2	60	63	太一1	太1:1	-	book
撒下7:12#2	141	145	創十二3	創12:3	-	book
撒下7:12#2	146	152	十五1～21	創15:1	-	chapter
撒下7:12#2	153	157	二二18	創22:18	-	chapter
撒下7:12#2	200	204	加三14	加3:14	-	book
撒下7:12#2	205	210	徒二六18	徒26:18	-	book
撒下7:12#2	283	286	太三2	太3:2	-	book
撒下7:12#2	287	290	四17	太4:17	-	chapter
撒下7:13#1	28	33	太十六18	太16:18	-	book
撒下7:13#1	34	39	提前三15	提前3:15	-	book
撒下7:13#1	40	44	弗二21	弗2:21	-	book
撒下7:13#1	81	88	約二19～21	約2:19	-	book
撒下7:13#1	89	95	林前十二12	林前12:12	-	book
撒下7:13#1	180	184	弗三17	弗3:17	-	book
撒下7:13#1	238	243	約十四23	約14:23	-	book
撒下7:13#1	244	247	十五4	約15:4	-	chapter
撒下7:13#1	309	313	啟二一3	啟21:3	-	book
撒下7:13#1	314	316	22	啟21:22	-	bare
撒下7:14#1	0	3	12節	撒下7:12	-	bare
撒下7:14#1	11	14	14節	撒下7:14	-	bare
撒下7:14#1	62	67	羅一3～4	羅1:3	-	book
撒下7:14#1	103	108	羅一4註6	羅1:4	6	book
撒下7:14#1	116	124	太二二41～45	太22:41	-	book
撒下7:14#1	249	256	太一18～21	太1:18	-	book
撒下7:14#1	257	261	提後二8	提後2:8	-	book
撒下7:14#1	279	283	路一35	路1:35	-	book
撒下7:14#1	426	432	林前十五45	林前15:45	-	book
撒下7:14#1	507	511	來二10	來2:10	-	book
撒下7:14#1	530	534	羅八29	羅8:29	-	book
撒下7:14#1	535	539	約壹三2	約壹3:2	-	book
撒下7:14#1	580	586	羅十二2註3	羅12:2	3	book
撒下7:14#1	617	624	弗一22～23	弗1:22	-	book
撒下7:14#1	625	631	二20～22	弗2:20	-	chapter
撒下7:14#1	722	726	啟二一7	啟21:7	-	book
撒下7:14#2	4	7	15節	撒下7:15	-	bare
撒下7:16#1	58	61	賽九7	賽9:7	-	book
撒下7:16#1	62	65	十六5	賽16:5	-	chapter
撒下7:16#1	66	70	路一32	路1:32	-	book
撒下7:16#1	71	78	徒二29～31	徒2:29	-	book
撒下7:16#1	102	106	耶三十9	耶30:9	-	book
撒下7:16#1	107	115	結三四23～24	結34:23	-	book
撒下7:16#1	116	123	三七24～25	結37:24	-	chapter
撒下7:16#1	124	127	何三5	何3:5	-	book
撒下7:16#1	128	132	摩九11	摩9:11	-	book
撒下7:16#1	143	149	太十二3～4	太12:3	-	book
撒下7:16#1	150	153	3註1	太12:3	1	bare
撒下7:16#1	183	185	12	撒下7:12	-	bare
撒下7:16#1	342	348	林前十二12	林前12:12	-	book
撒下7:16#1	349	356	西三10～11	西3:10	-	book
徒2:1#1	29	34	約十九14	約19:14	-	book
徒2:1#1	48	57	路二三54～二四1	路23:54	-	book
徒2:1#1	76	81	申十六10	申16:10	-	book
徒2:1#1	97	102	出二三16	出23:16	-	book
徒2:1#1	132	140	利二三10～11	利23:10	-	book
徒2:1#1	141	146	15～16	利23:15	-	bare
徒2:1#1	183	187	約二十1	約20:1	-	book
徒2:1#1	195	200	約二十17	約20:17	-	book
徒2:1#1	219	221	一3	徒1:3	-	chapter
徒2:1#1	284	288	加三14	加3:14	-	book
徒2:1#1	376	379	弗三8	弗3:8	-	book
徒2:2#1	26	31	約二十22	約20:22	-	book
徒2:4#2	19	21	四8	徒4:8	-	chapter
徒2:4#2	22	24	31	徒4:31	-	bare
徒2:4#2	25	28	九17	徒9:17	-	chapter
徒2:4#2	29	32	十三9	徒13:9	-	chapter
徒2:4#2	33	37	路一15	路1:15	-	book
徒2:4#2	38	40	41	路1:41	-	bare
徒2:4#2	41	43	67	路1:67	-	bare
徒2:4#2	81	83	2節	徒2:2	-	bare
徒2:4#2	140	144	十三52	徒13:52	-	chapter
徒2:4#2	215	220	約十四17	約14:17	-	book
徒2:4#2	221	225	羅八11	羅8:11	-	book
徒2:4#2	250	252	一8	徒1:8	-	chapter
徒2:4#2	253	256	二17	徒2:17	-	chapter
徒2:4#2	311	315	路一35	路1:35	-	book
徒2:4#2	316	320	太一18	太1:18	-	book
徒2:4#2	321	323	20	太1:20	-	bare
徒2:4#2	348	352	太三16	太3:16	-	book
徒2:4#2	353	357	路四18	路4:18	-	book
徒2:4#2	479	485	十44～47	徒10:44	-	chapter
徒2:4#2	516	522	林前十二13	林前12:13	-	book
徒2:4#2	584	586	一5	徒1:5	-	chapter
徒2:4#4	1	2	6	徒2:6	-	bare
徒2:4#4	3	5	8節	徒2:8	-	bare
徒2:4#4	19	20	7	徒2:7	-	bare
徒2:10#1	12	14	六5	徒6:5	-	chapter
徒2:10#1	15	19	十三43	徒13:43	-	chapter
徒2:11#1	23	25	3節	徒2:3	-	bare
徒2:11#1	41	43	4節	徒2:4	-	bare
徒2:11#1	48	49	6	徒2:6	-	bare
徒2:11#1	50	52	8節	徒2:8	-	bare
徒2:11#1	152	153	4	徒2:4	-	bare
徒2:11#1	154	156	11	徒2:11	-	bare
徒2:11#1	178	179	6	徒2:6	-	bare
徒2:11#1	180	181	8	徒2:8	-	bare
徒2:14#1	4	7	一26	徒1:26	-	chapter
徒2:17#1	12	17	彼前一20	彼前1:20	-	book
徒2:17#2	25	30	約二十22	約20:22	-	book
徒2:17#2	208	213	太十六18	太16:18	-	book
徒2:17#2	222	226	弗一23	弗1:23	-	book
徒2:17#3	13	18	約十四17	約14:17	-	book
徒2:19#1	6	12	19～20節	徒2:19	-	bare
徒2:20#1	1	8	彼後三12註2	彼後3:12	2	book
徒2:21#1	18	22	創四26	創4:26	-	book
徒2:21#1	40	44	伯十二4	伯12:4	-	book
徒2:21#1	45	49	二七10	伯27:10	-	chapter
徒2:21#1	57	61	創十二8	創12:8	-	book
徒2:21#1	62	65	十三4	創13:4	-	chapter
徒2:21#1	66	70	二一33	創21:33	-	chapter
徒2:21#1	76	81	創二六25	創26:25	-	book
徒2:21#1	92	95	申四7	申4:7	-	book
徒2:21#1	101	106	士十五18	士15:18	-	book
徒2:21#1	107	111	十六28	士16:28	-	chapter
徒2:21#1	118	124	撒上十二18	撒上12:18	-	book
徒2:21#1	125	129	詩九九6	詩99:6	-	book
徒2:21#1	135	140	撒下二二4	撒下22:4	-	book
徒2:21#1	141	142	7	撒下22:7	-	bare
徒2:21#1	143	148	代上十六8	代上16:8	-	book
徒2:21#1	149	153	二一26	代上21:26	-	chapter
徒2:21#1	154	158	詩十四4	詩14:4	-	book
徒2:21#1	159	162	十七6	詩17:6	-	chapter
徒2:21#1	163	166	十八3	詩18:3	-	chapter
徒2:21#1	167	168	6	詩18:6	-	bare
徒2:21#1	169	173	三一17	詩31:17	-	chapter
徒2:21#1	174	178	五五16	詩55:16	-	chapter
徒2:21#1	179	182	八六5	詩86:5	-	chapter
徒2:21#1	183	184	7	詩86:7	-	bare
徒2:21#1	185	189	一○五1	詩105:1	-	chapter
徒2:21#1	190	194	一一六4	詩116:4	-	chapter
徒2:21#1	195	197	13	詩116:13	-	bare
徒2:21#1	198	200	17	詩116:17	-	bare
徒2:21#1	201	205	一一八5	詩118:5	-	chapter
徒2:21#1	206	211	一四五18	詩145:18	-	chapter
徒2:21#1	219	224	詩八十18	詩80:18	-	book
徒2:21#1	232	236	詩八八9	詩88:9	-	book
徒2:21#1	243	249	王上十八24	王上18:24	-	book
徒2:21#1	256	260	賽十二4	賽12:4	-	book
徒2:21#1	266	270	哀三55	哀3:55	-	book
徒2:21#1	271	273	57	哀3:57	-	bare
徒2:21#1	281	285	詩九九6	詩99:6	-	book
徒2:21#1	318	322	賽五五6	賽55:6	-	book
徒2:21#1	349	352	拿一6	拿1:6	-	book
徒2:21#1	353	358	王下五11	王下5:11	-	book
徒2:21#1	379	384	賽四一25	賽41:25	-	book
徒2:21#1	401	406	詩五十15	詩50:15	-	book
徒2:21#1	407	412	耶二九12	耶29:12	-	book
徒2:21#1	413	418	詩九一15	詩91:15	-	book
徒2:21#1	419	422	番三9	番3:9	-	book
徒2:21#1	423	427	亞十三9	亞13:9	-	book
徒2:21#1	445	451	賽十二3～4	賽12:3	-	book
徒2:21#1	466	471	伯二七10	伯27:10	-	book
徒2:21#1	499	503	詩八八9	詩88:9	-	book
徒2:21#1	525	529	珥二32	珥2:32	-	book
徒2:21#1	748	752	林前一2	林前1:2	-	book
徒2:21#1	799	806	羅十10～13	羅10:10	-	book
徒2:21#1	823	827	林前一2	林前1:2	-	book
徒2:21#1	860	863	九14	徒9:14	-	chapter
徒2:21#1	864	866	21	徒9:21	-	bare
徒2:21#1	883	886	七59	徒7:59	-	chapter
徒2:21#1	904	910	七58～60	徒7:58	-	chapter
徒2:21#1	911	915	二二20	徒22:20	-	chapter
徒2:21#1	945	948	九14	徒9:14	-	chapter
徒2:21#1	949	951	21	徒9:21	-	bare
徒2:21#1	1013	1018	提後二22	提後2:22	-	book
徒2:21#1	1147	1153	七59～60	徒7:59	-	chapter
徒2:21#3	3	6	17節	徒2:17	-	bare
徒2:21#3	108	111	加三2	加3:2	-	book
徒2:21#3	112	113	5	加3:5	-	bare
徒2:21#3	114	116	14	加3:14	-	bare
徒2:21#3	133	138	約二十22	約20:22	-	book
徒2:21#3	144	148	約四10	約4:10	-	book
徒2:21#3	149	151	14	約4:14	-	bare
徒2:21#3	184	191	哀三55～56	哀3:55	-	book
徒2:21#3	211	217	賽十二3～4	賽12:3	-	book
徒2:21#3	260	267	羅十12～13	羅10:12	-	book
徒2:21#3	311	315	約四24	約4:24	-	book
徒2:21#3	328	332	約四14	約4:14	-	book
撒下8:1#1	20	25	代上十八1	代上18:1	-	book
撒下8:18#1	9	13	二十23	撒下20:23	-	chapter
撒下8:18#1	14	20	代上十八17	代上18:17	-	book
撒下9:7#1	32	41	撒上二十14～17	撒上20:14	-	book
撒下11:4#1	70	77	彼前四1與註4	彼前4:1	4	book
撒下11:4#1	103	107	2下～3	撒下11:2	-	bare
撒下11:4#1	121	124	4～5	撒下11:4	-	bare
撒下11:4#1	161	165	6～13	撒下11:6	-	bare
撒下11:4#1	200	205	14～25	撒下11:14	-	bare
撒下11:4#1	206	209	十二9	撒下12:9	-	chapter
撒下11:4#1	244	251	創三九1～12	創39:1	-	book
撒下11:4#1	297	305	出二十13～17	出20:13	-	book
撒下11:4#1	351	357	撒上十三14	撒上13:14	-	book
撒下11:4#1	385	390	王上十五5	王上15:5	-	book
徒2:23#1	25	30	彼前一20	彼前1:20	-	book
徒2:23#1	31	35	啟十三8	啟13:8	-	book
徒2:23#2	1	8	彼前一20註1	彼前1:20	1	book
徒2:23#3	10	16	路二二3～6	路22:3	-	book
徒2:23#3	30	38	路二二52～53	路22:52	-	book
徒2:23#3	50	55	路二二54	路22:54	-	book
徒2:23#3	56	61	66～71	路22:66	-	bare
徒2:23#3	76	83	路二三1～25	路23:1	-	book
徒2:23#4	1	8	太二七26註2	太27:26	2	book
徒2:23#4	9	16	約十八32註1	約18:32	1	book
徒2:24#1	6	9	32節	徒2:32	-	bare
徒2:24#1	20	26	十40～41	徒10:40	-	chapter
徒2:24#1	69	73	羅八11	羅8:11	-	book
徒2:24#1	99	104	帖前四14	帖前4:14	-	book
徒2:24#2	10	13	約一1	約1:1	-	book
徒2:24#2	14	18	十一25	約11:25	-	chapter
徒2:24#2	30	34	來七16	來7:16	-	book
徒2:25#3	10	15	賽四一13	賽41:13	-	book
徒2:25#3	16	19	四二6	賽42:6	-	chapter
徒2:25#3	47	49	33	徒2:33	-	bare
徒2:25#3	50	55	詩一一○1	詩110:1	-	book
徒2:25#3	56	63	弗一20～21	弗1:20	-	book
徒2:26#1	12	16	詩十六9	詩16:9	-	book
徒2:26#1	32	36	創四九6	創49:6	-	book
徒2:26#1	37	40	詩七5	詩7:5	-	book
徒2:26#1	67	69	27	徒2:27	-	bare
徒2:27#1	1	8	太十一23註1	太11:23	1	book
徒2:27#2	1	7	路一75註1	路1:75	1	book
徒2:27#3	11	13	31	徒2:31	-	bare
徒2:28#2	24	26	34	徒2:34	-	bare
徒2:28#2	27	30	來一3	來1:3	-	book
徒2:29#1	1	6	一16註1	徒1:16	1	chapter
徒2:30#1	10	16	路一42註2	路1:42	2	book
徒2:30#2	20	27	路一32～33	路1:32	-	book
徒2:32#1	1	5	24註1	徒2:24	1	bare
徒2:32#2	49	52	四33	徒4:33	-	chapter
徒2:32#2	73	77	一8註4	徒1:8	4	chapter
徒2:33#1	23	27	珥二28	珥2:28	-	book
徒2:33#1	43	46	17節	徒2:17	-	bare
徒2:33#1	51	56	路二四49	路24:49	-	book
徒2:33#1	57	60	徒一4	徒1:4	-	book
徒2:33#1	116	120	路一35	路1:35	-	book
徒2:33#1	121	125	太一18	太1:18	-	book
徒2:33#1	126	128	20	太1:20	-	bare
徒2:33#1	155	159	太三16	太3:16	-	book
徒2:33#1	160	164	路四18	路4:18	-	book
徒2:34#1	41	43	29	徒2:29	-	bare
徒2:34#1	63	69	弗四8～10	弗4:8	-	book
徒2:34#1	105	112	林後十二4註1	林後12:4	1	book
徒2:34#2	27	35	太二二45與註1	太22:45	1	book
徒2:34#3	14	18	出十五6	出15:6	-	book
徒2:34#3	19	24	王上二19	王上2:19	-	book
徒2:34#3	25	30	可十四62	可14:62	-	book
徒2:35#1	43	49	林前十五25	林前15:25	-	book
徒2:35#1	50	55	啟十一15	啟11:15	-	book
徒2:36#2	11	15	路一43	路1:43	-	book
徒2:36#2	16	21	約十一21	約11:21	-	book
徒2:36#2	22	26	二十28	約20:28	-	chapter
徒2:36#2	84	88	路二11	路2:11	-	book
徒2:36#2	89	93	太一16	太1:16	-	book
徒2:36#2	94	98	約一41	約1:41	-	book
徒2:36#2	99	104	太十六16	太16:16	-	book
徒2:36#2	171	174	來一9	來1:9	-	book
徒2:37#1	1	6	一16註1	徒1:16	1	chapter
徒2:38#1	1	6	太三2註1	太3:2	1	book
徒2:38#1	7	13	可一15註2	可1:15	2	book
徒2:38#2	34	37	十48	徒10:48	-	chapter
徒2:38#2	87	92	太二八19	太28:19	-	book
徒2:38#2	93	97	徒八16	徒8:16	-	book
徒2:38#2	98	101	十九5	徒19:5	-	chapter
徒2:38#2	102	105	羅六3	羅6:3	-	book
徒2:38#2	106	110	加三27	加3:27	-	book
徒2:38#2	164	169	八16註3	徒8:16	3	chapter
徒2:38#2	170	177	太二八19註4	太28:19	4	book
徒2:38#2	192	194	38	徒2:38	-	bare
徒2:38#4	1	6	太三6註3	太3:6	3	book
徒2:38#4	7	13	二八19註3	太28:19	3	chapter
徒2:38#4	14	19	可一5註3	可1:5	3	book
徒2:38#4	20	26	十六16註1	可16:16	1	chapter
徒2:38#6	19	22	十43	徒10:43	-	chapter
徒2:38#6	23	26	弗一7	弗1:7	-	book
徒2:38#6	27	32	林前十五3	林前15:3	-	book
徒2:38#7	22	26	羅十二6	羅12:6	-	book
徒2:38#7	27	32	林前十二4	林前12:4	-	book
徒2:38#7	33	38	彼前四10	彼前4:10	-	book
徒2:38#8	58	62	弗一13	弗1:13	-	book
徒2:38#8	63	66	加三2	加3:2	-	book
徒2:38#8	83	87	加三14	加3:14	-	book
徒2:38#8	105	111	林後十三14	林後13:14	-	book
徒2:38#8	198	204	八15～17	徒8:15	-	chapter
徒2:38#8	205	210	十九2～6	徒19:2	-	chapter
徒2:39#1	6	10	33註1	徒2:33	1	bare
徒2:39#3	21	23	17	徒2:17	-	bare
徒2:39#4	14	19	弗一4～5	弗1:4	-	book
徒2:39#4	35	38	羅一7	羅1:7	-	book
徒2:39#4	39	43	林前一2	林前1:2	-	book
徒2:40#3	68	70	36	徒2:36	-	bare
徒2:40#3	86	89	加一4	加1:4	-	book
徒2:40#3	279	283	弗三11	弗3:11	-	book
徒2:40#3	284	286	一9	弗1:9	-	chapter
徒2:41#1	5	11	十47～48	徒10:47	-	chapter
徒2:41#1	14	19	太三6註3	太3:6	3	book
徒2:41#1	20	26	二八19註3	太28:19	3	chapter
徒2:41#1	27	34	彼前三20註3	彼前3:20	3	book
徒2:41#1	35	39	21註1	彼前3:21	1	bare
撒下12:10#1	25	30	林前十11	林前10:11	-	book
撒下12:10#1	60	62	13	撒下12:13	-	bare
撒下12:10#1	88	93	10～14	撒下12:10	-	bare
撒下12:10#1	152	160	十五1～十九8上	撒下15:1	-	chapter
撒下12:10#1	352	357	二十1～2	撒下20:1	-	chapter
撒下12:10#1	376	380	24註1	撒下12:24	1	bare
撒下12:10#1	393	401	王上十一9～13	王上11:9	-	book
撒下12:10#1	402	408	十二1～17	王上12:1	-	chapter
撒下12:25#1	65	69	10註1	撒下12:10	1	bare
撒下12:25#1	112	117	太一6註4	太1:6	4	book
撒下13:18#1	7	11	創三七3	創37:3	-	book
徒2:42#1	283	290	約壹一3與註3	約壹1:3	3	book
徒2:43#1	88	93	來二3～4	來2:3	-	book
徒2:44#1	0	3	四32	徒4:32	-	chapter
徒2:44#1	98	102	五4註1	徒5:4	1	chapter
徒2:45#1	42	50	太十九21～24	太19:21	-	book
徒2:45#1	51	59	路十二13～19	路12:13	-	book
徒2:45#1	60	65	33～34	路12:33	-	bare
徒2:45#1	66	70	十四33	路14:33	-	chapter
徒2:45#1	71	78	十六13～14	路16:13	-	chapter
徒2:45#1	79	84	提前六17	提前6:17	-	book
徒2:46#1	52	57	太二三38	太23:38	-	book
徒2:46#2	56	58	六9	徒6:9	-	chapter
徒2:46#2	78	82	羅十六5	羅16:5	-	book
徒2:46#2	83	89	林前十六19	林前16:19	-	book
徒2:46#2	90	94	西四15	西4:15	-	book
徒2:46#2	95	97	門2	門1:2	-	book
徒2:47#1	32	36	路二52	路2:52	-	book
徒3:1#2	1	6	二46註1	徒2:46	1	chapter
徒3:1#2	155	162	二一20～26	徒21:20	-	chapter
徒3:1#2	192	197	太二三38	太23:38	-	book
徒3:1#2	198	201	二四2	太24:2	-	chapter
徒3:6#2	16	23	約一45～46	約1:45	-	book
徒3:6#2	24	28	徒二二8	徒22:8	-	book
徒3:6#2	29	32	二四5	徒24:5	-	chapter
徒3:12#1	1	6	二22註1	徒2:22	1	chapter
徒3:13#1	16	23	出三14～15	出3:14	-	book
徒3:13#2	20	25	路二四26	路24:26	-	book
徒3:13#2	26	29	來二9	來2:9	-	book
徒3:13#2	30	37	弗一20～22	弗1:20	-	book
徒3:13#2	38	44	腓二9～11	腓2:9	-	book
徒3:15#1	22	28	來二10註5	來2:10	5	book
徒3:15#2	1	6	二24註1	徒2:24	1	chapter
徒3:15#3	1	6	二32註2	徒2:32	2	chapter
徒3:18#1	20	23	二23	徒2:23	-	chapter
撒下16:3#1	31	38	十九24～30	撒下19:24	-	chapter
徒3:19#2	42	45	21節	徒3:21	-	bare
徒3:19#2	78	83	太十九28	太19:28	-	book
徒3:19#2	93	100	太十九28註1	太19:28	1	book
徒3:21#1	12	19	賽十一1～10	賽11:1	-	book
徒3:21#1	20	27	六五18～25	賽65:18	-	chapter
徒3:21#1	37	42	太十七11	太17:11	-	book
徒3:21#1	43	47	十九28	太19:28	-	chapter
徒3:25#1	5	9	加三16	加3:16	-	book
徒4:1#2	1	6	太三7註2	太3:7	2	book
徒4:5#1	11	13	15	徒4:15	-	bare
徒4:5#1	57	62	太二六59	太26:59	-	book
徒4:5#1	97	100	五21	徒5:21	-	chapter
徒4:5#1	101	104	六12	徒6:12	-	chapter
徒4:5#1	105	109	二二30	徒22:30	-	chapter
徒4:6#1	7	10	路三2	路3:2	-	book
徒4:6#2	45	47	15	徒4:15	-	bare
徒4:8#1	14	18	二4註2	徒2:4	2	chapter
徒4:10#1	1	5	三6註2	徒3:6	2	chapter
徒4:10#3	1	6	二24註1	徒2:24	1	chapter
徒4:11#1	5	10	太二一42	太21:42	-	book
徒4:11#1	16	23	太二一42註1	太21:42	1	book
徒4:11#1	27	33	詩一一八22	詩118:22	-	book
徒4:11#1	97	103	彼前二4～7	彼前2:4	-	book
徒4:11#1	188	194	腓二9～10	腓2:9	-	book
徒4:11#1	218	220	12	徒4:12	-	bare
徒4:11#1	229	233	太一21	太1:21	-	book
徒4:11#1	245	249	彼前二5	彼前2:5	-	book
徒4:11#2	13	17	可九12	可9:12	-	book
徒4:11#3	1	8	太二一42註2	太21:42	2	book
徒4:15#1	1	7	太五22註7	太5:22	7	book
徒4:23#1	36	39	九14	徒9:14	-	chapter
徒4:24#1	21	25	路二29	路2:29	-	book
徒4:24#1	26	28	猶4	猶1:4	-	book
徒4:24#1	29	33	啟六10	啟6:10	-	book
徒4:24#1	34	40	提前六1～2	提前6:1	-	book
徒4:28#1	2	5	二23	徒2:23	-	chapter
徒4:31#1	1	5	二4註2	徒2:4	2	chapter
徒4:32#1	1	6	二45註1	徒2:45	1	chapter
徒4:32#2	1	6	二44註1	徒2:44	1	chapter
徒4:33#1	1	6	二32註2	徒2:32	2	chapter
徒4:33#2	1	7	約一17註1	約1:17	1	book
徒4:33#2	8	16	林前十五10註1	林前15:10	1	book
徒4:34#1	1	6	二45註1	徒2:45	1	chapter
徒5:3#1	27	28	4	徒5:4	-	bare
徒5:3#1	53	57	32註3	徒5:32	3	bare
徒5:4#4	3	5	3節	徒5:3	-	bare
徒5:9#1	9	13	弗五24	弗5:24	-	book
徒5:9#2	0	2	3節	徒5:3	-	bare
徒5:9#2	6	8	4節	徒5:4	-	bare
徒5:11#1	82	86	八1註1	徒8:1	1	chapter
徒5:11#1	87	94	太十八17註2	太18:17	2	book
徒5:12#1	1	6	二43註1	徒2:43	1	chapter
徒5:24#1	1	5	四1註1	徒4:1	1	chapter
徒5:30#2	1	6	二24註1	徒2:24	1	chapter
徒5:31#1	107	111	來二10	來2:10	-	book
徒5:31#1	112	114	五9	來5:9	-	chapter
徒5:31#2	8	11	三15	徒3:15	-	chapter
徒5:31#2	19	25	徒三15註1	徒3:15	1	book
徒5:31#2	71	74	啟一5	啟1:5	-	book
徒5:31#2	75	79	十九16	啟19:16	-	chapter
徒5:31#2	148	155	十七26～27	徒17:26	-	chapter
徒5:31#2	156	160	約十七2	約17:2	-	book
徒5:31#3	9	12	可一4	可1:4	-	book
徒5:31#3	30	33	弗一7	弗1:7	-	book
徒5:32#3	9	12	3註1	徒5:3	1	bare
撒下20:26#1	7	12	八18註3	撒下8:18	3	chapter
撒下21:8#1	22	28	撒上十八19	撒上18:19	-	book
撒下22:33#1	3	8	詩十八32	詩18:32	-	book
撒下22:46#1	3	8	詩十八45	詩18:45	-	book
徒5:34#1	1	6	太三7註1	太3:7	1	book
徒5:42#1	1	6	二46註1	徒2:46	1	chapter
徒5:42#2	1	6	二46註2	徒2:46	2	chapter
徒6:3#1	23	24	5	徒6:5	-	bare
徒6:3#1	25	28	七55	徒7:55	-	chapter
徒6:3#1	29	33	十一24	徒11:24	-	chapter
徒6:3#1	34	37	路四1	路4:1	-	book
徒6:3#1	65	69	十三52	徒13:52	-	chapter
徒6:3#2	14	18	路二52	路2:52	-	book
徒6:5#1	1	6	二10註1	徒2:10	1	chapter
徒6:6#1	1	8	提前四14註5	提前4:14	5	book
徒6:6#2	39	43	羅十六1	羅16:1	-	book
徒6:6#2	44	47	腓一1	腓1:1	-	book
徒6:6#2	48	52	提前三8	提前3:8	-	book
徒6:7#1	36	40	可四14	可4:14	-	book
徒6:7#2	25	31	提前一1註1	提前1:1	1	book
徒6:7#2	68	73	羅十六26	羅16:26	-	book
徒6:8#1	1	6	二43註1	徒2:43	1	chapter
徒6:9#2	43	48	二9～11	徒2:9	-	chapter
徒6:9#2	51	56	雅二2註1	雅2:2	1	book
徒6:12#1	1	5	四5註1	徒4:5	1	chapter
徒6:13#1	5	13	太二四15與註4	太24:15	4	book
徒6:14#1	28	36	太二三37～39	太23:37	-	book
徒6:14#1	37	40	二四2	太24:2	-	chapter
徒6:14#1	63	68	太十一13	太11:13	-	book
徒6:14#1	90	95	太二七40	太27:40	-	book
徒6:14#1	109	113	約二19	約2:19	-	book
徒6:14#1	369	374	十一1～3	徒11:1	-	chapter
徒6:14#1	375	380	十五1～5	徒15:1	-	chapter
徒6:14#1	381	388	二一18～26	徒21:18	-	chapter
徒6:14#1	422	429	二一20～26	徒21:20	-	chapter
徒6:14#1	432	438	雅二10註1	雅2:10	1	book
徒6:14#1	439	444	一11註1	雅1:11	1	chapter
撒下23:3#1	0	4	3～4節	撒下23:3	-	bare
撒下23:9#1	8	14	代上十一13	代上11:13	-	book
撒下24:1#1	37	42	代上二一1	代上21:1	-	book
撒下24:18#1	5	14	代上二一15～28	代上21:15	-	book
撒下24:18#1	35	39	代下三1	代下3:1	-	book
徒7:2#2	13	15	55	徒7:55	-	bare
徒7:2#2	31	36	出十六10	出16:10	-	book
徒7:2#2	37	44	二四16～17	出24:16	-	chapter
徒7:2#2	45	49	利九23	利9:23	-	book
徒7:2#2	50	55	民十四10	民14:10	-	book
徒7:2#2	56	60	十六19	民16:19	-	chapter
徒7:2#2	61	64	二十6	民20:6	-	chapter
徒7:2#2	65	69	申五24	申5:24	-	book
徒7:2#2	80	85	出四十35	出40:35	-	book
徒7:2#2	86	91	王上八11	王上8:11	-	book
徒7:2#2	149	154	出二九43	出29:43	-	book
徒7:2#2	175	179	創十二1	創12:1	-	book
徒7:2#2	180	181	4	創12:4	-	bare
徒7:2#2	209	213	彼後一3	彼後1:3	-	book
徒7:4#1	14	20	創十二4～5	創12:4	-	book
徒7:6#1	5	8	出一1	出1:1	-	book
徒7:6#2	6	10	出一11	出1:11	-	book
徒7:6#2	11	16	13～14	出1:13	-	bare
徒7:6#3	1	7	加三17註2	加3:17	2	book
徒7:14#1	2	7	創四六27	創46:27	-	book
徒7:14#1	8	11	出一5	出1:5	-	book
徒7:14#1	46	51	創四六20	創46:20	-	book
徒7:20#1	1	7	20～44節	徒7:20	-	bare
徒7:20#1	45	48	六11	徒6:11	-	chapter
徒7:30#1	3	5	35	徒7:35	-	bare
徒7:30#1	6	9	38節	徒7:38	-	bare
徒7:30#1	38	44	出三2～16	出3:2	-	book
徒7:30#1	45	52	士六12～24	士6:12	-	book
徒7:30#1	53	59	亞二6～11	亞2:6	-	book
徒7:31#1	0	6	31～35節	徒7:31	-	bare
徒7:31#1	17	19	30	徒7:30	-	bare
徒7:31#1	20	22	35	徒7:35	-	bare
徒7:31#1	23	26	38節	徒7:38	-	bare
徒7:48#1	12	13	2	徒7:2	-	bare
徒7:48#1	27	30	六11	徒6:11	-	chapter
徒7:48#2	35	39	約四24	約4:24	-	book
徒7:48#2	59	63	弗二22	弗2:22	-	book
徒7:49#1	25	31	賽六六1～2	賽66:1	-	book
徒7:51#2	10	12	55	徒7:55	-	bare
徒7:51#2	22	27	林前六17	林前6:17	-	book
徒7:51#2	56	58	58	徒7:58	-	bare
徒7:51#2	59	61	60	徒7:60	-	bare
徒7:51#2	72	74	九4	徒9:4	-	chapter
徒7:53#1	14	18	加三19	加3:19	-	book
徒7:54#1	1	6	五33註1	徒5:33	1	chapter
徒7:55#1	1	5	六3註1	徒6:3	1	chapter
徒7:55#3	22	27	太二六64	太26:64	-	book
徒7:55#3	28	31	來一3	來1:3	-	book
徒7:55#3	32	34	13	來1:13	-	bare
徒7:58#1	11	14	十三9	徒13:9	-	chapter
徒7:59#1	1	6	二21註1	徒2:21	1	chapter
徒7:60#1	25	30	路二三34	路23:34	-	book
徒8:1#1	18	23	五11註1	徒5:11	1	chapter
徒8:1#1	61	66	太十八17	太18:17	-	book
徒8:1#1	76	81	太十六18	太16:18	-	book
徒8:1#1	102	109	弗一22～23	弗1:22	-	book
徒8:1#1	141	144	十三1	徒13:1	-	chapter
徒8:1#1	145	149	十四23	徒14:23	-	chapter
徒8:1#1	150	154	羅十六1	羅16:1	-	book
徒8:1#1	155	159	林前一2	林前1:2	-	book
徒8:1#1	160	164	林後八1	林後8:1	-	book
徒8:1#1	165	168	加一2	加1:2	-	book
徒8:1#1	169	172	啟一4	啟1:4	-	book
徒8:1#1	173	175	11	啟1:11	-	bare
王上1:1#1	51	56	申八7註1	申8:7	1	book
王上1:1#1	234	238	羅五17	羅5:17	-	book
王上1:1#1	239	244	提後二12	提後2:12	-	book
王上1:1#1	245	249	啟二十4	啟20:4	-	book
王上1:1#1	250	251	6	啟20:6	-	bare
王上1:1#1	252	256	二二5下	啟22:5	-	chapter
王上1:1#1	514	521	利十八25註2	利18:25	2	book
王上1:1#1	652	658	太一16註2	太1:16	2	book
王上1:1#1	663	669	太一1～17	太1:1	-	book
王上1:1#1	728	733	太一17下	太1:17	-	book
王上1:7#1	20	28	撒下十一6～17	撒下11:6	-	book
徒8:4#1	41	43	一8	徒1:8	-	chapter
徒8:4#1	47	51	十一19	徒11:19	-	chapter
徒8:5#1	11	14	一13	徒1:13	-	chapter
徒8:5#1	37	39	六5	徒6:5	-	chapter
徒8:5#1	69	72	二一8	徒21:8	-	chapter
徒8:5#2	51	53	一8	徒1:8	-	chapter
徒8:12#1	20	27	可一14～15	可1:14	-	book
徒8:12#1	28	35	路四43與註1	路4:43	1	book
徒8:13#1	1	6	二43註1	徒2:43	1	chapter
徒8:15#1	1	6	二38註8	徒2:38	8	chapter
徒8:16#1	33	37	弗一13	弗1:13	-	book
徒8:16#1	38	41	加三2	加3:2	-	book
徒8:16#1	66	69	約三6	約3:6	-	book
徒8:16#1	70	72	36	約3:36	-	bare
徒8:16#1	238	244	林前十二13	林前12:13	-	book
徒8:16#3	71	76	二38註2	徒2:38	2	chapter
徒8:16#3	77	84	太二八19註4	太28:19	4	book
徒8:16#3	88	93	太二八19	太28:19	-	book
徒8:16#3	126	129	十九5	徒19:5	-	chapter
徒8:16#3	143	146	羅六3	羅6:3	-	book
徒8:16#3	147	151	加三27	加3:27	-	book
徒8:16#3	211	214	西二9	西2:9	-	book
徒8:16#4	61	66	林前六17	林前6:17	-	book
徒8:17#1	1	8	提前四14註5	提前4:14	5	book
徒8:17#2	1	5	二4註2	徒2:4	2	chapter
徒8:17#2	6	10	17註2	徒2:17	2	bare
徒8:20#1	17	21	來十39	來10:39	-	book
徒8:20#1	28	32	太七13	太7:13	-	book
徒8:20#1	52	54	13	徒8:13	-	bare
徒8:21#1	7	9	20	徒8:20	-	bare
徒8:25#1	36	41	二40註1	徒2:40	1	chapter
徒8:27#1	15	19	賽十八1	賽18:1	-	book
徒8:27#1	34	37	創十6	創10:6	-	book
徒8:27#1	73	77	5～25	徒8:5	-	bare
徒8:27#2	17	24	十七26～27	徒17:26	-	chapter
徒8:29#1	7	9	39	徒8:39	-	bare
徒8:29#1	10	13	十19	徒10:19	-	chapter
徒8:29#1	14	17	十三2	徒13:2	-	chapter
徒8:29#1	18	23	十六6～7	徒16:6	-	chapter
徒8:36#1	82	87	羅六3～5	羅6:3	-	book
徒8:36#1	88	92	西二12	西2:12	-	book
徒8:36#1	152	155	十47	徒10:47	-	chapter
徒8:36#1	213	217	林前十2	林前10:2	-	book
徒8:36#1	220	225	可一8註1	可1:8	1	book
徒8:36#1	226	231	約三5註2	約3:5	2	book
徒8:36#1	232	238	約壹五6註1	約壹5:6	1	book
王上2:1#1	121	129	代上十八7～11	代上18:7	-	book
王上2:1#1	130	135	二二2～5	代上22:2	-	chapter
王上2:1#1	136	142	14～16上	代上22:14	-	bare
王上2:1#1	143	146	二八2	代上28:2	-	chapter
王上2:1#1	147	152	二九2～9	代上29:2	-	chapter
王上2:1#1	167	176	代上二一18～30	代上21:18	-	book
王上2:1#1	177	181	代下三1	代下3:1	-	book
王上2:1#1	201	209	代上二八9～11	代上28:9	-	book
王上2:1#1	210	215	20～21	代上28:20	-	bare
王上2:1#1	228	233	太十二42	太12:42	-	book
王上2:1#1	242	247	太十三35	太13:35	-	book
王上2:1#1	259	264	太十六18	太16:18	-	book
王上2:1#1	265	270	林前三16	林前3:16	-	book
王上2:1#1	271	278	弗二21～22	弗2:21	-	book
王上2:1#1	297	300	賽九7	賽9:7	-	book
王上2:1#1	301	306	啟十一15	啟11:15	-	book
王上2:5#1	1	5	5～9節	王上2:5	-	bare
王上2:5#1	73	79	撒下十二13	撒下12:13	-	book
王上2:5#1	95	103	撒下十二10註1	撒下12:10	1	book
王上3:1#1	117	122	出三四16	出34:16	-	book
王上3:1#1	123	128	申七3～4	申7:3	-	book
王上3:1#1	129	137	書二三12～13	書23:12	-	book
王上3:1#1	186	189	申七2	申7:2	-	book
王上3:1#1	225	230	加六7～8	加6:7	-	book
王上3:3#1	25	29	3下～4	王上3:3	-	bare
王上3:3#1	31	38	申十二5～14	申12:5	-	book
王上3:3#1	70	75	民三三52	民33:52	-	book
王上3:3#1	96	99	十一7	王上11:7	-	chapter
王上3:3#1	102	109	十二31～32	王上12:31	-	chapter
徒9:2#1	134	140	彼後二2註2	彼後2:2	2	book
徒9:2#1	141	145	15註1	彼後2:15	1	bare
徒9:2#1	146	150	21註1	彼後2:21	1	bare
徒9:4#1	65	69	二四14	徒24:14	-	chapter
徒9:4#1	258	262	弗五32	弗5:32	-	book
徒9:5#1	15	19	羅十13	羅10:13	-	book
徒9:6#1	108	110	26	徒9:26	-	bare
徒9:6#1	139	143	西一24	西1:24	-	book
徒9:8#1	83	87	二六18	徒26:18	-	chapter
徒9:14#1	21	25	林前一2	林前1:2	-	book
徒9:15#1	35	39	加一15	加1:15	-	book
徒9:15#1	156	164	林後二14與註2	林後2:14	2	book
徒9:17#1	59	65	八14～17	徒8:14	-	chapter
徒9:17#1	66	70	17註1	徒8:17	1	bare
徒9:17#1	86	91	十九1～7	徒19:1	-	chapter
徒9:17#2	10	14	二4註2	徒2:4	2	chapter
徒9:17#2	86	88	11	徒9:11	-	bare
徒9:17#2	106	113	羅十13～14	羅10:13	-	book
徒9:17#2	134	136	21	徒9:21	-	bare
徒9:17#2	137	139	14	徒9:14	-	bare
徒9:17#2	176	182	二17與註2	徒2:17	2	chapter
徒9:18#1	1	5	12註1	徒9:12	1	bare
徒9:18#2	6	11	八36註1	徒8:36	1	chapter
徒9:18#2	12	19	可十六16註1	可16:16	1	book
徒9:20#1	1	6	雅二2註1	雅2:2	1	book
徒9:32#1	26	31	代上八12	代上8:12	-	book
徒9:32#1	32	36	拉二33	拉2:33	-	book
王上4:21#1	55	60	代下九26	代下9:26	-	book
王上4:21#1	79	84	創十五18	創15:18	-	book
王上4:21#1	85	90	出二三31	出23:31	-	book
王上4:21#1	91	96	申十一24	申11:24	-	book
王上4:21#1	133	140	創十五18註1	創15:18	1	book
王上4:30#1	67	71	弗三17	弗3:17	-	book
王上4:30#1	84	87	羅八4	羅8:4	-	book
王上4:30#1	103	107	羅八16	羅8:16	-	book
王上4:30#1	147	150	西二9	西2:9	-	book
王上4:30#1	170	175	林前一24	林前1:24	-	book
王上4:30#1	176	178	30	林前1:30	-	bare
王上4:34#1	23	30	四20～五18	王上4:20	-	chapter
王上4:34#1	65	70	亞十四16	亞14:16	-	book
王上5:8#1	1	6	六15註1	王上6:15	1	chapter
王上5:11#1	1	6	四22註1	王上4:22	1	chapter
王上6:1#1	20	22	五5	王上5:5	-	chapter
王上6:1#1	23	31	撒下七12～13	撒下7:12	-	book
王上6:1#1	59	67	代上二二6～11	代上22:6	-	book
王上6:1#1	68	73	14～16	代上22:14	-	bare
王上6:1#1	94	103	代上二八11～19	代上28:11	-	book
王上6:1#1	105	112	創六14～16	創6:14	-	book
王上6:1#1	113	119	出二五8～9	出25:8	-	book
王上6:1#2	35	38	西二9	西2:9	-	book
王上6:1#2	50	57	約二19～21	約2:19	-	book
王上6:1#2	58	61	一14	約1:14	-	chapter
王上6:1#2	104	112	林前三16～17	林前3:16	-	book
王上6:1#2	113	116	六19	林前6:19	-	chapter
王上6:1#2	117	124	弗二21～22	弗2:21	-	book
王上6:1#2	146	153	弗一22～23	弗1:22	-	book
王上6:1#2	154	159	西一18上	西1:18	-	book
王上6:1#2	386	390	創二二2	創22:2	-	book
王上6:1#2	407	417	代上二一18～二二1	代上21:18	-	book
王上6:1#2	418	422	代下三1	代下3:1	-	book
王上6:1#2	473	479	創二二2註1	創22:2	1	book
王上6:1#2	480	485	可十1註1	可10:1	1	book
王上6:2#1	27	28	2	王上6:2	-	bare
王上6:2#1	29	31	20	王上6:20	-	bare
王上6:2#1	33	39	出二六3註1	出26:3	1	book
王上6:2#1	40	44	18註1	出26:18	1	bare
王上6:2#1	45	49	33註1	出26:33	1	bare
王上6:2#1	64	66	19	王上6:19	-	bare
王上6:2#1	88	94	代下四1～8	代下4:1	-	book
王上6:2#1	157	160	弗三8	弗3:8	-	book
王上6:2#1	161	166	14～19	弗3:14	-	bare
王上6:2#1	167	173	腓三7～14	腓3:7	-	book
王上6:2#1	187	193	結四十1註1	結40:1	1	book
王上6:5#1	11	13	17	王上6:17	-	bare
王上6:5#1	39	41	5下	王上6:5	-	bare
王上6:5#1	42	44	16	王上6:16	-	bare
王上6:5#1	58	65	弗二22與註3	弗2:22	3	book
王上6:5#1	66	70	來十19	來10:19	-	book
王上6:5#1	105	107	20	王上6:20	-	bare
王上6:5#1	108	116	啟二一16與註4	啟21:16	4	book
王上6:5#2	18	20	16	王上6:16	-	bare
王上6:5#3	49	52	弗三8	弗3:8	-	book
王上6:5#3	53	60	一22下～23	弗1:22	-	chapter
王上6:5#3	68	75	約二19～22	約2:19	-	book
王上6:5#3	81	86	林前三16	林前3:16	-	book
王上6:5#3	87	91	弗二21	弗2:21	-	book
王上6:7#1	26	27	7	王上6:7	-	bare
王上6:7#1	28	30	36	王上6:36	-	bare
王上6:7#1	31	34	五17	王上5:17	-	chapter
王上6:7#1	35	39	代下三6	代下3:6	-	book
王上6:7#1	61	65	約一14	約1:14	-	book
王上6:7#1	66	70	來二14	來2:14	-	book
王上6:7#1	152	157	賽二八16	賽28:16	-	book
王上6:7#1	158	163	林前三11	林前3:11	-	book
王上6:7#1	164	168	弗二20	弗2:20	-	book
王上6:7#1	169	173	彼前二4	彼前2:4	-	book
王上6:7#1	174	177	啟四3	啟4:3	-	book
王上6:7#1	178	181	亞四7	亞4:7	-	book
王上6:7#1	210	215	太十六18	太16:18	-	book
王上6:7#1	216	220	約一42	約1:42	-	book
王上6:7#1	221	225	彼前二5	彼前2:5	-	book
王上6:7#1	226	231	啟二一11	啟21:11	-	book
王上6:7#1	232	234	14	啟21:14	-	bare
王上6:7#1	235	240	19～20	啟21:19	-	bare
王上6:15#1	48	51	15下	王上6:15	-	bare
王上6:15#1	52	54	34	王上6:34	-	bare
王上6:15#1	80	87	創六14與註1	創6:14	1	book
王上6:15#1	101	107	詩一○四16	詩104:16	-	book
王上6:15#1	116	117	9	王上6:9	-	bare
王上6:15#1	118	121	10下	王上6:10	-	bare
王上6:15#1	122	125	15上	王上6:15	-	bare
王上6:15#1	126	128	16	王上6:16	-	bare
王上6:15#1	129	131	36	王上6:36	-	bare
王上6:15#1	155	161	歌四8與註2	歌4:8	2	book
王上6:15#1	179	181	23	王上6:23	-	bare
王上6:15#1	182	187	31～33	王上6:31	-	bare
王上6:15#1	211	214	來一9	來1:9	-	book
王上6:15#1	229	233	林前三9	林前3:9	-	book
王上6:15#1	234	236	12	林前3:12	-	bare
王上6:15#1	262	266	腓三10	腓3:10	-	book
王上6:15#1	267	270	一19	腓1:19	-	chapter
王上6:17#1	1	4	5註1	王上6:5	1	bare
王上6:19#1	30	32	19	王上6:19	-	bare
王上6:19#1	33	37	八3～9	王上8:3	-	chapter
王上6:19#1	40	48	出二五10～22	出25:10	-	book
王上6:20#1	14	19	20～22	王上6:20	-	bare
王上6:20#2	0	6	20～22節	王上6:20	-	bare
王上6:20#2	13	20	出三十1～10	出30:1	-	book
王上6:20#2	25	30	來九4註1	來9:4	1	book
王上6:23#1	1	5	15註1	王上6:15	1	bare
王上6:29#1	1	8	結四一18註1	結41:18	1	book
徒10:1#1	97	99	28	徒10:28	-	bare
徒10:1#1	125	126	3	徒10:3	-	bare
徒10:1#1	131	134	八26	徒8:26	-	chapter
徒10:1#1	187	190	八29	徒8:29	-	chapter
徒10:1#1	191	194	十19	徒10:19	-	chapter
徒10:2#1	27	31	十七27	徒17:27	-	chapter
徒10:3#2	1	5	10註3	徒10:10	3	bare
徒10:4#1	63	66	創四3	創4:3	-	book
徒10:4#1	67	68	5	創4:5	-	bare
徒10:4#1	111	113	43	徒10:43	-	bare
徒10:9#2	13	15	30	徒10:30	-	bare
徒10:9#2	30	32	17	徒10:17	-	bare
徒10:9#2	33	35	19	徒10:19	-	bare
徒10:10#1	9	12	太五6	太5:6	-	book
徒10:10#1	25	29	路一53	路1:53	-	book
徒10:10#3	39	45	十二11註1	徒12:11	1	chapter
徒10:10#3	64	65	3	徒10:3	-	bare
徒10:10#3	66	68	17	徒10:17	-	bare
徒10:10#3	69	72	19節	徒10:19	-	bare
徒10:10#3	116	119	十一5	徒11:5	-	chapter
徒10:11#1	29	32	來八1	來8:1	-	book
徒10:11#1	33	37	徒七56	徒7:56	-	book
徒10:11#2	39	44	路十三29	路13:29	-	book
徒10:12#1	8	10	15	徒10:15	-	bare
徒10:12#1	11	13	28	徒10:28	-	bare
徒10:12#1	14	16	15	徒10:15	-	bare
徒10:12#1	18	20	28	徒10:28	-	bare
徒10:13#1	14	16	28	徒10:28	-	bare
徒10:14#1	114	117	十五1	徒15:1	-	chapter
徒10:14#1	118	122	西二16	西2:16	-	book
徒10:15#1	11	14	啟一5	啟1:5	-	book
徒10:15#1	22	25	多三5	多3:5	-	book
徒10:15#1	26	30	徒十五9	徒15:9	-	book
徒10:17#1	1	5	10註3	徒10:10	3	bare
徒10:23#1	86	90	十一12	徒11:12	-	chapter
徒10:28#1	22	24	11	徒10:11	-	bare
徒10:28#1	25	27	17	徒10:17	-	bare
徒10:28#1	28	30	19	徒10:19	-	bare
徒10:35#1	41	44	4註1	徒10:4	1	bare
徒10:35#1	71	75	羅三20	羅3:20	-	book
徒10:35#1	76	80	加二16	加2:16	-	book
徒10:36#1	14	18	提前二4	提前2:4	-	book
徒10:40#1	1	6	二24註1	徒2:24	1	chapter
徒10:41#1	1	6	二24註1	徒2:24	1	chapter
徒10:42#1	29	37	太二五31～46	太25:31	-	book
徒10:42#1	49	53	提後四1	提後4:1	-	book
徒10:42#1	77	85	啟二十11～15	啟20:11	-	book
徒10:42#1	88	94	十七31註1	徒17:31	1	chapter
徒10:43#1	52	55	4註1	徒10:4	1	bare
徒10:43#1	56	60	35註1	徒10:35	1	bare
王上7:1#1	19	23	1～12	王上7:1	-	bare
王上7:1#1	123	127	代下九8	代下9:8	-	book
王上7:1#1	247	251	彼前二5	彼前2:5	-	book
王上7:1#1	252	253	9	彼前2:9	-	bare
王上7:1#1	254	257	啟一6	啟1:6	-	book
王上7:1#1	258	261	五10	啟5:10	-	chapter
王上7:1#1	262	265	二十6	啟20:6	-	chapter
王上7:1#1	348	353	啟二一22	啟21:22	-	book
王上7:1#1	354	357	二二3	啟22:3	-	chapter
王上7:1#1	358	359	5	啟22:5	-	bare
王上7:13#1	16	21	太十二42	太12:42	-	book
王上7:13#1	62	65	弗四8	弗4:8	-	book
王上7:13#1	66	71	11～12	弗4:11	-	bare
王上7:13#1	72	74	16	弗4:16	-	bare
王上7:14#1	1	6	代下二14	代下2:14	-	book
王上7:14#1	55	60	創四九17	創49:17	-	book
王上7:14#1	95	99	詩五一5	詩51:5	-	book
王上7:14#1	101	106	約八44上	約8:44	-	book
王上7:14#1	149	154	創四九21	創49:21	-	book
王上7:14#1	205	209	彼前一3	彼前1:3	-	book
王上7:14#1	210	215	林後三18	林後3:18	-	book
王上7:14#2	26	31	結二八12	結28:12	-	book
王上7:14#2	32	34	16	結28:16	-	bare
王上7:14#3	31	36	13～14	王上7:13	-	bare
王上7:15#1	44	53	創二八18～19上	創28:18	-	book
王上7:15#1	54	57	22上	創28:22	-	bare
王上7:15#1	58	66	王上七15～22	王上7:15	-	book
王上7:15#1	67	70	加二9	加2:9	-	book
王上7:15#1	71	76	提前三15	提前3:15	-	book
王上7:15#1	77	81	啟三12	啟3:12	-	book
王上7:15#1	135	137	21	王上7:21	-	bare
王上7:15#1	155	160	太十六18	太16:18	-	book
王上7:15#1	179	186	弗三17～18	弗3:17	-	book
王上7:15#1	201	207	出二七1～8	出27:1	-	book
王上7:15#1	208	214	民二一8～9	民21:8	-	book
王上7:15#1	215	219	約三14	約3:14	-	book
王上7:15#1	255	262	啟一15與註1	啟1:15	1	book
王上7:15#3	12	14	15	王上7:15	-	bare
王上7:15#3	15	21	王下二五17	王下25:17	-	book
王上7:15#3	106	113	啟二一12註2	啟21:12	2	book
王上7:15#3	114	119	二二2註4	啟22:2	4	chapter
王上7:15#3	152	157	太十六24	太16:24	-	book
王上7:15#3	158	162	加二20	加2:20	-	book
王上7:15#3	237	244	出二六16註1	出26:16	1	book
王上7:16#1	22	24	16	王上7:16	-	bare
王上7:16#1	25	30	代下三15	代下3:15	-	book
王上7:16#1	40	46	王下二五17	王下25:17	-	book
王上7:16#1	59	64	代下四12	代下4:12	-	book
王上7:16#1	91	95	申十七6	申17:6	-	book
王上7:16#1	108	114	太二五2註1	太25:2	1	book
王上7:16#1	187	189	17	王上7:17	-	bare
王上7:16#1	218	221	加二9	加2:9	-	book
王上7:16#1	222	226	啟三12	啟3:12	-	book
王上7:16#1	249	251	19	王上7:19	-	bare
王上7:16#1	267	269	18	王上7:18	-	bare
王上7:16#1	270	276	王下二五17	王下25:17	-	book
王上7:16#1	277	282	代下三16	代下3:16	-	book
王上7:16#1	283	286	四13	代下4:13	-	chapter
王上7:16#1	301	306	歌二1～2	歌2:1	-	book
王上7:16#1	307	311	太六28	太6:28	-	book
王上7:16#1	312	314	30	太6:30	-	bare
王上7:16#1	315	319	加二20	加2:20	-	book
王上7:16#1	388	395	林後四7～18	林後4:7	-	book
王上7:23#1	8	14	23～40上	王上7:23	-	bare
王上7:23#1	71	75	約十六8	約16:8	-	book
王上7:23#1	76	79	多三5	多3:5	-	book
王上7:23#1	92	95	九25	王上9:25	-	chapter
王上7:23#1	106	112	出二七1～8	出27:1	-	book
王上7:48#1	22	26	羅八34	羅8:34	-	book
王上7:48#1	27	31	來七25	來7:25	-	book
王上7:48#1	51	54	啟八3	啟8:3	-	book
王上7:48#1	57	64	出三十1～10	出30:1	-	book
王上7:48#1	65	70	34～38	出30:34	-	bare
王上7:48#2	55	62	約六32～63	約6:32	-	book
王上7:48#2	65	73	出二五23～30	出25:23	-	book
王上7:49#1	32	36	約八12	約8:12	-	book
王上7:49#1	39	47	出二五31～40	出25:31	-	book
徒10:44#1	13	17	一8註1	徒1:8	1	chapter
徒10:44#1	126	128	46	徒10:46	-	bare
徒10:44#1	274	277	八17	徒8:17	-	chapter
徒10:44#1	278	281	九17	徒9:17	-	chapter
徒10:44#2	7	9	43	徒10:43	-	bare
徒10:44#2	10	14	約五24	約5:24	-	book
徒10:44#2	15	19	羅十14	羅10:14	-	book
徒10:44#2	20	24	弗一13	弗1:13	-	book
徒10:45#1	37	42	二38註7	徒2:38	7	chapter
徒10:45#2	23	28	二17註2	徒2:17	2	chapter
徒10:46#1	80	83	十九6	徒19:6	-	chapter
徒10:46#1	160	166	八15～17	徒8:15	-	chapter
徒10:46#1	179	182	九17	徒9:17	-	chapter
徒10:46#1	203	209	林前十四18	林前14:18	-	book
徒10:46#2	1	5	路一46	路1:46	-	book
徒10:47#1	55	57	二4	徒2:4	-	chapter
徒10:47#1	81	83	一5	徒1:5	-	chapter
徒10:47#1	84	91	十一15～16	徒11:15	-	chapter
徒10:47#1	135	141	林前十二13	林前12:13	-	book
徒10:47#1	427	430	二41	徒2:41	-	chapter
徒10:47#1	437	439	四4	徒4:4	-	chapter
徒10:47#1	450	453	八36	徒8:36	-	chapter
徒10:47#1	454	460	38～39上	徒8:38	-	bare
徒10:47#1	473	480	十一20～21	徒11:20	-	chapter
徒10:47#1	481	483	24	徒11:24	-	bare
徒10:47#1	512	519	十六14～15	徒16:14	-	chapter
徒10:47#1	529	533	十六33	徒16:33	-	chapter
徒10:47#1	545	548	十七4	徒17:4	-	chapter
徒10:47#1	558	565	十七10～12	徒17:10	-	chapter
徒10:47#1	574	578	十七34	徒17:34	-	chapter
徒10:47#1	597	600	十八8	徒18:8	-	chapter
徒10:47#1	610	617	十九18～19	徒19:18	-	chapter
徒10:48#1	1	4	八16	徒8:16	-	chapter
徒10:48#2	7	14	太二八19註6	太28:19	6	book
徒10:48#2	39	42	羅六3	羅6:3	-	book
徒10:48#2	43	47	加三27	加3:27	-	book
徒10:48#2	64	69	二38註2	徒2:38	2	chapter
徒10:48#3	1	6	八36註1	徒8:36	1	chapter
徒11:2#1	30	37	創十七9～14	創17:9	-	book
徒11:2#1	112	115	十五1	徒15:1	-	chapter
徒11:2#1	116	121	加二3～4	加2:3	-	book
徒11:2#1	122	128	六12～13	加6:12	-	chapter
徒11:2#1	129	132	腓三2	腓3:2	-	book
徒11:2#1	134	140	徒十14註1	徒10:14	1	book
徒11:14#1	1	7	十六31註1	徒16:31	1	chapter
徒11:18#1	18	22	弗四18	弗4:18	-	book
徒11:18#1	31	35	約壹一2	約壹1:2	-	book
徒11:18#1	50	54	來七16	來7:16	-	book
徒11:18#1	63	67	約十四6	約14:6	-	book
徒11:18#1	68	72	十一25	約11:25	-	chapter
徒11:18#1	73	76	西三4	西3:4	-	book
徒11:18#1	86	92	林前十五45	林前15:45	-	book
徒11:18#1	105	108	羅八2	羅8:2	-	book
徒11:18#1	132	139	約三15～16	約3:15	-	book
徒11:18#1	153	157	羅五10	羅5:10	-	book
徒11:18#1	180	183	五31	徒5:31	-	chapter
徒11:18#1	184	187	十43	徒10:43	-	chapter
徒11:18#1	193	196	二21	徒2:21	-	chapter
徒11:18#1	197	200	四12	徒4:12	-	chapter
徒11:18#1	207	210	二38	徒2:38	-	chapter
徒11:18#1	232	236	約五24	約5:24	-	book
徒11:18#1	237	242	約壹三14	約壹3:14	-	book
徒11:18#1	243	247	林後五4	林後5:4	-	book
徒11:19#1	1	5	八4註1	徒8:4	1	chapter
徒11:19#2	23	26	十28	徒10:28	-	chapter
徒11:20#1	14	18	彼前一1	彼前1:1	-	book
徒11:22#2	22	26	九3～6	徒9:3	-	chapter
徒11:22#2	62	68	九10～19	徒9:10	-	chapter
徒11:22#2	101	107	九26～28	徒9:26	-	chapter
徒11:22#2	150	155	25～26	徒11:25	-	bare
徒11:22#2	192	197	十三1～3	徒13:1	-	chapter
徒11:22#2	199	205	十二25註1	徒12:25	1	chapter
徒11:23#1	1	7	約一14註4	約1:14	4	book
徒11:23#1	8	16	林前十五10註1	林前15:10	1	book
徒11:24#1	1	5	六3註1	徒6:3	1	chapter
徒11:26#1	1	8	彼前四16註1	彼前4:16	1	book
徒11:27#1	1	9	林前十二28註3	林前12:28	3	book
徒11:29#1	21	27	二44～45	徒2:44	-	chapter
徒11:29#1	28	31	四32	徒4:32	-	chapter
徒11:29#1	63	68	十三2～4	徒13:2	-	chapter
徒11:30#2	22	28	提前三3註5	提前3:3	5	book
王上8:4#1	0	5	1～11節	王上8:1	-	bare
王上8:11#1	13	18	出四十34	出40:34	-	book
王上8:11#1	38	45	創二八12註2	創28:12	2	book
王上8:19#1	1	6	太一1註3	太1:1	3	book
王上8:30#1	100	107	弗二21～22	弗2:21	-	book
王上8:30#1	130	133	弗二6	弗2:6	-	book
王上8:30#1	134	139	西三1～3	西3:1	-	book
王上8:30#1	142	149	創二八17註2	創28:17	2	book
王上8:48#1	0	6	31～48節	王上8:31	-	bare
王上8:48#1	29	31	48	王上8:48	-	bare
王上8:48#1	56	61	申八7註1	申8:7	1	book
王上8:48#1	77	83	詩四八1～2	詩48:1	-	book
王上8:48#1	101	105	弗二21	弗2:21	-	book
王上8:48#1	106	111	提前三15	提前3:15	-	book
王上8:48#1	170	174	但六10	但6:10	-	book
王上8:59#2	136	141	賽十5註1	賽10:5	1	book
王上8:59#2	142	148	二六13註1	賽26:13	1	chapter
王上8:59#2	227	235	彼前四17與註1	彼前4:17	1	book
徒12:1#1	17	21	二五13	徒25:13	-	chapter
徒12:1#1	35	38	十三1	徒13:1	-	chapter
徒12:1#1	87	89	11	徒12:11	-	bare
徒12:11#1	49	54	十10註3	徒10:10	3	chapter
徒12:15#1	28	33	太十八10	太18:10	-	book
徒12:15#1	56	62	來一14註1	來1:14	1	book
徒12:17#1	25	29	十五13	徒15:13	-	chapter
徒12:17#1	30	34	二一18	徒21:18	-	chapter
徒12:17#1	35	39	加一19	加1:19	-	book
徒12:17#1	40	42	二9	加2:9	-	chapter
徒12:17#1	43	45	12	加2:12	-	bare
徒12:23#1	1	5	五5註1	徒5:5	1	chapter
徒12:25#1	0	5	1～24節	徒12:1	-	bare
徒12:25#1	24	28	十一30	徒11:30	-	chapter
徒12:25#1	32	39	十一22～30	徒11:22	-	chapter
徒12:25#1	55	61	十一22註2	徒11:22	2	chapter
徒12:25#1	104	109	加二7～8	加2:7	-	book
徒12:25#1	114	123	十一19～十二25	徒11:19	-	chapter
徒13:1#1	1	5	八1註1	徒8:1	1	chapter
徒13:1#2	1	9	林前十二28註3	林前12:28	3	book
徒13:1#3	1	9	林前十二28註4	林前12:28	4	book
徒13:1#4	14	17	四36	徒4:36	-	chapter
徒13:1#6	18	23	羅十六21	羅16:21	-	book
徒13:1#7	13	18	路九7～9	路9:7	-	book
徒13:1#9	27	30	二二3	徒22:3	-	chapter
徒13:3#2	1	8	提前四14註5	提前4:14	5	book
徒13:4#1	1	3	3節	徒13:3	-	bare
徒13:4#2	21	25	十四27	徒14:27	-	chapter
王上9:1#1	1	6	四34註1	王上4:34	1	chapter
徒13:5#1	48	52	太四23	太4:23	-	book
徒13:5#1	53	57	路四16	路4:16	-	book
徒13:5#1	60	64	14註1	徒13:14	1	bare
徒13:5#2	1	6	雅二2註1	雅2:2	1	book
徒13:8#1	25	31	提前一1註1	提前1:1	1	book
徒13:9#2	13	17	二4註2	徒2:4	2	chapter
徒13:10#1	1	8	彼後二15註1	彼後2:15	1	book
徒13:13#1	2	6	十五38	徒15:38	-	chapter
徒13:13#1	60	67	西四10～11	西4:10	-	book
徒13:13#1	68	73	提後四11	提後4:11	-	book
徒13:14#1	32	35	5註1	徒13:5	1	bare
徒13:15#1	1	6	一16註1	徒1:16	1	chapter
徒13:16#1	1	6	七26註1	徒7:26	1	chapter
徒13:20#1	14	16	17	徒13:17	-	bare
徒13:20#1	31	33	20	徒13:20	-	bare
徒13:20#1	57	63	撒下五3～5	撒下5:3	-	book
徒13:20#1	65	70	士十一26	士11:26	-	book
徒13:20#1	71	75	王上六1	王上6:1	-	book
徒13:24#2	1	6	可一4註3	可1:4	3	book
徒13:26#1	1	6	一16註1	徒1:16	1	chapter
徒13:26#2	1	5	16註2	徒13:16	2	bare
徒13:27#2	7	12	路二四20	路24:20	-	book
徒13:30#1	1	6	二24註1	徒2:24	1	chapter
徒13:33#1	32	36	羅八29	羅8:29	-	book
徒13:33#1	51	55	約一18	約1:18	-	book
徒13:33#1	56	59	三16	約3:16	-	chapter
徒13:34#1	55	59	賽五五3	賽55:3	-	book
徒13:34#1	78	83	代下六42	代下6:42	-	book
徒13:34#1	84	88	詩八九1	詩89:1	-	book
徒13:34#1	95	99	詩八九1	詩89:1	-	book
徒13:34#1	108	111	19節	詩89:19	-	bare
徒13:34#1	197	201	賽五五3	賽55:3	-	book
徒13:34#2	1	7	路一75註1	路1:75	1	book
徒13:37#1	1	6	二24註1	徒2:24	1	chapter
徒13:38#1	1	6	一16註1	徒1:16	1	chapter
徒13:39#2	10	12	38	徒13:38	-	bare
徒13:43#1	1	6	二10註1	徒2:10	1	chapter
徒13:43#2	1	7	十一23註1	徒11:23	1	chapter
徒13:46#1	25	29	48註1	徒13:48	1	bare
徒13:47#1	4	8	賽四九6	賽49:6	-	book
徒13:47#1	115	122	路四24～27	路4:24	-	book
徒13:48#1	24	26	46	徒13:46	-	bare
徒13:52#1	22	26	二4註2	徒2:4	2	chapter
王上11:1#1	24	27	1～3	王上11:1	-	bare
王上11:1#1	44	46	9下	王上11:9	-	bare
王上11:1#1	73	76	4～8	王上11:4	-	bare
王上11:7#1	41	46	民三三52	民33:52	-	book
王上11:7#1	133	139	十二31註1	王上12:31	1	chapter
王上11:9#1	43	47	9～13	王上11:9	-	bare
王上11:9#1	89	91	12	王上11:12	-	bare
王上11:9#1	92	94	34	王上11:34	-	bare
王上11:9#1	134	136	13	王上11:13	-	bare
王上11:9#1	137	142	32～33	王上11:32	-	bare
王上11:9#1	143	148	35～36	王上11:35	-	bare
王上11:13#1	38	43	30～32	王上11:30	-	bare
王上11:13#1	86	92	創十一7～9	創11:7	-	book
王上11:13#1	95	100	太一7註1	太1:7	1	book
王上11:43#1	7	12	41～43	王上11:41	-	bare
王上11:43#1	35	39	太六29	太6:29	-	book
王上11:43#1	40	45	彼前一24	彼前1:24	-	book
王上11:43#1	72	75	傳一2	傳1:2	-	book
王上11:43#1	102	106	二1註1	王上2:1	1	chapter
王上11:43#1	245	251	得四18註1	得4:18	1	book
徒14:1#1	1	6	十三5註1	徒13:5	1	chapter
徒14:1#2	1	6	雅二2註1	雅2:2	1	book
徒14:3#1	1	6	二43註1	徒2:43	1	chapter
徒14:3#2	1	7	十一23註1	徒11:23	1	chapter
徒14:12#1	19	25	二八11註1	徒28:11	1	chapter
徒14:15#1	1	6	七26註1	徒7:26	1	chapter
徒14:22#1	57	62	林前二16	林前2:16	-	book
徒14:22#1	63	67	腓三10	腓3:10	-	book
徒14:22#1	96	101	可十二30	可12:30	-	book
徒14:22#1	102	106	羅十六4	羅16:4	-	book
徒14:22#1	138	142	十一23	徒11:23	-	chapter
徒14:22#1	143	147	西一10	西1:10	-	book
徒14:22#1	148	152	帖前四1	帖前4:1	-	book
徒14:22#3	1	5	六7註2	徒6:7	2	chapter
徒14:22#4	1	5	一3註4	徒1:3	4	chapter
徒14:23#1	8	11	多一5	多1:5	-	book
徒14:23#1	19	24	多一5註1	多1:5	1	book
徒14:23#2	132	138	提前三2註1	提前3:2	1	book
徒14:23#2	139	145	彼前五3註3	彼前5:3	3	book
徒14:26#1	1	9	林前十五10註1	林前15:10	1	book
徒14:27#1	16	19	十三4	徒13:4	-	chapter
徒15:1#2	43	46	加二4	加2:4	-	book
徒15:1#3	38	42	加二21	加2:21	-	book
徒15:1#3	65	68	加五1	加5:1	-	book
徒15:1#3	69	71	二4	加2:4	-	chapter
徒15:1#4	1	6	十一2註1	徒11:2	1	chapter
徒15:1#4	7	12	十14註1	徒10:14	1	chapter
徒15:2#1	15	17	猶3	猶1:3	-	book
徒15:2#1	46	49	加二5	加2:5	-	book
徒15:2#2	177	182	啟四2～3	啟4:2	-	book
徒15:2#2	183	185	五1	啟5:1	-	chapter
徒15:2#2	207	211	西一18	西1:18	-	book
徒15:2#2	212	215	啟二1	啟2:1	-	book
徒15:5#1	1	6	太三7註1	太3:7	1	book
徒15:5#2	1	4	1註4	徒15:1	4	bare
徒15:5#3	1	4	1註3	徒15:1	3	bare
徒15:6#1	70	72	28	徒15:28	-	bare
徒15:6#1	87	91	西一18	西1:18	-	book
徒15:6#1	99	102	十36	徒10:36	-	chapter
徒15:6#1	114	115	7	徒15:7	-	bare
徒15:6#1	151	155	7～11	徒15:7	-	bare
徒15:6#1	173	175	12	徒15:12	-	bare
徒15:6#1	189	194	13～21	徒15:13	-	bare
徒15:6#1	214	219	雅一4註1	雅1:4	1	book
徒15:6#1	241	245	十二17	徒12:17	-	chapter
徒15:6#1	246	250	二一18	徒21:18	-	chapter
徒15:6#1	251	255	加一19	加1:19	-	book
徒15:6#1	256	258	二9	加2:9	-	chapter
徒15:7#1	1	6	一16註1	徒1:16	1	chapter
徒15:9#1	43	49	可七1～23	可7:1	-	book
徒15:10#1	17	23	加五1與註4	加5:1	4	book
徒15:11#1	11	17	加二21註1	加2:21	1	book
徒15:11#1	28	32	羅三24	羅3:24	-	book
王上12:4#1	31	34	十一3	王上11:3	-	chapter
王上12:4#1	48	54	四22～23	王上4:22	-	chapter
王上12:4#1	55	60	27～28	王上4:27	-	bare
王上12:27#1	21	26	申十六16	申16:16	-	book
王上12:27#1	89	94	28～29	王上12:28	-	bare
王上12:28#1	8	13	25～33	王上12:25	-	bare
王上12:28#1	14	21	十三33～34	王上13:33	-	chapter
王上12:28#1	76	81	25～30	王上12:25	-	bare
王上12:28#1	121	128	申十二2～18	申12:2	-	book
王上12:28#1	161	163	31	王上12:31	-	bare
王上12:28#1	164	169	十三33下	王上13:33	-	chapter
王上12:28#1	170	175	代下十三9	代下13:9	-	book
王上12:28#1	216	219	32上	王上12:32	-	bare
王上12:28#1	220	223	33下	王上12:33	-	bare
王上12:28#1	262	269	32下～33上	王上12:32	-	bare
王上12:28#1	289	292	33下	王上12:33	-	bare
王上12:28#1	358	364	士十七5註1	士17:5	1	book
王上12:30#1	28	32	十三34	王上13:34	-	chapter
王上12:30#1	33	39	十四7～11	王上14:7	-	chapter
王上12:30#1	40	47	十五29～30	王上15:29	-	chapter
王上12:30#1	61	68	十四15～16	王上14:15	-	chapter
王上12:30#1	69	78	王下十七20～23	王下17:20	-	book
王上12:31#1	65	71	申十二5註1	申12:5	1	book
王上12:31#1	107	112	十一7註1	王上11:7	1	chapter
王上12:31#1	123	127	27註1	王上12:27	1	bare
王上12:31#1	284	290	林前一2註9	林前1:2	9	book
王上12:31#1	291	294	9註3	林前1:9	3	bare
王上12:31#1	351	355	十五14	王上15:14	-	chapter
王上12:31#1	356	360	二二43	王上22:43	-	chapter
王上12:31#1	361	366	王下十二3	王下12:3	-	book
王上12:31#1	367	370	十四4	王下14:4	-	chapter
王上12:31#1	371	374	十五4	王下15:4	-	chapter
王上12:31#1	375	377	35	王下15:35	-	bare
王上12:31#1	379	384	王下十八4	王下18:4	-	book
王上12:31#1	385	388	二三8	王下23:8	-	chapter
王上12:31#1	389	391	12	王下23:12	-	bare
王上12:31#1	392	394	15	王下23:15	-	bare
王上12:31#1	395	397	19	王下23:19	-	bare
徒15:13#1	1	6	一16註1	徒1:16	1	chapter
徒15:16#1	26	28	一6	徒1:6	-	chapter
徒15:21#1	18	24	雅一26註1	雅1:26	1	book
徒15:21#1	25	30	二10註1	雅2:10	1	chapter
徒15:21#1	79	86	二一20～26	徒21:20	-	chapter
徒15:21#2	1	6	雅二2註1	雅2:2	1	book
徒15:32#1	1	9	林前十二28註3	林前12:28	3	book
徒15:39#1	19	21	26	徒15:26	-	bare
徒15:39#1	147	151	西四10	西4:10	-	book
徒15:39#1	180	187	十三13與註1	徒13:13	1	chapter
徒15:39#1	207	212	提後四11	提後4:11	-	book
徒15:39#1	213	216	門24	門1:24	-	book
徒15:40#1	21	25	十八22	徒18:22	-	chapter
徒16:3#1	39	44	十14註1	徒10:14	1	chapter
徒16:3#2	1	6	十一2註1	徒11:2	1	chapter
徒16:5#1	1	5	八1註1	徒8:1	1	chapter
徒16:5#1	6	11	九31註1	徒9:31	1	chapter
王上15:4#1	19	22	太一1	太1:1	-	book
王上15:4#1	23	26	羅一3	羅1:3	-	book
王上15:4#1	29	34	太一7註1	太1:7	1	book
王上15:5#1	1	8	撒下十一4註1	撒下11:4	1	book
王上15:23#1	1	9	代下十六12註1	代下16:12	1	book
徒16:6#1	73	76	八29	徒8:29	-	chapter
徒16:6#1	77	79	39	徒8:39	-	bare
徒16:7#2	15	16	6	徒16:6	-	bare
徒16:7#2	65	66	8	徒16:8	-	bare
徒16:9#1	14	19	十10註3	徒10:10	3	chapter
徒16:10#2	47	51	弗四23	弗4:23	-	book
徒16:14#1	38	43	林後三17	林後3:17	-	book
徒16:15#1	16	21	可十六16	可16:16	-	book
徒16:15#3	31	33	40	徒16:40	-	bare
徒16:16#2	1	7	可一23註1	可1:23	1	book
徒16:24#1	26	29	五30	徒5:30	-	chapter
徒16:24#1	30	33	十39	徒10:39	-	chapter
徒16:24#1	34	38	加三13	加3:13	-	book
徒16:24#1	39	44	彼前二24	彼前2:24	-	book
徒16:31#1	23	26	創七1	創7:1	-	book
徒16:31#1	38	44	出十二3～4	出12:3	-	book
徒16:31#1	54	61	書二18～19	書2:18	-	book
徒16:31#1	69	73	路十九9	路19:9	-	book
徒16:31#1	82	86	十一14	徒11:14	-	chapter
徒16:31#1	95	97	15	徒16:15	-	bare
徒16:31#1	108	111	十八8	徒18:8	-	chapter
徒16:33#1	15	19	15註1	徒16:15	1	bare
徒16:34#1	1	5	33註1	徒16:33	1	bare
徒16:34#2	47	51	15註2	徒16:15	2	bare
王上16:31#1	1	5	啟二20	啟2:20	-	book
王上17:1#1	1	5	雅五17	雅5:17	-	book
王上17:9#1	1	7	路四26註1	路4:26	1	book
王上17:16#1	61	66	四30註1	王上4:30	1	chapter
王上18:46#1	8	13	拉七6註2	拉7:6	2	book
徒17:1#2	1	6	雅二2註1	雅2:2	1	book
徒17:2#1	1	7	十三14註1	徒13:14	1	chapter
徒17:16#1	58	60	22	徒17:22	-	bare
徒17:16#1	81	83	23	徒17:23	-	bare
徒17:16#1	124	129	23～29	徒17:23	-	bare
徒17:16#2	8	12	亞十二1	亞12:1	-	book
徒17:16#2	13	17	伯三二8	伯32:8	-	book
徒17:16#2	18	23	箴二十27	箴20:27	-	book
徒17:16#2	35	38	約三6	約3:6	-	book
徒17:16#2	47	52	提後四22	提後4:22	-	book
徒17:16#2	53	60	羅八10～11	羅8:10	-	book
徒17:16#2	71	75	羅八16	羅8:16	-	book
徒17:16#2	91	95	約四24	約4:24	-	book
徒17:16#2	96	99	羅一9	羅1:9	-	book
徒17:18#1	103	110	腓三18與註1	腓3:18	1	book
徒17:18#1	117	126	林前十五32與註3	林前15:32	3	book
徒17:18#2	143	150	腓四11與註1	腓4:11	1	book
徒17:22#2	38	42	二五19	徒25:19	-	chapter
徒17:24#1	3	9	24～25節	徒17:24	-	bare
徒17:24#1	81	83	18	徒17:18	-	bare
徒17:28#4	15	22	路三38與註3	路3:38	3	book
徒17:28#4	48	52	瑪二10	瑪2:10	-	book
徒17:28#4	91	94	加四6	加4:6	-	book
徒17:28#4	115	119	彼前一3	彼前1:3	-	book
徒17:28#4	120	125	約三5～6	約3:5	-	book
徒17:29#1	22	26	羅一20	羅1:20	-	book
徒17:29#1	51	54	西二9	西2:9	-	book
徒17:29#1	132	138	羅一20註1	羅1:20	1	book
徒17:31#1	41	49	太二五31～46	太25:31	-	book
徒17:31#1	79	87	啟二十11～15	啟20:11	-	book
徒17:31#1	90	93	十42	徒10:42	-	chapter
徒17:31#1	96	99	十42	徒10:42	-	chapter
徒17:31#1	102	106	提後四1	提後4:1	-	book
徒17:31#1	107	111	彼前四5	彼前4:5	-	book
徒17:31#1	196	199	十42	徒10:42	-	chapter
徒17:31#1	206	210	二四25	徒24:25	-	chapter
徒17:31#3	68	70	30	徒17:30	-	bare
王上19:12#1	59	64	約壹二27	約壹2:27	-	book
王上19:18#1	107	111	但六10	但6:10	-	book
徒18:2#1	65	70	路二1～7	路2:1	-	book
徒18:4#1	1	7	十三14註1	徒13:14	1	chapter
徒18:4#2	1	6	十三5註1	徒13:5	1	chapter
徒18:4#3	1	6	雅二2註1	雅2:2	1	book
徒18:4#4	16	23	可一21與註1	可1:21	1	book
徒18:5#1	37	44	帖前三6與註1	帖前3:6	1	book
徒18:5#1	72	76	帖前一1	帖前1:1	-	book
徒18:6#1	1	7	十三47註1	徒13:47	1	chapter
徒18:8#1	1	7	十六31註1	徒16:31	1	chapter
徒18:9#1	1	6	十10註3	徒10:10	3	chapter
徒18:17#1	1	7	林前一1註3	林前1:1	3	book
徒18:18#1	60	67	二一24與註3	徒21:24	3	chapter
徒18:18#1	68	73	民六1～5	民6:1	-	book
徒18:18#1	74	76	18	民6:18	-	bare
徒18:18#1	78	83	林前十一6	林前11:6	-	book
徒18:19#1	1	6	十三5註1	徒13:5	1	chapter
徒18:22#1	16	20	十五40	徒15:40	-	chapter
徒18:23#1	21	25	二一17	徒21:17	-	chapter
徒18:25#1	24	28	九2註1	徒9:2	1	chapter
徒18:25#2	53	59	十九2與註2	徒19:2	2	chapter
徒18:27#1	50	56	約一14註4	約1:14	4	book
徒18:27#1	57	65	林前十五10註1	林前15:10	1	book
王下1:2#1	1	7	太十25註1	太10:25	1	book
王下1:15#1	1	7	創十六7註1	創16:7	1	book
徒19:2#1	1	6	二38註8	徒2:38	8	chapter
徒19:2#2	31	37	十八25註2	徒18:25	2	chapter
徒19:3#1	71	75	約三26	約3:26	-	book
徒19:3#1	90	91	4	徒19:4	-	bare
徒19:3#1	130	134	約三30	約3:30	-	book
徒19:5#1	1	6	二38註2	徒2:38	2	chapter
徒19:5#1	10	15	八16註3	徒8:16	3	chapter
徒19:6#1	1	6	八17註1	徒8:17	1	chapter
徒19:6#1	7	12	十47註1	徒10:47	1	chapter
徒19:6#2	1	6	二17註3	徒2:17	3	chapter
徒19:6#4	1	6	十46註1	徒10:46	1	chapter
徒19:8#1	1	6	十三5註1	徒13:5	1	chapter
徒19:8#2	1	6	雅二2註1	雅2:2	1	book
徒19:8#3	1	5	一3註4	徒1:3	4	chapter
徒19:9#1	1	5	九2註1	徒9:2	1	chapter
徒19:9#2	56	58	10	徒19:10	-	bare
徒19:11#1	1	6	二43註1	徒2:43	1	chapter
徒19:12#2	1	7	可一23註1	可1:23	1	book
徒19:21#1	13	18	提後四22	提後4:22	-	book
徒19:21#1	19	26	羅八10～11	羅8:10	-	book
徒19:21#1	43	49	十七16註2	徒17:16	2	chapter
徒19:21#2	60	67	林前十六8～9	林前16:8	-	book
徒19:21#2	78	85	林前十六5～7	林前16:5	-	book
徒19:21#2	86	92	徒二十1～3	徒20:1	-	book
徒19:21#2	175	183	羅十五25～31	羅15:25	-	book
徒19:21#2	204	208	二二21	徒22:21	-	chapter
徒19:21#2	209	212	加二8	加2:8	-	book
徒19:21#2	425	432	二一17～18	徒21:17	-	chapter
徒19:21#2	437	444	二一20～22	徒21:20	-	chapter
徒19:21#2	474	481	二一23～24	徒21:23	-	chapter
徒19:21#3	12	16	二一17	徒21:17	-	chapter
徒19:21#3	25	29	二八14	徒28:14	-	chapter
徒19:21#3	30	32	16	徒28:16	-	bare
徒19:21#4	27	31	二三11	徒23:11	-	chapter
徒19:21#4	33	39	二五11註1	徒25:11	1	chapter
徒19:22#1	11	16	羅十六23	羅16:23	-	book
徒19:22#1	18	23	提後四20	提後4:20	-	book
徒19:22#1	48	51	十八8	徒18:8	-	chapter
徒19:22#2	25	33	林前十六3～10	林前16:3	-	book
徒19:22#2	34	36	19	林前16:19	-	bare
徒19:22#2	37	40	8註1	林前16:8	1	bare
徒19:22#2	41	44	四17	林前4:17	-	chapter
徒19:22#2	46	54	徒十九20～23	徒19:20	-	book
徒19:22#2	55	59	8～10	徒19:8	-	bare
徒19:22#2	60	62	17	徒19:17	-	bare
徒19:22#2	63	66	二十1	徒20:1	-	chapter
徒19:23#1	1	5	九2註1	徒9:2	1	chapter
徒19:24#1	2	6	約參12	約參1:12	-	book
徒19:24#2	25	30	太十二26	太12:26	-	book
徒19:25#2	1	6	七26註1	徒7:26	1	chapter
徒19:29#1	1	6	約參1註2	約參1:1	2	book
徒19:33#1	21	26	提前一20	提前1:20	-	book
徒19:33#1	27	32	提後四14	提後4:14	-	book
王下2:1#1	62	65	1～8	王下2:1	-	bare
王下2:1#1	93	98	書五2～9	書5:2	-	book
王下2:1#1	125	129	創十二8	創12:8	-	book
王下2:1#1	173	179	書六1～27	書6:1	-	book
王下2:1#1	200	205	太三5～6	太3:5	-	book
王下2:1#1	206	209	6註2	太3:6	2	bare
王下2:1#1	249	250	8	王下2:8	-	bare
王下2:1#1	317	321	加五24	加5:24	-	book
王下2:1#1	332	340	約壹二15～17	約壹2:15	-	book
王下2:1#1	348	353	啟十二11	啟12:11	-	book
王下2:1#1	361	366	羅六3～4	羅6:3	-	book
王下2:1#1	367	371	加二20	加2:20	-	book
王下2:8#1	19	24	路二四49	路24:49	-	book
王下2:8#1	25	28	徒一8	徒1:8	-	book
王下2:8#1	84	87	1註1	王下2:1	1	bare
王下2:8#1	113	115	12	王下2:12	-	bare
王下2:8#1	140	145	太十六24	太16:24	-	book
王下2:11#1	84	87	瑪四5	瑪4:5	-	book
王下2:11#1	88	92	路一17	路1:17	-	book
王下2:11#1	93	98	太十一14	太11:14	-	book
王下2:11#1	99	106	十七10～13	太17:10	-	chapter
王下2:11#1	108	113	十七3～4	太17:3	-	chapter
王下2:11#1	114	121	啟十一3～12	啟11:3	-	book
王下2:11#1	159	166	啟十一3～12	啟11:3	-	book
王下2:12#1	1	4	8註1	王下2:8	1	bare
王下2:15#1	55	60	王上十七1	王上17:1	-	book
王下2:15#1	61	68	十八37～38	王上18:37	-	chapter
王下2:15#1	69	74	41～45	王上18:41	-	bare
王下2:15#1	75	82	王下一9～12	王下1:9	-	book
王下2:15#1	135	140	19～22	王下2:19	-	bare
王下2:15#1	141	146	四1～六7	王下4:1	-	chapter
王下2:15#1	175	179	路一17	路1:17	-	book
王下2:15#1	180	185	太十一11	太11:11	-	book
王下2:15#1	186	188	14	太11:14	-	bare
王下2:15#1	189	193	三1～2	太3:1	-	chapter
王下2:15#1	194	199	6～11上	太3:6	-	bare
王下2:15#1	241	245	路四27	路4:27	-	book
王下2:15#1	316	319	約一1	約1:1	-	book
王下2:15#1	320	325	14～17	約1:14	-	bare
王下2:15#1	371	375	羅五17	羅5:17	-	book
王下2:21#1	4	5	4	王下2:4	-	bare
王下2:21#1	16	20	來二14	來2:14	-	book
王下2:21#1	54	60	約二3～11	約2:3	-	book
王下2:24#1	17	25	太二三13～36	太23:13	-	book
王下3:3#1	22	31	王上十二27～32	王上12:27	-	book
王下4:6#1	4	7	1～7	王下4:1	-	bare
王下4:6#1	8	12	8～17	王下4:8	-	bare
王下4:6#1	13	19	42～44節	王下4:42	-	bare
王下4:6#1	26	31	羅四17上	羅4:17	-	book
王下4:6#1	38	46	太十四14～21	太14:14	-	book
王下4:6#1	47	54	十五32～39	太15:32	-	chapter
王下4:9#1	37	44	撒上二35註2	撒上2:35	2	book
王下4:9#1	58	64	徒二八9註1	徒28:9	1	book
王下4:9#1	65	72	提前六11註1	提前6:11	1	book
王下4:35#1	20	25	18～37	王下4:18	-	bare
王下4:35#1	48	55	路七11～17	路7:11	-	book
王下4:35#1	56	64	約十一41～44	約11:41	-	book
王下4:35#1	65	68	五25	約5:25	-	chapter
王下4:44#1	1	4	6註1	王下4:6	1	bare
徒20:1#1	23	31	林後二13與註2	林後2:13	2	book
徒20:1#1	32	36	七5～6	林後7:5	-	chapter
徒20:1#1	37	39	八1	林後8:1	-	chapter
徒20:1#1	40	42	九2	林後9:2	-	chapter
徒20:1#1	43	44	4	林後9:4	-	bare
徒20:3#1	21	29	羅十五22～32	羅15:22	-	book
徒20:3#1	31	36	徒十九21	徒19:21	-	book
徒20:3#1	37	42	二十1～3	徒20:1	-	chapter
徒20:3#1	43	50	林前十六3～7	林前16:3	-	book
徒20:3#2	28	32	十九21	徒19:21	-	chapter
徒20:3#2	33	40	林前十六3～7	林前16:3	-	book
徒20:3#2	95	97	19	徒20:19	-	bare
徒20:3#2	123	131	羅十五25～26	羅15:25	-	book
徒20:3#2	132	137	30～31	羅15:30	-	bare
徒20:3#2	162	164	22	徒20:22	-	bare
徒20:3#2	188	192	二一31	徒21:31	-	chapter
徒20:3#2	193	200	二三12～15	徒23:12	-	chapter
徒20:3#2	210	217	二一27～30	徒21:27	-	chapter
徒20:4#1	1	6	約參1註2	約參1:1	2	book
徒20:7#1	6	10	啟一10	啟1:10	-	book
徒20:7#1	24	25	6	徒20:6	-	bare
徒20:16#1	28	30	二1	徒2:1	-	chapter
徒20:16#1	31	32	5	徒2:5	-	bare
徒20:22#1	21	27	十七16註2	徒17:16	2	chapter
徒20:22#1	43	48	林前六17	林前6:17	-	book
徒20:22#1	79	81	23	徒20:23	-	bare
徒20:22#2	1	4	3註2	徒20:3	2	bare
徒20:23#1	19	21	22	徒20:22	-	bare
徒20:23#1	92	97	二一4註1	徒21:4	1	chapter
徒20:23#1	98	102	11註1	徒21:11	1	bare
徒20:25#1	6	10	一3註4	徒1:3	4	chapter
徒20:28#1	15	19	十四23	徒14:23	-	chapter
徒20:28#2	1	7	彼前五2註2	彼前5:2	2	book
徒20:28#3	1	4	17節	徒20:17	-	bare
徒20:28#3	102	108	提前三2註1	提前3:2	1	book
徒20:28#4	42	48	彼前五2註1	彼前5:2	1	book
徒20:28#4	49	52	3註1	彼前5:3	1	bare
徒20:28#5	46	53	弗五23～32	弗5:23	-	book
徒20:28#5	187	193	林前十五45	林前15:45	-	book
徒20:32#2	1	7	十一23註1	徒11:23	1	chapter
徒20:32#3	27	35	約十七17與註2	約17:17	2	book
徒20:32#4	14	20	二六18註8	徒26:18	8	chapter
徒20:34#1	7	10	十八3	徒18:3	-	chapter
徒20:35#1	15	21	林前十一30	林前11:30	-	book
王下5:14#1	17	22	太八1～3	太8:1	-	book
王下5:14#1	23	31	路十七11～19	路17:11	-	book
王下5:14#1	34	40	路四26註1	路4:26	1	book
王下6:6#1	56	61	弗二1～6	弗2:1	-	book
王下6:23#1	31	39	羅十二20～21	羅12:20	-	book
徒21:4#1	1	5	二十23	徒20:23	-	chapter
徒21:4#1	29	35	二十23註1	徒20:23	1	chapter
徒21:8#1	23	24	4	徒21:4	-	bare
徒21:8#1	25	26	7	徒21:7	-	bare
徒21:11#1	39	45	二十23註1	徒20:23	1	chapter
徒21:11#1	80	83	4註1	徒21:4	1	bare
徒21:12#1	60	62	13	徒21:13	-	bare
徒21:12#1	89	91	14	徒21:14	-	bare
徒21:17#1	16	20	十八23	徒18:23	-	chapter
徒21:18#1	1	7	十二17註1	徒12:17	1	chapter
徒21:18#1	8	14	加一19註1	加1:19	1	book
徒21:20#2	65	70	雅一1註4	雅1:1	4	book
徒21:20#2	71	76	二10註1	雅2:10	1	chapter
徒21:23#1	9	14	民六2～5	民6:2	-	book
徒21:24#1	44	47	民六3	民6:3	-	book
徒21:24#2	25	32	民六13～17	民6:13	-	book
徒21:24#3	14	18	民六18	民6:18	-	book
徒21:24#3	27	31	十八18	徒18:18	-	chapter
徒21:24#3	39	45	十八18註1	徒18:18	1	chapter
徒21:26#1	16	20	24註1	徒21:24	1	bare
徒21:26#1	151	155	十八18	徒18:18	-	chapter
徒21:26#1	172	177	林前九20	林前9:20	-	book
徒21:26#1	280	282	27	徒21:27	-	bare
徒21:26#1	455	459	西一25	西1:25	-	book
徒21:26#1	474	477	弗三2	弗3:2	-	book
徒21:26#1	478	481	7～8	弗3:7	-	bare
徒21:26#1	493	497	十八18	徒18:18	-	chapter
徒21:26#1	559	565	十九21註2	徒19:21	2	chapter
徒21:26#1	630	636	二五11註1	徒25:11	1	chapter
徒21:26#1	647	651	西一25	西1:25	-	book
徒21:26#1	677	682	弗三3～4	弗3:3	-	book
徒21:26#2	11	15	民六13	民6:13	-	book
王下8:19#1	19	22	太一1	太1:1	-	book
王下8:19#1	23	26	羅一3	羅1:3	-	book
王下8:19#1	29	34	太一7註1	太1:7	1	book
王下8:20#1	1	4	16節	王下8:16	-	bare
王下8:20#1	13	18	代下二一9	代下21:9	-	book
王下9:7#1	1	5	啟二20	啟2:20	-	book
王下9:14#1	1	4	八16	王下8:16	-	chapter
王下9:36#1	29	37	啟十七16～17	啟17:16	-	book
徒21:28#1	1	6	二22註1	徒2:22	1	chapter
徒21:28#2	33	38	太二一41	太21:41	-	book
徒21:28#2	39	44	43～45	太21:43	-	bare
徒21:28#2	45	48	二二7	太22:7	-	chapter
徒21:28#2	49	56	二三32～36	太23:32	-	chapter
徒21:28#2	57	61	徒七51	徒7:51	-	book
徒21:28#2	62	69	十三40～41	徒13:40	-	chapter
徒21:28#2	82	86	羅三20	羅3:20	-	book
徒21:28#2	87	89	28	羅3:28	-	bare
徒21:28#2	90	93	六14	羅6:14	-	chapter
徒21:28#2	94	96	七4	羅7:4	-	chapter
徒21:28#2	97	98	6	羅7:6	-	bare
徒21:28#2	99	103	加二19	加2:19	-	book
徒21:28#2	104	106	21	加2:21	-	bare
徒21:28#2	107	109	五4	加5:4	-	chapter
徒21:28#2	121	129	太二三38與註1	太23:38	1	book
徒21:28#2	130	133	二四2	太24:2	-	chapter
徒21:28#2	134	138	徒七48	徒7:48	-	book
徒21:28#2	249	252	二十3	徒20:3	-	chapter
徒21:28#2	259	261	31	徒21:31	-	bare
徒21:28#2	262	264	36	徒21:36	-	bare
徒21:28#4	4	11	太二四15註4	太24:15	4	book
徒21:31#1	1	5	十1註2	徒10:1	2	chapter
徒22:1#1	1	5	七2註1	徒7:2	1	chapter
徒22:1#2	68	72	賽五三7	賽53:7	-	book
徒22:1#2	73	81	太二六62～63	太26:62	-	book
徒22:1#2	82	86	二七12	太27:12	-	chapter
徒22:1#2	87	89	14	太27:14	-	bare
徒22:1#2	162	166	二十24	徒20:24	-	chapter
徒22:1#2	167	173	二一12註1	徒21:12	1	chapter
徒22:1#2	174	176	13	徒21:13	-	bare
徒22:1#2	203	207	25註2	徒22:25	2	bare
徒22:1#2	208	213	二三3註1	徒23:3	1	chapter
徒22:1#2	214	217	6註3	徒23:6	3	bare
徒22:2#1	1	7	二一40註1	徒21:40	1	chapter
徒22:4#1	1	5	九2註1	徒9:2	1	chapter
徒22:5#1	21	27	太五22註7	太5:22	7	book
徒22:7#1	1	5	九4註1	徒9:4	1	chapter
徒22:8#1	1	5	九5註1	徒9:5	1	chapter
徒22:9#1	7	11	可四33	可4:33	-	book
徒22:9#1	12	17	林前十四2	林前14:2	-	book
徒22:9#1	53	55	九7	徒9:7	-	chapter
徒22:10#1	1	5	九6註1	徒9:6	1	chapter
徒22:11#1	1	5	九8註1	徒9:8	1	chapter
徒22:12#1	1	6	九11註1	徒9:11	1	chapter
徒22:13#1	1	6	九12註1	徒9:12	1	chapter
徒22:16#1	1	6	二21註1	徒2:21	1	chapter
徒22:16#1	69	72	九14	徒9:14	-	chapter
徒22:16#1	73	75	21	徒9:21	-	bare
徒22:16#2	33	34	8	徒22:8	-	bare
徒22:16#3	1	6	八36註1	徒8:36	1	chapter
徒22:16#3	7	14	可十六16註1	可16:16	1	book
徒22:17#1	1	6	十10註3	徒10:10	3	chapter
王下10:1#1	15	20	民十一12	民11:12	-	book
王下10:29#2	1	9	王上十二28註1	王上12:28	1	book
王下12:3#1	1	9	王上十二31註1	王上12:31	1	book
徒22:24#1	1	7	二一31註2	徒21:31	2	chapter
徒22:25#2	28	31	1註2	徒22:1	2	bare
徒22:30#1	1	4	5註1	徒22:5	1	bare
徒23:1#1	1	6	二二5註1	徒22:5	1	chapter
徒23:1#2	1	6	一16註1	徒1:16	1	chapter
徒23:1#3	15	19	創三23	創3:23	-	book
徒23:1#3	68	71	創六5	創6:5	-	book
徒23:1#3	92	95	創九6	創9:6	-	book
徒23:1#3	134	138	創十二3	創12:3	-	book
徒23:1#3	139	142	加三8	加3:8	-	book
徒23:1#3	168	172	羅三20	羅3:20	-	book
徒23:1#3	173	176	五20	羅5:20	-	chapter
徒23:1#3	322	326	二四16	徒24:16	-	chapter
徒23:1#3	382	386	12註1	徒23:12	1	bare
徒23:1#3	387	392	二四3註1	徒24:3	1	chapter
徒23:1#3	393	397	24註1	徒24:24	1	bare
徒23:1#3	398	402	26註1	徒24:26	1	bare
徒23:1#3	403	407	27註3	徒24:27	3	bare
徒23:1#3	408	413	二五9註1	徒25:9	1	chapter
徒23:1#3	414	418	13註2	徒25:13	2	bare
徒23:3#1	18	23	二二1註2	徒22:1	2	chapter
徒23:6#1	1	6	太三7註2	太3:7	2	book
徒23:6#2	1	6	太三7註1	太3:7	1	book
徒23:6#3	17	22	二二1註2	徒22:1	2	chapter
徒23:6#4	1	6	一16註1	徒1:16	1	chapter
徒23:10#1	1	7	二一31註2	徒21:31	2	chapter
徒23:10#2	149	153	二四27	徒24:27	-	chapter
徒23:10#2	161	165	二八16	徒28:16	-	chapter
徒23:10#2	166	168	23	徒28:23	-	bare
徒23:10#2	169	171	30	徒28:30	-	bare
徒23:11#2	17	21	加二20	加2:20	-	book
徒23:11#3	39	44	二40註1	徒2:40	1	chapter
徒23:11#4	8	12	十九21	徒19:21	-	chapter
徒23:11#4	17	23	二七24註1	徒27:24	1	chapter
徒23:11#5	119	123	一8註4	徒1:8	4	chapter
徒23:11#5	124	130	二六16註1	徒26:16	1	chapter
徒23:12#1	0	6	12～15節	徒23:12	-	bare
徒23:12#1	24	27	1註3	徒23:1	3	bare
徒23:12#1	46	50	約八44	約8:44	-	book
徒23:12#1	51	56	太二三34	太23:34	-	book
徒23:15#1	11	15	二四22	徒24:22	-	chapter
王下13:14#1	38	45	提後四20註1	提後4:20	1	book
王下13:21#1	94	98	約五25	約5:25	-	book
王下13:21#1	99	105	弗二1～6上	弗2:1	-	book
王下14:21#1	13	19	王下十五13	王下15:13	-	book
王下15:1#1	12	16	13註1	王下15:13	1	bare
王下15:5#1	44	53	代下二六16～21	代下26:16	-	book
王下15:13#1	1	5	1～7節	王下15:1	-	bare
徒24:3#1	26	31	二三1註3	徒23:1	3	chapter
徒24:10#1	1	6	二二1註2	徒22:1	2	chapter
徒24:14#1	1	5	九2註1	徒9:2	1	chapter
徒24:15#1	22	28	林前十五23	林前15:23	-	book
徒24:15#1	29	34	帖前四16	帖前4:16	-	book
徒24:15#1	45	53	約五28～29上	約5:28	-	book
徒24:15#1	56	61	但十二2上	但12:2	-	book
徒24:15#1	72	77	路十四14	路14:14	-	book
徒24:15#1	92	98	啟二十4～6	啟20:4	-	book
徒24:15#1	99	102	5註1	啟20:5	1	bare
徒24:15#1	103	106	6註1	啟20:6	1	bare
徒24:15#1	115	122	腓三11與註2	腓3:11	2	book
徒24:15#1	142	146	啟二十5	啟20:5	-	book
徒24:15#1	157	162	約五29下	約5:29	-	book
徒24:15#1	180	185	但十二2下	但12:2	-	book
徒24:15#1	205	213	啟二十12～15	啟20:12	-	book
徒24:15#1	214	218	12註1	啟20:12	1	bare
徒24:15#1	223	226	25節	徒24:25	-	bare
徒24:15#1	239	243	25註2	徒24:25	2	bare
徒24:16#1	1	6	二三1註3	徒23:1	3	chapter
徒24:18#1	1	7	二一24註1	徒21:24	1	chapter
徒24:24#1	46	51	二三1註3	徒23:1	3	chapter
徒24:25#2	11	16	26～27	徒24:26	-	bare
徒24:25#2	23	27	24註1	徒24:24	1	bare
徒24:25#2	84	87	15節	徒24:15	-	bare
徒24:25#2	94	98	15註1	徒24:15	1	bare
徒24:25#2	129	134	十42註1	徒10:42	1	chapter
徒24:25#2	135	141	十七31註1	徒17:31	1	chapter
徒24:26#1	12	17	二三1註3	徒23:1	3	chapter
王下17:6#1	50	52	19	王下17:19	-	bare
王下17:13#1	69	74	13～14	王下17:13	-	bare
王下17:21#2	1	10	王上十二27～32	王上12:27	-	book
王下17:24#1	42	46	約四20	約4:20	-	book
徒25:8#1	1	6	二二1註2	徒22:1	2	chapter
徒25:9#1	16	21	二三1註3	徒23:1	3	chapter
徒25:9#1	22	28	二四27註3	徒24:27	3	chapter
徒25:11#1	18	23	二二1註2	徒22:1	2	chapter
徒25:11#1	24	30	二六32註2	徒26:32	2	chapter
徒25:11#1	50	54	十九21	徒19:21	-	chapter
徒25:11#1	68	72	二三11	徒23:11	-	chapter
徒25:11#1	98	105	二三12～15	徒23:12	-	chapter
徒25:11#1	106	111	二五1～3	徒25:1	-	chapter
徒25:11#1	112	113	9	徒25:9	-	bare
徒25:13#2	9	13	二四24	徒24:24	-	chapter
徒25:13#2	53	58	二三1註3	徒23:1	3	chapter
徒25:19#1	1	7	十七22註2	徒17:22	2	chapter
徒25:23#1	1	7	二一31註2	徒21:31	2	chapter
徒25:26#1	15	17	23	徒25:23	-	bare
徒26:2#1	1	6	二二1註2	徒22:1	2	chapter
徒26:5#1	11	17	雅一26註1	雅1:26	1	book
徒26:14#1	1	5	九4註1	徒9:4	1	chapter
徒26:15#1	1	5	九5註1	徒9:5	1	chapter
徒26:16#1	68	72	一8註4	徒1:8	4	chapter
徒26:16#1	73	79	二三11註5	徒23:11	5	chapter
徒26:18#1	24	31	路四18～21	路4:18	-	book
徒26:18#1	46	52	路四19註1	路4:19	1	book
徒26:18#2	21	24	約一4	約1:4	-	book
徒26:18#2	25	28	八12	約8:12	-	chapter
徒26:18#3	20	28	太十二26與註1	太12:26	1	book
徒26:18#7	16	23	羅六19與註2	羅6:19	2	book
徒26:18#7	24	26	22	羅6:22	-	bare
徒26:18#7	92	97	林後三18	林後3:18	-	book
徒26:18#8	65	68	西二9	西2:9	-	book
徒26:18#8	90	94	西一12	西1:12	-	book
徒26:18#8	124	128	羅八23	羅8:23	-	book
徒26:18#8	129	133	弗一14	弗1:14	-	book
徒26:18#8	182	186	彼前一4	彼前1:4	-	book
徒26:18#8	189	196	利二五8～13	利25:8	-	book
徒26:18#8	268	274	二十32註4	徒20:32	4	chapter
徒26:23#2	8	12	約壹一5	約壹1:5	-	book
徒26:23#2	37	41	約八12	約8:12	-	book
徒26:23#2	42	44	九5	約9:5	-	chapter
徒26:23#2	53	57	林後四4	林後4:4	-	book
徒26:23#2	58	59	6	林後4:6	-	bare
徒26:32#1	0	9	二一27～二六32	徒21:27	-	chapter
徒26:32#2	28	31	二五9	徒25:9	-	chapter
徒26:32#2	50	56	二五11註1	徒25:11	1	chapter
王下18:4#1	27	33	民二一8～9	民21:8	-	book
王下18:13#1	2	11	十八13～二十19	王下18:13	-	chapter
王下18:13#1	13	21	賽三六1～三九8	賽36:1	-	book
王下19:2#1	109	116	撒下七1～17	撒下7:1	-	book
王下19:2#1	117	124	十二1～15上	撒下12:1	-	chapter
王下19:2#1	135	139	賽七14	賽7:14	-	book
王下19:2#1	140	142	九6	賽9:6	-	chapter
徒27:1#2	11	14	路二1	路2:1	-	book
徒27:1#3	1	5	十1註2	徒10:1	2	chapter
徒27:2#1	21	25	二八31	徒28:31	-	chapter
徒27:9#1	6	14	利十六29～31	利16:29	-	book
徒27:9#1	15	22	二三27～29	利23:27	-	chapter
徒27:9#1	23	27	民二九7	民29:7	-	book
徒27:10#1	1	6	七26註1	徒7:26	1	chapter
徒27:21#1	1	6	七26註1	徒7:26	1	chapter
徒27:21#2	67	69	一8	徒1:8	-	chapter
徒27:24#1	7	11	二三11	徒23:11	-	chapter
徒27:24#1	21	25	十九21	徒19:21	-	chapter
徒27:25#1	1	6	七26註1	徒7:26	1	chapter
王下20:12#1	6	10	賽三九1	賽39:1	-	book
徒28:4#1	21	23	5節	徒28:5	-	bare
徒28:9#1	26	30	二七24	徒27:24	-	chapter
徒28:9#1	52	56	二七22	徒27:22	-	chapter
徒28:9#1	57	59	25	徒27:25	-	bare
徒28:9#1	95	98	3～6	徒28:3	-	bare
徒28:9#1	116	119	8～9	徒28:8	-	bare
徒28:9#1	330	337	腓一20～21	腓1:20	-	book
徒28:9#1	355	357	10	徒28:10	-	bare
徒28:15#2	29	34	13～14	徒28:13	-	bare
徒28:15#2	136	140	弗六20	弗6:20	-	book
徒28:15#2	141	149	太二八18～19	太28:18	-	book
徒28:15#5	23	27	二三11	徒23:11	-	chapter
徒28:15#5	41	48	二七22～25	徒27:22	-	chapter
徒28:15#5	49	54	33～36	徒27:33	-	bare
徒28:15#5	127	131	腓一20	腓1:20	-	book
徒28:17#1	1	6	一16註1	徒1:16	1	chapter
徒28:23#1	1	5	一3註4	徒1:3	4	chapter
徒28:26#1	3	9	賽六9～10	賽6:9	-	book
徒28:26#1	26	34	太十三14～15	太13:14	-	book
徒28:26#1	146	148	28	徒28:28	-	bare
徒28:30#1	15	18	西四3	西4:3	-	book
徒28:30#1	19	21	10	西4:10	-	bare
徒28:30#1	22	24	18	西4:18	-	bare
徒28:30#1	32	35	弗三1	弗3:1	-	book
徒28:30#1	36	38	四1	弗4:1	-	chapter
徒28:30#1	39	42	六20	弗6:20	-	chapter
徒28:30#1	50	53	腓一7	腓1:7	-	book
徒28:30#1	54	56	14	腓1:14	-	bare
徒28:30#1	57	59	17	腓1:17	-	bare
徒28:30#1	67	69	門1	門1:1	-	book
徒28:30#1	70	71	9	門1:9	-	bare
徒28:30#1	74	78	腓一25	腓1:25	-	book
徒28:30#1	79	82	二24	腓2:24	-	chapter
徒28:30#1	83	86	門22	門1:22	-	book
徒28:30#1	126	130	提前一3	提前1:3	-	book
徒28:30#1	142	145	多一5	多1:5	-	book
徒28:30#1	153	157	多三12	多3:12	-	book
徒28:30#1	168	173	提後四13	提後4:13	-	book
徒28:30#1	174	176	20	提後4:20	-	bare
徒28:30#1	179	185	提後四6註2	提後4:6	2	book
徒28:31#1	16	19	二七2	徒27:2	-	chapter
徒28:31#2	25	27	一3	徒1:3	-	chapter
徒28:31#2	152	156	羅八29	羅8:29	-	book
徒28:31#2	174	178	羅十二5	羅12:5	-	book
徒28:31#2	354	357	五42	徒5:42	-	chapter
徒28:31#2	377	380	八12	徒8:12	-	chapter
徒28:31#2	417	422	啟十一15	啟11:15	-	book
徒28:31#2	463	466	西二9	西2:9	-	book
徒28:31#2	487	493	林前十五45	林前15:45	-	book
王下23:10#1	19	25	太五22註9	太5:22	9	book
王下23:15#1	0	6	15～16節	王下23:15	-	bare
王下23:15#1	34	41	王上十三1～3	王上13:1	-	book
王下23:26#1	15	21	二一1～18	王下21:1	-	chapter
王下24:18#1	65	71	十一1～16	王下11:1	-	chapter
王下24:18#1	234	238	耶二13	耶2:13	-	book
王下24:18#1	318	321	十七6	王下17:6	-	chapter
王下24:18#1	335	344	二四10～二五21	王下24:10	-	chapter
王下24:18#1	384	389	耶二五11	耶25:11	-	book
王下24:18#1	507	510	賽八8	賽8:8	-	book
王下24:18#1	600	605	民六3註1	民6:3	1	book
王下24:18#1	695	700	申八7註1	申8:7	1	book
王下24:18#1	919	923	腓三10	腓3:10	-	book
王下24:18#1	1017	1025	腓一19～21上	腓1:19	-	book
王下24:18#1	1026	1030	加五16	加5:16	-	book
王下24:18#1	1031	1033	25	加5:25	-	bare
王下24:18#1	1034	1037	羅八4	羅8:4	-	book
王下24:18#1	1120	1128	林前九24～27	林前9:24	-	book
王下24:18#1	1129	1136	腓三12～14	腓3:12	-	book
王下25:17#1	9	17	王上七15～22	王上7:15	-	book
王下25:21#1	37	41	耶三一3	耶31:3	-	book
王下25:21#1	119	123	太一17	太1:17	-	book
王下25:21#1	187	190	賽八8	賽8:8	-	book
王下25:21#1	337	343	太一16註2	太1:16	2	book
王下25:21#1	344	349	二23註3	太2:23	3	chapter
羅1:1#1	20	24	約一41	約1:41	-	book
羅1:1#1	25	29	但九26	但9:26	-	book
羅1:1#1	227	232	1～五11	羅1:1	-	bare
羅1:1#1	233	240	九1～十一36	羅9:1	-	chapter
羅1:1#1	245	252	五12～八39	羅5:12	-	chapter
羅1:1#1	258	266	十二1～十六27	羅12:1	-	chapter
羅1:1#2	29	33	太一21	太1:21	-	book
羅1:1#2	34	39	民十三16	民13:16	-	book
羅1:1#2	40	43	來四8	來4:8	-	book
羅1:1#3	81	83	七6	羅7:6	-	chapter
羅1:1#3	84	86	25	羅7:25	-	bare
羅1:1#3	87	90	九12	羅9:12	-	chapter
羅1:1#3	91	95	十二11	羅12:11	-	chapter
羅1:1#3	96	100	十四18	羅14:18	-	chapter
羅1:1#3	101	105	十六18	羅16:18	-	chapter
羅1:1#3	118	120	六6	羅6:6	-	chapter
羅1:1#3	121	123	18	羅6:18	-	bare
羅1:1#3	124	126	22	羅6:22	-	bare
羅1:1#3	136	139	八15	羅8:15	-	chapter
羅1:1#3	140	142	21	羅8:21	-	bare
羅1:1#3	219	224	出十二44	出12:44	-	book
羅1:1#3	225	228	二一6	出21:6	-	chapter
羅1:1#3	229	236	太二十26註1	太20:26	1	book
羅1:1#3	237	243	二五14註3	太25:14	3	chapter
羅1:1#3	244	250	加六17註1	加6:17	1	book
羅1:1#4	16	23	徒七58～60	徒7:58	-	book
羅1:1#4	24	26	八3	徒8:3	-	chapter
羅1:1#4	27	29	九1	徒9:1	-	chapter
羅1:1#4	47	51	徒十三9	徒13:9	-	book
羅1:1#5	8	14	林前十二28	林前12:28	-	book
羅1:1#6	10	16	林前九1註3	林前9:1	3	book
羅1:1#7	6	10	徒九15	徒9:15	-	book
羅1:1#7	15	19	提前二7	提前2:7	-	book
羅1:1#7	25	31	徒十三2～4	徒13:2	-	book
羅1:1#8	13	17	提前二7	提前2:7	-	book
羅1:1#8	18	23	提後一11	提後1:11	-	book
羅1:1#8	29	32	腓一7	腓1:7	-	book
羅1:1#9	11	12	9	羅1:9	-	bare
羅1:1#9	13	15	16	羅1:16	-	bare
羅1:1#9	16	19	二16	羅2:16	-	chapter
羅1:1#9	20	23	十16	羅10:16	-	chapter
羅1:1#9	24	28	十一28	羅11:28	-	chapter
羅1:1#9	29	33	十五16	羅15:16	-	chapter
羅1:1#9	34	36	19	羅15:19	-	bare
羅1:1#9	37	41	十六25	羅16:25	-	chapter
羅1:1#9	148	153	八9～10	羅8:9	-	chapter
羅1:2#1	0	4	2～6節	羅1:2	-	bare
羅1:2#2	51	55	創三15	創3:15	-	book
羅1:2#2	56	60	二二18	創22:18	-	chapter
羅1:2#2	61	65	加三16	加3:16	-	book
羅1:2#2	66	70	提後一9	提後1:9	-	book
羅1:2#2	71	74	多一2	多1:2	-	book
羅1:2#3	102	103	2	羅1:2	-	bare
羅1:2#3	104	106	五5	羅5:5	-	chapter
羅1:2#3	107	110	七12	羅7:12	-	chapter
羅1:2#3	111	113	九1	羅9:1	-	chapter
羅1:2#3	114	118	十一16	羅11:16	-	chapter
羅1:2#3	119	123	十四17	羅14:17	-	chapter
羅1:2#3	124	128	十五13	羅15:13	-	chapter
羅1:2#3	129	131	16	羅15:16	-	bare
羅1:2#3	138	141	十二1	羅12:1	-	chapter
羅1:2#3	142	146	十六16	羅16:16	-	chapter
羅1:2#3	155	156	7	羅1:7	-	bare
羅1:2#3	157	160	八27	羅8:27	-	chapter
羅1:2#3	161	165	十二13	羅12:13	-	chapter
羅1:2#3	166	170	十五25	羅15:25	-	chapter
羅1:2#3	171	173	26	羅15:26	-	bare
羅1:2#3	174	176	31	羅15:31	-	bare
羅1:2#3	177	181	十六15	羅16:15	-	chapter
羅1:2#3	195	197	4節	羅1:4	-	bare
羅1:2#3	215	219	十五16	羅15:16	-	chapter
羅1:2#3	236	239	六19	羅6:19	-	chapter
羅1:2#3	240	242	22	羅6:22	-	bare
羅1:3#1	34	35	4	羅1:4	-	bare
羅1:3#1	40	41	3	羅1:3	-	bare
羅1:3#2	30	34	約一14	約1:14	-	book
羅1:3#2	66	70	八3註3	羅8:3	3	chapter
羅1:4#1	1	4	2註3	羅1:2	3	bare
羅1:4#2	8	10	3節	羅1:3	-	bare
羅1:4#2	16	18	3節	羅1:3	-	bare
羅1:4#2	85	89	約四24	約4:24	-	book
羅1:4#3	1	4	3註3	羅1:3	3	bare
羅1:4#5	17	24	弗一19～22	弗1:19	-	book
羅1:4#5	26	32	腓三10註2	腓3:10	2	book
羅1:4#6	24	28	約一18	約1:18	-	book
羅1:4#6	29	32	羅八3	羅8:3	-	book
羅1:4#6	133	138	徒十三33	徒13:33	-	book
羅1:4#6	139	142	來一5	來1:5	-	book
羅1:4#6	294	300	八29～30	羅8:29	-	chapter
羅1:4#6	343	346	八19	羅8:19	-	chapter
羅1:4#6	347	349	21	羅8:21	-	bare
羅1:4#7	18	21	三23	羅3:23	-	chapter
羅1:4#7	31	34	五10	羅5:10	-	chapter
羅1:4#7	44	47	八14	羅8:14	-	chapter
羅1:4#7	152	156	彼前一3	彼前1:3	-	book
羅1:4#7	176	179	八29	羅8:29	-	chapter
羅1:4#7	201	204	十二5	羅12:5	-	chapter
羅1:4#7	213	217	弗一23	弗1:23	-	book
羅1:5#1	19	25	約一14註4	約1:14	4	book
羅1:5#1	55	63	林前十五9～10	林前15:9	-	book
羅1:5#4	56	60	約三18	約3:18	-	book
羅1:5#4	82	88	約十六8～9	約16:8	-	book
羅1:5#4	129	130	7	羅1:7	-	bare
羅1:5#5	53	59	提前一1註1	提前1:1	1	book
羅1:6#1	38	41	西二9	西2:9	-	book
羅1:6#1	42	45	一19	西1:19	-	chapter
羅1:6#1	94	98	約一16	約1:16	-	book
羅1:6#1	115	117	八9	羅8:9	-	chapter
羅1:7#1	1	4	2註3	羅1:2	3	bare
羅1:7#2	17	21	約一14	約1:14	-	book
羅1:7#2	22	27	16～17	約1:16	-	bare
羅1:7#2	28	33	羅五2註3	羅5:2	3	book
羅1:7#2	34	38	17註1	羅5:17	1	bare
羅1:7#2	61	66	約十六33	約16:33	-	book
代上1:1#1	196	202	太一1～17	太1:1	-	book
代上1:1#1	204	211	路三23～38	路3:23	-	book
代上1:1#1	306	313	代下十一5註1	代下11:5	1	book
代上1:34#1	1	6	太一1註4	太1:1	4	book
代上1:34#1	7	10	2註1	太1:2	1	bare
代上1:34#2	1	6	太一2註2	太1:2	2	book
代上1:51#1	8	11	54節	代上1:54	-	bare
代上1:51#2	8	13	創三六40	創36:40	-	book
代上2:3#1	11	14	五2上	代上5:2	-	chapter
代上2:3#1	29	33	來七14	來7:14	-	book
代上2:3#1	78	83	太一2註3	太1:2	3	book
代上2:4#1	1	6	太一3註1	太1:3	1	book
代上2:7#1	5	8	書七1	書7:1	-	book
代上2:11#1	0	6	11～15節	代上2:11	-	bare
代上2:11#1	8	13	太一5註2	太1:5	2	book
代上2:11#1	17	20	6註1	太1:6	1	bare
代上3:5#1	1	6	太一6註4	太1:6	4	book
代上3:5#2	7	12	太一6註3	太1:6	3	book
代上3:10#1	1	6	太一7註1	太1:7	1	book
代上3:12#1	1	6	太一8註1	太1:8	1	book
代上3:15#1	1	7	太一11註2	太1:11	2	book
代上3:16#1	1	7	太一11註3	太1:11	3	book
代上3:19#1	1	7	太一12註2	太1:12	2	book
羅1:9#1	65	70	提後四22	提後4:22	-	book
羅1:9#1	71	75	羅八16	羅8:16	-	book
羅1:9#1	94	97	二29	羅2:29	-	chapter
羅1:9#1	98	102	八5～6	羅8:5	-	chapter
羅1:9#1	103	104	9	羅8:9	-	bare
羅1:9#1	113	116	八10	羅8:10	-	chapter
羅1:9#1	117	119	16	羅8:16	-	bare
羅1:9#1	131	132	9	羅1:9	-	bare
羅1:9#1	133	135	七6	羅7:6	-	chapter
羅1:9#1	136	138	八4	羅8:4	-	chapter
羅1:9#1	139	141	13	羅8:13	-	bare
羅1:9#1	142	146	十二11	羅12:11	-	chapter
羅1:9#2	12	16	太四10	太4:10	-	book
羅1:9#2	17	21	提後一3	提後1:3	-	book
羅1:9#2	22	25	腓三3	腓3:3	-	book
羅1:9#2	26	30	路二37	路2:37	-	book
羅1:14#1	1	9	林前十四11註2	林前14:11	2	book
羅1:16#2	72	76	弗一23	弗1:23	-	book
羅1:17#1	1	5	約三16	約3:16	-	book
羅1:17#1	22	25	弗二5	弗2:5	-	book
羅1:17#1	26	27	8	弗2:8	-	bare
羅1:17#1	73	78	詩八九14	詩89:14	-	book
羅1:17#1	92	96	十四17	羅14:17	-	chapter
羅1:17#3	1	7	加二20註7	加2:20	7	book
羅1:17#4	25	28	五18	羅5:18	-	chapter
羅1:17#4	73	78	1～五11	羅1:1	-	bare
羅1:17#4	79	86	九1～十一36	羅9:1	-	chapter
羅1:17#4	93	100	五12～八39	羅5:12	-	chapter
羅1:17#4	115	123	十二1～十六27	羅12:1	-	chapter
羅1:18#1	81	85	十六25	羅16:25	-	chapter
羅1:18#5	110	112	21	羅1:21	-	bare
羅1:18#5	169	171	28	羅1:28	-	bare
羅1:18#5	192	197	21～23	羅1:21	-	bare
羅1:18#5	214	219	24～32	羅1:24	-	bare
羅1:18#5	235	237	24	羅1:24	-	bare
羅1:18#5	238	240	26	羅1:26	-	bare
羅1:18#5	241	243	28	羅1:28	-	bare
羅1:20#1	48	51	西二9	西2:9	-	book
羅1:20#1	127	130	約一1	約1:1	-	book
羅1:20#1	131	133	18	約1:18	-	bare
羅1:20#1	216	219	西二9	西2:9	-	book
羅1:20#2	92	96	雅一17	雅1:17	-	book
羅1:21#1	44	52	本章19～20節	羅1:19	-	anaphor
羅1:21#1	60	66	21～25節	羅1:21	-	bare
羅1:21#1	90	96	26～27節	羅1:26	-	bare
羅1:21#1	111	117	28～32節	羅1:28	-	bare
羅1:21#2	23	29	弗四17註3	弗4:17	3	book
羅1:24#1	55	57	24	羅1:24	-	bare
羅1:24#1	65	67	26	羅1:26	-	bare
羅1:24#1	77	79	28	羅1:28	-	bare
羅1:24#1	95	97	24	羅1:24	-	bare
羅1:24#1	98	103	26～27	羅1:26	-	bare
羅1:24#1	140	145	29～32	羅1:29	-	bare
羅1:32#1	42	46	啟十五4	啟15:4	-	book
羅1:32#1	62	65	二26	羅2:26	-	chapter
羅1:32#1	66	69	路一6	路1:6	-	book
羅1:32#1	83	86	五18	羅5:18	-	chapter
代上4:10#1	36	42	腓三8～14	腓3:8	-	book
代上4:10#1	55	60	申八7註1	申8:7	1	book
代上4:10#1	91	98	弗三14～19	弗3:14	-	book
代上4:10#1	101	105	40註1	代上4:40	1	bare
代上5:1#1	1	8	創三五22註1	創35:22	1	book
代上5:1#1	9	14	四八5註1	創48:5	1	chapter
代上5:20#1	94	98	西一12	西1:12	-	book
代上5:20#1	101	106	四10註1	代上4:10	1	chapter
代上6:28#1	1	4	33節	代上6:33	-	bare
代上6:28#1	5	9	撒上八2	撒上8:2	-	book
代上6:31#1	1	6	二三2註1	代上23:2	1	chapter
代上6:33#1	19	21	37	代上6:37	-	bare
代上6:33#1	24	31	民十六33註1	民16:33	1	book
代上6:33#1	34	40	詩四二1註1	詩42:1	1	book
代上6:57#1	1	8	民三五15註1	民35:15	1	book
羅2:2#1	3	4	8	羅2:8	-	bare
羅2:2#1	5	8	20節	羅2:20	-	bare
羅2:2#1	93	97	6～15	羅2:6	-	bare
羅2:2#2	24	32	啟二十11～15	啟20:11	-	book
羅2:2#2	38	44	十四10註1	羅14:10	1	chapter
羅2:3#1	1	4	2註2	羅2:2	2	bare
羅2:7#1	0	5	7～10節	羅2:7	-	bare
羅2:8#1	1	4	2註1	羅2:2	1	bare
羅2:20#1	3	7	弗四14	弗4:14	-	book
羅2:20#1	13	16	加四1	加4:1	-	book
羅2:21#1	32	36	17註1	羅2:17	1	bare
羅2:28#1	30	34	17註1	羅2:17	1	bare
羅2:29#2	46	50	一9註1	羅1:9	1	chapter
代上8:31#1	9	12	九37	代上9:37	-	chapter
代上8:34#1	7	11	撒下四4	撒下4:4	-	book
代上9:19#1	28	30	19	代上9:19	-	bare
代上9:19#1	31	33	31	代上9:31	-	bare
代上9:19#1	35	42	民十六33註1	民16:33	1	book
代上9:41#1	9	12	八35	代上8:35	-	chapter
羅3:7#1	15	18	十五8	羅15:8	-	chapter
羅3:7#1	46	52	約壹一6註6	約壹1:6	6	book
羅3:8#1	7	11	二2註2	羅2:2	2	chapter
羅3:17#1	25	27	五1	羅5:1	-	chapter
羅3:19#1	47	54	加三23～24	加3:23	-	book
羅3:21#1	1	6	一17註1	羅1:17	1	chapter
羅3:21#2	12	15	一17	羅1:17	-	chapter
羅3:21#2	63	66	腓三9	腓3:9	-	book
羅3:21#3	48	50	20	羅3:20	-	bare
羅3:21#3	83	86	一17	羅1:17	-	chapter
羅3:22#1	46	48	26	羅3:26	-	bare
羅3:22#1	49	53	加二16	加2:16	-	book
羅3:22#1	54	56	20	加2:20	-	bare
羅3:22#1	57	60	三22	加3:22	-	chapter
羅3:22#1	61	65	弗三12	弗3:12	-	book
羅3:22#1	66	69	腓三9	腓3:9	-	book
羅3:22#1	222	226	約十六9	約16:9	-	book
羅3:22#1	320	324	耶二三6	耶23:6	-	book
羅3:22#1	353	357	來十二2	來12:2	-	book
羅3:24#1	87	91	加三13	加3:13	-	book
羅3:24#1	92	96	多二14	多2:14	-	book
羅3:24#1	97	102	彼前二24	彼前2:24	-	book
羅3:24#1	103	106	三18	彼前3:18	-	chapter
羅3:24#1	124	132	彼前一18～19	彼前1:18	-	book
羅3:25#2	2	7	出二五17	出25:17	-	book
羅3:25#2	224	228	約一29	約1:29	-	book
羅3:25#2	379	383	來八12	來8:12	-	book
羅3:25#2	387	394	路十八13註1	路18:13	1	book
羅3:25#2	462	465	來九5	來9:5	-	book
羅3:25#2	487	491	羅三25	羅3:25	-	book
羅3:25#2	589	593	來二17	來2:17	-	book
羅3:25#2	645	649	約壹二2	約壹2:2	-	book
羅3:25#2	650	653	四10	約壹4:10	-	chapter
羅3:25#2	682	686	來二17	來2:17	-	book
羅3:25#2	714	718	約壹二2	約壹2:2	-	book
羅3:25#2	719	722	四10	約壹4:10	-	chapter
羅3:25#2	762	765	來九5	來9:5	-	book
羅3:25#4	64	68	約一29	約1:29	-	book
羅3:26#2	23	27	22註1	羅3:22	1	bare
代上11:27#1	1	7	撒下二三25	撒下23:25	-	book
羅4:1#1	162	164	13	羅4:13	-	bare
羅4:1#1	205	211	八29～30	羅8:29	-	chapter
羅4:1#1	234	238	十四17	羅14:17	-	chapter
羅4:2#1	110	112	11	羅4:11	-	bare
羅4:3#1	35	41	創十二1～3	創12:1	-	book
羅4:3#1	42	43	7	創12:7	-	bare
羅4:3#1	44	51	十三14～17	創13:14	-	chapter
羅4:3#1	52	57	十五1～7	創15:1	-	chapter
羅4:3#1	61	64	徒七2	徒7:2	-	book
羅4:4#1	44	49	出十二45	出12:45	-	book
羅4:4#2	137	140	十一6	羅11:6	-	chapter
羅4:11#2	1	5	13註2	羅4:13	2	bare
羅4:12#1	22	28	加五25註2	加5:25	2	book
羅4:12#1	29	35	腓三16註4	腓3:16	4	book
羅4:13#1	29	33	創一26	創1:26	-	book
羅4:13#2	36	40	加三19	加3:19	-	book
羅4:13#2	77	83	提前一4註3	提前1:4	3	book
羅4:13#2	128	131	九31	羅9:31	-	chapter
羅4:13#2	144	146	十5	羅10:5	-	chapter
羅4:13#2	147	150	腓三9	腓3:9	-	book
羅4:13#2	185	190	約壹三23	約壹3:23	-	book
羅4:13#2	204	206	11	羅4:11	-	bare
羅4:13#2	218	221	九30	羅9:30	-	chapter
羅4:13#2	222	224	十6	羅10:6	-	chapter
羅4:13#2	258	262	加三23	加3:23	-	book
羅4:13#2	263	265	25	加3:25	-	bare
羅4:13#2	364	369	林前一30	林前1:30	-	book
羅4:17#1	151	159	來十一17～19	來11:17	-	book
羅4:17#3	53	57	詩三三9	詩33:9	-	book
羅4:17#4	98	101	加三7	加3:7	-	book
羅4:18#1	29	35	來十一1註2	來11:1	2	book
羅4:25#1	36	39	三24	羅3:24	-	chapter
代上15:3#1	1	7	撒下六2註1	撒下6:2	1	book
代上16:39#1	24	32	十五28～十六1	代上15:28	-	chapter
代上16:39#1	44	51	撒上四11註1	撒上4:11	1	book
羅5:1#1	55	56	2	羅5:2	-	bare
羅5:2#4	72	78	來十一1註2	來11:1	2	book
羅5:3#1	4	7	八28	羅8:28	-	chapter
羅5:3#1	138	146	林後四16～18	林後4:16	-	book
羅5:5#1	10	14	約壹四8	約壹4:8	-	book
羅5:5#1	15	17	16	約壹4:16	-	bare
羅5:5#1	70	75	八37註1	羅8:37	1	chapter
羅5:10#1	85	88	三24	羅3:24	-	chapter
羅5:10#1	89	97	林後五18～19	林後5:18	-	book
羅5:10#2	0	3	五10	羅5:10	-	chapter
羅5:10#2	90	93	五11	羅5:11	-	chapter
羅5:10#3	118	121	八30	羅8:30	-	chapter
羅5:10#4	93	96	一16	羅1:16	-	chapter
羅5:11#1	35	38	2註5	羅5:2	5	bare
代上17:1#2	13	14	4	代上17:4	-	bare
代上17:1#2	15	16	5	代上17:5	-	bare
代上17:1#2	17	18	6	代上17:6	-	bare
代上17:1#2	19	22	12節	代上17:12	-	bare
代上17:1#2	28	30	10	代上17:10	-	bare
代上17:1#2	31	34	25節	代上17:25	-	bare
代上18:7#1	31	35	7～11	代上18:7	-	bare
代上18:7#1	38	43	二二3註1	代上22:3	1	chapter
羅5:12#1	7	10	11節	羅5:11	-	bare
羅5:12#1	26	29	12節	羅5:12	-	bare
羅5:12#1	75	77	12	羅5:12	-	bare
羅5:12#1	83	85	21	羅5:21	-	bare
羅5:12#1	95	98	六14	羅6:14	-	chapter
羅5:12#1	108	111	七11	羅7:11	-	chapter
羅5:12#1	131	134	七17	羅7:17	-	chapter
羅5:12#1	135	137	20	羅7:20	-	bare
羅5:12#1	145	147	七9	羅7:9	-	chapter
羅5:12#2	39	45	林前十五47	林前15:47	-	book
羅5:12#2	56	61	17～18	羅5:17	-	bare
羅5:12#3	11	15	約一29	約1:29	-	book
羅5:12#3	16	19	三16	約3:16	-	chapter
羅5:14#1	28	32	約一17	約1:17	-	book
羅5:14#1	55	62	徒三20～21	徒3:20	-	book
羅5:14#1	84	89	啟十一15	啟11:15	-	book
羅5:14#1	90	93	二十4	啟20:4	-	chapter
羅5:14#1	94	95	6	啟20:6	-	bare
羅5:14#2	11	13	12	羅5:12	-	bare
羅5:14#2	14	16	14	羅5:14	-	bare
羅5:14#2	17	19	17	羅5:17	-	bare
羅5:14#2	20	22	21	羅5:21	-	bare
羅5:14#2	23	25	六9	羅6:9	-	chapter
羅5:14#2	26	28	16	羅6:16	-	bare
羅5:14#2	29	31	21	羅6:21	-	bare
羅5:14#2	32	34	23	羅6:23	-	bare
羅5:14#2	35	37	七5	羅7:5	-	chapter
羅5:14#2	38	40	10	羅7:10	-	bare
羅5:14#2	41	43	13	羅7:13	-	bare
羅5:14#2	44	46	24	羅7:24	-	bare
羅5:14#2	47	49	八2	羅8:2	-	chapter
羅5:14#2	50	51	6	羅8:6	-	bare
羅5:14#2	52	54	38	羅8:38	-	bare
羅5:14#2	65	67	10	羅5:10	-	bare
羅5:14#2	68	73	17～18	羅5:17	-	bare
羅5:14#2	74	76	21	羅5:21	-	bare
羅5:14#2	77	79	六4	羅6:4	-	chapter
羅5:14#2	80	85	22～23	羅6:22	-	bare
羅5:14#2	86	89	七10	羅7:10	-	chapter
羅5:14#2	90	92	八2	羅8:2	-	chapter
羅5:14#2	93	94	6	羅8:6	-	bare
羅5:14#2	95	100	10～11	羅8:10	-	bare
羅5:14#2	101	103	38	羅8:38	-	bare
羅5:14#3	63	68	創二8～9	創2:8	-	book
羅5:14#3	69	71	17	創2:17	-	bare
羅5:14#3	72	76	三1～7	創3:1	-	chapter
羅5:14#4	64	71	弗二15～16	弗2:15	-	book
羅5:14#4	101	108	弗一22～23	弗1:22	-	book
羅5:15#1	22	24	九5	羅9:5	-	chapter
羅5:15#2	8	10	17	羅5:17	-	bare
羅5:15#2	21	23	20	羅5:20	-	bare
羅5:15#2	31	33	21	羅5:21	-	bare
羅5:16#1	12	14	17	羅5:17	-	bare
羅5:17#2	43	47	四25下	羅4:25	-	chapter
羅5:17#2	54	56	17	羅5:17	-	bare
羅5:17#2	57	59	19	羅5:19	-	bare
羅5:17#2	71	74	1～2	羅5:1	-	bare
羅5:17#3	3	5	10	羅5:10	-	bare
羅5:17#3	6	8	18	羅5:18	-	bare
羅5:17#3	9	11	21	羅5:21	-	bare
羅5:17#3	12	14	六4	羅6:4	-	chapter
羅5:17#3	15	17	八2	羅8:2	-	chapter
羅5:17#3	18	19	6	羅8:6	-	bare
羅5:17#3	20	22	10	羅8:10	-	bare
羅5:17#3	66	71	約十一25	約11:25	-	book
羅5:17#3	72	75	十四6	約14:6	-	chapter
羅5:17#3	76	79	西三4	西3:4	-	book
羅5:17#3	100	104	路八14	路8:14	-	book
羅5:17#3	125	133	太十六25～26	太16:25	-	book
羅5:17#3	134	139	約十二25	約12:25	-	book
羅5:18#2	23	26	21節	羅5:21	-	bare
羅5:18#2	68	71	八10	羅8:10	-	chapter
羅5:19#2	30	32	18	羅5:18	-	bare
羅5:19#2	34	37	腓二8	腓2:8	-	book
羅5:21#2	60	63	一17	羅1:17	-	chapter
代上21:18#1	23	27	代下三1	代下3:1	-	book
代上22:2#1	0	8	二二2～二九30	代上22:2	-	chapter
代上22:3#1	43	49	十八7～11	代上18:7	-	chapter
代上22:3#1	50	55	二二2～5	代上22:2	-	chapter
代上22:3#1	56	62	14～16上	代上22:14	-	bare
代上22:3#1	63	66	二八2	代上28:2	-	chapter
代上22:3#1	67	72	二九2～9	代上29:2	-	chapter
代上22:3#1	74	80	弗三8～10	弗3:8	-	book
代上22:3#1	91	93	14	代上22:14	-	bare
代上22:9#1	46	52	王上二1註1	王上2:1	1	book
代上22:10#1	1	6	太一1註3	太1:1	3	book
代上23:2#1	24	30	六31～48	代上6:31	-	chapter
代上23:2#1	61	69	林前十二4～11	林前12:4	-	book
代上23:2#1	104	113	林前十二28～30	林前12:28	-	book
代上23:2#1	114	118	十四40	林前14:40	-	chapter
代上23:3#1	1	6	民四3註1	民4:3	1	book
代上23:31#1	1	8	民二八11註1	民28:11	1	book
羅6:3#2	14	20	林前十五45	林前15:45	-	book
羅6:3#2	21	23	47	林前15:47	-	bare
羅6:3#2	48	54	林前十五47	林前15:47	-	book
羅6:3#2	61	66	林前一30	林前1:30	-	book
羅6:3#2	67	71	加三27	加3:27	-	book
羅6:4#2	17	18	6	羅6:6	-	bare
羅6:4#3	106	109	八29	羅8:29	-	chapter
羅6:5#1	7	9	4節	羅6:4	-	bare
羅6:5#1	22	24	4節	羅6:4	-	bare
羅6:5#2	106	110	十一24	羅11:24	-	chapter
羅6:5#3	104	109	約十一25	約11:25	-	book
羅6:6#1	17	19	9節	羅6:9	-	bare
羅6:6#1	23	26	16節	羅6:16	-	bare
羅6:6#2	28	32	加二20	加2:20	-	book
羅6:6#3	1	7	加五24註2	加5:24	2	book
羅6:6#4	51	54	七24	羅7:24	-	chapter
羅6:6#4	138	140	八3	羅8:3	-	chapter
羅6:6#5	66	71	18～22	羅6:18	-	bare
羅6:14#1	18	20	12	羅6:12	-	bare
羅6:14#3	25	27	猶4	猶1:4	-	book
羅6:14#3	67	71	來十16	來10:16	-	book
羅6:18#1	11	12	6	羅6:6	-	bare
羅6:19#2	4	8	一2註3	羅1:2	3	chapter
羅6:19#2	41	46	太二三17	太23:17	-	book
羅6:19#2	47	49	19	太23:19	-	bare
羅6:19#2	50	56	提前四3～5	提前4:3	-	book
羅6:19#2	114	117	十二2	羅12:2	-	chapter
羅6:19#2	118	123	林後三18	林後3:18	-	book
羅6:22#1	1	5	19註2	羅6:19	2	bare
羅6:22#2	20	21	4	羅6:4	-	bare
羅6:22#2	22	24	23	羅6:23	-	bare
羅6:23#2	44	49	五12註4	羅5:12	4	chapter
羅6:23#3	92	95	西三4	西3:4	-	book
代上24:2#1	1	7	利十1～11	利10:1	-	book
代上25:1#1	1	8	民十六33註1	民16:33	1	book
代上25:5#1	15	20	撒上二10	撒上2:10	-	book
代上26:13#1	1	7	書十四2註1	書14:2	1	book
羅7:1#1	0	4	1～6節	羅7:1	-	bare
羅7:1#1	6	9	六14	羅6:14	-	chapter
羅7:1#1	91	93	六6	羅6:6	-	chapter
羅7:2#1	25	27	六6	羅6:6	-	chapter
羅7:2#1	47	51	1～6節	羅7:1	-	bare
羅7:2#1	52	54	六6	羅6:6	-	chapter
羅7:2#2	28	31	4註1	羅7:4	1	bare
羅7:2#2	98	99	5	羅7:5	-	bare
羅7:2#2	100	103	三20	羅3:20	-	chapter
羅7:2#2	104	107	五20	羅5:20	-	chapter
羅7:4#1	23	25	六6	羅6:6	-	chapter
羅7:4#1	165	169	賽五四5	賽54:5	-	book
羅7:4#1	170	175	林前十一3	林前11:3	-	book
羅7:4#3	61	62	5	羅7:5	-	bare
羅7:6#1	27	30	2～3	羅7:2	-	bare
羅7:6#1	31	35	加二19	加2:19	-	book
羅7:6#2	24	29	提後四22	提後4:22	-	book
羅7:6#2	91	95	一9註1	羅1:9	1	chapter
羅7:6#3	1	3	六4	羅6:4	-	chapter
羅7:7#1	10	14	利十九2	利19:2	-	book
羅7:7#1	52	55	三20	羅3:20	-	chapter
羅7:7#1	56	59	四15	羅4:15	-	chapter
羅7:7#1	60	63	五20	羅5:20	-	chapter
羅7:7#1	81	84	三19	羅3:19	-	chapter
羅7:7#2	1	6	7～25節	羅7:7	-	bare
羅7:7#2	80	82	19	羅7:19	-	bare
羅7:7#2	83	85	23	羅7:23	-	bare
羅7:7#2	104	109	18～19	羅7:18	-	bare
羅7:7#2	110	112	21	羅7:21	-	bare
羅7:8#1	10	12	11	羅7:11	-	bare
羅7:8#1	13	15	17	羅7:17	-	bare
羅7:8#1	16	19	20節	羅7:20	-	bare
羅7:10#1	8	11	四15	羅4:15	-	chapter
羅7:10#1	12	15	五13	羅5:13	-	chapter
羅7:10#1	16	18	20	羅5:20	-	bare
羅7:11#1	26	32	林前十五56	林前15:56	-	book
羅7:14#1	10	14	六6註1	羅6:6	1	chapter
羅7:14#2	20	24	約四24	約4:24	-	book
羅7:14#3	58	64	林前三1註2	林前3:1	2	book
羅7:18#1	10	14	六6註1	羅6:6	1	chapter
羅7:18#2	193	196	五19	羅5:19	-	chapter
羅7:18#3	59	64	22～23	羅7:22	-	bare
羅7:18#3	71	76	18～21	羅7:18	-	bare
羅7:18#4	17	22	22～23	羅7:22	-	bare
羅7:21#1	2	5	20節	羅7:20	-	bare
羅7:21#1	46	49	23節	羅7:23	-	bare
羅7:23#1	54	56	23	羅7:23	-	bare
羅7:23#1	91	93	23	羅7:23	-	bare
羅7:23#1	147	149	八2	羅8:2	-	chapter
羅7:23#1	150	152	16	羅8:16	-	bare
羅7:23#1	226	228	22	羅7:22	-	bare
羅7:23#1	229	231	25	羅7:25	-	bare
羅7:23#2	66	73	加五16～25	加5:16	-	book
羅7:24#1	33	35	14	羅7:14	-	bare
羅7:24#1	48	50	18	羅7:18	-	bare
羅7:24#1	61	66	15～20	羅7:15	-	bare
羅7:24#3	8	10	六6	羅6:6	-	chapter
羅7:25#1	33	35	23	羅7:23	-	bare
羅7:25#3	9	11	20	羅7:20	-	bare
羅7:25#3	12	14	21	羅7:21	-	bare
代上27:1#1	32	36	1～15	代上27:1	-	bare
代上27:1#1	77	84	王上十二4註1	王上12:4	1	book
代上27:16#1	31	38	弗一22～23	弗1:22	-	book
代上27:16#1	39	42	五24	弗5:24	-	chapter
代上27:16#1	43	48	西一18上	西1:18	-	book
代上28:6#1	1	6	太一1註3	太1:1	3	book
代上28:11#1	41	46	11～19	代上28:11	-	bare
代上28:11#1	78	85	創六14～16	創6:14	-	book
代上28:11#1	86	94	林前三10～12	林前3:10	-	book
代上28:11#1	95	100	來十一10	來11:10	-	book
代上28:11#1	133	137	代下三1	代下3:1	-	book
代上28:14#1	84	93	林前十二14～31	林前12:14	-	book
代上28:14#1	94	99	十四5～6	林前14:5	-	chapter
代上28:14#1	100	102	19	林前14:19	-	bare
羅8:1#2	71	74	五10	羅5:10	-	chapter
羅8:1#3	0	7	一18～三20	羅1:18	-	chapter
羅8:1#3	13	16	五16	羅5:16	-	chapter
羅8:1#3	17	19	18	羅5:18	-	bare
羅8:1#3	93	99	七17～18	羅7:17	-	chapter
羅8:1#3	100	105	20～24	羅7:20	-	bare
羅8:1#3	131	134	三25	羅3:25	-	chapter
羅8:2#1	30	31	2	羅8:2	-	bare
羅8:2#1	55	57	10	羅8:10	-	bare
羅8:2#1	105	106	6	羅8:6	-	bare
羅8:2#1	135	137	11	羅8:11	-	bare
羅8:2#1	157	161	腓三21	腓3:21	-	book
羅8:2#1	175	177	23	羅8:23	-	bare
羅8:2#2	76	79	五21	羅5:21	-	chapter
羅8:2#2	158	161	一17	羅1:17	-	chapter
羅8:2#2	162	164	二7	羅2:7	-	chapter
羅8:2#2	165	168	五10	羅5:10	-	chapter
羅8:2#2	169	174	17～18	羅5:17	-	bare
羅8:2#2	175	177	21	羅5:21	-	bare
羅8:2#2	178	180	六4	羅6:4	-	chapter
羅8:2#2	181	186	22～23	羅6:22	-	bare
羅8:2#2	258	262	約六63	約6:63	-	book
羅8:2#3	133	136	七23	羅7:23	-	chapter
羅8:2#3	137	139	17	羅7:17	-	bare
羅8:2#3	267	270	4註3	羅8:4	3	bare
羅8:2#4	66	72	七23～25	羅7:23	-	chapter
羅8:2#6	29	33	約八34	約8:34	-	book
羅8:3#1	10	13	七18	羅7:18	-	chapter
羅8:3#1	24	27	七17	羅7:17	-	chapter
羅8:3#1	39	42	七24	羅7:24	-	chapter
羅8:3#1	67	70	三20	羅3:20	-	chapter
羅8:3#3	21	25	約一14	約1:14	-	book
羅8:3#3	26	30	來二14	來2:14	-	book
羅8:3#3	31	36	提前三16	提前3:16	-	book
羅8:3#3	58	63	林後五21	林後5:21	-	book
羅8:3#3	64	68	來四15	來4:15	-	book
羅8:3#3	93	97	民二一9	民21:9	-	book
羅8:3#3	98	102	約三14	約3:14	-	book
羅8:3#3	185	189	西一22	西1:22	-	book
羅8:3#3	190	195	彼前三18	彼前3:18	-	book
羅8:3#3	239	244	約十二31	約12:31	-	book
羅8:3#3	245	249	十六11	約16:11	-	chapter
羅8:3#3	263	267	來二14	來2:14	-	book
羅8:3#3	340	341	4	羅8:4	-	bare
羅8:4#2	54	57	本章9	羅8:9	-	anaphor
羅8:4#2	58	61	16節	羅8:16	-	bare
羅8:4#2	112	114	16	羅8:16	-	bare
羅8:4#2	118	123	林前六17	林前6:17	-	book
羅8:4#2	139	144	林後三17	林後3:17	-	book
羅8:4#2	145	151	林前十五45	林前15:45	-	book
羅8:4#3	16	22	加五16註2	加5:16	2	book
羅8:4#3	69	70	4	羅8:4	-	bare
羅8:4#3	90	93	5～6	羅8:5	-	bare
羅8:4#3	111	113	13	羅8:13	-	bare
羅8:4#3	132	134	14	羅8:14	-	bare
羅8:4#3	152	154	15	羅8:15	-	bare
羅8:4#3	170	172	16	羅8:16	-	bare
羅8:4#3	201	203	23	羅8:23	-	bare
羅8:5#3	27	35	約十六14～15	約16:14	-	book
羅8:6#1	9	13	6～8節	羅8:6	-	bare
羅8:6#1	162	163	2	羅8:2	-	bare
羅8:6#1	204	207	7～8	羅8:7	-	bare
羅8:6#2	68	69	7	羅8:7	-	bare
羅8:6#3	10	12	5節	羅8:5	-	bare
羅8:6#3	23	28	7～13節	羅8:7	-	bare
羅8:6#3	49	50	2	羅8:2	-	bare
代下1:1#1	2	9	一1～九31上	代下1:1	-	chapter
代下1:1#1	16	26	王上三4～十一43上	王上3:4	-	book
代下2:3#1	5	9	王上五2	王上5:2	-	book
代下2:13#1	5	13	王上七13～14	王上7:13	-	book
代下3:1#1	20	24	創二二2	創22:2	-	book
代下3:1#1	36	42	創二二2註2	創22:2	2	book
代下3:1#1	49	56	申十二5～18	申12:5	-	book
代下3:1#1	59	66	申十二5～18	申12:5	-	book
代下3:1#1	105	114	撒下二四18～25	撒下24:18	-	book
代下3:15#1	1	8	王上七15註1	王上7:15	1	book
羅8:8#1	0	4	8～9節	羅8:8	-	bare
羅8:9#1	15	17	15	羅8:15	-	bare
羅8:9#1	22	23	3	羅8:3	-	bare
羅8:9#1	24	26	29	羅8:29	-	bare
羅8:9#1	27	29	32	羅8:32	-	bare
羅8:9#1	34	35	9	羅8:9	-	bare
羅8:9#1	36	38	11	羅8:11	-	bare
羅8:9#1	39	44	13～14	羅8:13	-	bare
羅8:9#1	45	47	16	羅8:16	-	bare
羅8:9#1	48	50	23	羅8:23	-	bare
羅8:9#1	51	53	26	羅8:26	-	bare
羅8:9#1	87	88	2	羅8:2	-	bare
羅8:9#1	89	90	6	羅8:6	-	bare
羅8:9#1	91	96	10～11	羅8:10	-	bare
羅8:9#1	109	114	14～15	羅8:14	-	bare
羅8:9#1	115	117	19	羅8:19	-	bare
羅8:9#1	118	120	23	羅8:23	-	bare
羅8:9#1	121	123	29	羅8:29	-	bare
羅8:9#1	124	126	17	羅8:17	-	bare
羅8:9#1	138	143	十二4～5	羅12:4	-	chapter
羅8:9#2	10	14	弗三17	弗3:17	-	book
羅8:9#2	78	80	10	羅8:10	-	bare
羅8:9#2	97	98	6	羅8:6	-	bare
羅8:9#2	117	119	11	羅8:11	-	bare
羅8:9#3	53	58	林後三17	林後3:17	-	book
羅8:9#3	70	75	提後四22	提後4:22	-	book
羅8:9#3	86	91	林前六17	林前6:17	-	book
羅8:9#4	33	35	2節	羅8:2	-	bare
羅8:9#4	107	111	約四24	約4:24	-	book
羅8:9#4	112	117	林後三17	林後3:17	-	book
羅8:9#4	118	122	羅八11	羅8:11	-	book
羅8:9#4	280	282	10	羅8:10	-	bare
羅8:9#4	334	335	2	羅8:2	-	bare
羅8:10#4	47	48	3	羅8:3	-	bare
羅8:10#6	46	49	五18	羅5:18	-	chapter
羅8:10#6	50	52	21	羅5:21	-	bare
羅8:10#7	63	68	林前六17	林前6:17	-	book
羅8:11#3	1	4	9註2	羅8:9	2	bare
羅8:13#2	135	137	11	羅8:11	-	bare
羅8:13#3	31	33	23	羅8:23	-	bare
羅8:14#2	27	28	2	羅8:2	-	bare
羅8:14#2	33	37	9～13	羅8:9	-	bare
羅8:14#2	42	46	6～11	羅8:6	-	bare
羅8:14#3	82	84	15	羅8:15	-	bare
羅8:14#3	85	87	23	羅8:23	-	bare
羅8:14#3	96	99	16節	羅8:16	-	bare
羅8:14#3	123	126	17節	羅8:17	-	bare
羅8:14#3	267	269	17	羅8:17	-	bare
羅8:14#3	270	272	23	羅8:23	-	bare
羅8:15#1	21	26	加四6註1	加4:6	1	book
羅8:15#2	73	78	加四6註4	加4:6	4	book
羅8:16#2	66	71	林前六17	林前6:17	-	book
羅8:16#2	74	77	約三6	約3:6	-	book
羅8:16#2	78	81	四24	約4:24	-	chapter
羅8:16#3	17	19	15	羅8:15	-	bare
羅8:19#2	113	117	一4註6	羅1:4	6	chapter
羅8:23#2	92	94	19	羅8:19	-	bare
羅8:23#2	95	97	22	羅8:22	-	bare
羅8:26#1	36	39	23節	羅8:23	-	bare
羅8:26#1	59	62	23節	羅8:23	-	bare
羅8:26#2	65	67	23	羅8:23	-	bare
羅8:27#1	34	35	6	羅8:6	-	bare
代下4:3#1	0	5	王上七24	王上7:24	-	book
代下6:9#1	1	6	太一1註3	太1:1	3	book
羅8:28#4	65	67	29	羅8:29	-	bare
羅8:29#1	0	6	29～30節	羅8:29	-	bare
羅8:29#3	96	97	2	羅8:2	-	bare
羅8:29#4	30	37	約二十17註2	約20:17	2	book
羅8:29#4	128	132	弗一23	弗1:23	-	book
羅8:29#4	133	136	三19	弗3:19	-	chapter
羅8:29#5	14	18	約一18	約1:18	-	book
羅8:29#5	39	43	約壹四9	約壹4:9	-	book
羅8:29#5	44	48	約一14	約1:14	-	book
羅8:29#5	49	52	三16	約3:16	-	chapter
羅8:29#5	110	115	徒十三33	徒13:33	-	book
羅8:29#5	141	145	彼前一3	彼前1:3	-	book
羅8:29#5	364	368	弗一23	弗1:23	-	book
羅8:29#5	393	398	啟二一11	啟21:11	-	book
羅8:29#5	425	428	十二5	羅12:5	-	chapter
羅8:29#5	445	449	弗三19	弗3:19	-	book
羅8:30#1	26	29	三19	羅3:19	-	chapter
羅8:30#1	40	44	五1～2	羅5:1	-	chapter
羅8:30#1	80	84	來二10	來2:10	-	book
羅8:30#2	47	50	七24	羅7:24	-	chapter
羅8:30#2	51	54	八11	羅8:11	-	chapter
羅8:30#2	55	57	六6	羅6:6	-	chapter
羅8:30#2	97	101	腓三21	腓3:21	-	book
羅8:34#2	20	23	10節	羅8:10	-	bare
羅8:34#2	43	48	提後四22	提後4:22	-	book
羅8:34#2	56	61	林後三17	林後3:17	-	book
羅8:34#3	14	17	26節	羅8:26	-	bare
羅8:34#3	49	54	林後三18	林後3:18	-	book
羅8:39#1	35	37	五5	羅5:5	-	chapter
羅8:39#1	55	60	38～39	羅8:38	-	bare
羅8:39#1	82	84	35	羅8:35	-	bare
羅8:39#1	144	149	35～36	羅8:35	-	bare
羅8:39#1	187	189	28	羅8:28	-	bare
羅8:39#1	215	217	37	羅8:37	-	bare
羅8:39#1	348	350	18	羅8:18	-	bare
羅8:39#1	351	353	30	羅8:30	-	bare
代下8:17#1	6	11	王上九26	王上9:26	-	book
羅9:1#2	1	4	八16	羅8:16	-	chapter
羅9:5#1	23	26	五15	羅5:15	-	chapter
羅9:6#2	62	65	7～8	羅9:7	-	bare
羅9:6#2	92	94	11	羅9:11	-	bare
羅9:6#2	95	97	16	羅9:16	-	bare
羅9:11#1	1	6	八28註5	羅8:28	5	chapter
羅9:21#1	98	100	23	羅9:23	-	bare
羅9:23#1	39	45	八17～23	羅8:17	-	chapter
代下9:26#1	8	15	王上四21註1	王上4:21	1	book
羅10:4#1	9	13	太五17	太5:17	-	book
羅10:4#1	25	29	八3～4	羅8:3	-	chapter
羅10:7#1	5	9	路八31	路8:31	-	book
羅10:7#1	16	19	啟九1	啟9:1	-	book
羅10:7#1	20	21	2	啟9:2	-	bare
羅10:7#1	22	24	11	啟9:11	-	bare
羅10:7#1	53	57	啟十一7	啟11:7	-	book
羅10:7#1	58	61	十七8	啟17:8	-	chapter
羅10:7#1	80	84	啟二十1	啟20:1	-	book
羅10:7#1	85	86	3	啟20:3	-	bare
羅10:7#1	118	121	創一2	創1:2	-	book
羅10:7#1	154	158	徒二24	徒2:24	-	book
羅10:7#1	159	161	27	徒2:27	-	bare
羅10:7#1	246	249	弗四9	弗4:9	-	book
羅10:8#1	14	17	6～7	羅10:6	-	bare
羅10:8#1	65	69	弗六17	弗6:17	-	book
羅10:9#1	63	69	九21～23	羅9:21	-	chapter
羅10:12#1	56	59	弗三8	弗3:8	-	book
羅10:13#1	92	98	徒二21註1	徒2:21	1	book
羅10:14#1	27	29	10	羅10:10	-	bare
羅10:14#1	30	32	13	羅10:13	-	bare
羅10:14#2	14	16	17	羅10:17	-	bare
羅10:16#1	59	63	十一28	羅11:28	-	chapter
代下11:5#1	0	8	代下十一5～23	代下11:5	-	book
代下11:5#1	9	15	十三1～21	代下13:1	-	chapter
代下11:5#1	16	24	十四6～十五15	代下14:6	-	chapter
代下11:5#1	25	31	十七1～19	代下17:1	-	chapter
代下11:5#1	32	40	十九1～二十30	代下19:1	-	chapter
代下11:5#1	41	48	二一12～18	代下21:12	-	chapter
代下11:5#1	49	57	二四14下～24	代下24:14	-	chapter
代下11:5#1	58	64	二五5～16	代下25:5	-	chapter
代下11:5#1	65	72	二六6～21上	代下26:6	-	chapter
代下11:5#1	73	79	二八8～15	代下28:8	-	chapter
代下11:5#1	80	87	二九3～三二8	代下29:3	-	chapter
代下11:5#1	88	95	三三11～17	代下33:11	-	chapter
代下11:5#1	98	103	三四3～7	代下34:3	-	chapter
代下11:5#1	200	209	王上十二25～33	王上12:25	-	book
代下11:5#1	284	290	十三4～11	代下13:4	-	chapter
代下11:5#1	293	298	太一7註1	太1:7	1	book
代下11:13#1	81	86	13～17	代下11:13	-	bare
代下11:13#1	88	91	十二1	代下12:1	-	chapter
代下11:21#1	30	37	王上十一1～3	王上11:1	-	book
代下11:22#1	107	112	22～23	代下11:22	-	bare
代下11:22#1	162	168	十1～十一4	代下10:1	-	chapter
代下11:22#1	188	195	撒上三一6註1	撒上31:6	1	book
羅11:11#1	16	19	九32	羅9:32	-	chapter
羅11:11#1	48	53	徒十三46	徒13:46	-	book
羅11:16#1	17	20	28節	羅11:28	-	bare
羅11:17#1	12	16	六5註2	羅6:5	2	chapter
羅11:17#2	2	6	太二15	太2:15	-	book
羅11:17#2	9	13	何十一1	何11:1	-	book
羅11:17#2	87	89	16	羅11:16	-	bare
羅11:17#2	116	119	弗三8	弗3:8	-	book
羅11:17#2	145	149	約十五1	約15:1	-	book
羅11:17#2	150	151	5	約15:5	-	bare
羅11:23#1	47	52	亞十二10	亞12:10	-	book
羅11:23#1	53	58	羅十一26	羅11:26	-	book
羅11:25#1	35	40	路二一24	路21:24	-	book
羅11:28#1	52	54	29	羅11:29	-	bare
羅11:33#1	63	70	十六25～27	羅16:25	-	chapter
代下13:5#1	1	7	利二13註2	利2:13	2	book
代下13:21#1	1	7	十一21註1	代下11:21	1	chapter
代下14:5#1	1	9	王上十二31註1	王上12:31	1	book
羅12:1#1	70	71	5	羅12:5	-	bare
羅12:1#2	1	6	九15註2	羅9:15	2	chapter
羅12:1#4	38	39	1	羅12:1	-	bare
羅12:1#4	47	48	2	羅12:2	-	bare
羅12:1#4	58	60	11	羅12:11	-	bare
羅12:1#5	25	28	六13	羅6:13	-	chapter
羅12:1#7	10	14	一9註2	羅1:9	2	chapter
羅12:2#1	94	99	林後三18	林後3:18	-	book
羅12:2#2	18	23	加一4註3	加1:4	3	book
羅12:2#2	52	57	弗二2註1	弗2:2	1	book
羅12:2#2	91	95	加六14	加6:14	-	book
羅12:2#3	46	48	八6	羅8:6	-	chapter
羅12:2#4	104	109	林後三18	林後3:18	-	book
羅12:2#4	131	134	八29	羅8:29	-	chapter
羅12:2#6	64	67	3～5	羅12:3	-	bare
羅12:4#1	14	15	1	羅12:1	-	bare
羅12:6#1	148	151	弗四8	弗4:8	-	book
羅12:6#1	236	238	2節	羅12:2	-	bare
羅12:6#1	249	253	林前一7	林前1:7	-	book
羅12:6#2	75	81	林前十四4下	林前14:4	-	book
羅12:6#2	89	90	7	羅12:7	-	bare
羅12:6#2	96	97	8	羅12:8	-	bare
羅12:7#1	17	20	十六1	羅16:1	-	chapter
羅12:7#1	21	28	提前三8～13	提前3:8	-	book
羅12:7#1	29	32	腓一1	腓1:1	-	book
代下16:12#1	36	39	1～6	代下16:1	-	bare
代下16:12#1	68	70	10	代下16:10	-	bare
代下16:12#1	100	102	13	代下16:13	-	bare
代下16:12#1	344	347	羅八4	羅8:4	-	book
代下16:12#1	348	350	16	羅8:16	-	bare
代下16:12#1	351	355	加五16	加5:16	-	book
代下16:12#1	356	358	25	加5:25	-	bare
代下16:12#1	426	430	加二20	加2:20	-	book
代下16:12#1	523	528	申八7註1	申8:7	1	book
代下16:12#1	531	537	王上一1註1	王上1:1	1	book
代下17:7#1	30	33	7～9	代下17:7	-	bare
代下19:2#1	70	73	1～3	代下19:1	-	bare
代下19:2#1	125	131	十六12註1	代下16:12	1	chapter
代下19:10#1	1	6	路一6註4	路1:6	4	book
羅12:9#1	0	5	9～21節	羅12:9	-	bare
羅12:9#1	68	72	9～10	羅12:9	-	bare
羅12:9#1	73	75	13	羅12:13	-	bare
羅12:9#1	76	81	15～16	羅12:15	-	bare
羅12:9#1	90	92	11	羅12:11	-	bare
羅12:9#1	102	104	12	羅12:12	-	bare
羅12:9#1	118	120	14	羅12:14	-	bare
羅12:9#1	121	126	17～21	羅12:17	-	bare
羅12:9#1	142	144	17	羅12:17	-	bare
羅12:11#2	10	14	一1註3	羅1:1	3	chapter
羅12:14#1	45	48	五10	羅5:10	-	chapter
羅13:1#2	0	3	十二2	羅12:2	-	chapter
羅13:1#3	31	34	創九6	創9:6	-	book
羅13:4#1	3	6	十六1	羅16:1	-	chapter
羅13:4#1	7	11	提前三8	提前3:8	-	book
羅13:11#1	22	25	八19	羅8:19	-	chapter
羅13:11#1	26	28	21	羅8:21	-	bare
羅13:11#1	29	31	23	羅8:23	-	bare
羅13:14#1	20	22	六3	羅6:3	-	chapter
羅13:14#1	23	27	加三27	加3:27	-	book
羅13:14#1	57	61	加二20	加2:20	-	book
羅13:14#1	70	74	腓一21	腓1:21	-	book
羅13:14#1	83	87	腓一20	腓1:20	-	book
羅13:14#1	102	104	12	羅13:12	-	bare
羅13:14#1	146	150	加五17	加5:17	-	book
羅13:14#1	169	173	弗六12	弗6:12	-	book
羅13:14#1	191	194	七23	羅7:23	-	chapter
羅13:14#2	8	12	十二17	羅12:17	-	chapter
代下20:1#1	14	17	二六7	代下26:7	-	chapter
代下20:1#1	18	23	代上四41	代上4:41	-	book
代下20:37#1	1	6	十九2註1	代下19:2	1	chapter
代下21:7#1	1	8	撒下七5～17	撒下7:5	-	book
代下22:1#1	1	5	二一17	代下21:17	-	chapter
代下22:2#1	3	8	王下八26	王下8:26	-	book
代下22:6#1	3	8	王下八29	王下8:29	-	book
代下22:10#1	12	17	王下十一1	王下11:1	-	book
羅14:1#2	32	38	1～十五13	羅14:1	-	bare
羅14:1#3	15	20	約壹五21	約壹5:21	-	book
羅14:1#3	21	27	林前八4～7	林前8:4	-	book
羅14:1#3	44	51	林前五9～11	林前5:9	-	book
羅14:1#3	52	57	六9～10	林前6:9	-	chapter
羅14:1#3	64	68	十六17	羅16:17	-	chapter
羅14:1#3	69	73	多三10	多3:10	-	book
羅14:1#3	84	89	約貳7～9	約貳1:7	-	book
羅14:3#1	14	17	2～3	羅14:2	-	bare
羅14:3#1	22	25	5～6	羅14:5	-	bare
羅14:10#1	10	12	二2	羅2:2	-	chapter
羅14:10#1	13	14	3	羅2:3	-	bare
羅14:10#1	15	16	5	羅2:5	-	bare
羅14:10#1	17	19	16	羅2:16	-	bare
羅14:10#1	20	22	三8	羅3:8	-	chapter
羅14:10#1	46	54	啟二十11～15	啟20:11	-	book
羅14:17#2	137	142	來十二11	來12:11	-	book
羅14:17#2	249	254	徒十三52	徒13:52	-	book
羅14:18#1	10	14	一1註3	羅1:1	3	chapter
代下26:1#1	1	7	王下十四21	王下14:21	-	book
羅15:5#1	71	73	6節	羅15:6	-	bare
羅15:6#1	107	111	創十一7	創11:7	-	book
羅15:6#1	112	113	9	創11:9	-	bare
羅15:7#1	0	3	十四3	羅14:3	-	chapter
羅15:8#1	1	5	三7註1	羅3:7	1	chapter
羅15:8#2	0	4	8～9節	羅15:8	-	bare
羅15:12#1	45	50	9～11節	羅15:9	-	bare
羅15:12#1	92	96	徒十36	徒10:36	-	book
羅15:16#3	140	145	六19註2	羅6:19	2	chapter
羅15:17#1	1	5	五2註5	羅5:2	5	chapter
羅15:19#1	49	51	23	羅15:23	-	bare
羅15:23#1	22	25	徒一8	徒1:8	-	book
代下28:3#1	19	25	太五22註9	太5:22	9	book
代下29:1#1	2	10	二九1～三二33	代下29:1	-	chapter
代下29:1#1	19	27	賽三六1～三九8	賽36:1	-	book
羅15:27#2	18	22	來十11	來10:11	-	book
羅15:27#2	30	33	16節	羅15:16	-	bare
羅15:31#1	10	13	25節	羅15:25	-	bare
羅16:1#1	46	47	1	羅16:1	-	bare
羅16:1#1	48	51	4～5	羅16:4	-	bare
羅16:1#1	52	54	16	羅16:16	-	bare
羅16:1#1	55	57	23	羅16:23	-	bare
羅16:1#1	93	96	1註2	羅16:1	2	bare
羅16:1#2	4	7	十六1	羅16:1	-	chapter
羅16:1#2	29	30	1	羅16:1	-	bare
羅16:1#2	31	34	4～5	羅16:4	-	bare
羅16:1#2	35	37	16	羅16:16	-	bare
羅16:1#2	38	40	23	羅16:23	-	bare
羅16:1#2	96	99	八31	羅8:31	-	chapter
羅16:1#2	105	107	一7	羅1:7	-	chapter
羅16:1#2	108	111	八15	羅8:15	-	chapter
羅16:1#2	117	119	一4	羅1:4	-	chapter
羅16:1#2	120	122	八3	羅8:3	-	chapter
羅16:1#2	130	132	一3	羅1:3	-	chapter
羅16:1#2	133	134	7	羅1:7	-	bare
羅16:1#2	135	138	十12	羅10:12	-	chapter
羅16:1#2	139	142	十四9	羅14:9	-	chapter
羅16:1#2	147	150	三26	羅3:26	-	chapter
羅16:1#2	151	154	四24	羅4:24	-	chapter
羅16:1#2	159	161	五6	羅5:6	-	chapter
羅16:1#2	162	164	六4	羅6:4	-	chapter
羅16:1#2	165	168	八34	羅8:34	-	chapter
羅16:1#2	169	171	六3	羅6:3	-	chapter
羅16:1#2	172	175	八10	羅8:10	-	chapter
羅16:1#2	176	180	十三14	羅13:14	-	chapter
羅16:1#2	184	187	五15	羅5:15	-	chapter
羅16:1#2	194	198	十五12	羅15:12	-	chapter
羅16:1#2	204	206	五5	羅5:5	-	chapter
羅16:1#2	207	210	八16	羅8:16	-	chapter
羅16:1#2	211	213	26	羅8:26	-	bare
羅16:1#2	225	228	八23	羅8:23	-	chapter
羅16:1#2	236	239	九23	羅9:23	-	chapter
羅16:1#2	240	244	十一32	羅11:32	-	chapter
羅16:1#2	252	255	九15	羅9:15	-	chapter
羅16:1#2	256	259	十二1	羅12:1	-	chapter
羅16:1#2	266	268	五5	羅5:5	-	chapter
羅16:1#2	269	272	八35	羅8:35	-	chapter
羅16:1#2	273	275	39	羅8:39	-	bare
羅16:1#2	283	285	二4	羅2:4	-	chapter
羅16:1#2	286	290	十一22	羅11:22	-	chapter
羅16:1#2	298	300	五2	羅5:2	-	chapter
羅16:1#2	301	303	15	羅5:15	-	bare
羅16:1#2	313	319	五15～16	羅5:15	-	chapter
羅16:1#2	320	324	十一29	羅11:29	-	chapter
羅16:1#2	332	335	十二6	羅12:6	-	chapter
羅16:1#2	342	345	一17	羅1:17	-	chapter
羅16:1#2	346	349	三21	羅3:21	-	chapter
羅16:1#2	358	360	一4	羅1:4	-	chapter
羅16:1#2	367	369	三3	羅3:3	-	chapter
羅16:1#2	377	381	十五33	羅15:33	-	chapter
羅16:1#2	382	386	十六20	羅16:20	-	chapter
羅16:1#2	394	398	十五13	羅15:13	-	chapter
羅16:1#2	406	410	十五13	羅15:13	-	chapter
羅16:1#2	418	421	十五5	羅15:5	-	chapter
羅16:1#2	429	432	十五5	羅15:5	-	chapter
羅16:1#2	440	443	十12	羅10:12	-	chapter
羅16:1#2	444	448	十一33	羅11:33	-	chapter
羅16:1#2	456	460	十一33	羅11:33	-	chapter
羅16:1#2	468	472	十一33	羅11:33	-	chapter
羅16:1#2	480	483	一16	羅1:16	-	chapter
羅16:1#2	491	494	九21	羅9:21	-	chapter
羅16:1#2	502	505	五21	羅5:21	-	chapter
羅16:1#2	515	517	八2	羅8:2	-	chapter
羅16:1#2	527	530	八15	羅8:15	-	chapter
羅16:1#2	537	539	五2	羅5:2	-	chapter
羅16:1#2	540	543	九23	羅9:23	-	chapter
羅16:1#2	550	554	十四17	羅14:17	-	chapter
羅16:1#2	562	565	八29	羅8:29	-	chapter
羅16:1#2	573	576	九11	羅9:11	-	chapter
羅16:1#2	577	580	十一5	羅11:5	-	chapter
羅16:1#2	588	591	八29	羅8:29	-	chapter
羅16:1#2	599	602	九23	羅9:23	-	chapter
羅16:1#2	610	615	十一4～5	羅11:4	-	chapter
羅16:1#2	623	626	八30	羅8:30	-	chapter
羅16:1#2	627	631	十一29	羅11:29	-	chapter
羅16:1#2	639	643	十一17	羅11:17	-	chapter
羅16:1#2	651	654	三24	羅3:24	-	chapter
羅16:1#2	662	665	三25	羅3:25	-	chapter
羅16:1#2	673	676	一16	羅1:16	-	chapter
羅16:1#2	684	687	三26	羅3:26	-	chapter
羅16:1#2	688	690	30	羅3:30	-	bare
羅16:1#2	698	704	五10～11	羅5:10	-	chapter
羅16:1#2	712	714	八2	羅8:2	-	chapter
羅16:1#2	722	725	六19	羅6:19	-	chapter
羅16:1#2	726	728	22	羅6:22	-	bare
羅16:1#2	736	739	十二2	羅12:2	-	chapter
羅16:1#2	747	750	十二2	羅12:2	-	chapter
羅16:1#2	758	761	八29	羅8:29	-	chapter
羅16:1#2	774	777	八23	羅8:23	-	chapter
羅16:1#2	788	791	八30	羅8:30	-	chapter
羅16:1#2	799	802	十四3	羅14:3	-	chapter
羅16:1#2	803	806	十五7	羅15:7	-	chapter
羅16:1#2	814	817	八11	羅8:11	-	chapter
羅16:1#2	826	829	八11	羅8:11	-	chapter
羅16:1#2	837	840	八14	羅8:14	-	chapter
羅16:1#2	848	851	八16	羅8:16	-	chapter
羅16:1#2	859	862	八26	羅8:26	-	chapter
羅16:1#2	875	878	八26	羅8:26	-	chapter
羅16:1#2	889	892	八34	羅8:34	-	chapter
羅16:1#2	904	907	八32	羅8:32	-	chapter
羅16:1#2	920	923	八28	羅8:28	-	chapter
羅16:1#2	935	937	一3	羅1:3	-	chapter
羅16:1#2	938	940	十6	羅10:6	-	chapter
羅16:1#2	950	952	五8	羅5:8	-	chapter
羅16:1#2	953	955	六6	羅6:6	-	chapter
羅16:1#2	962	965	三25	羅3:25	-	chapter
羅16:1#2	975	977	十4	羅10:4	-	chapter
羅16:1#2	985	988	四25	羅4:25	-	chapter
羅16:1#2	989	991	十7	羅10:7	-	chapter
羅16:1#2	1000	1003	八34	羅8:34	-	chapter
羅16:1#2	1048	1051	十二2	羅12:2	-	chapter
羅16:1#2	1296	1298	20	羅16:20	-	bare
羅16:2#1	16	18	一7	羅1:7	-	chapter
羅16:4#3	19	23	弗一23	弗1:23	-	book
羅16:4#3	24	26	四4	弗4:4	-	chapter
羅16:5#1	28	32	徒二46	徒2:46	-	book
羅16:5#2	34	42	徒十八18～19	徒18:18	-	book
羅16:5#2	59	65	林前十六19	林前16:19	-	book
代下30:1#1	33	35	1上	代下30:1	-	bare
代下30:1#1	36	38	6上	代下30:6	-	bare
代下30:1#1	93	95	1下	代下30:1	-	bare
代下30:1#1	97	101	申十二5	申12:5	-	book
代下30:1#1	102	104	11	申12:11	-	bare
代下30:1#1	105	110	13～14	申12:13	-	bare
代下30:20#1	29	34	18～20	代下30:18	-	bare
代下30:20#1	55	64	林前十一27～31	林前11:27	-	book
代下31:2#1	18	22	2～21	代下31:2	-	bare
代下31:2#1	46	55	林前十二28～30	林前12:28	-	book
代下31:2#1	58	65	代上二三2註1	代上23:2	1	book
代下32:31#1	47	56	王下二十12～19	王下20:12	-	book
代下32:31#1	57	63	賽三九1～8	賽39:1	-	book
羅16:24#1	6	9	24節	羅16:24	-	bare
羅16:25#1	0	6	25～27節	羅16:25	-	bare
羅16:25#2	41	45	一1註9	羅1:1	9	chapter
羅16:25#4	35	38	西二2	西2:2	-	book
羅16:25#4	47	54	西一26～27	西1:26	-	book
羅16:25#4	100	105	弗三4～6	弗3:4	-	book
羅16:25#4	115	122	弗一22～23	弗1:22	-	book
羅16:25#4	142	146	弗五32	弗5:32	-	book
羅16:25#5	1	8	彼前五10註7	彼前5:10	7	book
羅16:26#1	22	25	十五5	羅15:5	-	chapter
羅16:26#1	35	39	十五13	羅15:13	-	chapter
羅16:26#1	47	49	20	羅16:20	-	bare
羅16:26#1	57	59	26	羅16:26	-	bare
羅16:26#1	72	74	27	羅16:27	-	bare
羅16:27#1	1	7	十一33註2	羅11:33	2	chapter
羅16:27#1	538	543	五10註2	羅5:10	2	chapter
羅16:27#1	605	608	五17	羅5:17	-	chapter
羅16:27#1	661	664	六19	羅6:19	-	chapter
羅16:27#1	665	667	22	羅6:22	-	bare
羅16:27#1	668	672	十五16	羅15:16	-	chapter
羅16:27#1	782	784	八2	羅8:2	-	chapter
羅16:27#1	785	787	11	羅8:11	-	bare
羅16:27#1	868	873	八5～11	羅8:5	-	chapter
羅16:27#1	938	941	十二2	羅12:2	-	chapter
羅16:27#1	1049	1052	十二1	羅12:1	-	chapter
羅16:27#1	1053	1056	3～8	羅12:3	-	bare
羅16:27#1	1230	1234	十六20	羅16:20	-	chapter
羅16:27#1	1288	1294	八28～29	羅8:28	-	chapter
羅16:27#1	1381	1384	八23	羅8:23	-	chapter
羅16:27#1	1403	1406	八30	羅8:30	-	chapter
羅16:27#1	1407	1409	17	羅8:17	-	bare
代下33:6#1	19	25	太五22註9	太5:22	9	book
代下33:9#1	1	9	王下二一11註1	王下21:11	1	book
代下33:9#1	101	105	耶二13	耶2:13	-	book
代下33:9#1	173	180	三六11～20	代下36:11	-	chapter
代下33:9#1	285	292	西一12～13	西1:12	-	book
代下33:9#1	293	298	林前一30	林前1:30	-	book
代下33:9#1	299	300	9	林前1:9	-	bare
代下33:9#1	321	326	弗四3～6	弗4:3	-	book
代下33:9#1	343	347	提後四7	提後4:7	-	book
代下33:9#1	367	372	西二6～7	西2:6	-	book
代下33:9#1	388	394	十六12註1	代下16:12	1	chapter
代下33:9#1	429	434	代上四10	代上4:10	-	book
代下33:9#1	483	486	三六6	代下36:6	-	chapter
代下33:9#1	487	489	20	代下36:20	-	bare
代下33:9#1	491	496	加五1～4	加5:1	-	book
代下33:9#1	497	500	西二8	西2:8	-	book
代下36:11#1	1	9	王下二四18註1	王下24:18	1	book
林前1:1#2	46	50	九1～5	林前9:1	-	chapter
林前1:1#2	51	60	林後十二11～12	林後12:11	-	book
林前1:1#2	62	68	林後十一13	林後11:13	-	book
林前1:1#2	69	72	啟二2	啟2:2	-	book
林前1:1#2	85	89	林後十8	林後10:8	-	book
林前1:1#2	90	94	十三10	林後13:10	-	chapter
林前1:1#3	9	14	徒十八17	徒18:17	-	book
林前1:1#3	43	46	十六8	林前16:8	-	chapter
林前1:2#2	146	149	徒八1	徒8:1	-	book
林前1:2#2	150	153	十三1	徒13:1	-	chapter
林前1:2#2	154	158	啟一11	啟1:11	-	book
林前1:2#5	20	25	羅一2註3	羅1:2	3	book
林前1:2#6	52	58	羅六19註2	羅6:19	2	book
林前1:2#8	13	17	羅十14	羅10:14	-	book
林前1:2#8	39	43	徒九14	徒9:14	-	book
林前1:2#8	44	46	21	徒9:21	-	bare
林前1:2#8	47	51	二二16	徒22:16	-	chapter
林前1:2#9	36	40	西一12	西1:12	-	book
林前1:2#9	178	179	9	林前1:9	-	bare
林前1:6#1	73	77	4～5節	林前1:4	-	bare
林前1:7#1	30	34	羅六23	羅6:23	-	book
林前1:7#1	43	46	來六4	來6:4	-	book
林前1:7#1	54	58	徒二38	徒2:38	-	book
林前1:7#1	144	148	三6～7	林前3:6	-	chapter
林前1:7#1	242	245	二14	林前2:14	-	chapter
林前1:7#1	246	248	三1	林前3:1	-	chapter
林前1:7#1	249	250	3	林前3:3	-	bare
林前1:8#1	1	3	4節	林前1:4	-	bare
林前1:8#3	1	7	腓二16註3	腓2:16	3	book
林前1:9#1	5	7	8節	林前1:8	-	bare
林前1:9#1	19	21	8節	林前1:8	-	bare
林前1:9#3	74	76	2節	林前1:2	-	bare
林前1:9#3	171	172	2	林前1:2	-	bare
林前1:9#3	198	200	24	林前1:24	-	bare
林前1:9#3	201	203	30	林前1:30	-	bare
林前1:9#3	215	217	二7	林前2:7	-	chapter
林前1:9#3	218	222	羅八30	羅8:30	-	book
林前1:9#3	232	234	二8	林前2:8	-	chapter
林前1:9#3	251	254	二10	林前2:10	-	chapter
林前1:9#3	267	270	三11	林前3:11	-	chapter
林前1:9#3	281	283	五7	林前5:7	-	chapter
林前1:9#3	290	292	五8	林前5:8	-	chapter
林前1:9#3	305	309	十3～4	林前10:3	-	chapter
林前1:9#3	315	318	十一3	林前11:3	-	chapter
林前1:9#3	325	329	十二12	林前12:12	-	chapter
林前1:9#3	339	343	十五20	林前15:20	-	chapter
林前1:9#3	344	346	23	林前15:23	-	bare
林前1:9#3	354	358	十五47	林前15:47	-	chapter
林前1:9#3	368	372	十五45	林前15:45	-	chapter
林前1:9#3	391	395	十五45	林前15:45	-	chapter
林前1:9#3	562	566	徒二42	徒2:42	-	book
林前1:9#3	567	571	約壹一3	約壹1:3	-	book
林前1:9#3	603	606	十16	林前10:16	-	chapter
林前1:9#3	607	609	21	林前10:21	-	bare
林前1:9#3	630	636	林後十三14	林後13:14	-	book
拉1:1#1	40	49	代下三六17～21	代下36:17	-	book
拉1:1#1	211	219	耶二五11～12	耶25:11	-	book
拉1:1#1	220	224	二九10	耶29:10	-	chapter
拉1:1#1	225	234	代下三六21～22	代下36:21	-	book
拉1:1#1	235	238	但九2	但9:2	-	book
拉1:1#1	285	288	五14	拉5:14	-	chapter
拉1:1#1	290	293	8註1	拉5:8	-	bare
拉1:1#1	377	383	出二十1註1	出20:1	1	book
拉1:1#1	408	412	申十二5	申12:5	-	book
拉1:1#1	413	418	11～14	申12:11	-	bare
拉1:1#1	537	543	啟十七1～6	啟17:1	-	book
拉1:1#2	61	64	1～4	拉1:1	-	bare
拉1:1#2	93	94	5	拉1:5	-	bare
拉1:1#2	108	113	斯一1註1	斯1:1	1	book
拉1:1#3	35	38	2～4	拉1:2	-	bare
拉1:1#3	52	56	7～11	拉1:7	-	bare
拉1:1#3	77	82	賽四四28	賽44:28	-	book
拉1:1#3	103	109	賽四五1～4	賽45:1	-	book
拉1:1#3	110	112	13	賽45:13	-	bare
拉1:2#1	115	119	弗二22	弗2:22	-	book
拉1:2#1	122	126	啟一11	啟1:11	-	book
拉1:7#1	107	114	賽二二24註2	賽22:24	2	book
拉1:8#1	14	17	五14	拉5:14	-	chapter
拉1:8#1	18	20	16	拉5:16	-	bare
林前1:10#1	49	52	腓二9	腓2:9	-	book
林前1:10#1	129	135	太十七1～8	太17:1	-	book
林前1:10#2	20	26	11～12節	林前1:11	-	bare
林前1:10#3	145	150	弗四1～6	弗4:1	-	book
林前1:10#5	4	8	太四21	太4:21	-	book
林前1:10#5	118	123	17～18	林前1:17	-	bare
林前1:10#5	124	129	22～24	林前1:22	-	bare
林前1:10#5	130	132	二2	林前2:2	-	chapter
林前1:17#1	53	57	弗一23	弗1:23	-	book
林前1:17#1	58	61	三19	弗3:19	-	chapter
林前1:17#3	52	54	23	林前1:23	-	bare
林前1:17#3	55	57	二2	林前2:2	-	chapter
林前1:17#3	58	61	加三1	加3:1	-	book
林前1:17#3	74	78	加六14	加6:14	-	book
林前1:17#3	109	113	加三11	加3:11	-	book
林前1:17#3	114	117	五11	加5:11	-	chapter
林前1:17#3	118	124	六12～13	加6:12	-	chapter
林前1:17#3	152	155	西二8	西2:8	-	book
林前1:17#3	156	161	20～21	西2:20	-	bare
林前1:17#3	181	185	弗二15	弗2:15	-	book
林前1:17#3	186	190	西二14	西2:14	-	book
林前1:17#3	215	222	西二20～21	西2:20	-	book
林前1:18#1	5	7	5節	林前1:5	-	bare
林前1:18#1	14	16	一5	林前1:5	-	chapter
林前1:18#1	106	110	加二20	加2:20	-	book
林前1:18#1	111	113	三1	加3:1	-	chapter
林前1:18#1	114	117	五11	加5:11	-	chapter
林前1:18#1	118	120	24	加5:24	-	bare
林前1:18#1	121	124	六14	加6:14	-	chapter
林前1:18#1	125	129	弗二16	弗2:16	-	book
林前1:18#1	130	133	腓二8	腓2:8	-	book
林前1:18#1	134	137	三18	腓3:18	-	chapter
林前1:18#1	138	142	西二14	西2:14	-	book
林前1:20#1	28	33	賽三三18	賽33:18	-	book
林前1:22#1	11	19	太十二38～39	太12:38	-	book
林前1:24#1	14	17	弗一4	弗1:4	-	book
林前1:24#1	31	36	徒十三48	徒13:48	-	book
林前1:27#1	5	10	24～26	林前1:24	-	bare
林前1:27#1	36	40	羅九11	羅9:11	-	book
林前1:27#1	41	45	提後一9	提後1:9	-	book
林前1:27#1	64	67	弗一4	弗1:4	-	book
林前1:28#1	8	11	26節	林前1:26	-	bare
林前1:28#2	11	15	可九12	可9:12	-	book
林前1:28#4	0	6	27～28節	林前1:27	-	bare
林前1:28#4	31	34	26節	林前1:26	-	bare
林前1:30#2	71	75	羅五18	羅5:18	-	book
林前1:30#2	135	139	羅六19	羅6:19	-	book
林前1:30#2	140	142	22	羅6:22	-	bare
林前1:30#2	169	173	羅八23	羅8:23	-	book
林前1:30#2	204	208	腓三21	腓3:21	-	book
拉3:2#1	10	13	該一1	該1:1	-	book
拉3:2#1	14	17	亞三1	亞3:1	-	book
拉3:4#1	33	37	4～6上	拉3:4	-	bare
拉4:1#1	25	31	王下十七24	王下17:24	-	book
拉4:1#1	34	37	約四9	約4:9	-	book
拉4:1#1	96	99	1～3	拉4:1	-	bare
拉4:8#1	4	7	六18	拉6:18	-	chapter
拉5:1#1	32	35	1～2	拉5:1	-	bare
拉5:1#1	105	110	出二八30	出28:30	-	book
拉5:1#1	188	196	撒上三11～21	撒上3:11	-	book
拉5:1#1	197	205	撒下十二1～25	撒下12:1	-	book
拉5:1#1	208	215	民二七21註1	民27:21	1	book
拉5:1#1	216	223	申十六18註2	申16:18	2	book
拉5:1#1	328	331	該一1	該1:1	-	book
拉5:1#1	439	443	啟二二3	啟22:3	-	book
拉5:1#1	444	445	5	啟22:5	-	bare
拉5:1#1	471	478	但九24與註4	但9:24	4	book
林前2:1#2	48	56	羅十六25～26	羅16:25	-	book
林前2:1#2	57	64	西一26～27	西1:26	-	book
林前2:1#2	65	67	二2	西2:2	-	chapter
林前2:1#2	68	70	四3	西4:3	-	chapter
林前2:1#2	71	76	弗三4～6	弗3:4	-	book
林前2:1#2	77	78	9	弗3:9	-	bare
林前2:2#2	63	68	路二四26	路24:26	-	book
林前2:2#2	76	80	徒二33	徒2:33	-	book
林前2:2#2	81	83	36	徒2:36	-	bare
林前2:5#1	25	28	一24	林前1:24	-	chapter
林前2:6#1	5	8	一28	林前1:28	-	chapter
林前2:7#1	10	13	一24	林前1:24	-	chapter
林前2:7#1	24	31	西一26～27	西1:26	-	book
林前2:7#3	12	13	8	林前2:8	-	bare
林前2:7#3	27	30	西三4	西3:4	-	book
林前2:7#3	42	46	西一27	西1:27	-	book
林前2:7#3	67	72	彼前五10	彼前5:10	-	book
林前2:7#3	87	91	來二10	來2:10	-	book
林前2:9#1	106	111	可十二30	可12:30	-	book
林前2:9#1	211	216	詩七三25	詩73:25	-	book
林前2:9#1	217	221	二五14	詩25:14	-	chapter
林前2:13#2	38	42	創四十8	創40:8	-	book
林前2:13#2	43	47	四一12	創41:12	-	chapter
林前2:13#2	48	50	15	創41:15	-	bare
林前2:14#1	0	3	13節	林前2:13	-	bare
林前2:14#1	25	31	14～15節	林前2:14	-	bare
林前2:14#2	58	61	猶19	猶1:19	-	book
林前2:14#2	111	114	一22	林前1:22	-	chapter
林前2:14#2	142	145	一23	林前1:23	-	chapter
林前2:14#5	110	114	約四24	約4:24	-	book
林前2:15#1	69	72	羅八4	羅8:4	-	book
拉7:1#1	14	18	一1註1	拉1:1	1	chapter
拉7:1#1	91	94	1～5	拉7:1	-	bare
拉7:1#1	118	119	6	拉7:6	-	bare
拉7:1#1	281	286	尼八1註1	尼8:1	1	book
拉7:6#1	19	21	一1	拉1:1	-	chapter
拉7:6#1	22	23	5	拉1:5	-	bare
拉7:10#1	1	6	路一6註4	路1:6	4	book
拉7:12#1	4	7	七26	拉7:26	-	chapter
拉8:25#1	1	7	出二五2註1	出25:2	1	book
拉8:25#1	8	11	3註1	出25:3	1	bare
林前3:1#2	4	6	3節	林前3:3	-	bare
林前3:1#2	102	104	3節	林前3:3	-	bare
林前3:1#2	193	196	羅八4	羅8:4	-	book
林前3:1#2	197	201	加五25	加5:25	-	book
林前3:1#2	228	231	二14	林前2:14	-	chapter
林前3:1#2	342	345	二15	林前2:15	-	chapter
林前3:1#2	346	348	三1	林前3:1	-	chapter
林前3:1#2	349	353	十四37	林前14:37	-	chapter
林前3:1#2	373	375	一9	林前1:9	-	chapter
林前3:1#2	392	396	十五45	林前15:45	-	chapter
林前3:1#2	411	414	六17	林前6:17	-	chapter
林前3:1#3	28	30	一7	林前1:7	-	chapter
林前3:1#3	109	111	二6	林前2:6	-	chapter
林前3:1#3	112	116	西一28	西1:28	-	book
林前3:2#2	21	27	來五12註3	來5:12	3	book
林前3:2#2	28	32	13註1	來5:13	1	bare
林前3:3#2	12	16	羅三20	羅3:20	-	book
林前3:3#2	17	24	加二16與註2	加2:16	2	book
林前3:6#1	32	33	9	林前3:9	-	bare
林前3:6#1	203	206	四15	林前4:15	-	chapter
林前3:10#1	12	17	太十六18	太16:18	-	book
林前3:10#1	91	95	弗四16	弗4:16	-	book
林前3:10#1	103	107	5～7節	林前3:5	-	bare
林前3:11#1	33	41	太十六16～18	太16:16	-	book
林前3:12#2	257	262	林後三18	林後3:18	-	book
林前3:12#2	263	267	羅十二2	羅12:2	-	book
林前3:12#2	330	337	太十三31註1	太13:31	1	book
林前3:12#2	338	342	33註3	太13:33	3	bare
林前3:12#2	343	347	44註1	太13:44	1	bare
林前3:12#3	102	107	彼前一24	彼前1:24	-	book
林前3:12#3	207	209	13	林前3:13	-	bare
林前3:13#1	22	24	四5	林前4:5	-	chapter
林前3:13#1	25	33	太二五19～30	太25:19	-	book
林前3:13#1	34	39	林後五10	林後5:10	-	book
林前3:13#1	40	45	啟二二12	啟22:12	-	book
林前3:13#2	8	11	瑪三2	瑪3:2	-	book
林前3:13#2	12	14	四1	瑪4:1	-	chapter
林前3:13#2	15	19	帖後一6	帖後1:6	-	book
林前3:13#2	20	23	來六8	來6:8	-	book
拉9:2#1	28	30	12	拉9:12	-	bare
拉9:2#1	31	36	申七1～6	申7:1	-	book
拉9:2#1	68	69	1	拉9:1	-	bare
拉9:2#1	116	117	7	拉9:7	-	bare
拉9:2#1	118	123	10～15	拉9:10	-	bare
拉9:2#1	126	132	王上三1註1	王上3:1	1	book
拉9:2#1	133	140	林後六14註2	林後6:14	2	book
林前3:14#2	37	43	來十35註1	來10:35	1	book
林前3:15#3	23	26	多三5	多3:5	-	book
林前3:15#3	42	45	來五9	來5:9	-	book
林前3:15#3	46	53	約十28～29	約10:28	-	book
林前3:15#3	182	189	來十二28註1	來12:28	1	book
林前3:16#1	32	35	17節	林前3:17	-	bare
林前3:16#1	94	96	9節	林前3:9	-	bare
林前3:17#1	42	45	12節	林前3:12	-	bare
林前3:17#1	145	149	徒二42	徒2:42	-	book
林前3:17#2	6	9	15節	林前3:15	-	bare
林前3:17#4	29	32	16節	林前3:16	-	bare
林前3:17#4	40	43	17節	林前3:17	-	bare
林前3:18#2	34	37	一22	林前1:22	-	chapter
林前3:18#3	35	38	一21	林前1:21	-	chapter
林前3:18#3	39	41	23	林前1:23	-	bare
林前3:18#4	31	34	一24	林前1:24	-	chapter
林前3:18#4	35	37	30	林前1:30	-	bare
林前3:18#4	38	42	二6～8	林前2:6	-	chapter
林前3:22#1	31	35	羅八28	羅8:28	-	book
林前3:22#1	65	68	一12	林前1:12	-	chapter
林前4:1#1	1	7	三21～23	林前3:21	-	chapter
林前4:1#3	24	29	徒二六16	徒26:16	-	book
林前4:1#4	3	7	提前一4	提前1:4	-	book
林前4:1#4	8	12	弗一10	弗1:10	-	book
林前4:1#4	88	91	西二2	西2:2	-	book
林前4:1#4	92	95	弗三4	弗3:4	-	book
林前4:3#2	38	41	三13	林前3:13	-	chapter
林前4:5#1	7	10	三13	林前3:13	-	chapter
林前4:6#2	114	118	三5～8	林前3:5	-	chapter
林前4:6#3	28	31	一13	林前1:13	-	chapter
林前4:6#3	70	74	三5～7	林前3:5	-	chapter
林前4:9#3	48	54	來十33註1	來10:33	1	book
尼1:1#1	20	22	11	尼1:11	-	bare
尼1:1#1	38	41	五14	尼5:14	-	chapter
尼1:2#1	124	132	太十六18～19	太16:18	-	book
尼1:2#1	135	141	詩四二1註2	詩42:1	2	book
尼1:7#1	1	6	路一6註4	路1:6	4	book
尼1:8#1	24	27	8～9	尼1:8	-	bare
尼2:3#1	69	72	4～8	尼2:4	-	bare
尼2:3#1	160	165	約十一25	約11:25	-	book
尼2:3#1	166	172	林前十五45	林前15:45	-	book
尼2:3#1	307	309	一4	尼1:4	-	chapter
尼2:3#1	310	313	二4下	尼2:4	-	chapter
尼2:3#1	314	318	四4～5	尼4:4	-	chapter
尼2:3#1	319	320	9	尼4:9	-	bare
尼2:3#1	410	413	五10	尼5:10	-	chapter
尼2:3#1	414	419	14～19	尼5:14	-	bare
尼2:3#1	422	427	四18註1	尼4:18	1	chapter
尼2:3#1	428	433	五14註1	尼5:14	1	chapter
尼2:3#1	434	438	八2註1	尼8:2	1	chapter
尼2:3#1	441	447	十三30註1	尼13:30	1	chapter
尼2:8#2	1	6	拉七6註2	拉7:6	2	book
尼2:20#1	29	32	3註1	尼2:3	1	bare
林前4:10#2	34	36	二3	林前2:3	-	chapter
林前4:15#1	10	17	加三24～25	加3:24	-	book
林前4:16#1	1	5	13註2	林前4:13	2	bare
林前4:21#2	30	34	林後十1	林後10:1	-	book
林前5:2#1	1	5	13註1	林前5:13	1	bare
林前5:4#2	27	29	5節	林前5:5	-	bare
林前5:5#3	15	20	林後十二7	林後12:7	-	book
林前5:5#3	21	26	路十三16	路13:16	-	book
林前5:5#4	31	38	約十28～29	約10:28	-	book
林前5:5#5	1	6	三13註1	林前3:13	1	chapter
林前5:6#3	1	8	太十三33註1	太13:33	1	book
林前5:7#1	19	25	西三10註2	西3:10	2	book
林前5:8#1	18	26	出十二15～20	出12:15	-	book
林前5:13#1	32	40	利十三45～46	利13:45	-	book
尼4:14#1	34	37	20下	尼4:20	-	bare
尼4:14#1	53	58	二20註1	尼2:20	1	chapter
尼4:18#1	35	40	17～23	尼4:17	-	bare
林前6:1#1	24	28	1～11	林前6:1	-	bare
林前6:2#1	25	30	來二5～6	來2:5	-	book
林前6:2#1	31	38	啟二26～27	啟2:26	-	book
林前6:3#1	28	32	彼後二4	彼後2:4	-	book
林前6:3#1	33	35	猶6	猶1:6	-	book
林前6:3#1	56	59	弗二2	弗2:2	-	book
林前6:3#1	60	63	六12	弗6:12	-	chapter
林前6:3#1	64	69	太二五41	太25:41	-	book
林前6:6#1	3	5	1節	林前6:1	-	bare
林前6:7#2	12	13	9	林前6:9	-	bare
林前6:9#1	21	25	太五10	太5:10	-	book
林前6:9#1	26	28	20	太5:20	-	bare
林前6:9#1	29	32	六33	太6:33	-	chapter
林前6:9#1	35	41	太五10註2	太5:10	2	book
林前6:9#1	42	48	加五21註2	加5:21	2	book
林前6:9#1	49	54	弗五5註3	弗5:5	3	book
林前6:9#1	55	62	來十二28註1	來12:28	1	book
林前6:11#1	27	31	約壹一7	約壹1:7	-	book
林前6:11#1	32	36	來十29	來10:29	-	book
林前6:11#1	37	44	羅三24～25	羅3:24	-	book
林前6:11#1	60	63	多三5	多3:5	-	book
林前6:11#1	72	77	羅十五16	羅15:16	-	book
林前6:12#1	26	31	12～20	林前6:12	-	bare
林前6:12#1	129	134	八9～13	林前8:9	-	chapter
林前6:12#1	135	141	十28～30	林前10:28	-	chapter
林前6:12#1	142	144	32	林前10:32	-	bare
林前6:12#1	210	212	18	林前6:18	-	bare
林前6:12#4	89	95	13～十一1	林前6:13	-	bare
林前6:13#3	44	49	詩一○三5	詩103:5	-	book
林前6:13#3	62	66	羅八11	羅8:11	-	book
林前6:14#1	36	40	腓三21	腓3:21	-	book
林前6:14#1	55	59	十五52	林前15:52	-	chapter
林前6:14#1	73	77	羅八23	羅8:23	-	book
林前6:14#1	110	114	羅八11	羅8:11	-	book
林前6:14#1	127	129	15	林前6:15	-	bare
林前6:14#1	147	149	19	林前6:19	-	bare
林前6:15#1	13	15	17	林前6:17	-	bare
林前6:15#1	29	34	提後四22	提後4:22	-	book
林前6:15#1	45	49	弗三17	弗3:17	-	book
林前6:15#1	104	108	羅十二1	羅12:1	-	book
林前6:15#1	109	112	4～5	羅12:4	-	bare
尼5:14#1	129	131	10	尼5:10	-	bare
尼5:14#1	181	187	六15～七4	尼6:15	-	chapter
尼5:14#1	213	219	提前三2～7	提前3:2	-	book
林前6:17#1	10	17	約三15～16	約3:15	-	book
林前6:17#1	43	49	約十五4～5	約15:4	-	book
林前6:17#2	30	33	約三6	約3:6	-	book
林前6:17#2	46	48	19	林前6:19	-	bare
林前6:17#2	60	64	羅八16	羅8:16	-	book
林前6:17#2	86	90	十五45	林前15:45	-	chapter
林前6:17#2	91	96	林後三17	林後3:17	-	book
林前6:17#2	109	114	提後四22	提後4:22	-	book
林前6:17#2	135	140	羅八4～6	羅8:4	-	book
林前6:18#1	9	13	可三28	可3:28	-	book
林前6:18#1	14	18	羅三25	羅3:25	-	book
林前6:19#1	11	15	羅八16	羅8:16	-	book
林前6:20#1	8	13	徒二十28	徒20:28	-	book
林前6:20#1	14	22	彼前一18～19	彼前1:18	-	book
林前6:20#1	23	26	啟五9	啟5:9	-	book
林前6:20#2	2	8	13～十一1	林前6:13	-	bare
林前6:20#2	31	36	約壹四13	約壹4:13	-	book
林前6:20#2	109	112	九27	林前9:27	-	chapter
林前6:20#2	127	131	羅十二1	羅12:1	-	book
林前7:1#1	26	32	六12～20	林前6:12	-	chapter
林前7:5#3	3	8	太二三25	太23:25	-	book
林前7:7#1	45	46	8	林前7:8	-	bare
林前7:7#1	68	70	33	林前7:33	-	bare
林前7:7#2	23	31	太十九10～12	太19:10	-	book
林前7:7#2	52	53	9	林前7:9	-	bare
林前7:8#1	18	19	7	林前7:7	-	bare
林前7:8#1	20	22	25	林前7:25	-	bare
林前7:8#1	23	25	40	林前7:40	-	bare
林前7:8#1	52	60	提前五11～15	提前5:11	-	book
林前7:8#1	61	68	提前五14註1	提前5:14	1	book
林前7:9#1	9	12	九25	林前9:25	-	chapter
林前7:10#1	25	29	賽十24	賽10:24	-	book
林前7:10#1	30	33	五十1	賽50:1	-	chapter
林前7:10#1	34	37	耶二2	耶2:2	-	book
林前7:10#1	38	41	結二4	結2:4	-	book
林前7:10#2	56	63	太五31～32	太5:31	-	book
林前7:10#2	64	69	十九3～9	太19:3	-	chapter
林前7:14#1	110	115	太二三17	太23:17	-	book
林前7:14#1	116	118	19	太23:19	-	bare
林前7:14#1	174	178	提前四5	提前4:5	-	book
林前7:15#2	101	103	13	林前7:13	-	bare
林前7:15#2	121	126	15～24	林前7:15	-	bare
林前7:16#1	6	12	16～24節	林前7:16	-	bare
林前7:16#1	50	56	16～24節	林前7:16	-	bare
林前7:16#2	51	53	20	林前7:20	-	bare
林前7:16#2	54	56	24	林前7:24	-	bare
林前7:17#1	26	28	20	林前7:20	-	bare
林前7:17#1	29	31	24	林前7:24	-	bare
林前7:19#1	39	42	加五6	加5:6	-	book
林前7:19#1	43	46	六15	加6:15	-	chapter
林前7:19#1	47	54	羅二25～29	羅2:25	-	book
林前7:21#1	29	34	林後十二9	林後12:9	-	book
林前7:21#2	77	79	24	林前7:24	-	bare
林前7:21#2	121	123	20	林前7:20	-	bare
林前7:21#2	124	127	24節	林前7:24	-	bare
林前7:23#1	1	6	六20註1	林前6:20	1	chapter
尼7:68#1	13	17	拉二66	拉2:66	-	book
尼8:1#1	225	231	十三30註1	尼13:30	1	chapter
尼8:1#1	312	316	約六63	約6:63	-	book
尼8:1#1	317	321	弗六17	弗6:17	-	book
尼8:2#1	39	42	拉七1	拉7:1	-	book
尼8:18#1	28	33	路一6註4	路1:6	4	book
林前7:25#1	20	22	10	林前7:10	-	bare
林前7:26#1	44	48	太二四8	太24:8	-	book
林前7:26#1	49	51	19	太24:19	-	bare
林前7:26#1	52	54	21	太24:21	-	bare
林前7:26#2	48	56	林後十二10註2	林後12:10	2	book
林前7:29#1	31	36	太二四36	太24:36	-	book
林前7:33#1	32	34	35	林前7:35	-	bare
林前7:40#1	1	4	8註1	林前7:8	1	bare
林前7:40#2	3	6	10節	林前7:10	-	bare
林前7:40#2	31	34	12節	林前7:12	-	bare
林前7:40#2	48	51	25節	林前7:25	-	bare
林前7:40#2	166	169	耶一2	耶1:2	-	book
林前7:40#2	170	173	結一3	結1:3	-	book
林前7:40#2	261	263	10	林前7:10	-	bare
林前7:40#2	293	295	12	林前7:12	-	bare
林前7:40#2	331	333	25	林前7:25	-	bare
林前8:1#1	22	27	1～十一1	林前8:1	-	bare
林前8:1#3	3	4	7	林前8:7	-	bare
林前8:1#3	5	8	10節	林前8:10	-	bare
林前8:1#4	76	81	約壹四16	約壹4:16	-	book
林前8:1#4	120	121	3	林前8:3	-	bare
林前8:1#4	129	134	約壹四21	約壹4:21	-	book
林前8:1#4	147	152	羅十四15	羅14:15	-	book
林前8:1#4	170	173	十23	林前10:23	-	chapter
林前8:1#5	24	29	十四4～5	林前14:4	-	chapter
林前8:1#5	30	32	12	林前14:12	-	bare
林前8:1#5	33	37	弗四16	弗4:16	-	book
林前8:1#5	47	52	三9～10	林前3:9	-	chapter
林前8:1#5	53	55	12	林前3:12	-	bare
林前8:1#5	56	59	十23	林前10:23	-	chapter
林前8:3#1	22	27	可十二30	可12:30	-	book
林前8:6#2	1	3	5節	林前8:5	-	bare
林前8:6#5	1	3	5節	林前8:5	-	bare
林前8:7#1	79	80	4	林前8:4	-	bare
林前8:13#1	32	37	十32註2	林前10:32	2	chapter
尼10:37#1	1	8	民十八28註1	民18:28	1	book
林前9:1#1	59	62	八13	林前8:13	-	chapter
林前9:1#2	22	24	19	林前9:19	-	bare
林前9:1#3	300	304	帖前一1	帖前1:1	-	book
林前9:1#3	305	307	二6	帖前2:6	-	chapter
林前9:1#4	16	21	十五5～8	林前15:5	-	chapter
林前9:1#4	83	88	徒十四14	徒14:14	-	book
林前9:2#1	16	19	四15	林前4:15	-	chapter
林前9:3#1	1	5	1～2節	林前9:1	-	bare
林前9:4#1	3	8	4～15節	林前9:4	-	bare
林前9:4#3	18	20	14	林前9:14	-	bare
林前9:13#1	3	6	羅一2	羅1:2	-	book
林前9:13#1	8	12	路一75	路1:75	-	book
林前9:15#1	32	34	12	林前9:12	-	bare
林前9:15#1	35	38	15上	林前9:15	-	bare
林前9:15#1	39	41	18	林前9:18	-	bare
林前9:17#1	34	38	三6～7	林前3:6	-	chapter
林前9:17#1	50	53	三10	林前3:10	-	chapter
林前9:17#1	54	59	12～14	林前3:12	-	bare
林前9:17#1	68	73	八9～13	林前8:9	-	chapter
林前9:17#1	79	81	24	林前9:24	-	bare
林前9:17#1	105	108	三14	林前3:14	-	chapter
林前9:17#1	109	112	九18	林前9:18	-	chapter
林前9:17#1	113	118	24～25	林前9:24	-	bare
林前9:17#1	121	127	來十35註1	來10:35	1	book
林前9:17#2	78	81	弗三2	弗3:2	-	book
林前9:17#2	82	86	林後四1	林後4:1	-	book
林前9:21#2	65	68	羅八2	羅8:2	-	book
林前9:22#1	40	42	23	林前9:23	-	bare
林前9:24#2	12	16	17註1	林前9:17	1	bare
林前9:25#1	59	65	來十35註1	來10:35	1	book
林前9:25#1	137	139	26	林前9:26	-	bare
林前9:25#1	164	168	腓三14	腓3:14	-	book
林前9:25#1	172	178	提後四6～8	提後4:6	-	book
林前9:25#1	241	243	24	林前9:24	-	bare
林前9:27#1	103	106	西三5	西3:5	-	book
林前9:27#1	118	122	羅八13	羅8:13	-	book
林前9:27#1	180	183	六19	林前6:19	-	chapter
林前9:27#1	205	210	八9～13	林前8:9	-	chapter
林前9:27#4	2	8	24～27節	林前9:24	-	bare
林前9:27#4	62	69	來十二28註1	來12:28	1	book
林前9:27#5	80	85	徒二十24	徒20:24	-	book
林前9:27#5	129	134	林後五10	林後5:10	-	book
林前9:27#5	149	156	太七21～23	太7:21	-	book
林前9:27#5	157	164	二五11～12	太25:11	-	chapter
尼12:1#1	44	48	民十八2	民18:2	-	book
尼12:1#1	49	50	6	民18:6	-	bare
尼12:44#1	34	39	44～47	尼12:44	-	bare
尼12:44#1	59	66	民十八8～32	民18:8	-	book
林前10:1#1	19	25	九24～27	林前9:24	-	chapter
林前10:1#2	3	6	九24	林前9:24	-	chapter
林前10:1#3	35	40	出十二37	出12:37	-	book
林前10:1#4	40	42	五7	林前5:7	-	chapter
林前10:1#4	85	93	出十三21～22	出13:21	-	book
林前10:1#4	94	101	十四19～20	出14:19	-	chapter
林前10:2#1	39	43	太三11	太3:11	-	book
林前10:2#1	44	47	徒一5	徒1:5	-	book
林前10:2#1	48	54	林前十二13	林前12:13	-	book
林前10:2#2	10	18	出十四21～30	出14:21	-	book
林前10:2#2	31	34	羅六4	羅6:4	-	book
林前10:2#3	74	78	加三27	加3:27	-	book
林前10:3#1	5	13	出十六14～18	出16:14	-	book
林前10:3#1	40	47	約六31～35	約6:31	-	book
林前10:4#1	12	16	出十七6	出17:6	-	book
林前10:4#1	47	54	約七37～39	約7:37	-	book
林前10:4#1	55	61	林前十二13	林前12:13	-	book
林前10:4#2	22	26	出十七6	出17:6	-	book
林前10:4#2	67	72	約十九34	約19:34	-	book
林前10:5#1	9	14	民十四16	民14:16	-	book
林前10:5#1	15	17	29	民14:29	-	bare
林前10:6#2	47	51	五7～8	林前5:7	-	chapter
林前10:6#2	163	165	11	林前10:11	-	bare
林前10:6#2	187	192	6～11節	林前10:6	-	bare
林前10:6#2	330	336	來三7～19	來3:7	-	book
林前10:6#2	356	364	民十四27～30	民14:27	-	book
林前10:6#2	433	440	腓三12～14	腓3:12	-	book
林前10:6#2	492	497	太二五21	太25:21	-	book
林前10:6#2	498	500	23	太25:23	-	bare
林前10:7#1	24	30	出三二1～6	出32:1	-	book
林前10:8#1	11	17	民二五1～2	民25:1	-	book
林前10:8#1	32	37	徒十五20	徒15:20	-	book
林前10:8#1	38	40	29	徒15:29	-	bare
林前10:10#1	9	14	民十六41	民16:41	-	book
林前10:10#1	35	37	四3	林前4:3	-	chapter
林前10:10#1	38	40	九3	林前9:3	-	chapter
林前10:10#2	9	14	出十二23	出12:23	-	book
林前10:10#2	15	24	撒下二四16～17	撒下24:16	-	book
林前10:12#1	4	9	5～11節	林前10:5	-	bare
林前10:12#2	19	20	5	林前10:5	-	bare
林前10:12#2	21	22	8	林前10:8	-	bare
林前10:12#2	51	58	十一27～30	林前11:27	-	chapter
林前10:13#1	22	25	12節	林前10:12	-	bare
林前10:13#2	10	14	彼後二9	彼後2:9	-	book
林前10:13#2	16	23	但三17～18	但3:17	-	book
尼13:1#1	1	8	創十九37註2	創19:37	2	book
尼13:30#1	32	39	八1～十三31	尼8:1	-	chapter
林前10:14#1	7	10	30節	林前10:30	-	bare
林前10:14#1	23	25	八1	林前8:1	-	chapter
林前10:17#2	6	11	28～30	林前10:28	-	bare
林前10:20#1	17	19	19	林前10:19	-	bare
林前10:20#1	20	22	八4	林前8:4	-	chapter
林前10:20#2	1	5	18註1	林前10:18	1	bare
林前10:22#1	8	12	出二十5	出20:5	-	book
林前10:22#1	70	72	14	林前10:14	-	bare
林前10:23#1	0	6	14～22節	林前10:14	-	bare
林前10:23#1	27	33	23～十一1	林前10:23	-	bare
林前10:23#1	51	53	31	林前10:31	-	bare
林前10:23#2	1	6	六12註2	林前6:12	2	chapter
林前10:23#3	1	6	六12註3	林前6:12	3	chapter
林前10:23#4	6	9	六12	林前6:12	-	chapter
林前10:30#1	13	15	17	林前10:17	-	bare
林前10:31#1	3	9	31～十一1	林前10:31	-	bare
林前10:31#1	15	18	23節	林前10:23	-	bare
林前10:31#2	0	2	23	林前10:23	-	bare
林前10:31#2	3	6	31節	林前10:31	-	bare
林前10:31#2	7	10	六12	林前6:12	-	chapter
林前10:32#1	92	94	33	林前10:33	-	bare
林前10:32#2	11	13	八9	林前8:9	-	chapter
林前10:32#2	22	25	八13	林前8:13	-	chapter
林前11:2#1	15	20	帖後二15	帖後2:15	-	book
林前11:3#1	0	5	3～16節	林前11:3	-	bare
林前11:3#1	106	113	弗一22～23	弗1:22	-	book
林前11:3#1	166	170	弗五23	弗5:23	-	book
林前11:3#2	32	39	創二18～24	創2:18	-	book
林前11:3#2	40	45	提前二13	提前2:13	-	book
林前11:3#2	58	60	14	林前11:14	-	bare
林前11:4#1	7	13	十二10註2	林前12:10	2	chapter
林前11:4#2	19	20	7	林前11:7	-	bare
林前11:5#1	94	96	10	林前11:10	-	bare
林前11:5#2	19	20	6	林前11:6	-	bare
斯1:1#1	140	145	賽四五15	賽45:15	-	book
斯1:1#1	175	177	四3	斯4:3	-	chapter
斯1:1#1	178	180	16	斯4:16	-	bare
斯1:1#1	241	247	創十二1～3	創12:1	-	book
斯1:1#1	248	255	二二17～18	創22:17	-	chapter
斯1:1#1	295	302	申四27～31	申4:27	-	book
斯1:1#1	338	347	王上八46 ～53	王上8:46	-	book
斯1:1#2	21	24	1～2	斯1:1	-	bare
斯1:1#2	39	43	3～22	斯1:3	-	bare
斯1:1#2	68	73	二1～18	斯2:1	-	chapter
斯1:1#2	109	115	二19～23	斯2:19	-	chapter
林前11:7#1	13	17	創一26	創1:26	-	book
林前11:8#1	24	31	創二21～23	創2:21	-	book
林前11:9#2	15	19	創二18	創2:18	-	book
林前11:9#2	20	22	24	創2:24	-	bare
林前11:10#1	46	54	結二八13～18	結28:13	-	book
林前11:10#1	55	63	賽十四12～15	賽14:12	-	book
林前11:10#1	64	69	太二五41	太25:41	-	book
林前11:10#1	80	85	太十二26	太12:26	-	book
林前11:10#1	86	90	西一13	西1:13	-	book
林前11:10#1	153	157	約壹三8	約壹3:8	-	book
林前11:10#1	158	162	來二14	來2:14	-	book
林前11:10#1	163	167	西一13	西1:13	-	book
林前11:10#1	228	230	四9	林前4:9	-	chapter
林前11:12#1	44	51	創二21～23	創2:21	-	book
林前11:17#1	22	24	2節	林前11:2	-	bare
林前11:18#1	10	17	十四34～35	林前14:34	-	chapter
林前11:19#1	14	18	加五20	加5:20	-	book
林前11:20#1	1	4	十21	林前10:21	-	chapter
林前11:20#1	40	46	十16～17	林前10:16	-	chapter
林前11:20#1	81	86	24～25	林前11:24	-	bare
林前11:21#1	61	66	彼後二13	彼後2:13	-	book
林前11:21#1	67	70	猶12	猶1:12	-	book
林前11:21#1	86	94	路二二13～20	路22:13	-	book
林前11:21#1	121	126	23～25	林前11:23	-	bare
林前11:21#1	153	155	33	林前11:33	-	bare
林前11:21#1	180	182	21	林前11:21	-	bare
林前11:21#1	199	204	18～19	林前11:18	-	bare
林前11:21#1	229	231	20	林前11:20	-	bare
林前11:24#1	14	19	太二六26	太26:26	-	book
林前11:25#1	8	12	約六35	約6:35	-	book
林前11:25#1	23	26	十16	林前10:16	-	chapter
林前11:25#1	77	82	太二六28	太26:28	-	book
林前11:25#3	16	18	26	林前11:26	-	bare
林前11:26#2	36	41	太二六29	太26:29	-	book
林前11:26#2	92	99	但七13～14	但7:13	-	book
林前11:26#2	100	105	路十九12	路19:12	-	book
斯4:3#1	12	13	3	斯4:3	-	bare
斯4:3#1	14	16	16	斯4:16	-	bare
斯4:3#1	41	45	一1註1	斯1:1	1	chapter
林前11:27#2	11	16	29～30	林前11:29	-	bare
林前11:29#2	37	39	24	林前11:24	-	bare
林前11:29#2	52	55	弗四4	弗4:4	-	book
林前11:29#2	195	196	3	林前11:3	-	bare
林前11:29#3	40	42	32	林前11:32	-	bare
林前11:30#2	104	106	十5	林前10:5	-	chapter
林前11:30#3	4	12	帖前四13～16	帖前4:13	-	book
林前11:33#1	6	9	21節	林前11:21	-	bare
林前12:3#1	11	13	2節	林前12:2	-	bare
林前12:3#2	1	7	十六22註1	林前16:22	1	chapter
林前12:4#1	10	12	3節	林前12:3	-	bare
林前12:4#1	13	15	4節	林前12:4	-	bare
林前12:4#1	20	22	3節	林前12:3	-	bare
林前12:4#2	35	37	一7	林前1:7	-	chapter
林前12:4#2	46	50	一7註1	林前1:7	1	chapter
林前12:5#1	7	9	4節	林前12:4	-	bare
林前12:5#1	28	30	6節	林前12:6	-	bare
林前12:6#1	41	45	弗四16	弗4:16	-	book
林前12:8#1	43	46	一24	林前1:24	-	chapter
林前12:8#1	47	49	30	林前1:30	-	bare
林前12:8#1	50	55	二6～10	林前2:6	-	chapter
林前12:8#1	79	83	八1～7	林前8:1	-	chapter
林前12:9#1	11	14	十三2	林前13:2	-	chapter
林前12:9#1	15	23	可十一22～24	可11:22	-	book
林前12:10#1	30	37	徒九36～42	徒9:36	-	book
林前12:10#3	25	29	提前四1	提前4:1	-	book
林前12:10#3	30	36	約壹四1～3	約壹4:1	-	book
林前12:10#4	6	9	十三1	林前13:1	-	chapter
林前12:10#4	20	23	徒二4	徒2:4	-	book
林前12:10#4	24	25	6	徒2:6	-	bare
林前12:10#4	26	27	8	徒2:8	-	bare
林前12:10#4	28	30	11	徒2:11	-	bare
林前12:10#4	69	70	4	林前12:4	-	bare
林前12:10#4	85	86	7	林前12:7	-	bare
林前12:10#5	24	28	十四13	林前14:13	-	chapter
林前12:10#5	67	70	28節	林前12:28	-	bare
林前12:10#5	91	95	徒二17	徒2:17	-	book
林前12:10#5	113	116	來二4	來2:4	-	book
林前12:10#5	127	135	可十六17～18	可16:17	-	book
林前12:10#5	221	226	十四2～6	林前14:2	-	chapter
林前12:10#5	227	232	18～19	林前14:18	-	bare
林前12:10#5	242	248	28～30節	林前12:28	-	bare
林前12:10#5	363	367	三6～7	林前3:6	-	chapter
林前12:10#5	376	382	羅十二6～8	羅12:6	-	book
林前12:10#5	394	396	一7	林前1:7	-	chapter
林前12:10#5	409	413	一7註1	林前1:7	1	chapter
林前12:10#5	465	469	三1～3	林前3:1	-	chapter
林前12:12#1	9	12	11節	林前12:11	-	bare
林前12:12#1	16	19	11節	林前12:11	-	bare
林前12:13#4	33	36	羅六3	羅6:3	-	book
林前12:13#4	51	56	太二八19	太28:19	-	book
林前12:13#5	133	139	賽十二3～4	賽12:3	-	book
林前12:13#5	140	144	約四10	約4:10	-	book
林前12:13#5	145	147	14	約4:14	-	bare
林前12:24#1	45	49	羅十二2	羅12:2	-	book
林前12:28#1	19	25	12～27節	林前12:12	-	bare
林前12:28#2	12	14	一1	林前1:1	-	chapter
林前12:28#2	15	18	羅一1	羅1:1	-	book
林前12:28#2	55	63	徒十四21～23	徒14:21	-	book
林前12:28#2	78	82	九1註3	林前9:1	3	chapter
林前12:28#3	32	40	徒十一27～28	徒11:27	-	book
林前12:28#4	9	13	徒二42	徒2:42	-	book
林前12:28#4	51	55	弗四11	弗4:11	-	book
林前12:28#4	56	60	徒十三1	徒13:1	-	book
林前12:28#5	1	5	10註1	林前12:10	1	bare
林前12:28#6	1	4	9註2	林前12:9	2	bare
林前12:28#7	24	31	提前三8～13	提前3:8	-	book
林前12:28#9	1	5	10註4	林前12:10	4	bare
林前12:30#1	38	43	十四4～6	林前14:4	-	chapter
林前12:30#1	44	46	19	林前14:19	-	bare
林前12:31#2	76	81	十四1～6	林前14:1	-	chapter
林前12:31#2	136	138	一7	林前1:7	-	chapter
伯1:1#1	119	124	二13註1	伯2:13	1	chapter
伯1:1#1	209	212	腓三8	腓3:8	-	book
伯1:1#1	213	218	林後四16	林後4:16	-	book
伯1:1#1	221	227	創四二2註1	創42:2	1	book
伯1:1#1	228	235	詩七三26註1	詩73:26	1	book
伯1:1#2	11	15	哀四21	哀4:21	-	book
伯1:1#4	104	108	創一26	創1:26	-	book
伯1:1#4	141	143	二3	伯2:3	-	chapter
伯1:1#4	144	145	9	伯2:9	-	bare
伯1:1#4	146	149	二七5	伯27:5	-	chapter
伯1:1#4	150	153	三一6	伯31:6	-	chapter
伯1:6#1	12	21	王上二二19～23	王上22:19	-	book
伯1:6#1	22	28	詩八九5～7	詩89:5	-	book
伯1:6#1	30	34	6～8節	伯1:6	-	bare
伯1:6#1	134	137	6～8	伯1:6	-	bare
伯1:6#1	138	142	二1～3	伯2:1	-	chapter
伯1:6#2	16	18	二7	伯2:7	-	chapter
伯1:6#2	23	29	太四10註1	太4:10	1	book
伯1:6#3	24	32	賽十四12～15	賽14:12	-	book
伯1:6#3	33	41	結二八12～19	結28:12	-	book
伯1:6#3	283	287	來二14	來2:14	-	book
伯1:6#3	311	316	啟十二10	啟12:10	-	book
伯1:6#3	363	367	啟十二5	啟12:5	-	book
伯1:6#3	368	371	7～9	啟12:7	-	bare
伯1:8#1	36	37	8	伯1:8	-	bare
伯1:8#1	38	40	二3	伯2:3	-	chapter
伯1:8#1	103	105	12	伯1:12	-	bare
伯1:8#1	106	108	二6	伯2:6	-	chapter
伯1:8#1	111	114	6註3	伯1:6	3	bare
伯1:9#1	48	53	結二八16	結28:16	-	book
伯1:9#1	54	56	18	結28:18	-	bare
伯1:9#1	58	66	啟十八11～19	啟18:11	-	book
伯1:9#1	127	132	腓三7～8	腓3:7	-	book
伯1:9#1	157	161	創一26	創1:26	-	book
伯1:12#1	68	75	林後十二7～9	林後12:7	-	book
伯1:12#1	215	223	林後四16～17	林後4:16	-	book
伯1:12#1	245	250	林前十13	林前10:13	-	book
伯1:12#1	266	271	13～19	伯1:13	-	bare
伯1:12#1	272	274	二7	伯2:7	-	chapter
伯1:16#1	11	14	19節	伯1:19	-	bare
伯2:1#1	1	5	一6註1	伯1:6	1	chapter
伯2:1#2	1	5	一6註2	伯1:6	2	chapter
伯2:3#1	1	5	一8註1	伯1:8	1	chapter
伯2:6#1	1	6	一12註1	伯1:12	1	chapter
伯2:13#1	345	347	一5	伯1:5	-	chapter
伯2:13#1	348	351	四二8	伯42:8	-	chapter
伯2:13#1	359	362	約三6	約3:6	-	book
伯2:13#1	363	368	彼前一23	彼前1:23	-	book
伯2:13#1	374	379	林後四16	林後4:16	-	book
伯2:13#1	380	384	弗四23	弗4:23	-	book
伯2:13#1	390	394	羅十二2	羅12:2	-	book
伯2:13#1	395	400	林後三18	林後3:18	-	book
伯2:13#1	406	410	羅八29	羅8:29	-	book
伯2:13#1	416	420	羅八23	羅8:23	-	book
伯2:13#1	421	423	30	羅8:30	-	bare
伯2:13#1	424	428	腓三21	腓3:21	-	book
伯2:13#1	492	498	約三7～12	約3:7	-	book
伯2:13#1	499	506	十六12～13	約16:12	-	chapter
伯2:13#1	562	567	弗三3～6	弗3:3	-	book
伯2:13#1	568	572	9～11	弗3:9	-	bare
伯2:13#1	573	580	西一25～27	西1:25	-	book
伯2:13#1	683	686	腓三8	腓3:8	-	book
伯2:13#1	688	696	詩七三25～26	詩73:25	-	book
伯3:1#1	154	156	一1	伯1:1	-	chapter
伯3:1#1	242	245	創二9	創2:9	-	book
伯3:1#1	272	277	提前六11	提前6:11	-	book
伯3:1#1	278	283	提後三17	提後3:17	-	book
伯3:1#1	315	322	弗三14～21	弗3:14	-	book
伯3:1#1	378	382	11註1	伯3:11	1	bare
伯3:11#1	43	49	一13～19	伯1:13	-	chapter
伯3:11#1	73	75	二7	伯2:7	-	chapter
伯3:11#1	127	134	林後四8～18	林後4:8	-	book
伯3:11#1	135	140	腓三7～8	腓3:7	-	book
伯3:11#1	168	174	林後十二10	林後12:10	-	book
伯3:11#1	192	196	西一24	西1:24	-	book
伯3:11#1	197	200	腓四4	腓4:4	-	book
伯3:11#1	258	264	林後四8～9	林後4:8	-	book
伯3:11#1	335	343	林後四10～12	林後4:10	-	book
伯3:11#1	344	349	16～17	林後4:16	-	bare
伯3:11#1	351	355	羅八18	羅8:18	-	book
伯3:11#1	426	433	腓一21～25	腓1:21	-	book
伯3:11#1	476	483	腓一19～20	腓1:19	-	book
林前13:4#1	27	32	約壹四16	約壹4:16	-	book
林前13:4#1	51	55	4～7節	林前13:4	-	bare
林前13:4#1	144	146	三1	林前3:1	-	chapter
林前13:4#1	147	148	3	林前3:3	-	bare
林前13:4#1	149	152	二14	林前2:14	-	chapter
林前13:4#1	206	209	二15	林前2:15	-	chapter
林前13:7#1	3	6	九12	林前9:12	-	chapter
林前13:10#3	1	3	8節	林前13:8	-	bare
林前13:13#1	11	15	約一12	約1:12	-	book
林前13:13#1	29	33	來十一1	來11:1	-	book
林前13:13#1	52	59	羅八24～25	羅8:24	-	book
林前13:13#1	97	99	八1	林前8:1	-	chapter
林前13:13#1	117	124	羅十三8～10	羅13:8	-	book
林前13:13#1	201	204	十四1	林前14:1	-	chapter
林前14:1#1	6	15	十二31～十三13	林前12:31	-	chapter
林前14:1#2	1	7	十二31註1	林前12:31	1	chapter
林前14:2#1	3	7	2～6節	林前14:2	-	bare
林前14:7#2	3	8	7～11節	林前14:7	-	bare
林前14:7#2	39	40	7	林前14:7	-	bare
林前14:7#2	53	54	8	林前14:8	-	bare
林前14:10#1	3	7	7～8節	林前14:7	-	bare
林前14:12#1	107	110	十二4	林前12:4	-	chapter
林前14:12#2	178	182	西一25	西1:25	-	book
林前14:12#2	196	199	西二2	西2:2	-	book
林前14:12#2	211	214	弗三4	弗3:4	-	book
林前14:12#3	23	27	八8註1	林前8:8	1	chapter
伯4:8#1	134	137	創二9	創2:9	-	book
伯4:8#1	251	256	九15註1	伯9:15	1	chapter
伯4:8#1	257	262	十13註1	伯10:13	1	chapter
伯5:17#2	23	29	創十七1註2	創17:1	2	book
伯5:17#3	1	5	四8註1	伯4:8	1	chapter
伯6:1#1	40	43	1～7	伯6:1	-	bare
伯6:1#1	51	55	8～13	伯6:8	-	bare
伯6:1#1	65	70	14～23	伯6:14	-	bare
伯6:1#1	78	83	24～30	伯6:24	-	bare
伯6:1#1	102	107	七1～10	伯7:1	-	chapter
伯6:1#1	126	132	七11～21	伯7:11	-	chapter
伯6:1#1	182	187	二13註1	伯2:13	1	chapter
伯6:1#1	190	196	四二17註1	伯42:17	1	chapter
伯6:1#1	361	364	創二9	創2:9	-	book
伯6:1#1	365	370	16～17	創2:16	-	bare
伯6:2#1	1	6	三11註1	伯3:11	1	chapter
伯7:16#1	1	6	三11註1	伯3:11	1	chapter
伯9:5#1	0	4	5～7節	伯9:5	-	bare
伯9:5#1	45	50	創一2註1	創1:2	1	book
伯9:5#1	51	58	賽十四13註1	賽14:13	1	book
伯9:5#1	59	63	15註1	賽14:15	1	bare
伯9:13#1	15	19	二六12	伯26:12	-	chapter
伯9:13#1	20	24	賽五一9	賽51:9	-	book
伯9:15#1	23	25	15	伯9:15	-	bare
伯9:15#1	26	31	20～21	伯9:20	-	bare
伯9:15#1	59	64	13～24	伯9:13	-	bare
伯9:15#1	115	118	弗一5	弗1:5	-	book
伯9:15#1	119	120	9	弗1:9	-	bare
林前14:14#1	98	101	羅八6	羅8:6	-	book
林前14:15#2	17	21	弗六18	弗6:18	-	book
林前14:15#2	53	57	約四24	約4:24	-	book
林前14:15#2	156	158	19	林前14:19	-	bare
林前14:15#2	275	279	弗四23	弗4:23	-	book
林前14:19#1	1	5	15註2	林前14:15	2	bare
林前14:20#1	16	18	15	林前14:15	-	bare
林前14:20#1	19	22	19節	林前14:19	-	bare
林前14:20#1	145	147	19	林前14:19	-	bare
林前14:20#2	17	19	三1	林前3:1	-	chapter
林前14:20#3	25	31	21～25節	林前14:21	-	bare
林前14:21#1	8	12	34註5	林前14:34	5	bare
林前14:21#2	3	10	賽二八9～13	賽28:9	-	book
林前14:22#1	14	17	21節	林前14:21	-	bare
林前14:26#1	203	205	30	林前14:30	-	bare
林前14:26#1	258	260	22	林前14:22	-	bare
林前14:31#1	26	28	1下	林前14:1	-	bare
林前14:31#1	30	35	民十一29	民11:29	-	book
林前14:33#1	0	8	本章26～32節	林前14:26	-	anaphor
伯10:13#1	61	64	弗三9	弗3:9	-	book
伯10:13#1	85	89	創一26	創1:26	-	book
伯10:13#1	131	136	弗三4～5	弗3:4	-	book
伯10:13#1	160	164	弗一10	弗1:10	-	book
伯10:13#1	165	167	三9	弗3:9	-	chapter
伯10:13#1	168	172	提前一4	提前1:4	-	book
伯10:13#1	252	256	羅八29	羅8:29	-	book
伯10:13#1	257	261	約壹三2	約壹3:2	-	book
伯10:13#1	283	290	弗二15～16	弗2:15	-	book
伯10:13#1	304	311	弗一22～23	弗1:22	-	book
伯10:13#1	312	315	三19	弗3:19	-	chapter
伯10:13#1	331	339	啟二一2～二二5	啟21:2	-	book
伯10:13#1	424	429	林後五17	林後5:17	-	book
伯10:13#1	430	434	加六15	加6:15	-	book
伯12:10#1	68	73	創二7註5	創2:7	5	book
伯15:17#1	4	10	17～35節	伯15:17	-	bare
林前14:34#1	10	14	28註1	林前14:28	1	bare
林前14:34#3	0	2	一2	林前1:2	-	chapter
林前14:34#3	3	6	十32	林前10:32	-	chapter
林前14:34#4	2	5	十一5	林前11:5	-	chapter
林前14:34#4	25	32	徒二17～18	徒2:17	-	book
林前14:34#4	33	36	二一9	徒21:9	-	chapter
林前14:34#4	49	54	提前二12	提前2:12	-	book
林前14:34#5	9	13	太五17	太5:17	-	book
林前14:34#5	14	17	七12	太7:12	-	chapter
林前14:34#5	18	22	十一13	太11:13	-	chapter
林前14:34#5	32	36	創三16	創3:16	-	book
林前14:37#1	57	61	十二28	林前12:28	-	chapter
林前14:37#1	92	95	弗三5	弗3:5	-	book
林前14:37#1	107	111	弗二20	弗2:20	-	book
林前14:37#1	150	152	三1	林前3:1	-	chapter
林前14:37#1	153	156	二15	林前2:15	-	chapter
林前14:37#2	15	17	34	林前14:34	-	bare
林前14:40#1	50	52	四9	林前4:9	-	chapter
林前14:40#1	53	57	十一10	林前11:10	-	chapter
林前14:40#1	116	119	一23	林前1:23	-	chapter
林前14:40#1	120	122	二2	林前2:2	-	chapter
林前14:40#1	156	159	一30	林前1:30	-	chapter
林前15:1#1	34	37	羅一1	羅1:1	-	book
林前15:1#1	38	42	十六25	羅16:25	-	chapter
林前15:2#1	60	64	羅五10	羅5:10	-	book
林前15:2#1	83	87	羅八29	羅8:29	-	book
林前15:3#2	46	52	賽五三5～8	賽53:5	-	book
林前15:3#2	53	58	10～12	賽53:10	-	bare
林前15:3#2	59	67	詩二二14～18	詩22:14	-	book
林前15:3#2	68	72	但九26	但9:26	-	book
林前15:3#2	73	77	賽五三9	賽53:9	-	book
林前15:3#2	78	85	詩十六9～10	詩16:9	-	book
林前15:3#2	86	89	何六2	何6:2	-	book
林前15:5#1	37	41	徒一22	徒1:22	-	book
林前15:5#1	60	64	徒二32	徒2:32	-	book
林前15:5#1	65	68	四33	徒4:33	-	chapter
林前15:5#1	116	121	約十四19	約14:19	-	book
林前15:10#1	26	28	45	林前15:45	-	bare
林前15:10#1	96	102	約一17註1	約1:17	1	book
林前15:10#1	103	109	加二21註1	加2:21	1	book
林前15:10#1	126	134	提前一15～16	提前1:15	-	book
林前15:10#2	14	18	加二20	加2:20	-	book
林前15:12#1	39	44	太二二23	太22:23	-	book
林前15:12#1	45	49	徒二三8	徒23:8	-	book
林前15:12#1	80	88	提後二17～18	提後2:17	-	book
林前15:12#1	145	150	太二二32	太22:32	-	book
林前15:12#1	204	208	啟一18	啟1:18	-	book
林前15:12#1	219	223	來七25	來7:25	-	book
林前15:12#1	248	252	羅四25	羅4:25	-	book
林前15:12#1	265	270	約十二24	約12:24	-	book
林前15:12#1	278	281	約三5	約3:5	-	book
林前15:12#1	289	292	多三5	多3:5	-	book
林前15:12#1	300	304	羅十二2	羅12:2	-	book
林前15:12#1	305	310	林後三18	林後3:18	-	book
林前15:12#1	324	328	羅八29	羅8:29	-	book
林前15:12#1	346	350	羅十二5	羅12:5	-	book
林前15:12#1	366	373	弗一20～23	弗1:20	-	book
林前15:12#1	387	391	約三29	約3:29	-	book
林前15:12#1	401	405	弗二15	弗2:15	-	book
林前15:12#1	406	409	四24	弗4:24	-	chapter
林前15:12#1	410	417	西三10～11	西3:10	-	book
林前15:17#2	59	62	羅八2	羅8:2	-	book
林前15:18#1	7	15	帖前四13～16	帖前4:13	-	book
林前15:19#1	37	41	西一27	西1:27	-	book
林前15:19#1	52	57	但十二13	但12:13	-	book
林前15:19#1	72	76	啟二十4	啟20:4	-	book
林前15:19#1	77	78	6	啟20:6	-	bare
林前15:19#1	91	96	路十四14	路14:14	-	book
伯19:6#1	8	11	1～5	伯19:1	-	bare
伯19:6#1	58	60	12	伯19:12	-	bare
伯19:6#1	88	92	腓一18	腓1:18	-	book
伯19:6#1	93	95	四4	腓4:4	-	chapter
伯19:6#1	96	100	西一24	西1:24	-	book
伯19:6#1	103	108	三11註1	伯3:11	1	chapter
伯19:11#1	41	46	十13註1	伯10:13	1	chapter
伯19:25#1	82	86	加二20	加2:20	-	book
伯19:25#1	87	91	弗三17	弗3:17	-	book
伯22:21#1	80	83	創二9	創2:9	-	book
伯22:21#1	84	86	17	創2:17	-	bare
林前15:20#1	0	8	本章20～28節	林前15:20	-	anaphor
林前15:20#2	25	33	利二三10～11	利23:10	-	book
林前15:20#2	50	54	太二八1	太28:1	-	book
林前15:20#2	101	109	太二七52～53	太27:52	-	book
林前15:20#2	144	148	西一18	西1:18	-	book
林前15:20#2	149	156	弗一20～23	弗1:20	-	book
林前15:21#1	9	11	45	林前15:45	-	bare
林前15:21#2	9	11	47	林前15:47	-	bare
林前15:21#2	23	27	羅五12	羅5:12	-	book
林前15:21#2	43	50	羅五17～18	羅5:17	-	book
林前15:21#2	120	123	羅六4	羅6:4	-	book
林前15:21#2	137	140	約三5	約3:5	-	book
林前15:21#2	154	158	腓三21	腓3:21	-	book
林前15:22#1	32	35	弗二1	弗2:1	-	book
林前15:22#1	36	37	5	弗2:5	-	bare
林前15:22#2	42	47	弗二5～6	弗2:5	-	book
林前15:23#1	1	5	20註2	林前15:20	2	bare
林前15:23#2	35	39	約五29	約5:29	-	book
林前15:23#2	40	45	路十四14	路14:14	-	book
林前15:23#2	46	51	帖前四16	帖前4:16	-	book
林前15:23#2	52	58	林前十五52	林前15:52	-	book
林前15:23#2	59	65	啟二十4～6	啟20:4	-	book
林前15:24#1	121	125	啟二一1	啟21:1	-	book
林前15:24#1	292	296	約五29	約5:29	-	book
林前15:24#1	297	301	啟二十5	啟20:5	-	book
林前15:24#1	302	307	11～15	啟20:11	-	bare
林前15:24#2	21	23	25	林前15:25	-	bare
林前15:24#2	30	32	26	林前15:26	-	bare
林前15:24#3	18	23	路十九12	路19:12	-	book
林前15:24#3	24	26	15	路19:15	-	bare
林前15:24#3	62	69	但七13～14	但7:13	-	book
林前15:24#3	70	74	啟二十4	啟20:4	-	book
林前15:24#3	75	76	6	啟20:6	-	bare
林前15:24#3	138	143	25～26	林前15:25	-	bare
林前15:24#3	165	172	啟二十7～10	啟20:7	-	book
林前15:24#3	173	175	14	啟20:14	-	bare
林前15:26#1	79	86	啟二十7～10	啟20:7	-	book
林前15:26#1	136	144	啟二十11～15	啟20:11	-	book
林前15:27#1	4	9	詩八6～8	詩8:6	-	book
林前15:27#1	31	37	24～26節	林前15:24	-	bare
林前15:27#2	6	11	詩八4～8	詩8:4	-	book
林前15:27#2	40	45	來二7～9	來2:7	-	book
林前15:27#2	46	53	弗一20～22	弗1:20	-	book
林前15:28#1	6	9	27節	林前15:27	-	bare
林前15:28#2	32	35	十一3	林前11:3	-	chapter
林前15:28#2	71	75	弗一22	弗1:22	-	book
林前15:28#2	76	81	來二7～8	來2:7	-	book
林前15:28#2	138	140	24	林前15:24	-	bare
林前15:28#3	5	8	27節	林前15:27	-	bare
林前15:29#1	0	6	20～28節	林前15:20	-	bare
林前15:29#1	20	23	18節	林前15:18	-	bare
林前15:29#1	25	31	30～32節	林前15:30	-	bare
林前15:29#1	34	37	19節	林前15:19	-	bare
林前15:29#2	88	93	帖前四16	帖前4:16	-	book
林前15:29#2	108	112	西二12	西2:12	-	book
林前15:31#2	77	83	林後十一23	林後11:23	-	book
林前15:31#2	84	87	四11	林後4:11	-	chapter
林前15:31#2	88	92	一8～9	林後1:8	-	chapter
林前15:31#2	93	97	羅八36	羅8:36	-	book
林前15:32#1	71	76	路十四14	路14:14	-	book
林前15:32#1	77	81	提後四8	提後4:8	-	book
林前15:32#2	14	19	提後四17	提後4:17	-	book
林前15:32#3	56	58	19	林前15:19	-	bare
林前15:34#2	28	36	太二二29～32	太22:29	-	book
伯26:6#1	1	8	太十一23註1	太11:23	1	book
伯26:7#1	1	6	三八4註2	伯38:4	2	chapter
伯26:12#1	1	6	九13註1	伯9:13	1	chapter
林前15:38#1	12	14	37	林前15:37	-	bare
林前15:38#1	62	64	35	林前15:35	-	bare
林前15:39#1	1	7	39～41節	林前15:39	-	bare
林前15:44#1	123	128	42～43	林前15:42	-	bare
林前15:45#1	92	96	約一14	約1:14	-	book
林前15:45#1	97	99	29	約1:29	-	bare
林前15:45#1	117	122	約十10下	約10:10	-	book
林前15:45#1	264	267	六17	林前6:17	-	chapter
林前15:45#1	322	327	52～54	林前15:52	-	bare
林前15:45#1	328	332	腓三21	腓3:21	-	book
林前15:46#1	10	12	47	林前15:47	-	bare
林前15:46#2	10	12	47	林前15:47	-	bare
林前15:47#2	12	14	45	林前15:45	-	bare
林前15:47#2	29	31	45	林前15:45	-	bare
林前15:51#1	29	33	腓三21	腓3:21	-	book
林前15:51#2	4	8	十一30	林前11:30	-	chapter
林前15:51#2	9	17	約十一11～13	約11:11	-	book
林前15:51#2	18	26	帖前四13～16	帖前4:13	-	book
林前15:51#3	29	34	42～43	林前15:42	-	bare
林前15:51#3	56	60	腓三21	腓3:21	-	book
林前15:52#1	6	11	啟十一15	啟11:15	-	book
林前15:52#1	20	25	帖前四16	帖前4:16	-	book
林前15:52#2	19	24	帖前四16	帖前4:16	-	book
林前15:52#3	45	53	帖前四15～17	帖前4:15	-	book
林前15:54#1	163	168	林後三18	林後3:18	-	book
林前15:54#3	57	60	弗四8	弗4:8	-	book
林前15:54#3	76	78	25	林前15:25	-	bare
林前15:54#3	100	107	但七13～14	但7:13	-	book
林前15:54#3	136	140	啟二十4	啟20:4	-	book
林前15:54#3	141	142	6	啟20:6	-	bare
林前15:56#1	9	13	來二14	來2:14	-	book
林前15:56#1	24	28	羅五12	羅5:12	-	book
林前15:56#1	47	52	林後五21	林後5:21	-	book
林前15:56#1	66	69	羅八3	羅8:3	-	book
林前15:56#2	32	36	羅四15	羅4:15	-	book
林前15:56#2	37	40	五13	羅5:13	-	chapter
林前15:56#2	41	43	20	羅5:20	-	bare
林前15:56#2	44	48	七7～8	羅7:7	-	chapter
林前15:56#2	72	79	羅七10～11	羅7:10	-	book
林前15:56#2	101	106	彼前三18	彼前3:18	-	book
林前15:56#2	107	110	二24	彼前2:24	-	chapter
林前15:56#2	193	195	57	林前15:57	-	bare
林前15:57#2	53	55	45	林前15:45	-	bare
林前15:57#2	67	70	六17	林前6:17	-	chapter
林前15:58#4	103	106	三12	林前3:12	-	chapter
林前15:58#4	132	137	路十四14	路14:14	-	book
林前15:58#4	154	157	三14	林前3:14	-	chapter
林前15:58#4	158	163	太二五21	太25:21	-	book
林前15:58#4	164	166	23	太25:23	-	bare
伯32:2#2	27	30	2～5	伯32:2	-	bare
伯32:2#2	49	54	箴二九11	箴29:11	-	book
伯32:2#2	56	60	弗四26	弗4:26	-	book
伯32:8#1	61	66	創二7註5	創2:7	5	book
伯32:10#1	106	112	腓三8～14	腓3:8	-	book
伯32:10#1	140	145	林後四17	林後4:17	-	book
伯32:10#1	189	194	林前十二8	林前12:8	-	book
伯32:10#1	336	340	啟一10	啟1:10	-	book
伯36:4#1	1	7	三二10註1	伯32:10	1	chapter
林前16:1#1	55	62	太六19～21	太6:19	-	book
林前16:1#1	63	68	24～25	太6:24	-	bare
林前16:1#1	69	71	30	太6:30	-	bare
林前16:1#1	72	79	十九21～22	太19:21	-	chapter
林前16:1#1	80	88	路十二13～19	路12:13	-	book
林前16:1#1	137	144	徒二44～45	徒2:44	-	book
林前16:1#1	145	148	四32	徒4:32	-	chapter
林前16:1#1	149	154	34～37	徒4:34	-	bare
林前16:1#1	171	177	徒五1～11	徒5:1	-	book
林前16:1#1	178	180	六1	徒6:1	-	chapter
林前16:1#1	315	323	路十二16～21	路12:16	-	book
林前16:1#1	324	332	提前六17～19	提前6:17	-	book
林前16:1#2	29	32	七17	林前7:17	-	chapter
林前16:1#2	33	37	十一16	林前11:16	-	chapter
林前16:1#2	38	42	十四34	林前14:34	-	chapter
林前16:2#1	22	27	創二1～3	創2:1	-	book
林前16:2#1	28	32	出二十8	出20:8	-	book
林前16:2#1	33	35	11	出20:11	-	bare
林前16:2#1	66	73	約二十1與註1	約20:1	1	book
林前16:2#1	81	85	啟一10	啟1:10	-	book
林前16:2#1	97	101	徒二十7	徒20:7	-	book
林前16:2#1	133	137	彼前一3	彼前1:3	-	book
林前16:2#1	149	152	弗二6	弗2:6	-	book
林前16:3#1	33	39	林後八1～2	林後8:1	-	book
林前16:3#1	40	48	羅十五25～27	羅15:25	-	book
林前16:8#1	28	36	徒十九21～22	徒19:21	-	book
林前16:8#1	37	40	二十1	徒20:1	-	chapter
林前16:8#1	41	43	31	徒20:31	-	bare
林前16:12#1	48	54	一11～12	林前1:11	-	chapter
林前16:13#3	31	35	十四20	林前14:20	-	chapter
林前16:13#3	63	67	弗四14	弗4:14	-	book
林前16:13#3	81	83	三1	林前3:1	-	chapter
林前16:13#3	84	85	6	林前3:6	-	bare
林前16:19#1	36	44	徒十八18～19	徒18:18	-	book
林前16:19#1	45	47	26	徒18:26	-	bare
林前16:19#1	75	79	羅十六5	羅16:5	-	book
林前16:19#1	81	88	西四15～16	西4:15	-	book
林前16:19#1	89	91	門2	門1:2	-	book
林前16:21#1	0	8	本章10～21節	林前16:10	-	anaphor
林前16:22#1	67	69	二9	林前2:9	-	chapter
林前16:23#1	1	7	十五10註1	林前15:10	1	chapter
林前16:24#1	24	27	四21	林前4:21	-	chapter
林前16:24#1	50	56	林後十三14	林後13:14	-	book
林前16:24#1	114	117	一13	林前1:13	-	chapter
林前16:24#1	118	120	三3	林前3:3	-	chapter
林前16:24#1	121	125	四7～8	林前4:7	-	chapter
林前16:24#1	126	128	五2	林前5:2	-	chapter
林前16:24#1	129	130	5	林前5:5	-	bare
林前16:24#1	131	135	六5～8	林前6:5	-	chapter
林前16:24#1	136	140	十一17	林前11:17	-	chapter
林前16:24#1	169	173	林後二4	林後2:4	-	book
林前16:24#1	215	222	林後七8～13	林後7:8	-	book
伯38:1#1	8	11	1～3	伯38:1	-	bare
伯38:1#1	12	18	四十1～14	伯40:1	-	chapter
伯38:1#1	349	351	二6	伯2:6	-	chapter
伯38:4#1	6	10	4～38	伯38:4	-	bare
伯38:4#1	15	24	三八39～三九30	伯38:39	-	chapter
伯38:4#1	25	34	四十15～四一34	伯40:15	-	chapter
伯38:4#1	118	123	四十3～5	伯40:3	-	chapter
伯38:4#1	229	232	西二2	西2:2	-	book
伯38:4#1	253	258	弗三4～6	弗3:4	-	book
伯38:4#1	281	288	西一25～27	西1:25	-	book
伯38:4#2	13	18	賽四五18	賽45:18	-	book
伯38:4#2	53	56	4～6	伯38:4	-	bare
伯38:4#2	66	71	亞十二1下	亞12:1	-	book
伯38:4#2	88	92	二六7下	伯26:7	-	chapter
伯38:4#2	110	116	來一3與註2	來1:3	2	book
伯38:7#1	15	19	賽四二5	賽42:5	-	book
伯38:7#1	20	24	亞十二1	亞12:1	-	book
伯38:7#1	91	93	一6	伯1:6	-	chapter
伯38:7#1	94	96	二1	伯2:1	-	chapter
伯42:5#2	78	82	啟二二4	啟22:4	-	book
伯42:5#2	94	99	林後三18	林後3:18	-	book
伯42:5#2	101	105	約壹三2	約壹3:2	-	book
伯42:5#2	156	160	羅十二2	羅12:2	-	book
伯42:6#1	28	33	太十六24	太16:24	-	book
伯42:6#1	34	38	路九23	路9:23	-	book
伯42:6#1	39	43	十四26	路14:26	-	chapter
伯42:7#1	219	225	腓三7～14	腓3:7	-	book
伯42:7#1	226	234	林後四16～17	林後4:16	-	book
伯42:7#1	269	277	啟二一2～二二5	啟21:2	-	book
伯42:10#2	206	210	加三14	加3:14	-	book
伯42:17#1	220	227	羅八28～29	羅8:28	-	book
伯42:17#1	315	319	弗三19	弗3:19	-	book
林後1:1#1	1	7	林前一1註1	林前1:1	1	book
林後1:1#2	1	7	林前一2註2	林前1:2	2	book
林後1:1#3	1	7	林前一2註3	林前1:2	3	book
林後1:1#4	1	7	林前一2註7	林前1:2	7	book
林後1:5#2	35	40	太二十22	太20:22	-	book
林後1:5#2	41	45	腓三10	腓3:10	-	book
林後1:5#2	46	50	西一24	西1:24	-	book
林後1:5#2	51	56	彼前四13	彼前4:13	-	book
林後1:8#1	13	15	五4	林後5:4	-	chapter
林後1:8#3	3	5	四8	林後4:8	-	chapter
林後1:9#1	44	45	9	林後1:9	-	bare
林後1:9#1	81	83	12	林後1:12	-	bare
林後1:9#1	102	107	18～20	林後1:18	-	bare
林後1:9#1	148	153	21～22	林後1:21	-	bare
林後1:9#1	154	160	二14～16	林後2:14	-	chapter
林後1:9#1	192	196	三3～6	林後3:3	-	chapter
林後1:9#1	211	216	三7～11	林後3:7	-	chapter
林後1:9#1	271	277	三16～18	林後3:16	-	chapter
林後1:9#3	85	88	4～6	林後1:4	-	bare
林後1:9#3	92	97	四7～12	林後4:7	-	chapter
林後1:11#3	8	10	12	林後1:12	-	bare
林後1:11#3	47	51	9～10	林後1:9	-	bare
林後1:12#1	12	16	提後一3	提後1:3	-	book
林後1:12#1	25	30	徒二四16	徒24:16	-	book
林後1:12#3	77	79	15	林後1:15	-	bare
林後1:12#8	11	19	林前十五10註1	林前15:10	1	book
林後1:12#8	28	31	11節	林後1:11	-	bare
林後1:14#1	1	8	林前三13註1	林前3:13	1	book
詩1:1#1	676	681	路二四44	路24:44	-	book
詩1:1#1	769	772	西二9	西2:9	-	book
詩1:1#1	794	801	約二19～21	約2:19	-	book
詩1:1#1	819	824	路十七21	路17:21	-	book
詩1:1#1	825	830	啟二二3下	啟22:3	-	book
詩1:1#1	854	861	但二34～35	但2:34	-	book
詩1:1#1	884	888	弗一23	弗1:23	-	book
詩1:1#1	889	893	西三11	西3:11	-	book
詩1:1#1	1034	1040	啟二一1～3	啟21:1	-	book
詩1:2#1	132	136	羅七12	羅7:12	-	book
詩1:2#1	137	140	14上	羅7:14	-	bare
詩1:2#1	178	183	羅五20上	羅5:20	-	book
詩1:2#1	205	209	創一26	創1:26	-	book
詩1:2#1	231	236	創二8～9	創2:8	-	book
詩1:2#1	237	242	16～17	創2:16	-	bare
詩1:2#1	289	294	創三1～6	創3:1	-	book
詩1:2#1	295	299	羅五19	羅5:19	-	book
詩1:2#1	335	342	加三19與註1	加3:19	1	book
詩1:2#1	349	356	加四24～25	加4:24	-	book
詩1:2#1	370	376	加四24註5	加4:24	5	book
詩1:2#1	484	491	弗五30～32	弗5:30	-	book
詩1:2#1	492	496	羅八29	羅8:29	-	book
詩1:2#1	518	524	太十七1～5	太17:1	-	book
詩1:2#1	525	530	腓三7～8	腓3:7	-	book
詩1:2#1	531	538	西一15～19	西1:15	-	book
詩1:2#1	648	653	創二8～9	創2:8	-	book
詩1:2#1	654	659	16～17	創2:16	-	bare
詩1:2#1	661	664	9註3	創2:9	3	bare
詩1:2#1	711	718	加三23～24	加3:23	-	book
詩1:2#1	730	736	出二五1註1	出25:1	1	book
詩1:2#1	778	784	羅七7～11	羅7:7	-	book
詩1:2#1	785	790	林後三6下	林後3:6	-	book
詩1:2#1	819	825	弗一9～10	弗1:9	-	book
詩1:2#1	826	831	三8～11	弗3:8	-	chapter
詩1:2#1	842	846	羅十4上	羅10:4	-	book
詩1:2#1	861	865	羅六14	羅6:14	-	book
詩1:3#1	39	42	4～5	詩1:4	-	bare
詩1:3#1	59	64	七三1～7	詩73:1	-	chapter
詩1:3#1	65	70	12～14	詩73:12	-	bare
詩1:3#1	126	133	七三16～17	詩73:16	-	chapter
詩1:3#1	134	139	25～26	詩73:25	-	bare
詩1:3#1	176	180	太五10	太5:10	-	book
詩1:3#1	219	222	腓三8	腓3:8	-	book
詩2:1#1	35	38	1～3	詩1:1	-	bare
詩2:1#2	18	21	1～3	詩2:1	-	bare
詩2:1#2	39	46	徒四25～28	徒4:25	-	book
詩2:1#2	58	63	啟十九19	啟19:19	-	book
詩2:2#1	60	64	但九26	但9:26	-	book
詩2:2#1	65	69	約一41	約1:41	-	book
詩2:2#1	95	99	路二11	路2:11	-	book
詩2:2#1	100	104	太一16	太1:16	-	book
詩2:2#1	105	109	十六16	太16:16	-	chapter
詩2:2#1	148	155	太三16～17	太3:16	-	book
詩2:2#1	156	163	路四18～19	路4:18	-	book
詩2:2#1	164	168	徒十38	徒10:38	-	book
詩2:2#1	169	172	來一9	來1:9	-	book
詩2:2#1	192	198	林前十五45	林前15:45	-	book
詩2:2#1	227	231	徒二36	徒2:36	-	book
詩2:2#1	264	270	約一41註1	約1:41	1	book
詩2:2#1	271	277	徒二36註2	徒2:36	2	book
詩2:6#1	2	6	4～6節	詩2:4	-	bare
詩2:6#1	56	61	可十六19	可16:19	-	book
詩2:6#1	62	66	徒二36	徒2:36	-	book
詩2:6#1	67	70	五31	徒5:31	-	chapter
詩2:6#1	71	75	啟一5上	啟1:5	-	book
詩2:6#1	101	102	8	詩2:8	-	bare
詩2:6#1	103	111	太二八18～20	太28:18	-	book
詩2:6#1	136	137	9	詩2:9	-	bare
詩2:6#1	138	143	啟十九15	啟19:15	-	book
詩2:6#1	182	183	2	詩2:2	-	bare
詩2:6#1	200	201	7	詩2:7	-	bare
詩2:6#1	203	208	徒十三33	徒13:33	-	book
詩2:6#1	216	217	6	詩2:6	-	bare
詩2:6#1	230	235	啟十一15	啟11:15	-	book
詩2:6#1	256	257	8	詩2:8	-	bare
詩2:6#1	271	272	9	詩2:9	-	bare
詩2:6#2	61	65	啟十四1	啟14:1	-	book
詩2:6#2	89	97	來十二18～22	來12:18	-	book
詩2:6#2	168	175	加四24～26	加4:24	-	book
詩2:6#2	176	178	28	加4:28	-	bare
詩2:6#2	179	182	三14	加3:14	-	chapter
詩2:7#1	0	4	7～9節	詩2:7	-	bare
詩2:7#1	17	22	徒十三33	徒13:33	-	book
詩2:7#1	56	60	但九26	但9:26	-	book
詩2:7#1	81	86	羅一3～4	羅1:3	-	book
詩2:7#1	87	90	八29	羅8:29	-	chapter
詩2:7#1	91	96	來一5～6	來1:5	-	book
詩2:7#1	136	141	約二十17	約20:17	-	book
詩2:7#1	142	146	彼前一3	彼前1:3	-	book
詩2:7#1	147	151	羅八29	羅8:29	-	book
詩2:7#1	152	156	來二10	來2:10	-	book
詩2:7#1	159	166	徒十三33註1	徒13:33	1	book
詩2:7#1	167	172	羅一4註6	羅1:4	6	book
詩2:7#1	173	180	約二十17註2	約20:17	2	book
詩2:10#1	0	6	10～12節	詩2:10	-	bare
詩2:10#1	58	62	徒二20	徒2:20	-	book
詩2:10#1	63	67	林前五5	林前5:5	-	book
詩2:10#1	68	72	帖前五2	帖前5:2	-	book
詩2:10#1	73	77	帖後二2	帖後2:2	-	book
詩2:10#1	78	83	彼後三10	彼後3:10	-	book
詩2:10#1	94	99	彼後三12	彼後3:12	-	book
詩2:10#1	102	108	珥一15註1	珥1:15	1	book
詩2:12#1	13	17	約三16	約3:16	-	book
詩2:12#1	18	20	36	約3:36	-	bare
詩2:12#1	57	62	約十四21	約14:21	-	book
詩2:12#1	63	65	23	約14:23	-	bare
詩2:12#1	76	80	約一12	約1:12	-	book
詩2:12#1	112	118	林前二9註1	林前2:9	1	book
詩2:12#2	29	33	一1～2	詩1:1	-	chapter
林後1:18#2	9	14	林前一18	林前1:18	-	book
林後1:18#2	31	33	19	林後1:19	-	bare
林後1:19#2	1	6	徒十五22	徒15:22	-	book
林後1:19#2	7	10	十八5	徒18:5	-	chapter
林後1:20#3	16	22	林前十四16	林前14:16	-	book
林後1:21#4	7	11	但九26	但9:26	-	book
林後1:22#1	34	40	弗一13註1	弗1:13	1	book
林後1:22#2	35	38	羅五5	羅5:5	-	book
林後1:22#2	39	42	加四6	加4:6	-	book
林後1:22#2	66	70	羅八16	羅8:16	-	book
林後1:22#3	48	54	弗一14註2	弗1:14	2	book
林後1:23#2	40	45	林前四21	林前4:21	-	book
林後1:23#2	87	89	二1	林後2:1	-	chapter
林後1:23#2	120	122	24	林後1:24	-	bare
林後1:24#1	16	25	林前十六13與註2	林前16:13	2	book
林後2:10#3	106	112	一1～二11	林後1:1	-	chapter
林後2:10#3	144	149	七6～13	林後7:6	-	chapter
詩3:1#1	48	58	撒下十五1～十九8上	撒下15:1	-	book
詩3:1#1	176	183	弗一15～23	弗1:15	-	book
詩3:1#1	184	190	三14～21	弗3:14	-	chapter
詩3:7#1	46	50	太五44	太5:44	-	book
詩3:7#1	51	55	路六27	路6:27	-	book
詩3:7#1	56	58	35	路6:35	-	bare
詩3:7#1	59	64	羅十二14	羅12:14	-	book
詩3:7#1	65	67	20	羅12:20	-	bare
詩4:1#1	1	5	1～4節	詩4:1	-	bare
詩5:10#1	1	5	三7註1	詩3:7	1	chapter
詩6:1#1	36	42	五一1～17	詩51:1	-	chapter
詩6:1#1	45	49	四1註1	詩4:1	1	chapter
詩6:5#1	1	8	太十一23註1	太11:23	1	book
詩7:3#1	29	30	8	詩7:8	-	bare
詩7:3#1	59	63	賽六四6	賽64:6	-	book
詩7:3#1	64	68	羅七18	羅7:18	-	book
詩7:3#1	69	76	路十八9～14	路18:9	-	book
詩7:3#1	77	82	提前一15	提前1:15	-	book
詩7:3#1	148	153	伯一1註4	伯1:1	4	book
詩7:3#1	217	221	加二20	加2:20	-	book
詩7:3#1	232	235	羅六4	羅6:4	-	book
詩7:3#1	250	255	羅七1～6	羅7:1	-	book
詩7:3#1	256	260	加二19	加2:19	-	book
詩7:3#1	322	328	腓三6下～9	腓3:6	-	book
林後2:12#1	2	4	10	林後2:10	-	bare
林後2:12#1	5	8	11節	林後2:11	-	bare
林後2:12#1	118	120	13	林後2:13	-	bare
林後2:13#1	19	25	林前十六18	林前16:18	-	book
林後2:13#2	30	32	八1	林後8:1	-	chapter
林後2:13#2	33	37	徒二十1	徒20:1	-	book
林後2:14#1	1	5	一5註1	林後1:5	1	chapter
林後2:14#2	228	232	西二15	西2:15	-	book
林後2:14#2	267	273	12～七16	林後2:12	-	bare
林後2:16#1	91	95	三5～6	林後3:5	-	chapter
林後3:2#2	50	52	七3	林後7:3	-	chapter
林後3:3#2	80	81	2	林後3:2	-	bare
林後3:3#2	93	94	3	林後3:3	-	bare
林後3:3#2	170	171	6	林後3:6	-	bare
林後3:3#2	172	175	3註3	林後3:3	3	bare
林後3:5#1	1	6	二16註2	林後2:16	2	chapter
林後3:6#3	34	35	3	林後3:3	-	bare
林後3:6#4	21	25	加三21	加3:21	-	book
林後3:6#4	46	52	羅七9～11	羅7:9	-	book
林後3:6#5	18	24	林前十五45	林前15:45	-	book
詩8:1#2	76	82	腓二5～11	腓2:5	-	book
詩8:1#2	135	143	創二八12與註2	創28:12	2	book
詩8:2#1	50	53	伯一7	伯1:7	-	book
詩8:2#1	54	58	彼前五8	彼前5:8	-	book
詩8:2#1	98	101	弗二2	弗2:2	-	book
詩8:2#1	102	105	六12	弗6:12	-	chapter
詩8:2#1	192	193	1	詩8:1	-	bare
詩8:2#1	222	225	4～8	詩8:4	-	bare
詩8:2#2	18	22	太十八3	太18:3	-	book
詩8:2#2	23	27	十九14	太19:14	-	chapter
詩8:2#3	20	25	太二一16	太21:16	-	book
詩8:4#1	27	31	4～6節	詩8:4	-	bare
詩8:4#1	41	48	創一26～28	創1:26	-	book
詩8:4#1	54	59	來二6～8	來2:6	-	book
詩8:4#1	82	86	創一26	創1:26	-	book
詩8:4#1	127	130	來二6	來2:6	-	book
詩8:4#2	23	25	5上	詩8:5	-	bare
詩8:4#2	26	30	約一14	約1:14	-	book
詩8:4#2	31	34	腓二7	腓2:7	-	book
詩8:4#2	64	68	約一51	約1:51	-	book
詩8:5#1	31	34	來二7	來2:7	-	book
詩8:5#1	35	37	9上	來2:9	-	bare
詩8:5#1	40	45	來二9註3	來2:9	3	book
詩8:5#2	36	39	來二7	來2:7	-	book
詩8:5#3	14	19	約七39下	約7:39	-	book
詩8:5#3	20	25	路二四26	路24:26	-	book
詩8:5#3	41	48	徒二33～36	徒2:33	-	book
詩8:5#3	49	53	五31上	徒5:31	-	chapter
詩8:5#3	76	79	來二9	來2:9	-	book
詩8:5#3	143	150	林前十五45下	林前15:45	-	book
詩8:5#3	171	176	約二十22	約20:22	-	book
詩8:5#3	177	181	徒二17	徒2:17	-	book
詩8:5#3	226	231	約十四17	約14:17	-	book
詩8:5#3	232	234	20	約14:20	-	bare
詩8:6#1	0	4	6～8節	詩8:6	-	bare
詩8:6#1	48	55	創一26～28	創1:26	-	book
詩8:6#1	104	110	啟二十4～6	啟20:4	-	book
詩8:6#1	111	116	太十九28	太19:28	-	book
詩8:6#1	117	123	賽十一6～9	賽11:6	-	book
詩8:6#1	124	128	六五25	賽65:25	-	chapter
詩8:9#1	16	22	太六9～10	太6:9	-	book
詩9:3#1	68	72	一2註1	詩1:2	1	chapter
詩9:3#1	87	90	創二9	創2:9	-	book
詩9:4#1	5	9	7～8節	詩9:7	-	bare
詩9:4#1	91	98	徒五31與註2	徒5:31	2	book
詩9:4#1	119	123	來四16	來4:16	-	book
詩9:4#1	183	186	何六6	何6:6	-	book
詩9:4#1	188	192	太九13	太9:13	-	book
詩9:4#1	193	197	約三16	約3:16	-	book
詩9:4#1	198	204	提前二3～4	提前2:3	-	book
詩9:4#1	205	210	多三4～7	多3:4	-	book
詩9:4#1	252	256	提後四8	提後4:8	-	book
詩9:4#1	257	262	彼前四17	彼前4:17	-	book
詩9:4#1	263	267	羅三19	羅3:19	-	book
詩9:4#1	268	271	啟四2	啟4:2	-	book
詩9:4#1	272	280	六12～二十15	啟6:12	-	chapter
詩10:1#1	22	26	九1註1	詩9:1	1	chapter
林後3:7#2	29	34	出三四29	出34:29	-	book
林後3:7#2	35	37	35	出34:35	-	bare
林後3:8#2	39	41	四6	林後4:6	-	chapter
林後3:8#2	57	59	10	林後3:10	-	bare
林後3:9#1	14	15	7	林後3:7	-	bare
林後3:9#1	31	35	羅五13	羅5:13	-	book
林後3:9#1	36	38	18	羅5:18	-	bare
林後3:9#1	39	44	20～21	羅5:20	-	bare
林後3:9#2	18	19	8	林後3:8	-	bare
林後3:9#2	20	21	6	林後3:6	-	bare
林後3:9#2	40	44	羅五18	羅5:18	-	book
林後3:9#2	45	47	21	羅5:21	-	bare
林後3:9#2	100	102	17	林後3:17	-	bare
林後3:9#3	37	39	10	林後3:10	-	bare
林後3:10#3	7	8	7	林後3:7	-	bare
林後3:11#2	0	5	7～11節	林後3:7	-	bare
林後3:11#2	95	101	二12～17	林後2:12	-	chapter
林後3:11#2	116	122	本章1～6節	林後3:1	-	anaphor
林後3:11#2	133	138	7～11節	林後3:7	-	bare
林後3:12#1	66	68	13	林後3:13	-	bare
林後3:12#2	47	49	13	林後3:13	-	bare
林後3:13#1	33	41	出三四29～33	出34:29	-	book
林後3:14#1	17	20	二11	林後2:11	-	chapter
林後3:14#1	21	24	腓四7	腓4:7	-	book
林後3:14#2	90	92	15	林後3:15	-	bare
林後3:15#1	13	17	約五47	約5:47	-	book
林後3:17#2	5	8	二12	林後2:12	-	chapter
林後3:17#2	27	30	二12	林後2:12	-	chapter
林後3:17#2	31	36	14～15	林後2:14	-	bare
林後3:17#2	37	39	17	林後2:17	-	bare
林後3:17#2	40	44	三3～4	林後3:3	-	chapter
林後3:17#2	45	47	14	林後3:14	-	bare
林後3:17#2	48	50	16	林後3:16	-	bare
林後3:17#2	51	53	四5	林後4:5	-	chapter
林後3:17#2	83	86	16節	林後3:16	-	bare
林後3:17#2	120	121	6	林後3:6	-	bare
林後3:17#2	134	135	8	林後3:8	-	bare
林後3:17#2	138	144	羅八9～11	羅8:9	-	book
林後3:17#2	145	153	約十四16～18	約14:16	-	book
林後3:17#2	169	172	16節	林後3:16	-	bare
林後3:17#2	175	177	6節	林後3:6	-	bare
林後3:17#3	15	19	約七39	約7:39	-	book
林後3:17#3	131	137	林前十五45	林前15:45	-	book
林後3:17#3	158	162	羅八16	羅8:16	-	book
林後3:17#3	163	165	23	羅8:23	-	bare
林後3:17#3	166	171	26～27	羅8:26	-	bare
林後3:17#3	172	175	加三2	加3:2	-	book
林後3:17#3	176	177	5	加3:5	-	bare
林後3:17#3	178	180	14	加3:14	-	bare
林後3:17#3	181	183	六8	加6:8	-	chapter
林後3:17#3	184	187	啟二7	啟2:7	-	book
林後3:17#3	188	191	三22	啟3:22	-	chapter
林後3:17#3	192	196	十四13	啟14:13	-	chapter
林後3:17#3	197	201	二二17	啟22:17	-	chapter
林後3:17#3	216	217	6	林後3:6	-	bare
林後3:17#3	218	222	約六63	約6:63	-	book
林後3:17#5	19	22	加二4	加2:4	-	book
林後3:17#5	23	25	五1	加5:1	-	chapter
林後3:18#2	26	30	8～9節	林後3:8	-	bare
林後3:18#3	21	26	14～15	林後3:14	-	bare
林後3:18#7	99	103	羅十二2	羅12:2	-	book
林後3:18#8	52	56	羅八29	羅8:29	-	book
林後3:18#11	63	64	3	林後3:3	-	bare
林後3:18#11	73	74	6	林後3:6	-	bare
林後3:18#11	82	83	8	林後3:8	-	bare
林後3:18#11	93	95	17	林後3:17	-	bare
林後3:18#11	105	107	18	林後3:18	-	bare
林後3:18#11	177	183	12～18節	林後3:12	-	bare
詩15:2#1	2	6	2～5節	詩15:2	-	bare
詩15:2#1	41	43	5節	詩15:5	-	bare
詩15:2#1	64	67	十六8	詩16:8	-	chapter
詩15:2#1	100	104	太三17	太3:17	-	book
詩15:2#1	105	108	十七5	太17:5	-	chapter
詩15:2#1	222	226	羅八29	羅8:29	-	book
詩16:1#1	16	20	8～11	詩16:8	-	bare
詩16:1#1	22	27	徒二25上	徒2:25	-	book
詩16:1#1	52	55	1～8	詩16:1	-	bare
詩16:1#1	62	66	9～10	詩16:9	-	bare
詩16:1#1	74	80	10～11上	詩16:10	-	bare
詩16:1#1	89	92	11下	詩16:11	-	bare
詩16:1#1	95	102	徒二25～28	徒2:25	-	book
詩16:2#2	14	17	太四7	太4:7	-	book
詩16:2#2	18	20	10	太4:10	-	bare
詩16:2#2	50	55	路十八19	路18:19	-	book
詩16:3#1	16	21	約十四31	約14:31	-	book
詩16:3#1	64	72	弗一22下～23	弗1:22	-	book
詩16:3#1	73	76	五30	弗5:30	-	chapter
詩16:4#1	37	41	太四10	太4:10	-	book
詩16:5#1	82	84	二8	詩2:8	-	chapter
詩16:5#1	85	89	來一2下	來1:2	-	book
詩16:6#1	34	36	二8	詩2:8	-	chapter
詩16:6#1	50	54	來一2下	來1:2	-	book
詩16:7#1	34	38	賽五十4	賽50:4	-	book
詩16:7#1	39	43	路六12	路6:12	-	book
詩16:7#1	96	99	腓一8	腓1:8	-	book
詩16:8#1	53	57	約八29	約8:29	-	book
詩16:9#1	27	33	徒二26註1	徒2:26	1	book
詩16:9#2	42	50	太二七59～60	太27:59	-	book
詩16:10#1	13	16	弗四9	弗4:9	-	book
詩16:10#1	77	81	太二八6	太28:6	-	book
詩16:10#1	82	88	約二十5～9	約20:5	-	book
詩16:10#2	14	18	徒二27	徒2:27	-	book
詩16:10#2	45	50	林前十五4	林前15:4	-	book
詩16:11#1	1	7	徒二28註1	徒2:28	1	book
詩16:11#2	42	48	徒一9～11	徒1:9	-	book
詩16:11#2	49	52	二36	徒2:36	-	chapter
詩16:11#2	53	56	五31	徒5:31	-	chapter
詩16:11#2	57	63	腓二9～11	腓2:9	-	book
詩16:11#2	121	129	弗一20下～23	弗1:20	-	book
林後4:1#1	1	7	三12～18	林後3:12	-	chapter
林後4:1#1	26	32	本章1～6節	林後4:1	-	anaphor
林後4:1#1	64	69	7～18節	林後4:7	-	bare
林後4:1#1	127	131	8～9節	林後4:8	-	bare
林後4:1#1	158	160	三9	林後3:9	-	chapter
林後4:1#1	168	172	雅三18	雅3:18	-	book
林後4:1#1	196	202	10～12節	林後4:10	-	bare
林後4:1#1	208	210	三6	林後3:6	-	chapter
林後4:1#1	211	212	8	林後3:8	-	bare
林後4:1#1	213	218	17～18	林後3:17	-	bare
林後4:1#1	225	228	16節	林後4:16	-	bare
林後4:1#1	234	237	三18	林後3:18	-	chapter
林後4:1#1	244	247	17節	林後4:17	-	bare
林後4:1#1	257	260	三18	林後3:18	-	chapter
林後4:1#2	1	8	提前一13註3	提前1:13	3	book
林後4:1#3	5	12	二12～三18	林後2:12	-	chapter
林後4:2#1	40	43	二17	林後2:17	-	chapter
林後4:2#2	14	19	約十七17	約17:17	-	book
林後4:2#2	94	98	約十四6	約14:6	-	book
林後4:2#2	188	189	6	林後4:6	-	bare
林後4:2#2	204	205	7	林後4:7	-	bare
林後4:3#1	19	25	三14～15	林後3:14	-	chapter
林後4:4#3	7	12	三14註1	林後3:14	1	chapter
林後4:4#4	16	19	來一3	來1:3	-	book
林後4:5#2	28	31	羅九5	羅9:5	-	book
林後4:5#2	47	51	約一14	約1:14	-	book
林後4:5#2	71	78	徒四10～12	徒4:10	-	book
林後4:5#2	93	98	徒十三33	徒13:33	-	book
林後4:5#2	109	113	徒二36	徒2:36	-	book
林後4:5#2	123	127	徒十36	徒10:36	-	book
林後4:5#2	128	132	羅十12	羅10:12	-	book
林後4:5#2	133	138	約二十28	約20:28	-	book
林後4:5#2	139	144	林前十二3	林前12:3	-	book
林後4:5#2	161	164	來一3	來1:3	-	book
林後4:5#2	204	205	6	林後4:6	-	bare
林後4:5#2	245	246	4	林後4:4	-	bare
林後4:6#2	18	20	三7	林後3:7	-	chapter
林後4:6#2	21	29	出三四29～30	出34:29	-	book
林後4:6#4	30	32	2節	林後4:2	-	bare
林後4:6#4	40	44	太五16	太5:16	-	book
林後4:6#4	48	52	腓二15	腓2:15	-	book
林後4:6#4	108	112	約一18	約1:18	-	book
林後4:6#5	14	16	三7	林後3:7	-	chapter
林後4:6#5	76	80	三8～9	林後3:8	-	chapter
林後4:6#5	99	103	約一17	約1:17	-	book
林後4:6#5	115	117	三7	林後3:7	-	chapter
林後4:6#5	118	119	9	林後3:9	-	bare
林後4:6#5	247	250	來一3	來1:3	-	book
林後4:7#1	253	257	二14上	林後2:14	-	chapter
林後4:7#1	277	284	二14下～16	林後2:14	-	chapter
林後4:7#1	301	305	三1～3	林後3:1	-	chapter
林後4:7#1	339	342	三18	林後3:18	-	chapter
林後4:7#1	363	364	7	林後4:7	-	bare
林後4:7#1	393	394	4	林後4:4	-	bare
林後4:7#1	395	396	6	林後4:6	-	bare
林後4:7#2	96	97	2	林後4:2	-	bare
林後4:8#1	7	12	8～18節	林後4:8	-	bare
林後4:10#1	176	178	16	林後4:16	-	bare
林後4:11#1	87	94	約六14～15	約6:14	-	book
林後4:11#1	95	99	十二13	約12:13	-	chapter
林後4:11#1	100	102	19	約12:19	-	bare
林後4:11#1	103	108	23～24	約12:23	-	bare
林後4:11#2	1	7	10～11節	林後4:10	-	bare
詩17:1#1	95	102	加二19～20	加2:19	-	book
詩17:1#1	103	108	腓一21上	腓1:21	-	book
詩17:7#1	0	4	7～9節	詩17:7	-	bare
詩17:7#1	13	17	1～6節	詩17:1	-	bare
詩17:13#1	1	5	三7註1	詩3:7	1	chapter
詩18:1#1	0	4	1～5節	詩18:1	-	bare
詩18:6#1	1	7	創四26註2	創4:26	2	book
詩18:15#1	8	14	撒下二二16	撒下22:16	-	book
詩18:20#1	1	7	20～28節	詩18:20	-	bare
詩18:20#1	87	91	哀三22	哀3:22	-	book
詩18:20#1	92	97	弗二1～9	弗2:1	-	book
詩18:20#1	98	101	多三5	多3:5	-	book
詩18:20#1	113	117	提後一9	提後1:9	-	book
詩18:50#1	10	13	太一1	太1:1	-	book
詩18:50#1	14	17	羅一3	羅1:3	-	book
詩18:50#1	31	38	撒下七8～16	撒下7:8	-	book
詩19:7#1	22	28	出二十1註1	出20:1	1	book
詩19:7#1	31	36	7～11節	詩19:7	-	bare
詩19:7#1	50	54	一2註1	詩1:2	1	chapter
詩19:12#1	3	9	12～14節	詩19:12	-	bare
詩19:12#1	208	215	林前十五45下	林前15:45	-	book
詩19:12#1	216	220	林後三6	林後3:6	-	book
詩19:12#1	221	224	17上	林後3:17	-	bare
詩19:12#1	234	238	羅八11	羅8:11	-	book
詩19:12#1	248	252	加二20	加2:20	-	book
詩19:12#1	265	270	腓一21上	腓1:21	-	book
詩19:12#1	384	392	啟二一2～二二5	啟21:2	-	book
林後4:14#1	16	18	一9	林後1:9	-	chapter
林後4:14#1	37	39	11	林後4:11	-	bare
林後4:15#1	71	79	林前十五10註1	林前15:10	1	book
林後4:16#1	72	80	太十六24～25	太16:24	-	book
林後4:16#1	106	110	十4～5	林後10:4	-	chapter
林後4:16#2	52	58	林前十五44	林前15:44	-	book
林後4:16#3	78	83	耶三一33	耶31:33	-	book
林後4:16#3	84	88	來八10	來8:10	-	book
林後4:16#3	89	93	羅七22	羅7:22	-	book
林後4:16#3	94	96	25	羅7:25	-	bare
林後4:17#1	12	14	10	林後4:10	-	bare
林後5:1#1	13	19	四13～18	林後4:13	-	chapter
林後5:1#1	44	47	1～8	林後5:1	-	bare
林後5:1#1	48	52	羅八23	羅8:23	-	book
林後5:1#1	71	75	9～15	林後5:9	-	bare
林後5:1#1	96	101	16～21	林後5:16	-	bare
林後5:1#3	41	46	林前六19	林前6:19	-	book
林後5:1#7	10	16	林前十五44	林前15:44	-	book
林後5:4#2	40	44	腓三21	腓3:21	-	book
林後5:4#2	55	59	羅八23	羅8:23	-	book
林後5:4#3	10	13	四11	林後4:11	-	chapter
林後5:4#3	14	18	羅八11	羅8:11	-	book
林後5:4#3	19	25	林前十五53	林前15:53	-	book
林後5:4#4	34	40	林前十五54	林前15:54	-	book
林後5:5#2	1	6	一22註3	林後1:22	3	chapter
林後5:7#1	67	70	四18	林後4:18	-	chapter
林後5:8#1	40	44	一8～9	林後1:8	-	chapter
林後5:8#1	45	48	四11	林後4:11	-	chapter
林後5:8#1	49	53	十一23	林後11:23	-	chapter
林後5:8#1	54	60	林前十五31	林前15:31	-	book
林後5:8#1	99	103	腓一23	腓1:23	-	book
詩20:1#1	63	66	來七7	來7:7	-	book
詩20:1#1	93	97	創四七7	創47:7	-	book
詩21:13#1	22	27	二十1～9	詩20:1	-	chapter
詩22:1#1	140	145	1～21節	詩22:1	-	bare
詩22:1#1	181	187	22～31節	詩22:22	-	bare
詩22:1#2	52	56	約八29	約8:29	-	book
詩22:1#2	79	87	太二七45～46	太27:45	-	book
詩22:1#2	172	177	徒二十28	徒20:28	-	book
詩22:1#2	178	182	約壹一7	約壹1:7	-	book
詩22:1#2	183	187	來九12	來9:12	-	book
詩22:1#2	190	196	路三22註1	路3:22	1	book
詩22:1#2	197	204	太二七45註1	太27:45	1	book
詩22:1#2	205	209	46註2	太27:46	2	bare
詩22:1#2	210	216	約壹一7註3	約壹1:7	3	book
詩22:6#1	0	4	6～8節	詩22:6	-	bare
詩22:6#1	41	47	來十三13下	來13:13	-	book
詩22:6#1	48	52	賽五三3	賽53:3	-	book
詩22:6#1	53	58	路二三11	路23:11	-	book
詩22:6#1	59	67	可十五29～32	可15:29	-	book
詩22:6#1	68	76	太二七39～44	太27:39	-	book
詩22:9#1	0	5	9～11節	詩22:9	-	bare
詩22:9#1	61	69	路十八31～33	路18:31	-	book
詩22:9#1	70	73	來五7	來5:7	-	book
詩22:12#1	0	6	12～18節	詩22:12	-	bare
詩22:12#1	28	36	可十五16～37	可15:16	-	book
詩22:12#1	71	73	12	詩22:12	-	bare
詩22:12#1	93	95	13	詩22:13	-	bare
詩22:12#1	108	112	腓三2上	腓3:2	-	book
詩22:12#1	124	127	16上	詩22:16	-	bare
詩22:12#1	142	145	16下	詩22:16	-	bare
詩22:12#1	166	168	18	詩22:18	-	bare
詩22:12#1	187	190	17下	詩22:17	-	bare
詩22:12#1	206	209	14上	詩22:14	-	bare
詩22:12#1	210	215	賽五三12	賽53:12	-	book
詩22:12#1	227	230	14中	詩22:14	-	bare
詩22:12#1	277	280	17上	詩22:17	-	bare
詩22:12#1	296	299	14下	詩22:14	-	bare
詩22:12#1	314	317	15上	詩22:15	-	bare
詩22:12#1	338	341	15中	詩22:15	-	bare
詩22:12#1	357	360	15下	詩22:15	-	bare
詩22:14#1	10	16	出二七4註1	出27:4	1	book
詩22:15#1	72	78	賽五三10上	賽53:10	-	book
詩22:15#1	100	105	賽五三6下	賽53:6	-	book
詩22:15#1	106	112	彼前二24上	彼前2:24	-	book
詩22:15#1	113	117	約一29	約1:29	-	book
詩22:15#1	132	137	林後五21	林後5:21	-	book
詩22:15#1	138	143	彼前三18	彼前3:18	-	book
詩22:15#1	174	179	林前十五3	林前15:3	-	book
詩22:15#1	180	187	約三16～17	約3:16	-	book
詩22:15#1	188	191	五24	約5:24	-	chapter
詩22:19#1	1	7	19～21節	詩22:19	-	bare
詩22:19#1	29	32	來五7	來5:7	-	book
詩22:22#1	44	49	約二十17	約20:17	-	book
詩22:22#1	50	55	太二八10	太28:10	-	book
詩22:22#1	56	60	來二11	來2:11	-	book
詩22:22#1	97	101	彼前一3	彼前1:3	-	book
詩22:22#1	122	124	二7	詩2:7	-	chapter
詩22:22#1	125	130	徒十三33	徒13:33	-	book
詩22:22#1	142	149	林前十五45下	林前15:45	-	book
詩22:22#1	184	191	來二10～12	來2:10	-	book
詩22:22#1	192	196	羅八29	羅8:29	-	book
詩22:22#2	24	31	來二11～12	來2:11	-	book
詩22:22#3	38	45	來二12與註3	來2:12	3	book
詩22:23#1	35	40	23～26	詩22:23	-	bare
詩22:23#1	41	46	29～31	詩22:29	-	bare
詩22:23#1	124	129	亞十二10	亞12:10	-	book
詩22:23#1	130	138	羅十一26～27	羅11:26	-	book
詩22:27#1	17	22	27～28	詩22:27	-	bare
詩22:27#1	44	52	太十六18～19	太16:18	-	book
詩22:27#1	53	58	羅十四17	羅14:17	-	book
詩22:28#1	23	27	二8～9	詩2:8	-	chapter
詩22:28#1	28	33	啟十九15	啟19:15	-	book
詩22:28#1	34	37	二十4	啟20:4	-	chapter
詩22:28#1	38	39	6	啟20:6	-	bare
詩22:30#1	32	37	30～31	詩22:30	-	bare
林後5:10#1	6	8	9節	林後5:9	-	bare
林後5:10#2	45	51	林前四4～5	林前4:4	-	book
林後5:10#2	52	58	三13～15	林前3:13	-	chapter
林後5:10#2	61	68	羅十四10註1	羅14:10	1	book
林後5:11#1	23	26	10節	林後5:10	-	bare
林後5:13#1	17	25	徒二六24～25	徒26:24	-	book
林後5:14#1	33	37	加二20	加2:20	-	book
林後5:14#2	62	66	路四38	路4:38	-	book
林後5:14#2	67	71	十二50	路12:50	-	chapter
林後5:14#2	72	76	徒十八5	徒18:5	-	book
林後5:14#2	77	81	腓一23	腓1:23	-	book
林後5:14#5	48	52	來九27	來9:27	-	book
林後5:16#2	33	38	羅六6註1	羅6:6	1	book
林後5:17#2	38	43	林前一30	林前1:30	-	book
林後5:17#2	44	51	加三26～28	加3:26	-	book
林後5:17#3	30	34	約一13	約1:13	-	book
林後5:17#3	35	38	三15	約3:15	-	chapter
林後5:17#3	39	43	彼後一4	彼後1:4	-	book
林後5:17#3	54	58	加六15	加6:15	-	book
林後5:18#1	1	7	14～21節	林後5:14	-	bare
林後5:19#1	9	11	18	林後5:18	-	bare
林後5:20#2	81	86	林前十五3	林前15:3	-	book
林後5:20#2	196	201	14～15	林後5:14	-	bare
林後5:20#2	313	318	出二六37	出26:37	-	book
林後5:20#2	369	377	出二六31～35	出26:31	-	book
林後5:20#2	378	381	來九3	來9:3	-	book
林後5:20#2	482	487	太二七51	太27:51	-	book
林後5:20#2	488	492	來十20	來10:20	-	book
林後5:20#2	512	517	林前六17	林前6:17	-	book
林後5:20#2	545	550	林前二15	林前2:15	-	book
林後5:20#2	599	603	西一28	西1:28	-	book
林後5:21#1	30	34	約八46	約8:46	-	book
林後5:21#1	35	40	彼前二22	彼前2:22	-	book
林後5:21#1	41	45	來四15	來4:15	-	book
林後5:21#1	46	49	七26	來7:26	-	chapter
林後5:21#2	14	22	賽十四12～14	賽14:12	-	book
林後5:21#2	39	43	羅五12	羅5:12	-	book
林後5:21#2	83	87	約一14	約1:14	-	book
林後5:21#2	114	117	羅八3	羅8:3	-	book
林後5:21#3	56	60	西一21	西1:21	-	book
林後5:21#3	157	162	18～20	林後5:18	-	bare
林後5:21#3	163	167	羅五10	羅5:10	-	book
林後5:21#4	15	20	詩八九14	詩89:14	-	book
林後5:21#4	21	24	九七2	詩97:2	-	chapter
林後5:21#4	25	29	賽三二1	賽32:1	-	book
林後5:21#4	43	48	林前一30	林前1:30	-	book
詩23:1#1	57	58	2	詩23:2	-	bare
詩23:1#1	75	76	3	詩23:3	-	bare
詩23:1#1	102	103	4	詩23:4	-	bare
詩23:1#1	131	132	5	詩23:5	-	bare
詩23:1#1	157	158	6	詩23:6	-	bare
詩23:1#2	13	18	來十三20	來13:20	-	book
詩23:1#2	19	24	彼前二25	彼前2:25	-	book
詩23:1#2	25	27	五4	彼前5:4	-	chapter
詩23:1#2	47	52	徒二十28	徒20:28	-	book
詩23:1#2	53	57	彼前五2	彼前5:2	-	book
詩23:1#2	84	90	林前十五45	林前15:45	-	book
詩23:1#2	101	105	約八24	約8:24	-	book
詩23:1#2	112	116	出三14	出3:14	-	book
詩23:2#1	19	25	約十9與註2	約10:9	2	book
詩23:2#2	24	31	約七37～39	約7:37	-	book
詩23:2#2	32	36	39註1	約7:39	1	bare
詩23:2#2	62	67	約二一15	約21:15	-	book
詩23:2#2	68	72	彼前二2	彼前2:2	-	book
詩23:2#2	91	97	林前十二13	林前12:13	-	book
詩23:3#1	26	30	羅十二2	羅12:2	-	book
詩23:3#1	31	35	弗四23	弗4:23	-	book
詩23:3#1	59	62	羅八4	羅8:4	-	book
詩23:3#2	71	75	西三17	西3:17	-	book
詩23:3#3	12	17	林前一30	林前1:30	-	book
詩23:3#3	18	23	約十四6上	約14:6	-	book
詩23:4#1	80	86	太二八20下	太28:20	-	book
詩23:4#1	87	92	提後四22	提後4:22	-	book
詩23:5#1	101	109	創十四17～18	創14:17	-	book
詩23:5#2	33	36	來一9	來1:9	-	book
詩23:5#2	50	58	出三十23～26	出30:23	-	book
詩23:5#2	59	63	25註2	出30:25	2	bare
詩23:5#2	64	68	26註1	出30:26	1	bare
詩23:5#2	85	89	一三三2	詩133:2	-	chapter
詩23:5#2	90	95	林後一21	林後1:21	-	book
詩23:5#2	118	126	約壹二20與註1	約壹2:20	1	book
詩23:5#3	19	25	林前十16上	林前10:16	-	book
詩23:5#3	26	31	太二六27	太26:27	-	book
詩23:5#3	51	60	林前十一23～26	林前11:23	-	book
詩23:5#3	69	73	路四18	路4:18	-	book
詩23:5#3	84	87	弗一3	弗1:3	-	book
詩23:6#1	110	116	林後十三14	林後13:14	-	book
詩23:6#1	162	166	約一14	約1:14	-	book
詩23:6#1	167	170	二21	約2:21	-	chapter
詩23:6#1	171	179	提前三15～16	提前3:15	-	book
詩23:6#1	180	186	啟二一2～3	啟21:2	-	book
詩23:6#1	187	189	22	啟21:22	-	bare
詩24:1#1	89	91	二8	詩2:8	-	chapter
詩24:1#1	96	101	啟十1～2	啟10:1	-	book
詩24:1#1	115	122	但二34～35	但2:34	-	book
詩24:1#1	123	128	啟十一15	啟11:15	-	book
詩24:3#1	0	4	1～2節	詩24:1	-	bare
詩24:3#1	21	25	3～6節	詩24:3	-	bare
詩24:3#1	81	85	一1註1	詩1:1	1	chapter
詩24:3#1	90	95	十五2註1	詩15:2	1	chapter
詩24:3#2	10	15	四八1註2	詩48:1	2	chapter
詩24:3#2	26	29	三十7	詩30:7	-	chapter
詩24:3#2	47	48	1	詩24:1	-	bare
詩24:3#2	89	91	二6	詩2:6	-	chapter
詩24:3#2	110	111	1	詩24:1	-	bare
詩24:3#2	112	113	3	詩24:3	-	bare
詩24:3#2	114	118	7～10	詩24:7	-	bare
詩24:3#2	132	137	四八2註1	詩48:2	1	chapter
詩24:3#2	157	164	但二34～35	但2:34	-	book
詩24:7#1	0	5	7～10節	詩24:7	-	bare
詩24:7#1	7	11	1～2節	詩24:1	-	bare
詩24:7#3	14	18	羅八25	羅8:25	-	book
詩24:7#3	19	23	林前一7	林前1:7	-	book
詩24:7#3	24	28	腓三20	腓3:20	-	book
詩24:7#3	41	44	該二7	該2:7	-	book
詩24:7#3	81	87	彼後三8～9	彼後3:8	-	book
詩24:7#4	38	42	7～10	詩24:7	-	bare
詩24:7#4	43	48	路二一27	路21:27	-	book
詩24:7#4	49	54	太二五31	太25:31	-	book
詩24:7#4	65	69	太一21	太1:21	-	book
詩24:7#4	109	112	啟五5	啟5:5	-	book
詩24:7#4	138	145	但二34～35	但2:34	-	book
詩24:7#4	146	152	七13～14	但7:13	-	chapter
詩24:7#4	153	157	珥三11	珥3:11	-	book
詩24:7#4	158	163	啟十一15	啟11:15	-	book
詩24:7#4	164	171	十九13～14	啟19:13	-	chapter
詩25:1#1	20	24	九1註1	詩9:1	1	chapter
詩25:1#1	138	141	二三6	詩23:6	-	chapter
詩25:1#1	142	145	二七4	詩27:4	-	chapter
詩25:1#1	170	176	王上八30下	王上8:30	-	book
詩25:1#1	177	180	39上	王上8:39	-	bare
詩25:1#1	181	184	43上	王上8:43	-	bare
詩25:1#1	197	201	七六2下	詩76:2	-	chapter
詩25:1#1	202	207	一三五21	詩135:21	-	chapter
詩25:1#1	208	212	賽八18	賽8:18	-	book
詩25:1#1	236	240	彼前二5	彼前2:5	-	book
詩25:1#1	267	271	約一14	約1:14	-	book
詩25:1#1	272	275	二21	約2:21	-	chapter
詩25:1#1	276	279	西二9	西2:9	-	book
詩25:1#1	305	310	林前三16	林前3:16	-	book
詩25:1#1	311	318	弗二21～22	弗2:21	-	book
詩25:1#1	319	324	提前三15	提前3:15	-	book
詩25:1#1	325	328	來三6	來3:6	-	book
詩25:1#1	362	368	啟二一2～3	啟21:2	-	book
詩25:1#1	401	406	啟二一22	啟21:22	-	book
詩25:7#1	4	6	11	詩25:11	-	bare
詩25:7#1	7	10	18節	詩25:18	-	bare
詩25:7#1	65	70	太三1～2	太3:1	-	book
詩25:7#1	71	76	可一4～5	可1:4	-	book
詩25:7#1	77	81	徒十43	徒10:43	-	book
詩25:7#1	82	86	來八12	來8:12	-	book
詩25:7#1	87	91	約壹一9	約壹1:9	-	book
詩25:10#1	22	28	出二十1註1	出20:1	1	book
詩25:10#1	29	34	路一6註4	路1:6	4	book
詩25:13#1	6	10	一3註1	詩1:3	1	chapter
詩25:14#1	44	50	15～18上	詩25:15	-	bare
詩25:14#1	51	54	21節	詩25:21	-	bare
詩25:21#1	1	7	十八20註1	詩18:20	1	chapter
林後6:1#1	19	25	五16～21	林後5:16	-	chapter
林後6:1#2	34	38	林前三9	林前3:9	-	book
林後6:1#3	3	6	五20	林後5:20	-	chapter
林後6:1#4	1	9	林前十五10註1	林前15:10	1	book
林後6:3#2	8	12	三8～9	林後3:8	-	chapter
林後6:3#2	13	15	四1	林後4:1	-	chapter
林後6:5#1	2	7	徒十六25	徒16:25	-	book
林後6:5#1	8	14	二十7～11	徒20:7	-	chapter
林後6:5#1	15	17	31	徒20:31	-	bare
林後6:5#1	18	22	帖後三8	帖後3:8	-	book
林後6:5#2	8	14	十一27註2	林後11:27	2	chapter
林後6:6#2	18	19	5	林後6:5	-	bare
林後6:7#2	55	59	太六33	太6:33	-	book
林後6:7#2	60	62	五6	太5:6	-	chapter
林後6:7#2	63	65	10	太5:10	-	bare
林後6:7#2	66	68	20	太5:20	-	bare
林後6:8#2	13	17	太五11	太5:11	-	book
林後6:9#2	13	18	一8～10	林後1:8	-	chapter
林後6:9#2	19	22	四11	林後4:11	-	chapter
林後6:9#2	23	29	林前十五31	林前15:31	-	book
林後6:9#2	46	52	四10～11	林後4:10	-	chapter
林後6:10#1	12	16	十一28	林後11:28	-	chapter
林後6:10#1	41	47	十二9～10	林後12:9	-	chapter
林後6:10#2	28	31	弗三8	弗3:8	-	book
林後6:11#1	15	20	3～10節	林後6:3	-	bare
林後6:12#1	12	14	13	林後6:13	-	bare
林後6:12#2	8	13	腓一8註1	腓1:8	1	book
林後6:13#1	26	30	林前三1	林前3:1	-	book
林後6:13#1	31	32	6	林前3:6	-	bare
林後6:13#1	33	37	十四20	林前14:20	-	chapter
林後6:14#1	9	12	11節	林後6:11	-	bare
林後6:14#2	20	25	申二二10	申22:10	-	book
林後6:16#1	35	42	提前三15註3	提前3:15	3	book
林後6:17#1	15	18	五20	林後5:20	-	chapter
林後6:17#2	1	7	14～16節	林後6:14	-	bare
林後6:18#1	16	19	16節	林後6:16	-	bare
林後7:1#1	11	17	六14～18	林後6:14	-	chapter
林後7:1#2	1	7	六16～18	林後6:16	-	chapter
林後7:1#4	17	20	六17	林後6:17	-	chapter
林後7:1#5	25	30	羅一2註3	羅1:2	3	book
林後7:1#5	31	36	弗一4註6	弗1:4	6	book
林後7:1#5	87	92	帖前五23	帖前5:23	-	book
林後7:2#1	0	6	六14～七1	林後6:14	-	chapter
林後7:2#1	61	67	六11～13	林後6:11	-	chapter
林後7:5#1	15	20	四16註1	林後4:16	1	chapter
林後7:5#1	56	59	二13	林後2:13	-	chapter
林後7:6#3	30	33	二13	林後2:13	-	chapter
詩26:1#1	1	5	七3註1	詩7:3	1	chapter
詩26:8#1	65	73	出四十33～35	出40:33	-	book
詩26:8#1	74	82	王上八10～11	王上8:10	-	book
詩26:8#1	106	110	弗三21	弗3:21	-	book
詩27:4#1	1	5	4～6節	詩27:4	-	bare
詩27:4#1	44	48	約一14	約1:14	-	book
詩27:4#1	49	52	二21	約2:21	-	chapter
詩27:4#1	60	65	提前三15	提前3:15	-	book
詩27:4#1	81	82	4	詩27:4	-	bare
詩27:4#1	102	104	5上	詩27:5	-	bare
詩27:4#1	117	119	5下	詩27:5	-	bare
詩27:4#1	120	122	6上	詩27:6	-	bare
詩27:4#1	137	139	6下	詩27:6	-	bare
詩28:4#1	0	4	4～5節	詩28:4	-	bare
詩28:4#1	6	10	三7註1	詩3:7	1	chapter
詩29:1#2	40	47	弗一15～23	弗1:15	-	book
詩29:1#2	48	54	三14～21	弗3:14	-	chapter
詩29:1#2	55	63	羅十一33～36	羅11:33	-	book
詩29:1#2	64	71	十六25～27	羅16:25	-	chapter
詩29:6#1	6	9	申三9	申3:9	-	book
詩30:12#1	1	7	徒二26註1	徒2:26	1	book
詩31:1#1	83	91	腓一19～21上	腓1:19	-	book
詩31:2#1	37	42	太十六18	太16:18	-	book
詩31:5#1	19	24	路二三46	路23:46	-	book
詩31:5#1	26	31	約十九30	約19:30	-	book
詩31:9#1	13	14	9	詩31:9	-	bare
詩31:9#1	20	22	10	詩31:10	-	bare
詩31:9#1	33	35	11	詩31:11	-	bare
詩31:9#1	59	65	林後六4～5	林後6:4	-	book
詩31:9#1	66	71	提後三12	提後3:12	-	book
詩31:9#1	97	101	西一24	西1:24	-	book
詩31:9#1	146	153	羅八28～29	羅8:28	-	book
林後7:10#1	7	10	五20	林後5:20	-	chapter
林後7:11#6	13	18	林前四21	林前4:21	-	book
林後7:11#9	20	22	二6	林後2:6	-	chapter
林後7:12#1	9	13	林前五1	林前5:1	-	book
林後7:13#1	0	7	二12～七16	林後2:12	-	chapter
林後7:13#1	68	71	二13	林後2:13	-	chapter
林後7:15#1	1	6	腓一8註1	腓1:8	1	book
林後8:1#1	1	9	林前十五10註1	林前15:10	1	book
林後8:1#1	47	54	林前十六1註1	林前16:1	1	book
林後8:2#1	1	6	二9與註1	林後2:9	1	chapter
林後8:2#1	7	12	九13註2	林後9:13	2	chapter
林後8:2#2	11	14	一12	林後1:12	-	chapter
林後8:2#2	15	19	羅十二8	羅12:8	-	book
林後8:7#1	98	101	1～2	林後8:1	-	bare
林後8:7#1	130	131	4	林後8:4	-	bare
林後8:7#1	154	157	6～7	林後8:6	-	bare
林後8:7#1	190	191	9	林後8:9	-	bare
林後8:7#3	1	6	七11註2	林後7:11	2	chapter
林後8:10#1	17	24	林前七25註1	林前7:25	1	book
詩32:1#1	28	31	弗一7	弗1:7	-	book
詩32:1#1	56	60	來九22	來9:22	-	book
詩32:11#1	14	17	1～5	詩32:1	-	bare
詩32:11#1	66	70	羅三10	羅3:10	-	book
詩32:11#1	71	75	耶十七9	耶17:9	-	book
詩32:11#1	142	150	腓一19～21上	腓1:19	-	book
詩34:1#1	20	24	九1註1	詩9:1	1	chapter
詩34:1#2	19	24	弗一3註3	弗1:3	3	book
詩34:6#1	22	28	撒上二一10	撒上21:10	-	book
詩34:6#1	61	72	撒上二一10～二二1上	撒上21:10	-	book
詩34:8#1	14	21	彼前二3與註1	彼前2:3	1	book
詩34:8#1	65	70	二五1註1	詩25:1	1	chapter
詩34:20#1	24	29	約十九33	約19:33	-	book
詩34:20#1	30	32	36	約19:36	-	bare
詩34:20#1	34	39	出十二46	出12:46	-	book
詩34:20#1	42	49	約十九36註2	約19:36	2	book
詩35:1#1	1	5	三7註1	詩3:7	1	chapter
詩35:17#1	17	23	二二20註1	詩22:20	1	chapter
林後8:19#1	1	4	6註1	林後8:6	1	bare
林後8:19#1	5	8	7註1	林後8:7	1	bare
林後8:21#1	15	20	羅十二17	羅12:17	-	book
林後8:21#1	27	30	箴三4	箴3:4	-	book
林後8:22#1	37	42	太十八16	太18:16	-	book
林後9:2#1	1	5	一1註5	林後1:1	5	chapter
林後9:4#1	30	34	十一17	林後11:17	-	chapter
林後9:5#1	23	28	創三三11	創33:11	-	book
林後9:5#1	29	33	士一15	士1:15	-	book
林後9:5#1	34	39	結三四26	結34:26	-	book
林後9:5#1	40	45	箴十一25	箴11:25	-	book
林後9:7#2	2	6	箴二二8	箴22:8	-	book
林後9:8#1	9	13	八6註2	林後8:6	2	chapter
林後9:9#1	7	8	6	林後9:6	-	bare
林後9:10#1	138	140	八2	林後8:2	-	chapter
林後9:10#1	141	143	九2	林後9:2	-	chapter
林後9:11#1	1	5	八2註2	林後8:2	2	chapter
林後9:12#1	8	14	腓二25註3	腓2:25	3	book
林後9:13#1	7	12	羅十二13	羅12:13	-	book
林後9:13#1	13	17	腓四15	腓4:15	-	book
林後9:13#2	39	44	二9與註1	林後2:9	1	chapter
林後9:14#2	1	5	八1註1	林後8:1	1	chapter
林後9:14#2	6	9	6註2	林後8:6	2	bare
詩36:5#1	0	5	5～10節	詩36:5	-	bare
詩36:5#1	56	59	1～4	詩36:1	-	bare
詩36:5#1	86	90	一1註1	詩1:1	1	chapter
詩36:8#1	28	34	約十四2註1	約14:2	1	book
詩36:8#1	60	64	啟二一3	啟21:3	-	book
詩36:8#1	65	67	22	啟21:22	-	bare
詩36:8#1	107	108	9	詩36:9	-	bare
詩36:8#1	145	151	啟二二1～2	啟22:1	-	book
詩36:8#1	152	153	5	啟22:5	-	bare
詩36:8#2	72	78	來十5～10	來10:5	-	book
詩36:8#2	96	99	弗三8	弗3:8	-	book
詩36:8#2	123	129	利四12註1	利4:12	1	book
詩36:8#2	130	135	六10註1	利6:10	1	chapter
詩36:8#2	139	143	8～9節	詩36:8	-	bare
詩36:8#2	194	201	約七37～39	約7:37	-	book
詩36:8#2	202	206	啟二二1	啟22:1	-	book
詩36:8#2	217	218	9	詩36:9	-	bare
詩36:8#2	232	235	約一4	約1:4	-	book
詩36:8#2	236	240	約壹一5	約壹1:5	-	book
詩36:8#2	241	246	啟二一23	啟21:23	-	book
詩36:8#2	247	252	二二1～2	啟22:1	-	chapter
詩36:8#2	253	254	5	啟22:5	-	bare
詩37:1#1	20	24	九1註1	詩9:1	1	chapter
詩37:1#1	82	87	創二9註3	創2:9	3	book
詩38:1#1	21	25	三七29	詩37:29	-	chapter
詩38:1#1	35	39	三七34	詩37:34	-	chapter
詩38:1#1	67	68	1	詩38:1	-	bare
詩38:1#1	69	70	3	詩38:3	-	bare
詩38:1#1	82	85	8～9	詩38:8	-	bare
詩38:1#1	94	95	3	詩38:3	-	bare
詩38:1#1	106	107	4	詩38:4	-	bare
詩38:1#1	108	110	18	詩38:18	-	bare
詩38:1#1	123	127	七3註1	詩7:3	1	chapter
詩38:8#1	40	46	羅八26註2	羅8:26	2	book
林後10:1#1	136	143	十一11～15	林後11:11	-	chapter
林後10:1#4	26	29	一21	林後1:21	-	chapter
林後10:1#5	12	17	腓四5註2	腓4:5	2	book
林後10:1#5	18	24	提前三3註3	提前3:3	3	book
林後10:3#1	50	53	羅八4	羅8:4	-	book
林後10:4#1	23	27	弗六12	弗6:12	-	book
林後10:10#1	1	7	林前二3註1	林前2:3	1	book
林後10:13#2	27	32	弗三1～2	弗3:1	-	book
林後10:13#2	33	34	8	弗3:8	-	bare
林後10:13#2	35	38	加二8	加2:8	-	book
詩39:5#1	124	128	加二20	加2:20	-	book
詩40:6#1	0	4	6～8節	詩40:6	-	bare
詩40:6#1	20	25	來十5～7	來10:5	-	book
詩40:6#1	30	34	6～8節	詩40:6	-	bare
詩40:6#1	114	119	來十7註1	來10:7	1	book
詩40:6#1	120	123	9註1	來10:9	1	bare
詩40:6#1	169	175	太十七4～8	太17:4	-	book
詩40:6#1	176	183	西二16～17	西2:16	-	book
詩40:6#1	184	190	三10～11	西3:10	-	chapter
詩40:6#1	194	198	6～8節	詩40:6	-	bare
詩40:6#1	326	331	太二六28	太26:28	-	book
詩40:6#1	402	407	林後五17	林後5:17	-	book
詩40:6#1	408	412	加六15	加6:15	-	book
詩40:6#3	5	8	來十5	來10:5	-	book
詩40:6#3	45	49	出二一6	出21:6	-	book
詩40:6#3	74	77	腓二7	腓2:7	-	book
詩40:6#3	88	91	腓二8	腓2:8	-	book
詩40:6#3	119	123	西一22	西1:22	-	book
詩40:6#3	124	129	來十7～8	來10:7	-	book
詩40:7#1	42	47	太二六28	太26:28	-	book
詩40:7#2	38	43	路二四27	路24:27	-	book
詩40:7#2	44	46	44	路24:44	-	bare
詩40:7#2	47	49	46	路24:46	-	bare
詩40:7#2	50	54	約五39	約5:39	-	book
詩40:7#2	55	57	46	約5:46	-	bare
詩41:9#1	9	14	約十三18	約13:18	-	book
詩41:9#1	37	44	約六70～71	約6:70	-	book
詩41:9#1	45	49	十三18	約13:18	-	chapter
詩41:9#1	50	55	23～27	約13:23	-	bare
詩41:9#1	56	64	路二二21～22	路22:21	-	book
詩41:10#1	1	5	三7註1	詩3:7	1	chapter
詩41:12#1	29	35	十八20註1	詩18:20	1	chapter
林後11:2#2	8	12	約三29	約3:29	-	book
林後11:2#2	20	24	啟十九7	啟19:7	-	book
林後11:3#1	1	6	三14註1	林後3:14	1	chapter
林後11:3#2	79	84	創三1～6	創3:1	-	book
林後11:3#2	135	137	15	林後11:15	-	bare
林後11:3#2	168	169	4	林後11:4	-	bare
林後11:4#2	18	20	1節	林後11:1	-	bare
林後11:5#1	27	30	13節	林後11:13	-	bare
林後11:5#1	31	35	十二11	林後12:11	-	chapter
林後11:10#1	5	8	羅三7	羅3:7	-	book
林後11:10#1	9	12	十五8	羅15:8	-	chapter
林後11:10#1	24	26	十1	林後10:1	-	chapter
林後11:13#1	7	8	5	林後11:5	-	bare
林後11:13#1	9	13	十二11	林後12:11	-	chapter
林後11:14#2	43	46	六14	林後6:14	-	chapter
林後11:15#1	15	17	三9	林後3:9	-	chapter
林後11:15#1	44	47	六14	林後6:14	-	chapter
林後11:17#1	1	5	九4註1	林後9:4	1	chapter
林後11:20#1	13	16	路五5	路5:5	-	book
林後11:22#1	0	6	22～33節	林後11:22	-	bare
林後11:22#1	126	131	13～15	林後11:13	-	bare
林後11:25#1	0	3	24節	林後11:24	-	bare
林後11:25#1	30	38	徒十六22～23	徒16:22	-	book
林後11:27#1	1	6	六5與註1	林後6:5	1	chapter
林後11:28#1	1	7	23～27節	林後11:23	-	bare
林後11:28#2	11	16	太十三22	太13:22	-	book
林後11:28#2	22	26	彼前五7	彼前5:7	-	book
詩42:1#1	70	76	民十六1～3	民16:1	-	book
詩42:1#1	134	142	代上六31～37	代上6:31	-	book
詩42:1#2	199	203	約十四6	約14:6	-	book
詩42:1#2	204	206	20	約14:20	-	bare
詩42:1#2	225	229	約一14	約1:14	-	book
詩42:1#2	230	236	二19～21	約2:19	-	chapter
詩42:1#2	257	262	林前三16	林前3:16	-	book
詩42:1#2	263	267	弗二21	弗2:21	-	book
詩42:1#2	306	314	路十七21與註1	路17:21	1	book
詩42:1#2	315	323	太十六18～19	太16:18	-	book
詩42:1#2	324	328	19註1	太16:19	1	bare
詩42:1#2	329	337	羅十四17與註1	羅14:17	1	book
詩42:1#2	360	368	啟二一22與註1	啟21:22	1	book
詩42:1#2	369	372	二二1	啟22:1	-	chapter
詩42:1#2	373	374	3	啟22:3	-	bare
詩42:1#3	26	29	6註1	詩42:6	1	bare
詩42:1#3	40	41	2	詩42:2	-	bare
詩42:1#3	72	76	約四10	約4:10	-	book
詩42:1#3	77	79	14	約4:14	-	bare
詩42:1#3	80	87	七37～39上	約7:37	-	chapter
詩42:1#3	88	94	林前十二13	林前12:13	-	book
詩42:4#2	11	12	1	詩42:1	-	bare
詩42:4#2	126	133	腓三13～14	腓3:13	-	book
詩42:4#2	134	138	13註2	腓3:13	2	bare
詩42:5#1	8	9	6	詩42:6	-	bare
詩42:5#1	27	28	3	詩42:3	-	bare
詩42:5#1	29	34	9下～10	詩42:9	-	bare
詩43:3#1	46	52	約壹一5～6	約壹1:5	-	book
詩43:3#1	53	56	6註6	約壹1:6	6	bare
詩43:3#1	162	167	提前三15	提前3:15	-	book
詩43:4#1	22	25	四二6	詩42:6	-	chapter
詩43:4#1	38	43	四二1～2	詩42:1	-	chapter
詩43:4#1	109	110	3	詩43:3	-	bare
詩44:1#1	1	5	1～8節	詩44:1	-	bare
詩44:1#1	22	27	9～26節	詩44:9	-	bare
詩44:1#1	61	66	四二1～2	詩42:1	-	chapter
詩44:1#1	80	85	四二4註2	詩42:4	2	chapter
詩44:9#1	1	4	1註1	詩44:1	1	bare
詩44:17#1	2	6	耶二13	耶2:13	-	book
詩44:17#1	7	11	十一10	耶11:10	-	chapter
詩44:17#1	14	17	何六7	何6:7	-	book
詩44:17#1	21	27	17～18節	詩44:17	-	bare
詩44:17#1	46	53	但九13～19	但9:13	-	book
林後12:2#2	7	8	7	林後12:7	-	bare
林後12:2#2	21	24	五17	林後5:17	-	chapter
林後12:2#2	51	52	5	林後12:5	-	bare
林後12:2#2	53	54	9	林後12:9	-	bare
林後12:2#5	43	47	申十14	申10:14	-	book
林後12:2#5	48	53	詩一四八4	詩148:4	-	book
林後12:2#5	71	75	弗四10	弗4:10	-	book
林後12:2#5	76	80	來四14	來4:14	-	book
林後12:2#5	81	83	一3	來1:3	-	chapter
林後12:3#1	21	25	3～4節	林後12:3	-	bare
林後12:3#1	30	32	2節	林後12:2	-	bare
林後12:3#1	43	45	2節	林後12:2	-	bare
林後12:3#1	61	65	3～4節	林後12:3	-	bare
林後12:3#1	101	103	2節	林後12:2	-	bare
林後12:4#1	35	43	路十六22～23	路16:22	-	book
林後12:4#1	44	49	25～26	路16:25	-	bare
林後12:4#1	69	74	路二三43	路23:43	-	book
林後12:4#1	75	79	徒二24	徒2:24	-	book
林後12:4#1	80	82	27	徒2:27	-	bare
林後12:4#1	83	85	31	徒2:31	-	bare
林後12:4#1	86	89	弗四9	弗4:9	-	book
林後12:4#1	90	95	太十二40	太12:40	-	book
林後12:4#1	101	104	啟二7	啟2:7	-	book
林後12:4#1	163	166	弗四9	弗4:9	-	book
林後12:7#2	75	81	加四15註2	加4:15	2	book
林後12:7#3	7	12	林前九27	林前9:27	-	book
林後12:9#1	1	9	林前十五10註1	林前15:10	1	book
林後12:9#2	115	121	林前十五45	林前15:45	-	book
林後12:9#2	122	126	加二20	加2:20	-	book
林後12:9#3	37	41	約一14	約1:14	-	book
林後12:9#3	42	46	啟二一3	啟21:3	-	book
林後12:10#2	15	22	林前七26註2	林前7:26	2	book
林後12:11#1	1	6	十一5註1	林後11:5	1	chapter
林後12:15#1	24	27	羅二9	羅2:9	-	book
林後12:18#1	47	50	羅八4	羅8:4	-	book
詩45:1#1	24	28	1～8節	詩45:1	-	bare
詩45:1#1	42	47	9～15節	詩45:9	-	bare
詩45:1#1	64	70	16～17節	詩45:16	-	bare
詩45:1#1	86	90	1～8節	詩45:1	-	bare
詩45:1#1	109	110	2	詩45:2	-	bare
詩45:1#1	118	121	3～5	詩45:3	-	bare
詩45:1#1	128	131	6～7	詩45:6	-	bare
詩45:1#1	140	141	8	詩45:8	-	bare
詩45:1#1	199	203	太五20	太5:20	-	book
詩45:1#1	204	211	二五14～30	太25:14	-	chapter
詩45:1#1	212	216	約十五2	約15:2	-	book
詩45:1#1	217	218	6	約15:6	-	bare
詩45:3#1	39	42	弗四8	弗4:8	-	book
詩45:3#1	43	46	啟五5	啟5:5	-	book
詩45:3#1	89	95	太十七1～2	太17:1	-	book
詩45:3#1	124	132	徒二六13～15	徒26:13	-	book
詩45:3#1	137	143	啟一9～20	啟1:9	-	book
詩45:3#1	175	179	啟十八1	啟18:1	-	book
詩45:4#2	25	29	徒五31	徒5:31	-	book
詩45:4#2	67	75	啟十九11～16	啟19:11	-	book
詩45:6#1	1	6	來一8註1	來1:8	1	book
詩45:6#2	13	20	但二34～35	但2:34	-	book
詩45:6#2	21	27	七13～14	但7:13	-	chapter
詩45:6#2	28	33	太二八18	太28:18	-	book
詩45:6#2	34	43	啟十九11～二十6	啟19:11	-	book
詩45:6#3	13	15	7節	詩45:7	-	bare
詩45:6#3	27	32	八九14上	詩89:14	-	chapter
詩45:7#1	1	6	來一8註1	來1:8	1	book
詩45:7#2	19	27	出三十23～25	出30:23	-	book
詩45:7#2	28	32	25註2	出30:25	2	bare
詩45:7#2	46	51	來一9註2	來1:9	2	book
詩45:7#2	105	110	羅十四17	羅14:17	-	book
詩45:7#2	112	119	路十七20註2	路17:20	2	book
詩45:7#2	120	124	21註1	路17:21	1	bare
詩45:8#1	27	33	賽六1與註2	賽6:1	2	book
詩45:8#1	51	59	約十九39～40	約19:39	-	book
詩45:8#1	81	88	出三十25註2	出30:25	2	book
詩45:8#2	38	46	約十九36與註2	約19:36	2	book
詩45:8#2	142	146	彼前二9	彼前2:9	-	book
詩45:9#1	0	5	9～15節	詩45:9	-	bare
詩45:9#1	37	39	14	詩45:14	-	bare
詩45:9#2	83	86	弗四1	弗4:1	-	book
詩45:9#2	87	95	帖後一11～12	帖後1:11	-	book
詩45:9#3	23	27	啟十九7	啟19:7	-	book
詩45:9#3	28	30	9上	啟19:9	-	bare
詩45:9#3	60	66	啟十九7註2	啟19:7	2	book
詩45:9#3	67	70	9註1	啟19:9	1	bare
詩45:9#3	144	146	14	詩45:14	-	bare
詩45:9#3	182	187	王上十一1	王上11:1	-	book
詩45:9#3	188	189	3	王上11:3	-	bare
詩45:9#3	221	225	約三29	約3:29	-	book
詩45:9#3	226	233	弗五24～25	弗5:24	-	book
詩45:9#3	234	239	31～32	弗5:31	-	bare
詩45:9#3	260	263	啟五9	啟5:9	-	book
詩45:9#3	274	276	8節	詩45:8	-	bare
詩45:9#3	335	339	創二22	創2:22	-	book
詩45:9#3	359	364	提前三15	提前3:15	-	book
詩45:9#3	386	391	林後十一2	林後11:2	-	book
詩45:9#4	56	61	路十五22	路15:22	-	book
詩45:9#4	62	67	林前一30	林前1:30	-	book
詩45:10#1	38	42	太十37	太10:37	-	book
詩45:10#1	43	48	路十四26	路14:26	-	book
詩45:11#2	1	3	1節	詩45:1	-	bare
詩45:11#2	9	11	2節	詩45:2	-	bare
詩45:11#2	16	18	6節	詩45:6	-	bare
詩45:12#1	46	54	林前一26～28	林前1:26	-	book
詩45:13#1	32	36	弗五27	弗5:27	-	book
詩45:13#1	82	86	約十五4	約15:4	-	book
詩45:13#1	87	90	十四3	約14:3	-	chapter
詩45:13#1	91	93	20	約14:20	-	bare
詩45:13#1	94	96	23	約14:23	-	bare
詩45:13#2	52	57	林前一30	林前1:30	-	book
詩45:13#2	105	107	9節	詩45:9	-	bare
詩45:13#2	118	121	9註4	詩45:9	4	bare
詩45:13#2	124	131	出二八39註1	出28:39	1	book
詩45:14#1	61	68	啟十九8與註2	啟19:8	2	book
詩45:14#1	69	77	太二二11～12	太22:11	-	book
詩45:14#1	78	82	11註1	太22:11	1	bare
詩45:14#1	109	110	9	詩45:9	-	bare
詩45:14#1	122	124	13	詩45:13	-	bare
詩45:14#1	229	234	路十五22	路15:22	-	book
詩45:14#2	19	23	啟十九9	啟19:9	-	book
詩45:15#1	29	33	啟三12	啟3:12	-	book
詩45:15#1	45	47	13	詩45:13	-	bare
詩45:15#1	86	90	約十五4	約15:4	-	book
詩45:15#1	184	188	啟二一3	啟21:3	-	book
詩45:15#1	189	191	22	啟21:22	-	bare
詩45:15#1	192	196	22註2	啟21:22	2	bare
詩45:16#1	0	2	16	詩45:16	-	bare
詩45:16#1	3	6	17節	詩45:17	-	bare
詩45:16#1	81	85	啟二26	啟2:26	-	book
詩45:16#1	86	89	二十4	啟20:4	-	chapter
詩45:16#1	90	91	6	啟20:6	-	bare
詩45:16#1	133	136	1～8	詩45:1	-	bare
詩45:16#1	163	167	9～15	詩45:9	-	bare
詩45:16#1	205	210	16～17	詩45:16	-	bare
林後13:5#1	8	11	徒六7	徒6:7	-	book
林後13:5#1	12	20	提前一19與註2	提前1:19	2	book
林後13:8#1	5	7	8節	林後13:8	-	bare
林後13:8#1	86	90	十二19	林後12:19	-	chapter
林後13:8#2	10	16	提前二4註2	提前2:4	2	book
林後13:9#2	29	37	林前一10與註5	林前1:10	5	book
林後13:11#1	9	10	9	林後13:9	-	bare
林後13:11#1	48	51	腓三1	腓3:1	-	book
林後13:11#1	52	54	四4	腓4:4	-	chapter
林後13:11#1	55	60	帖前五16	帖前5:16	-	book
林後13:11#2	40	42	9節	林後13:9	-	bare
林後13:11#2	43	47	弗四12	弗4:12	-	book
林後13:11#3	17	21	一3～6	林後1:3	-	chapter
林後13:11#3	75	80	七8～13	林後7:8	-	chapter
林後13:11#4	59	64	林前一10	林前1:10	-	book
林後13:11#6	9	13	林前八1	林前8:1	-	book
林後13:11#6	14	19	十三1～3	林前13:1	-	chapter
林後13:11#6	20	22	13	林前13:13	-	bare
林後13:11#6	23	26	十四1	林前14:1	-	chapter
林後13:11#6	110	115	羅十四15	羅14:15	-	book
林後13:11#6	116	119	弗五2	弗5:2	-	book
林後13:11#6	128	133	羅十四19	羅14:19	-	book
林後13:11#6	134	139	來十二14	來12:14	-	book
林後13:14#1	22	29	約一17與註1	約1:17	1	book
林後13:14#1	30	39	林前十五10與註1	林前15:10	1	book
林後13:14#1	51	55	約壹四8	約壹4:8	-	book
林後13:14#1	56	58	16	約壹4:16	-	bare
林後13:14#1	216	220	來十一1	來11:1	-	book
林後13:14#1	222	228	來十一1註3	來11:1	3	book
林後13:14#1	366	369	一12	林後1:12	-	chapter
林後13:14#1	370	373	四15	林後4:15	-	chapter
林後13:14#1	374	376	六1	林後6:1	-	chapter
林後13:14#1	377	379	八1	林後8:1	-	chapter
林後13:14#1	380	381	9	林後8:9	-	bare
林後13:14#1	382	384	九8	林後9:8	-	chapter
林後13:14#1	385	387	14	林後9:14	-	bare
林後13:14#1	388	391	十二9	林後12:9	-	chapter
林後13:14#1	682	685	創一1	創1:1	-	book
林後13:14#1	758	762	創一26	創1:26	-	book
林後13:14#1	794	798	創三22	創3:22	-	book
林後13:14#1	799	802	十一7	創11:7	-	chapter
林後13:14#1	803	806	賽六8	賽6:8	-	book
林後13:14#1	869	876	路一31～35	路1:31	-	book
林後13:14#1	883	886	約一1	約1:1	-	book
林後13:14#1	887	889	14	約1:14	-	bare
林後13:14#1	900	904	路二49	路2:49	-	book
林後13:14#1	912	915	路四1	路4:1	-	book
林後13:14#1	916	921	太十二28	太12:28	-	book
林後13:14#1	950	957	太三16～17	太3:16	-	book
林後13:14#1	958	962	路四18	路4:18	-	book
林後13:14#1	997	1003	林前十五45	林前15:45	-	book
林後13:14#1	1046	1053	約十四9～11	約14:9	-	book
林後13:14#1	1063	1071	約十四16～20	約14:16	-	book
林後13:14#1	1099	1104	約十四23	約14:23	-	book
林後13:14#1	1105	1112	十七21～23	約17:21	-	chapter
林後13:14#1	1144	1152	約十六13～15	約16:13	-	book
林後13:14#1	1185	1190	約十四17	約14:17	-	book
林後13:14#1	1191	1193	20	約14:20	-	bare
林後13:14#1	1194	1199	十五4～5	約15:4	-	chapter
林後13:14#1	1224	1232	約十七21～23	約17:21	-	book
林後13:14#1	1272	1277	太二八19	太28:19	-	book
林後13:14#1	1443	1450	林前十二4～6	林前12:4	-	book
林後13:14#1	1544	1549	弗一4～5	弗1:4	-	book
林後13:14#1	1561	1567	弗一6～12	弗1:6	-	book
林後13:14#1	1581	1588	弗一13～14	弗1:13	-	book
林後13:14#1	1635	1642	弗一18～23	弗1:18	-	book
林後13:14#1	1692	1696	弗二18	弗2:18	-	book
林後13:14#1	1819	1826	弗三14～19	弗3:14	-	book
林後13:14#1	1883	1888	弗四4～6	弗4:4	-	book
林後13:14#1	1947	1954	弗五19～20	弗5:19	-	book
林後13:14#1	2036	2043	弗六10～11	弗6:10	-	book
林後13:14#1	2044	2046	17	弗6:17	-	bare
林後13:14#1	2117	2121	彼前一2	彼前1:2	-	book
林後13:14#1	2260	2265	啟一4～5	啟1:4	-	book
林後13:14#1	2359	2362	啟一9	啟1:9	-	book
林後13:14#1	2363	2365	11	啟1:11	-	bare
林後13:14#1	2366	2368	20	啟1:20	-	bare
詩46:4#1	26	33	啟二二1與註2	啟22:1	2	book
詩46:4#2	96	99	二三6	詩23:6	-	chapter
詩46:4#2	100	103	二六8	詩26:8	-	chapter
詩46:4#2	104	107	二七4	詩27:4	-	chapter
詩46:4#2	108	111	三六8	詩36:8	-	chapter
詩46:4#2	112	117	提前三15	提前3:15	-	book
詩46:4#2	138	144	啟五9～10	啟5:9	-	book
詩46:4#2	191	197	啟二一2～3	啟21:2	-	book
詩46:4#2	198	200	22	啟21:22	-	bare
詩46:4#2	201	204	二二3	啟22:3	-	chapter
詩46:5#1	17	22	來十二28	來12:28	-	book
詩46:5#1	43	50	但二34～35	但2:34	-	book
詩46:5#1	51	53	44	但2:44	-	bare
詩46:5#1	54	58	35註2	但2:35	2	bare
詩46:10#1	8	10	6上	詩46:6	-	bare
詩46:10#1	11	15	二1～2	詩2:1	-	chapter
詩46:10#1	55	60	太十六18	太16:18	-	book
詩46:10#1	81	88	但二34～35	但2:34	-	book
詩46:10#1	89	97	啟十九11～21	啟19:11	-	book
詩47:2#1	10	18	啟二一22與註1	啟21:22	1	book
詩47:2#1	71	77	四六10註1	詩46:10	1	chapter
詩48:1#1	46	53	弗三20～21	弗3:20	-	book
詩48:2#1	10	14	撒下五7	撒下5:7	-	book
詩48:2#1	45	48	九11	詩9:11	-	chapter
詩48:2#1	49	52	七四2	詩74:2	-	chapter
詩48:2#1	53	57	七六2下	詩76:2	-	chapter
詩48:2#1	58	63	一三五21	詩135:21	-	chapter
詩48:2#1	64	68	賽八18	賽8:18	-	book
詩48:2#1	112	117	來十二22	來12:22	-	book
詩48:2#1	118	124	啟十四1～5	啟14:1	-	book
詩48:2#1	144	145	2	詩48:2	-	bare
詩48:2#1	146	149	五十2	詩50:2	-	chapter
詩48:2#1	182	183	2	詩48:2	-	bare
詩48:2#1	184	189	11～12	詩48:11	-	bare
詩48:2#1	190	193	二十2	詩20:2	-	chapter
詩48:2#1	194	198	五三6上	詩53:6	-	chapter
詩48:2#1	199	202	八七2	詩87:2	-	chapter
詩48:2#1	270	276	啟二一1～3	啟21:1	-	book
詩48:2#1	277	279	16	啟21:16	-	bare
詩48:2#1	280	282	22	啟21:22	-	bare
詩48:2#1	316	323	啟二一7與註1	啟21:7	1	book
詩48:3#1	14	22	太十六18～19	太16:18	-	book
詩48:12#1	6	8	13	詩48:13	-	bare
詩48:12#1	26	28	13	詩48:13	-	bare
詩48:12#1	47	54	弗六10～20	弗6:10	-	book
詩48:12#1	55	61	二20～22	弗2:20	-	chapter
詩48:14#1	20	23	四六1	詩46:1	-	chapter
詩48:14#1	32	35	四六7	詩46:7	-	chapter
詩48:14#1	141	144	二三6	詩23:6	-	chapter
詩48:14#1	177	185	太十六18～19	太16:18	-	book
詩49:6#1	27	31	太六24	太6:24	-	book
詩49:13#1	13	16	10節	詩49:10	-	bare
詩49:19#1	6	9	18節	詩49:18	-	bare
加1:1#2	34	39	11～12	加1:11	-	bare
加1:3#1	1	6	弗一2註1	弗1:2	1	book
加1:3#1	7	12	羅一7註2	羅1:7	2	book
加1:3#2	1	6	弗一2註2	弗1:2	2	book
加1:4#3	17	22	弗二2註1	弗2:2	1	book
加1:4#3	65	71	六14～15	加6:14	-	chapter
加1:4#3	191	194	三23	加3:23	-	chapter
加1:4#3	207	210	約十1	約10:1	-	book
加1:4#3	211	212	3	約10:3	-	bare
加1:6#3	43	50	約一17與註1	約1:17	1	book
加1:6#4	70	74	西一25	西1:25	-	book
加1:6#4	93	97	西一27	西1:27	-	book
加1:6#4	110	117	弗一13～14	弗1:13	-	book
加1:6#4	132	134	16	加1:16	-	bare
加1:6#4	145	148	四19	加4:19	-	chapter
加1:6#4	159	163	弗三17	弗3:17	-	book
加1:6#4	183	187	弗三19	弗3:19	-	book
加1:6#4	198	201	西二2	西2:2	-	book
加1:6#4	224	227	西二9	西2:9	-	book
加1:6#4	273	276	西三4	西3:4	-	book
加1:6#4	288	292	西一27	西1:27	-	book
加1:6#4	306	310	弗四15	弗4:15	-	book
加1:6#4	314	318	弗四16	弗4:16	-	book
加1:6#4	324	328	羅十二5	羅12:5	-	book
加1:7#1	70	72	五1	加5:1	-	chapter
加1:7#2	13	15	二4	加2:4	-	chapter
加1:12#1	7	9	1節	加1:1	-	bare
加1:13#1	20	25	13～16	加1:13	-	bare
加1:14#1	42	46	徒二三6	徒23:6	-	book
詩50:2#1	1	6	四八2註1	詩48:2	1	chapter
詩50:2#1	86	90	弗二10	弗2:10	-	book
詩50:2#1	91	99	啟二一10～21	啟21:10	-	book
詩50:2#2	40	44	民六25	民6:25	-	book
詩50:5#1	21	24	來十5	來10:5	-	book
詩50:5#1	25	27	10	來10:10	-	bare
詩50:5#1	41	45	提前二5	提前2:5	-	book
詩50:14#1	23	27	8～13	詩50:8	-	bare
詩50:15#1	31	32	5	詩50:5	-	bare
詩50:15#1	33	38	太二六28	太26:28	-	book
詩50:15#1	39	44	路二二20	路22:20	-	book
詩50:15#1	79	84	一一六13	詩116:13	-	chapter
詩50:15#1	89	94	四九1註1	詩49:1	1	chapter
詩51:1#1	6	11	四九1註1	詩49:1	1	chapter
詩51:1#2	1	4	3～5	詩51:3	-	bare
詩51:1#2	5	8	17節	詩51:17	-	bare
詩51:1#2	31	32	1	詩51:1	-	bare
詩51:1#2	33	34	9	詩51:9	-	bare
詩51:1#2	40	41	2	詩51:2	-	bare
詩51:1#2	42	43	7	詩51:7	-	bare
詩51:1#2	48	49	2	詩51:2	-	bare
詩51:1#2	55	56	7	詩51:7	-	bare
詩51:5#1	30	34	羅七18	羅7:18	-	book
詩51:5#1	35	38	腓三3	腓3:3	-	book
詩51:5#1	92	95	7註1	詩51:7	1	bare
詩51:6#1	36	42	彼前三4註1	彼前3:4	1	book
詩51:7#1	19	25	王上四33上	王上4:33	-	book
詩51:7#1	26	32	出十二22上	出12:22	-	book
詩51:7#1	33	38	腓二5～8	腓2:5	-	book
詩51:7#1	55	59	提前二5	提前2:5	-	book
詩51:7#1	60	64	約壹二1	約壹2:1	-	book
詩51:7#1	70	73	來十5	來10:5	-	book
詩51:7#1	74	76	10	來10:10	-	bare
詩51:10#1	25	29	羅十二2	羅12:2	-	book
詩51:10#1	30	35	林後四16	林後4:16	-	book
詩51:10#1	36	40	弗四23	弗4:23	-	book
詩51:10#1	41	44	多三5	多3:5	-	book
詩51:11#2	3	11	賽六三10～11	賽63:10	-	book
詩51:11#2	152	156	太一18	太1:18	-	book
詩51:11#2	157	161	路一35	路1:35	-	book
詩51:11#2	164	170	路一15註2	路1:15	2	book
詩51:11#2	171	175	35註3	路1:35	3	bare
詩51:18#1	0	6	18～19節	詩51:18	-	bare
詩51:18#1	83	87	約壹一9	約壹1:9	-	book
詩51:18#1	198	201	弗一3	弗1:3	-	book
詩52:1#1	223	228	弗三8～9	弗3:8	-	book
詩52:1#1	229	234	14～19	弗3:14	-	bare
詩52:1#1	271	276	腓一19下	腓1:19	-	book
詩52:1#1	289	297	腓一20～21上	腓1:20	-	book
詩52:1#1	307	313	提前三16上	提前3:16	-	book
詩52:1#1	356	363	弗一22～23	弗1:22	-	book
詩52:1#1	364	370	三19～21	弗3:19	-	chapter
詩52:1#1	404	409	伯六1註1	伯6:1	1	book
詩52:5#1	1	5	1～7節	詩52:1	-	bare
詩52:5#1	14	18	8～9節	詩52:8	-	bare
詩52:5#1	61	65	三7註1	詩3:7	1	chapter
加1:16#1	15	19	約一18	約1:18	-	book
加1:16#1	20	26	十四9～11	約14:9	-	chapter
加1:16#1	27	30	來一3	來1:3	-	book
加1:16#1	41	45	約十10	約10:10	-	book
加1:16#1	46	51	約壹五12	約壹5:12	-	book
加1:16#1	52	55	西三4	西3:4	-	book
加1:16#1	95	99	約十七3	約17:3	-	book
加1:16#1	100	103	三16	約3:16	-	chapter
加1:16#1	113	117	約一12	約1:12	-	book
加1:16#1	118	123	加四5～6	加4:5	-	book
加1:16#1	134	139	太十六16	太16:16	-	book
加1:16#1	153	158	13～14	加1:13	-	bare
加1:16#3	82	84	15	加1:15	-	bare
加1:16#6	15	17	12	加1:12	-	bare
加1:17#1	90	92	12	加1:12	-	bare
加1:19#1	21	23	18	加1:18	-	bare
加1:21#1	5	7	17	加1:17	-	bare
加1:21#1	77	79	22	加1:22	-	bare
加2:3#2	51	58	創十七9～14	創17:9	-	book
加2:3#2	59	66	出二十8～11	出20:8	-	book
加2:3#2	84	91	西二16～17	西2:16	-	book
加2:3#2	123	130	西二11～12	西2:11	-	book
加2:3#2	148	156	太十一28～30	太11:28	-	book
加2:3#2	191	198	徒十11～16	徒10:11	-	book
加2:3#2	199	204	34～35	徒10:34	-	bare
加2:3#2	248	255	太十二1～12	太12:1	-	book
加2:3#2	280	286	徒十9～20	徒10:9	-	book
加2:3#2	313	315	五6	加5:6	-	chapter
加2:3#2	316	319	六15	加6:15	-	chapter
加2:3#2	348	351	羅十4	羅10:4	-	book
加2:3#2	352	356	加二16	加2:16	-	book
加2:4#1	30	32	一7	加1:7	-	chapter
加2:9#1	17	20	太十2	太10:2	-	book
加2:9#1	21	25	可三16	可3:16	-	book
加2:9#1	26	30	路六14	路6:14	-	book
加2:9#1	31	35	徒一13	徒1:13	-	book
加2:9#1	77	80	一19	加1:19	-	chapter
加2:9#1	82	90	徒十五13～21	徒15:13	-	book
加2:9#1	156	162	11～14節	加2:11	-	bare
加2:9#1	188	191	12節	加2:12	-	bare
加2:9#1	192	197	徒二一18	徒21:18	-	book
詩53:1#1	24	28	1～5節	詩53:1	-	bare
詩53:1#1	42	49	羅三10～12	羅3:10	-	book
詩53:1#1	51	55	1～3節	詩53:1	-	bare
詩53:6#1	29	32	弗三6	弗3:6	-	book
詩54:1#1	47	50	1～4	詩54:1	-	bare
詩54:1#1	62	63	5	詩54:5	-	bare
詩54:1#1	93	100	代上二二3註1	代上22:3	1	book
詩54:1#1	167	175	箴二五21～22	箴25:21	-	book
詩54:1#1	187	192	羅十二20	羅12:20	-	book
詩54:1#1	199	203	三7註1	詩3:7	1	chapter
詩55:1#1	1	4	1～2	詩55:1	-	bare
詩55:1#1	5	8	4～8	詩55:4	-	bare
詩55:1#1	9	15	16～18上	詩55:16	-	bare
詩55:1#1	16	18	22	詩55:22	-	bare
詩55:1#1	19	22	23節	詩55:23	-	bare
詩55:1#1	57	58	3	詩55:3	-	bare
詩55:1#1	59	63	9～15	詩55:9	-	bare
詩55:1#1	64	70	18下～21	詩55:18	-	bare
詩55:1#1	71	74	23上	詩55:23	-	bare
詩55:1#1	107	111	三7註1	詩3:7	1	chapter
詩55:13#1	29	32	四一9	詩41:9	-	chapter
詩55:13#1	33	38	約十三18	約13:18	-	book
詩55:13#1	52	58	王上二1註1	王上2:1	1	book
詩55:20#1	1	4	13節	詩55:13	-	bare
詩56:1#1	27	30	1～4	詩56:1	-	bare
詩56:1#1	31	35	8～13	詩56:8	-	bare
詩56:1#1	54	57	5～7	詩56:5	-	bare
詩56:1#1	60	65	五四1註1	詩54:1	1	chapter
詩57:1#1	24	27	1～5	詩57:1	-	bare
詩57:1#1	28	32	7～11	詩57:7	-	bare
詩57:1#1	46	48	6下	詩57:6	-	bare
詩57:1#1	54	59	五四1註1	詩54:1	1	chapter
詩57:1#1	159	166	來十二5～11	來12:5	-	book
詩57:1#1	167	170	7註1	來12:7	1	bare
詩57:1#1	171	175	10註1	來12:10	1	bare
詩57:1#1	176	184	彼前四12～19	彼前4:12	-	book
詩57:1#1	185	189	17註1	彼前4:17	1	bare
詩57:1#1	250	256	伯二13註1	伯2:13	1	book
詩58:1#1	29	32	1～5	詩58:1	-	bare
詩58:1#1	45	49	6～11	詩58:6	-	bare
詩58:1#1	52	57	五四1註1	詩54:1	1	chapter
加2:16#1	22	28	羅三22註1	羅3:22	1	book
加2:16#2	21	24	創六3	創6:3	-	book
加2:18#1	13	18	腓三7～8	腓3:7	-	book
加2:20#2	61	64	羅六6	羅6:6	-	book
加2:20#3	53	60	林前十五45下	林前15:45	-	book
加2:20#3	139	142	腓三6	腓3:6	-	book
加2:20#3	167	174	腓一20～21	腓1:20	-	book
加2:20#3	281	284	三23	加3:23	-	chapter
加2:20#3	298	301	三24	加3:24	-	chapter
加2:20#5	20	24	16註1	加2:16	1	bare
加2:21#2	31	35	羅五18	羅5:18	-	book
加2:21#2	36	38	21	羅5:21	-	bare
詩59:16#1	3	9	16～17節	詩59:16	-	bare
詩59:16#1	27	32	五四1註1	詩54:1	1	chapter
詩61:8#1	14	15	7	詩61:7	-	bare
詩61:8#1	39	44	太十九27	太19:27	-	book
詩61:8#1	45	52	太二十15註1	太20:15	1	book
詩63:9#1	1	5	5～8節	詩63:5	-	bare
詩63:9#1	18	23	9～11節	詩63:9	-	bare
詩63:9#1	39	44	五四1註1	詩54:1	1	chapter
詩64:4#1	12	15	10節	詩64:10	-	bare
詩64:4#1	50	54	七3註1	詩7:3	1	chapter
加3:1#1	69	71	一4	加1:4	-	chapter
加3:1#1	72	78	二19～21	加2:19	-	chapter
加3:1#1	79	82	三13	加3:13	-	chapter
加3:1#1	83	86	五24	加5:24	-	chapter
加3:1#1	87	90	六14	加6:14	-	chapter
加3:2#1	66	70	弗一13	弗1:13	-	book
加3:2#1	101	106	羅十一17	羅11:17	-	book
加3:2#1	117	121	弗一14	弗1:14	-	book
加3:2#1	132	134	14	加3:14	-	bare
加3:2#1	172	173	5	加3:5	-	bare
加3:2#2	311	313	5上	加3:5	-	bare
加3:2#3	24	26	23	加3:23	-	bare
加3:2#3	58	62	提前一4	提前1:4	-	book
加3:2#3	73	76	羅七5	羅7:5	-	book
加3:2#3	221	228	羅七10～11	羅7:10	-	book
加3:2#3	229	231	24	羅7:24	-	bare
加3:2#3	268	271	羅八2	羅8:2	-	book
加3:2#3	272	273	6	羅8:6	-	bare
加3:2#3	274	279	10～11	羅8:10	-	bare
加3:2#3	280	282	30	羅8:30	-	bare
加3:2#3	335	338	本章7	加3:7	-	anaphor
加3:2#3	339	340	8	加3:8	-	bare
加3:2#3	341	342	9	加3:9	-	bare
加3:2#3	343	345	11	加3:11	-	bare
加3:2#3	346	348	12	加3:12	-	bare
加3:2#3	349	351	23	加3:23	-	bare
加3:2#3	352	354	24	加3:24	-	bare
加3:2#3	355	358	25節	加3:25	-	bare
加3:2#3	372	377	一23註3	加1:23	3	chapter
加3:3#1	27	28	2	加3:2	-	bare
加3:3#2	81	84	二20	加2:20	-	chapter
加3:3#2	203	206	一16	加1:16	-	chapter
加3:3#2	207	210	二16	加2:16	-	chapter
加3:3#2	211	213	三3	加3:3	-	chapter
加3:3#2	214	217	四23	加4:23	-	chapter
加3:3#2	218	220	29	加4:29	-	bare
加3:3#2	221	224	五13	加5:13	-	chapter
加3:3#2	225	230	16～17	加5:16	-	bare
加3:3#2	231	233	19	加5:19	-	bare
加3:3#2	234	236	24	加5:24	-	bare
加3:3#2	237	239	六8	加6:8	-	chapter
加3:3#2	240	245	12～13	加6:12	-	bare
加3:3#2	268	269	3	加3:3	-	bare
加3:3#2	270	273	四29	加4:29	-	chapter
加3:3#2	274	280	五16～17	加5:16	-	chapter
加3:3#2	281	283	19	加5:19	-	bare
加3:3#2	284	286	22	加5:22	-	bare
加3:3#2	287	289	六8	加6:8	-	chapter
加3:5#1	16	20	腓一19	腓1:19	-	book
加3:5#2	12	20	出三十23～25	出30:23	-	book
加3:5#2	32	36	約七39	約7:39	-	book
加3:6#1	70	72	19	加3:19	-	bare
加3:7#2	14	18	約九28	約9:28	-	book
加3:9#3	33	35	14	加3:14	-	bare
加3:10#1	84	86	五4	加5:4	-	chapter
加3:13#1	45	49	創三17	創3:17	-	book
加3:14#1	21	25	創十二3	創12:3	-	book
加3:14#4	44	47	5註2	加3:5	2	bare
加3:14#4	141	145	創十二7	創12:7	-	book
加3:14#4	146	150	十三15	創13:15	-	chapter
加3:14#4	151	154	十七8	創17:8	-	chapter
加3:14#4	155	160	二六3～4	創26:3	-	chapter
加3:14#4	176	183	西一12與註3	西1:12	3	book
加3:14#4	205	211	林前十五45	林前15:45	-	book
加3:14#4	212	217	林後三17	林後3:17	-	book
詩68:1#1	4	8	民十35	民10:35	-	book
詩68:1#1	89	97	出二五10～22	出25:10	-	book
詩68:1#1	110	114	約一14	約1:14	-	book
詩68:1#1	202	204	8下	詩68:8	-	bare
詩68:1#1	205	208	17下	詩68:17	-	bare
詩68:1#1	246	248	4下	詩68:4	-	bare
詩68:1#1	249	251	7下	詩68:7	-	bare
詩68:1#1	273	275	16	詩68:16	-	bare
詩68:1#1	276	280	啟十四1	啟14:1	-	book
詩68:1#1	412	417	1～18節	詩68:1	-	bare
詩68:1#1	423	428	弗四8註1	弗4:8	1	book
詩68:1#2	23	27	弗六12	弗6:12	-	book
詩68:1#2	46	50	12註1	詩68:12	1	bare
詩68:5#1	33	34	6	詩68:6	-	bare
詩68:5#1	42	43	6	詩68:6	-	bare
詩68:5#1	60	65	提前三15	提前3:15	-	book
詩68:11#1	10	15	12～13	詩68:12	-	bare
詩68:11#1	71	75	12註4	詩68:12	4	bare
詩68:11#1	76	80	13註2	詩68:13	2	bare
詩68:11#2	8	12	彼前三7	彼前3:7	-	book
詩68:11#2	29	37	林後十二9～10	林後12:9	-	book
詩68:11#2	54	57	12上	詩68:12	-	bare
詩68:12#1	27	31	弗六12	弗6:12	-	book
詩68:12#1	50	54	來二14	來2:14	-	book
詩68:12#1	55	59	西二15	西2:15	-	book
詩68:12#3	9	12	11節	詩68:11	-	bare
詩68:12#4	79	82	13節	詩68:13	-	bare
詩68:12#4	95	99	13註2	詩68:13	2	bare
詩68:13#2	8	12	太三16	太3:16	-	book
詩68:13#2	180	182	12	詩68:12	-	bare
詩68:14#1	19	25	創十七1註2	創17:1	2	book
詩68:14#2	1	5	12註1	詩68:12	1	bare
詩68:16#1	13	17	七六2下	詩76:2	-	chapter
詩68:16#1	37	42	來十二22	來12:22	-	book
詩68:16#1	43	47	啟十四1	啟14:1	-	book
詩68:16#1	75	80	四八2註1	詩48:2	1	chapter
詩68:18#1	21	26	賽十四13	賽14:13	-	book
詩68:18#1	29	34	弗四8註1	弗4:8	1	book
詩68:18#2	1	6	弗四8註2	弗4:8	2	book
詩68:18#3	57	62	弗四8註3	弗4:8	3	book
詩68:18#5	66	72	弗四7～12	弗4:7	-	book
詩68:18#5	73	75	16	弗4:16	-	bare
詩68:19#1	10	15	19～23	詩68:19	-	bare
詩68:19#1	27	30	18下	詩68:18	-	bare
詩68:19#2	40	44	12註4	詩68:12	4	bare
詩68:19#2	45	49	13註2	詩68:13	2	bare
詩68:19#2	52	58	羅八28註4	羅8:28	4	book
詩68:20#1	25	30	約十一25	約11:25	-	book
詩68:21#1	19	26	羅十六20註1	羅16:20	1	book
詩68:25#1	6	13	太二五1與註3	太25:1	3	book
詩68:27#1	1	7	24～28節	詩68:24	-	bare
詩68:27#1	131	137	創三五18上	創35:18	-	book
詩68:27#1	176	180	賽五三3	賽53:3	-	book
詩68:27#1	202	206	來九12	來9:12	-	book
詩68:27#1	247	253	創三五18下	創35:18	-	book
詩68:27#1	330	335	來八1～2	來8:1	-	book
詩68:27#1	336	339	七25	來7:25	-	chapter
詩68:27#1	385	389	八十17	詩80:17	-	chapter
詩68:27#1	390	395	可十六19	可16:19	-	book
詩68:27#1	396	400	徒二33	徒2:33	-	book
詩68:27#1	401	404	五31	徒5:31	-	chapter
詩68:27#2	27	31	啟五5上	啟5:5	-	book
詩68:27#2	32	39	創四九8～10	創49:8	-	book
詩68:27#2	154	161	弗二14～15	弗2:14	-	book
詩68:27#2	189	194	創四九27	創49:27	-	book
詩68:27#3	21	26	創四九13	創49:13	-	book
詩68:27#3	107	110	徒二7	徒2:7	-	book
詩68:27#3	111	115	十三31	徒13:31	-	chapter
詩68:27#3	132	139	創四九13註1	創49:13	1	book
詩68:27#4	2	7	創四九21	創49:21	-	book
詩68:27#4	10	15	創四九21	創49:21	-	book
詩68:27#4	80	85	歌二8～9	歌2:8	-	book
詩68:27#4	105	113	太二八18～20	太28:18	-	book
詩68:27#4	178	185	太四12～17	太4:12	-	book
詩68:27#4	186	190	徒一11	徒1:11	-	book
詩68:28#1	0	3	28節	詩68:28	-	bare
詩68:28#1	5	8	29節	詩68:29	-	bare
詩68:29#1	0	3	29節	詩68:29	-	bare
詩68:29#1	5	8	35節	詩68:35	-	bare
詩68:29#1	62	67	太十九28	太19:28	-	book
詩68:29#1	68	75	徒三20～21	徒3:20	-	book
詩68:29#1	104	109	賽二2～3	賽2:2	-	book
詩68:29#1	110	117	亞八20～23	亞8:20	-	book
詩68:29#1	118	122	十四16	亞14:16	-	chapter
加3:17#2	57	65	出十二40～41	出12:40	-	book
加3:17#2	67	72	創十五13	創15:13	-	book
加3:17#2	73	76	徒七6	徒7:6	-	book
加3:21#1	18	24	羅七10註1	羅7:10	1	book
加3:21#1	47	50	約一4	約1:4	-	book
加3:21#1	61	67	林前十五45	林前15:45	-	book
加3:21#2	27	34	羅五17～18	羅5:17	-	book
加3:22#2	78	81	23節	加3:23	-	bare
加3:22#3	28	34	羅三22註1	羅3:22	1	book
加3:23#1	1	6	一23註3	加1:23	3	chapter
加3:23#1	7	11	三2註3	加3:2	3	chapter
加3:23#1	33	37	約一12	約1:12	-	book
加3:23#1	38	41	三16	約3:16	-	chapter
加3:23#1	42	44	18	約3:18	-	bare
加3:23#3	27	30	約十1	約10:1	-	book
加3:23#3	31	33	16	約10:16	-	bare
加3:23#3	67	72	約十1註2	約10:1	2	book
加3:23#3	100	105	約十9註2	約10:9	2	book
加3:27#1	8	12	約三16	約3:16	-	book
加3:27#1	80	85	太二八19	太28:19	-	book
加3:27#1	98	100	27	加3:27	-	bare
加3:27#1	114	117	羅六3	羅6:3	-	book
加3:27#1	135	141	林前十二13	林前12:13	-	book
加3:28#1	1	7	西三11註2	西3:11	2	book
加3:28#5	35	39	弗二15	弗2:15	-	book
加3:28#5	106	113	西三10～11	西3:10	-	book
加3:29#1	18	20	16	加3:16	-	bare
加3:29#1	199	202	四23	加4:23	-	chapter
加3:29#1	223	226	四28	加4:28	-	chapter
加3:29#1	295	297	21	加3:21	-	bare
加3:29#1	318	319	2	加3:2	-	bare
加3:29#1	332	336	林後三6	林後3:6	-	book
加3:29#1	370	372	23	加3:23	-	bare
加3:29#1	423	428	創二二17	創22:17	-	book
加4:1#1	3	7	弗四14	弗4:14	-	book
加4:3#1	6	10	來五12	來5:12	-	book
加4:3#1	36	41	西二8註3	西2:8	3	book
加4:4#1	21	22	2	加4:2	-	bare
加4:4#2	8	15	路一27～35	路1:27	-	book
加4:4#2	35	39	創三15	創3:15	-	book
加4:4#3	11	18	路二21～24	路2:21	-	book
加4:4#3	19	21	27	路2:27	-	bare
加4:5#1	16	19	三23	加3:23	-	chapter
加4:5#2	139	143	來二10	來2:10	-	book
加4:5#2	144	148	羅八29	羅8:29	-	book
加4:5#2	166	169	弗一5	弗1:5	-	book
加4:5#2	184	191	約一12～13	約1:12	-	book
加4:6#1	15	20	約壹五12	約壹5:12	-	book
加4:6#1	38	41	羅八2	羅8:2	-	book
加4:6#1	158	161	三14	加3:14	-	chapter
加4:6#1	165	171	本章4～6節	加4:4	-	anaphor
加4:6#2	24	27	約三6	約3:6	-	book
加4:6#2	28	32	羅八16	羅8:16	-	book
加4:6#2	50	54	彼前三4	彼前3:4	-	book
加4:6#3	6	10	羅八15	羅8:15	-	book
加4:6#4	52	57	可十四36	可14:36	-	book
加4:7#2	1	6	三26註2	加3:26	2	chapter
加4:7#3	51	52	4	加4:4	-	bare
加4:7#3	53	54	6	加4:6	-	bare
加4:7#3	70	71	5	加4:5	-	bare
加4:7#3	89	90	6	加4:6	-	bare
詩69:1#1	68	70	4上	詩69:4	-	bare
詩69:1#1	71	76	約十五25	約15:25	-	book
詩69:1#1	90	92	7上	詩69:7	-	bare
詩69:1#1	93	95	9下	詩69:9	-	bare
詩69:1#1	96	100	羅十五3	羅15:3	-	book
詩69:1#1	119	121	9上	詩69:9	-	bare
詩69:1#1	122	126	約二17	約2:17	-	book
詩69:1#1	140	143	29上	詩69:29	-	bare
詩69:1#1	144	149	19～20	詩69:19	-	bare
詩69:1#1	150	155	約十六32	約16:32	-	book
詩69:1#1	169	171	10	詩69:10	-	bare
詩69:1#1	172	177	13～17	詩69:13	-	bare
詩69:1#1	178	181	1～2	詩69:1	-	bare
詩69:1#1	182	185	來五7	來5:7	-	book
詩69:1#1	208	211	21上	詩69:21	-	bare
詩69:1#1	212	217	太二七34	太27:34	-	book
詩69:1#1	236	239	21下	詩69:21	-	bare
詩69:1#1	240	248	約十九28～30	約19:28	-	book
詩69:1#1	261	263	26	詩69:26	-	bare
詩69:1#1	264	270	賽五三10上	賽53:10	-	book
詩69:1#1	282	284	25	詩69:25	-	bare
詩69:1#1	285	293	徒一16～20上	徒1:16	-	book
詩69:22#1	0	5	22～24	詩69:22	-	bare
詩69:22#1	6	12	27～28節	詩69:27	-	bare
詩69:22#1	32	36	三7註1	詩3:7	1	chapter
詩72:1#1	32	35	太一1	太1:1	-	book
詩72:1#1	36	40	二二42	太22:42	-	chapter
詩72:1#1	88	93	太十九28	太19:28	-	book
詩72:1#1	94	98	啟二十4	啟20:4	-	book
詩72:1#1	99	100	6	啟20:6	-	bare
詩72:2#1	14	20	八九14註1	詩89:14	1	chapter
詩72:2#1	31	32	3	詩72:3	-	bare
詩72:2#1	33	34	7	詩72:7	-	bare
詩72:2#1	36	41	賽三二17	賽32:17	-	book
詩72:2#1	42	47	來十二11	來12:11	-	book
詩72:6#1	73	78	啟二二17	啟22:17	-	book
詩72:18#1	0	4	四一13	詩41:13	-	chapter
詩72:18#1	16	22	18～19節	詩72:18	-	bare
詩72:18#1	95	101	六八29註1	詩68:29	1	chapter
加4:10#1	10	15	賽六六23	賽66:23	-	book
加4:10#2	16	20	出十三4	出13:4	-	book
加4:10#2	33	37	王上六1	王上6:1	-	book
加4:10#2	38	40	37	王上6:37	-	bare
加4:10#2	56	60	王上八2	王上8:2	-	book
加4:10#2	73	78	王上六38	王上6:38	-	book
加4:10#3	20	25	代下八13	代下8:13	-	book
加4:10#4	8	12	利二五4	利25:4	-	book
加4:15#2	53	55	13	加4:13	-	bare
加4:15#2	71	74	六11	加6:11	-	chapter
加4:15#2	113	120	林後十二7～9	林後12:7	-	book
加4:18#1	72	76	腓一18	腓1:18	-	book
加4:19#1	32	37	林前四15	林前4:15	-	book
加4:19#1	38	41	門10	門1:10	-	book
加4:19#3	77	79	三1	加3:1	-	chapter
加4:19#3	94	97	三13	加3:13	-	chapter
加4:19#3	118	120	一4	加1:4	-	chapter
加4:19#3	132	134	一1	加1:1	-	chapter
加4:19#3	147	150	二20	加2:20	-	chapter
加4:19#3	178	181	三27	加3:27	-	chapter
加4:19#3	195	198	三28	加3:28	-	chapter
加4:19#3	208	211	三29	加3:29	-	chapter
加4:19#3	212	215	五24	加5:24	-	chapter
加4:19#3	233	236	一16	加1:16	-	chapter
加4:19#3	248	251	二20	加2:20	-	chapter
加4:19#3	264	266	19	加4:19	-	bare
加4:19#3	280	283	三24	加3:24	-	chapter
加4:19#3	299	302	三26	加3:26	-	chapter
加4:19#3	333	336	三14	加3:14	-	chapter
加4:19#3	355	358	三28	加3:28	-	chapter
加4:19#3	383	385	五4	加5:4	-	chapter
加4:19#3	408	411	六18	加6:18	-	chapter
加4:19#4	140	143	二20	加2:20	-	chapter
加4:21#1	1	7	21～31節	加4:21	-	bare
加4:21#1	130	133	三14	加3:14	-	chapter
加4:21#1	284	286	五4	加5:4	-	chapter
加4:21#3	33	38	太二二40	太22:40	-	book
加4:24#1	1	4	22節	加4:22	-	bare
加4:24#3	7	12	出十九20	出19:20	-	book
加4:24#3	13	17	二四12	出24:12	-	chapter
加4:24#5	46	50	約一17	約1:17	-	book
加4:24#5	124	128	羅六14	羅6:14	-	book
加4:24#5	141	144	羅五2	羅5:2	-	book
加4:24#5	154	156	五4	加5:4	-	chapter
加4:25#1	12	18	王上十四21	王上14:21	-	book
加4:25#1	19	23	詩四八2	詩48:2	-	book
加4:25#1	24	25	8	詩48:8	-	bare
加4:26#1	19	25	啟二一1～2	啟21:1	-	book
加4:29#1	119	123	三3註2	加3:3	2	chapter
加4:29#1	124	129	五19註1	加5:19	1	chapter
加4:29#1	130	134	22註1	加5:22	1	bare
加4:29#2	11	15	創二一9	創21:9	-	book
加4:29#3	9	11	28	加4:28	-	bare
加4:29#3	46	49	三14	加3:14	-	chapter
詩73:1#2	19	24	太五8註1	太5:8	1	book
詩73:2#1	0	5	2～16節	詩73:2	-	bare
詩73:2#1	29	33	一3～4	詩1:3	-	chapter
詩73:2#1	67	72	13～14	詩73:13	-	bare
詩73:2#1	89	91	12	詩73:12	-	bare
詩73:2#1	105	107	16	詩73:16	-	bare
詩73:2#1	115	119	一3註1	詩1:3	1	chapter
詩73:13#1	43	45	14	詩73:14	-	bare
詩73:13#1	96	99	傳一2	傳1:2	-	book
詩73:13#1	135	137	17	詩73:17	-	bare
詩73:13#1	138	143	25～26	詩73:25	-	bare
詩73:13#1	145	149	25註1	詩73:25	1	bare
詩73:13#1	150	154	26註1	詩73:26	1	bare
詩73:17#1	45	49	弗二22	弗2:22	-	book
詩73:17#1	64	69	提前三15	提前3:15	-	book
詩73:17#1	143	148	18～20	詩73:18	-	bare
詩73:25#1	77	80	腓三8	腓3:8	-	book
詩73:26#1	90	97	伯一6～二10	伯1:6	-	book
詩73:26#1	104	109	腓三7～8	腓3:7	-	book
詩73:26#1	201	207	伯二13註1	伯2:13	1	book
詩74:1#1	59	64	1～11節	詩74:1	-	bare
詩74:1#1	82	83	3	詩74:3	-	bare
詩74:1#1	108	111	7～8	詩74:7	-	bare
詩74:1#1	126	132	代下三六19	代下36:19	-	book
詩74:1#1	171	175	耶二13	耶2:13	-	book
詩74:1#1	177	181	西一18	西1:18	-	book
詩74:1#1	182	188	啟二4與註2	啟2:4	2	book
詩74:1#1	223	229	八十17註1	詩80:17	1	chapter
詩74:2#1	0	4	1～2節	詩74:1	-	bare
詩74:12#1	0	6	12～23節	詩74:12	-	bare
詩74:12#1	16	21	13～17	詩74:13	-	bare
詩74:12#1	35	37	20	詩74:20	-	bare
詩74:12#1	51	54	22上	詩74:22	-	bare
詩75:1#1	51	52	7	詩75:7	-	bare
詩75:1#1	76	80	約五22	約5:22	-	book
詩75:1#1	113	117	徒十42	徒10:42	-	book
詩75:1#1	153	160	賽二六13註1	賽26:13	1	book
詩75:2#1	21	26	徒十七31	徒17:31	-	book
詩75:6#1	42	50	賽十四13～14	賽14:13	-	book
詩75:6#1	51	54	結一4	結1:4	-	book
詩75:6#1	55	59	詩四八2	詩48:2	-	book
詩75:6#1	77	80	1註1	詩75:1	1	bare
詩75:6#1	119	123	西一18	西1:18	-	book
詩76:1#1	14	18	1～5節	詩76:1	-	bare
詩76:1#1	39	44	6～12節	詩76:6	-	bare
詩76:2#1	1	8	創十四18註1	創14:18	1	book
詩76:2#2	1	6	四八2註1	詩48:2	1	chapter
詩76:3#1	7	8	2	詩76:2	-	bare
詩76:3#1	38	45	羅十六20註1	羅16:20	1	book
詩77:7#1	28	31	1～9	詩77:1	-	bare
詩77:7#1	49	53	申三一6	申31:6	-	book
詩77:7#1	54	57	書一5	書1:5	-	book
詩77:7#1	58	62	來十三5	來13:5	-	book
詩77:7#1	96	104	羅十一24～25	羅11:24	-	book
詩77:10#1	1	4	10節	詩77:10	-	bare
詩77:10#1	6	9	20節	詩77:20	-	bare
詩77:10#1	92	98	八十17註1	詩80:17	1	chapter
詩77:13#1	29	31	19	詩77:19	-	bare
詩77:13#1	62	66	弗二22	弗2:22	-	book
詩77:13#1	67	72	提前三15	提前3:15	-	book
詩77:13#1	103	109	七三17註1	詩73:17	1	chapter
加5:2#1	20	24	二3～5	加2:3	-	chapter
加5:2#1	25	29	徒十五1	徒15:1	-	book
加5:2#1	32	36	二3註2	加2:3	2	chapter
加5:5#1	9	11	三3	加3:3	-	chapter
加5:5#2	10	12	三2	加3:2	-	chapter
加5:5#3	16	21	林前一30	林前1:30	-	book
加5:6#3	25	27	14	加5:14	-	bare
加5:6#3	69	71	三2	加3:2	-	chapter
加5:9#1	16	21	太十六12	太16:12	-	book
加5:11#1	24	31	西二11～12	西2:11	-	book
加5:13#1	47	49	14	加5:14	-	bare
加5:13#2	1	5	三3註2	加3:3	2	chapter
加5:16#1	87	91	三3註2	加3:3	2	chapter
加5:16#1	111	114	創六3	創6:3	-	book
加5:16#1	134	138	約七39	約7:39	-	book
加5:16#2	41	44	羅六4	羅6:4	-	book
加5:16#2	45	47	八4	羅8:4	-	chapter
加5:16#2	48	55	腓三17～18	腓3:17	-	book
加5:17#1	9	13	三3註2	加3:3	2	chapter
加5:17#1	14	19	五19註1	加5:19	1	chapter
加5:17#1	20	24	22註1	加5:22	1	bare
加5:17#2	1	5	16註1	加5:16	1	bare
加5:17#3	1	7	羅七23註2	羅7:23	2	book
加5:18#1	12	15	羅七5	羅7:5	-	book
加5:18#1	30	32	17	加5:17	-	bare
加5:18#1	76	78	16	加5:16	-	bare
加5:19#1	28	34	19～21節	加5:19	-	bare
加5:20#4	3	7	彼後二1	彼後2:1	-	book
加5:21#2	47	52	弗五5註3	弗5:5	3	book
加5:21#2	53	60	來十二28註1	來12:28	1	book
加5:22#1	16	18	19	加5:19	-	bare
加5:22#1	87	90	弗四2	弗4:2	-	book
加5:22#1	91	94	腓二3	腓2:3	-	book
加5:22#1	100	103	腓二1	腓2:1	-	book
加5:22#1	109	113	彼後一6	彼後1:6	-	book
加5:22#1	119	124	羅十四17	羅14:17	-	book
加5:22#1	125	128	弗五9	弗5:9	-	book
加5:22#1	134	137	弗一4	弗1:4	-	book
加5:22#1	138	142	西一22	西1:22	-	book
加5:22#1	148	151	太五8	太5:8	-	book
加5:22#1	160	163	弗四2	弗4:2	-	book
加5:22#1	164	168	西三12	西3:12	-	book
加5:22#1	190	195	羅十四17	羅14:17	-	book
加5:22#1	232	238	彼後一5～7	彼後1:5	-	book
加5:22#1	274	279	太五5～9	太5:5	-	book
詩78:1#1	16	21	1～58節	詩78:1	-	bare
詩78:1#1	35	41	59～64節	詩78:59	-	bare
詩78:1#1	52	58	65～72節	詩78:65	-	bare
詩78:71#1	5	7	70	詩78:70	-	bare
詩78:71#1	21	24	太二6	太2:6	-	book
詩78:71#1	25	29	約十11	約10:11	-	book
詩78:71#1	30	35	來十三20	來13:20	-	book
詩78:71#1	36	41	彼前二25	彼前2:25	-	book
詩78:71#1	42	44	五4	彼前5:4	-	chapter
詩78:71#1	47	52	二三1註2	詩23:1	2	chapter
詩80:8#1	1	6	8～13節	詩80:8	-	bare
詩80:14#1	1	7	14～19節	詩80:14	-	bare
詩80:14#1	24	26	17	詩80:17	-	bare
詩80:15#1	9	12	17節	詩80:17	-	bare
詩80:15#1	23	27	何十一1	何11:1	-	book
詩80:15#1	28	32	太二15	太2:15	-	book
詩80:17#1	15	20	可十六19	可16:19	-	book
詩80:17#1	21	25	徒二33	徒2:33	-	book
詩80:17#1	26	29	五31	徒5:31	-	chapter
詩80:17#1	76	82	腓二9～11	腓2:9	-	book
詩80:17#1	163	165	19	詩80:19	-	bare
詩80:17#1	171	173	18	詩80:18	-	bare
詩80:17#1	184	189	七四1註1	詩74:1	1	chapter
詩80:18#1	11	15	羅八34	羅8:34	-	book
詩80:18#1	16	19	西三1	西3:1	-	book
詩80:18#1	20	25	彼前三22	彼前3:22	-	book
詩80:18#1	46	50	徒二33	徒2:33	-	book
詩80:18#1	51	53	21	徒2:21	-	bare
詩80:18#1	54	61	羅十12～13	羅10:12	-	book
詩81:1#1	40	43	八二8	詩82:8	-	chapter
詩81:1#1	79	82	八三3	詩83:3	-	chapter
詩81:1#1	83	85	12	詩83:12	-	bare
詩81:4#1	25	28	腓四4	腓4:4	-	book
加5:24#1	0	3	22節	加5:22	-	bare
加5:24#1	18	21	19節	加5:19	-	bare
加5:24#1	49	52	19節	加5:19	-	bare
加5:24#2	1	4	羅六6	羅6:6	-	book
加5:24#2	13	18	本書二20	加2:20	-	anaphor
加5:24#2	223	228	羅八13下	羅8:13	-	book
加5:24#2	229	232	西三5	西3:5	-	book
加5:24#2	263	266	羅六6	羅6:6	-	book
加5:24#2	267	271	加二20	加2:20	-	book
加5:24#2	290	292	24	加5:24	-	bare
加5:24#2	315	320	太十六24	太16:24	-	book
加5:24#2	321	325	路九23	路9:23	-	book
加5:24#3	21	24	二16	加2:16	-	chapter
加5:24#3	41	43	17	加5:17	-	bare
加5:24#3	64	67	二20	加2:20	-	chapter
加5:25#1	36	39	16節	加5:16	-	bare
加5:25#2	57	60	六16	加6:16	-	chapter
加5:25#2	61	66	徒二一24	徒21:24	-	book
加5:25#2	67	71	羅四12	羅4:12	-	book
加5:25#2	74	81	腓三16與註4	腓3:16	4	book
加5:25#2	85	90	本章16節	加5:16	-	anaphor
加5:25#2	170	176	六16與註1	加6:16	1	chapter
加5:25#2	190	194	腓三12	腓3:12	-	book
加5:25#2	208	214	羅十二1～5	羅12:1	-	book
加5:25#2	215	221	弗四1～16	弗4:1	-	book
加5:26#1	2	5	25節	加5:25	-	bare
加5:26#1	34	36	24	加5:24	-	bare
加6:1#1	18	21	五25	加5:25	-	chapter
加6:1#3	28	31	五16	加5:16	-	chapter
加6:1#3	32	34	25	加5:25	-	bare
加6:2#1	18	21	羅八2	羅8:2	-	book
加6:2#1	22	27	約十三34	約13:34	-	book
加6:2#1	59	62	五22	加5:22	-	chapter
加6:8#2	1	5	三3註2	加3:3	2	chapter
加6:8#2	6	11	五19註1	加5:19	1	chapter
加6:8#2	12	16	22註1	加5:22	1	bare
加6:10#1	15	21	林後九6～9	林後9:6	-	book
加6:10#2	4	9	一23註3	加1:23	3	chapter
加6:10#2	29	32	四28	加4:28	-	chapter
加6:10#2	55	58	三26	加3:26	-	chapter
加6:10#2	111	118	西三10～11	西3:10	-	book
加6:10#2	173	176	三28	加3:28	-	chapter
詩82:1#1	25	27	6節	詩82:6	-	bare
詩82:8#1	33	37	約五22	約5:22	-	book
詩82:8#1	38	43	徒十七31	徒17:31	-	book
詩82:8#1	57	62	七五1註1	詩75:1	1	chapter
詩82:8#1	63	67	二6註1	詩2:6	1	chapter
詩83:3#1	56	60	2～12	詩83:2	-	bare
詩83:3#2	32	36	約壹三1	約壹3:1	-	book
詩83:3#2	61	66	西三3～4	西3:3	-	book
詩83:13#1	1	2	1	詩83:1	-	bare
詩83:13#1	3	9	13～18節	詩83:13	-	bare
詩83:13#1	66	71	賽二2～3	賽2:2	-	book
詩83:13#1	72	79	亞八20～22	亞8:20	-	book
詩84:1#1	13	16	4註1	詩84:4	1	bare
詩84:1#2	125	126	4	詩84:4	-	bare
詩84:1#2	127	129	10	詩84:10	-	bare
詩84:1#2	135	141	出四十2～8	出40:2	-	book
詩84:1#2	145	151	王上六1～3	王上6:1	-	book
詩84:1#2	152	157	八3～11	王上8:3	-	chapter
詩84:1#2	175	178	西二9	西2:9	-	book
詩84:1#2	215	219	約一14	約1:14	-	book
詩84:1#2	220	223	二21	約2:21	-	chapter
詩84:1#2	254	260	啟二一2～3	啟21:2	-	book
詩84:1#2	261	263	22	啟21:22	-	bare
詩84:1#2	342	345	3註1	詩84:3	1	bare
詩84:1#2	346	351	來九4註1	來9:4	1	book
詩84:3#1	192	197	來九4註1	來9:4	1	book
詩84:3#1	250	254	來十19	來10:19	-	book
詩84:3#1	318	324	林前十二12	林前12:12	-	book
詩84:3#1	340	347	出十六33註1	出16:33	1	book
詩84:3#1	348	355	耶三一33註1	耶31:33	1	book
詩84:3#3	223	230	約十四1～23	約14:1	-	book
詩84:3#3	270	274	啟二一3	啟21:3	-	book
詩84:3#3	275	277	22	啟21:22	-	bare
詩84:4#1	13	18	提前三15	提前3:15	-	book
詩84:4#1	23	24	1	詩84:1	-	bare
詩84:4#1	39	43	啟一11	啟1:11	-	book
詩84:5#1	48	51	3註1	詩84:3	1	bare
詩84:5#1	52	57	來九4註3	來9:4	3	book
詩84:6#1	27	28	5	詩84:5	-	bare
詩84:6#1	100	106	七三26註1	詩73:26	1	chapter
詩84:6#1	107	112	伯三1註1	伯3:1	1	book
詩84:6#2	22	26	西一24	西1:24	-	book
詩84:6#2	27	31	來十34	來10:34	-	book
詩84:6#2	42	46	約四14	約4:14	-	book
詩84:6#2	47	53	七38～39	約7:38	-	chapter
詩84:6#3	40	44	加三14	加3:14	-	book
詩84:7#1	29	34	來十二22	來12:22	-	book
詩84:7#1	37	43	創二二2註2	創22:2	2	book
詩84:7#1	44	50	詩四八2註1	詩48:2	1	book
詩84:11#1	41	44	約一4	約1:4	-	book
詩84:11#1	45	48	八12	約8:12	-	chapter
詩84:11#1	65	72	弗六11～17	弗6:11	-	book
詩84:11#1	84	88	約一14	約1:14	-	book
詩84:11#1	89	91	17	約1:17	-	bare
詩84:11#1	106	111	啟二一11	啟21:11	-	book
詩84:11#1	112	114	23	啟21:23	-	bare
詩84:11#2	31	37	十八20註1	詩18:20	1	chapter
詩84:11#2	38	43	七三2註1	詩73:2	1	chapter
詩86:1#1	84	89	八五1註1	詩85:1	1	chapter
詩87:1#1	31	36	林前三11	林前3:11	-	book
詩87:1#1	96	101	四八2註1	詩48:2	1	chapter
詩87:2#1	57	62	來十二22	來12:22	-	book
詩87:2#1	81	85	啟十四1	啟14:1	-	book
詩87:2#1	88	93	四八2註1	詩48:2	1	chapter
詩87:2#2	24	29	啟二一12	啟21:12	-	book
詩87:2#2	30	32	21	啟21:21	-	bare
詩87:5#1	0	2	6節	詩87:6	-	bare
詩87:5#1	11	14	6註1	詩87:6	1	bare
詩87:5#1	49	53	太一20	太1:20	-	book
詩87:5#1	54	61	加四26～31	加4:26	-	book
詩87:5#1	62	71	來十二22～23上	來12:22	-	book
詩87:5#1	87	88	6	詩87:6	-	bare
詩87:6#1	19	20	5	詩87:5	-	bare
詩87:6#1	37	41	西三11	西3:11	-	book
加6:11#1	14	20	四13～15	加4:13	-	chapter
加6:11#1	21	25	15註2	加4:15	2	bare
加6:12#2	82	84	13	加6:13	-	bare
加6:15#1	14	18	弗四22	弗4:22	-	book
加6:15#1	56	60	弗四24	弗4:24	-	book
加6:15#1	74	77	約三6	約3:6	-	book
加6:15#1	95	99	約三36	約3:36	-	book
加6:15#1	100	104	彼後一4	彼後1:4	-	book
加6:15#1	117	124	西三10～11	西3:10	-	book
加6:15#1	189	192	三26	加3:26	-	chapter
加6:15#1	193	195	四5	加4:5	-	chapter
加6:15#1	196	197	7	加4:7	-	bare
加6:15#1	308	311	五16	加5:16	-	chapter
加6:15#1	312	314	25	加5:25	-	bare
加6:15#1	463	466	三21	加3:21	-	chapter
加6:15#1	486	488	五6	加5:6	-	chapter
加6:15#1	512	515	一16	加1:16	-	chapter
加6:15#1	546	549	二20	加2:20	-	chapter
加6:15#1	581	587	二19～20	加2:19	-	chapter
加6:15#1	608	610	14	加6:14	-	bare
加6:15#1	663	664	8	加6:8	-	bare
加6:16#1	61	64	五25	加5:25	-	chapter
加6:16#2	1	6	五25註2	加5:25	2	chapter
加6:16#3	16	18	一3	加1:3	-	chapter
加6:16#3	40	42	18	加6:18	-	bare
加6:16#4	8	12	羅九6下	羅9:6	-	book
加6:16#4	13	19	二28～29	羅2:28	-	chapter
加6:16#4	20	23	腓三3	腓3:3	-	book
加6:16#4	55	57	三7	加3:7	-	chapter
加6:16#4	58	60	29	加3:29	-	bare
加6:16#4	71	73	10	加6:10	-	bare
加6:16#4	127	135	創三二27～28	創32:27	-	book
加6:17#1	34	37	羅一1	羅1:1	-	book
加6:17#1	72	81	林後十一23～27	林後11:23	-	book
加6:17#1	130	135	約十二24	約12:24	-	book
加6:17#1	144	148	約六38	約6:38	-	book
加6:17#1	168	172	約七18	約7:18	-	book
加6:17#1	190	193	腓二8	腓2:8	-	book
加6:18#1	13	16	一11	加1:11	-	chapter
加6:18#1	17	20	三15	加3:15	-	chapter
加6:18#1	21	24	四12	加4:12	-	chapter
加6:18#1	25	27	28	加4:28	-	bare
加6:18#1	28	30	31	加4:31	-	bare
加6:18#1	31	34	五11	加5:11	-	chapter
加6:18#1	35	37	13	加5:13	-	bare
加6:18#1	38	40	六1	加6:1	-	chapter
加6:18#1	61	63	三1	加3:1	-	chapter
加6:18#1	126	128	10	加6:10	-	bare
加6:18#3	87	91	腓一19	腓1:19	-	book
詩88:1#1	22	27	八五1註1	詩85:1	1	chapter
詩89:1#1	6	9	3～4	詩89:3	-	bare
詩89:1#1	10	15	19～29	詩89:19	-	bare
詩89:1#1	16	22	34～37節	詩89:34	-	bare
詩89:1#1	44	50	19～20節	詩89:19	-	bare
詩89:1#1	67	70	八七6	詩87:6	-	chapter
詩89:1#1	93	97	徒二27	徒2:27	-	book
詩89:1#1	98	101	賽九6	賽9:6	-	book
詩89:1#1	102	106	太一16	太1:16	-	book
詩89:1#1	121	123	26	詩89:26	-	bare
詩89:1#1	124	129	約二十17	約20:17	-	book
詩89:1#1	148	150	27	詩89:27	-	bare
詩89:1#1	151	155	羅八29	羅8:29	-	book
詩89:1#1	156	160	啟一5上	啟1:5	-	book
詩89:1#1	188	193	36～37	詩89:36	-	bare
詩89:1#1	194	197	七二5	詩72:5	-	chapter
詩89:1#1	224	226	29	詩89:29	-	bare
詩89:1#1	267	269	25	詩89:25	-	bare
詩89:1#1	271	276	啟十1～2	啟10:1	-	book
詩89:1#1	350	352	二8	詩2:8	-	chapter
詩89:1#1	373	376	七二8	詩72:8	-	chapter
詩89:1#1	377	379	11	詩72:11	-	bare
詩89:1#1	380	382	19	詩72:19	-	bare
詩89:1#1	383	387	八九25	詩89:25	-	chapter
詩89:1#1	388	390	27	詩89:27	-	bare
詩89:14#1	73	79	啟二一18下	啟21:18	-	book
詩89:14#1	80	83	二二1	啟22:1	-	chapter
詩89:14#1	86	92	賽三二1註2	賽32:1	2	book
詩89:20#1	15	19	耶三十9	耶30:9	-	book
詩89:20#1	20	25	結三四23	結34:23	-	book
詩89:20#1	26	29	何三5	何3:5	-	book
詩89:20#1	30	34	摩九11	摩9:11	-	book
詩90:1#1	27	30	三六8	詩36:8	-	chapter
詩90:1#1	64	71	約六48～58	約6:48	-	book
詩90:1#1	72	74	63	約6:63	-	bare
詩90:1#1	75	78	七37	約7:37	-	chapter
詩90:1#1	79	85	林前十3～4	林前10:3	-	book
詩90:1#1	86	90	十二13	林前12:13	-	chapter
詩90:1#1	130	131	1	詩90:1	-	bare
詩90:1#1	132	135	九一9	詩91:9	-	chapter
詩90:1#1	136	141	申三三27	申33:27	-	book
詩90:1#1	143	147	約十五4	約15:4	-	book
詩90:1#1	148	156	約壹四15～16	約壹4:15	-	book
詩90:1#1	157	162	啟二一22	啟21:22	-	book
詩90:1#1	180	183	西二6	西2:6	-	book
詩90:1#1	184	186	三3	西3:3	-	chapter
詩90:1#1	187	192	約壹四16	約壹4:16	-	book
詩90:1#1	335	340	九三1註1	詩93:1	1	chapter
詩90:10#1	39	43	3～11	詩90:3	-	bare
詩90:10#1	80	81	8	詩90:8	-	bare
詩90:10#1	82	87	約十六33	約16:33	-	book
詩91:1#1	30	33	9註1	詩91:9	1	bare
詩91:1#1	79	82	1～9	詩91:1	-	bare
詩91:1#2	19	25	創十七1註2	創17:1	2	book
詩91:9#1	0	5	9～13節	詩91:9	-	bare
詩91:9#1	17	20	太四6	太4:6	-	book
詩91:9#1	31	37	11～12節	詩91:11	-	bare
詩91:9#1	80	83	九十1	詩90:1	-	chapter
詩91:9#1	234	238	約十五4	約15:4	-	book
詩91:11#1	22	26	太四11	太4:11	-	book
詩91:11#1	27	34	徒十二7～10	徒12:7	-	book
詩91:11#1	35	42	來一13～14	來1:13	-	book
詩91:11#1	56	58	13	詩91:13	-	bare
詩91:13#1	17	21	彼前五8	彼前5:8	-	book
詩91:13#1	33	37	啟十二9	啟12:9	-	book
詩91:14#1	0	6	14～16節	詩91:14	-	bare
詩91:14#1	18	21	9註1	詩91:9	1	bare
詩91:14#1	43	48	約十四31	約14:31	-	book
詩91:14#1	72	78	腓二9～11	腓2:9	-	book
詩91:14#1	100	102	16	詩91:16	-	bare
詩91:14#1	103	108	啟一18上	啟1:18	-	book
弗1:1#1	44	46	23	弗1:23	-	bare
弗1:1#1	47	50	四13	弗4:13	-	chapter
弗1:1#1	63	66	二15	弗2:15	-	chapter
弗1:1#1	92	95	二19	弗2:19	-	chapter
弗1:1#1	124	127	二19	弗2:19	-	chapter
弗1:1#1	158	164	二21～22	弗2:21	-	chapter
弗1:1#1	207	213	五24～25	弗5:24	-	chapter
弗1:1#1	239	245	六11～12	弗6:11	-	chapter
弗1:1#2	71	74	二20	弗2:20	-	chapter
弗1:1#5	8	11	四13	弗4:13	-	chapter
弗1:1#5	12	16	提後四7	提後4:7	-	book
弗1:1#5	17	19	猶3	猶1:3	-	book
弗1:2#1	12	16	約一17	約1:17	-	book
弗1:2#1	17	23	林前十五10	林前15:10	-	book
弗1:3#1	38	42	徒二36	徒2:36	-	book
弗1:3#1	54	58	提前二5	提前2:5	-	book
弗1:3#1	74	79	約二十31	約20:31	-	book
弗1:3#3	38	41	3～6	弗1:3	-	bare
弗1:3#3	62	66	7～12	弗1:7	-	bare
弗1:3#3	89	94	13～14	弗1:13	-	bare
弗1:3#8	51	56	4～14節	弗1:4	-	bare
弗1:4#2	5	10	4～14節	弗1:4	-	bare
弗1:4#3	8	10	5節	弗1:5	-	bare
弗1:4#6	152	156	彼後一4	彼後1:4	-	book
弗1:4#7	111	117	五26～27	弗5:26	-	chapter
弗1:5#4	217	221	羅八29	羅8:29	-	book
弗1:5#4	222	226	西一15	西1:15	-	book
弗1:5#4	240	244	羅八23	羅8:23	-	book
弗1:6#1	23	24	5	弗1:5	-	bare
弗1:6#1	97	101	羅八19	羅8:19	-	book
弗1:6#2	11	16	出四十34	出40:34	-	book
弗1:6#3	18	22	太三17	太3:17	-	book
弗1:6#3	23	26	十七5	太17:5	-	chapter
詩92:1#1	70	73	1～9	詩92:1	-	bare
詩92:1#1	122	127	四五4註4	詩45:4	4	chapter
詩92:10#1	65	72	弗六10～13	弗6:10	-	book
詩92:10#2	8	11	利二4	利2:4	-	book
詩92:10#2	17	22	利二4註2	利2:4	2	book
詩92:10#2	59	67	出三十23～25	出30:23	-	book
詩92:10#2	68	72	25註2	出30:25	2	bare
詩92:12#1	76	81	12～14	詩92:12	-	bare
詩93:1#1	127	129	二8	詩2:8	-	chapter
詩93:1#1	130	133	啟十2	啟10:2	-	book
詩93:1#1	134	138	十一15	啟11:15	-	chapter
詩93:1#1	141	146	九十1註1	詩90:1	1	chapter
詩94:10#1	26	33	來十二5～11	來12:5	-	book
詩94:15#1	43	49	賽三二1註2	賽32:1	2	book
詩95:3#1	24	27	4～7	詩95:4	-	bare
詩95:8#1	17	20	來三8	來3:8	-	book
詩95:8#2	17	20	來三8	來3:8	-	book
詩95:10#1	1	7	來三10註2	來3:10	2	book
詩95:11#1	13	18	來四9註1	來4:9	1	book
詩96:3#1	0	5	3～13節	詩96:3	-	bare
詩96:3#2	0	1	3	詩96:3	-	bare
詩96:3#2	2	3	5	詩96:5	-	bare
詩96:3#2	4	5	7	詩96:7	-	bare
詩96:3#2	6	8	10	詩96:10	-	bare
詩96:3#2	9	12	13節	詩96:13	-	bare
詩96:3#2	52	60	太二五31～46	太25:31	-	book
詩96:10#1	1	6	九三1註2	詩93:1	2	chapter
詩97:1#1	2	5	1～2	詩97:1	-	bare
詩97:1#1	6	9	4～6	詩97:4	-	bare
詩97:1#1	10	13	8～9	詩97:8	-	bare
詩97:1#1	14	17	11節	詩97:11	-	bare
詩97:2#1	1	7	八九14註1	詩89:14	1	chapter
詩97:7#1	35	38	來一6	來1:6	-	book
詩97:7#1	39	42	詩八5	詩8:5	-	book
弗1:7#2	36	40	來九22	來9:22	-	book
弗1:8#2	12	13	7	弗1:7	-	bare
弗1:8#2	32	34	11	弗1:11	-	bare
弗1:8#2	53	55	14	弗1:14	-	bare
弗1:9#4	24	26	10	弗1:10	-	bare
弗1:10#2	59	65	提前一4註4	提前1:4	4	book
弗1:10#3	9	11	1節	弗1:1	-	bare
弗1:10#3	12	14	3節	弗1:3	-	bare
弗1:10#4	12	14	22	弗1:22	-	bare
弗1:10#4	85	89	3～9節	弗1:3	-	bare
弗1:10#4	99	102	22節	弗1:22	-	bare
弗1:10#4	228	231	約一4	約1:4	-	book
弗1:10#4	232	240	啟二一23～25	啟21:23	-	book
弗1:10#4	272	275	賽二4	賽2:4	-	book
弗1:10#4	276	279	十一6	賽11:6	-	chapter
弗1:10#4	280	284	五五12	賽55:12	-	chapter
弗1:10#4	285	293	詩九六12～13	詩96:12	-	book
弗1:10#4	317	321	徒三21	徒3:21	-	book
弗1:11#3	8	11	5註2	弗1:5	2	bare
弗1:11#4	91	93	18	弗1:18	-	bare
弗1:11#4	115	117	14	弗1:14	-	bare
弗1:13#1	36	38	11	弗1:11	-	bare
弗1:14#1	1	8	徒二十32註4	徒20:32	4	book
弗1:14#3	13	16	13節	弗1:13	-	bare
弗1:14#4	28	33	徒二十28	徒20:28	-	book
弗1:14#5	16	20	羅八23	羅8:23	-	book
弗1:14#5	45	49	腓三21	腓3:21	-	book
弗1:14#5	113	114	4	弗1:4	-	bare
弗1:14#6	22	26	3～14	弗1:3	-	bare
弗1:14#6	34	38	3～6節	弗1:3	-	bare
弗1:14#6	78	83	7～12節	弗1:7	-	bare
弗1:14#6	126	132	13～14節	弗1:13	-	bare
詩99:1#1	1	6	九三1註1	詩93:1	1	chapter
詩101:1#2	61	62	1	詩101:1	-	bare
詩101:1#2	63	64	6	詩101:6	-	bare
詩101:1#2	65	66	8	詩101:8	-	bare
詩102:1#1	74	79	1～11節	詩102:1	-	bare
詩102:1#1	88	94	12～22節	詩102:12	-	bare
詩102:1#1	117	123	23～28節	詩102:23	-	bare
詩102:1#1	151	158	來一10～12	來1:10	-	book
詩102:1#1	160	166	25～27節	詩102:25	-	bare
詩102:7#1	15	18	6～8	詩102:6	-	bare
詩102:7#1	51	55	約二17	約2:17	-	book
詩102:7#1	56	60	詩六九9	詩69:9	-	book
詩102:7#1	100	103	徒十9	徒10:9	-	book
詩102:7#1	141	146	太十四23	太14:23	-	book
詩102:7#1	147	151	路六12	路6:12	-	book
詩102:7#1	255	263	太十六18～19	太16:18	-	book
詩102:7#1	264	269	羅十四17	羅14:17	-	book
詩102:7#1	270	274	弗二19	弗2:19	-	book
詩102:13#1	19	24	23～28	詩102:23	-	bare
詩102:13#1	25	29	25註1	詩102:25	1	bare
詩102:13#1	62	66	加四26	加4:26	-	book
詩102:13#1	67	75	來十二22～23	來12:22	-	book
詩102:13#1	90	92	16	詩102:16	-	bare
詩102:13#1	93	95	21	詩102:21	-	bare
詩102:13#1	115	123	太十六18～19	太16:18	-	book
詩102:13#1	124	128	19註1	太16:19	1	bare
詩102:13#1	131	136	四八2註1	詩48:2	1	chapter
詩102:14#1	20	24	彼前二5	彼前2:5	-	book
詩102:14#1	66	73	申十二5～28	申12:5	-	book
詩102:14#1	74	81	十四23～25	申14:23	-	chapter
詩102:14#1	82	87	約十七11	約17:11	-	book
詩102:14#1	88	93	21～23	約17:21	-	bare
詩102:14#1	94	103	林前一10～13上	林前1:10	-	book
詩102:14#1	104	109	弗四3～6	弗4:3	-	book
詩102:14#1	110	114	啟一11	啟1:11	-	book
詩102:16#1	29	38	林前九24～十11	林前9:24	-	book
詩102:16#1	134	140	提後一1註1	提後1:1	1	book
詩102:16#1	141	147	彼後一3註1	彼後1:3	1	book
詩102:16#1	148	153	啟二4註2	啟2:4	2	book
詩102:16#1	178	184	啟十七1～6	啟17:1	-	book
詩102:16#1	198	203	啟十七16	啟17:16	-	book
詩102:16#1	204	207	十八2	啟18:2	-	chapter
詩102:16#1	219	227	啟二一2～二二5	啟21:2	-	book
詩102:21#1	0	6	21～22節	詩102:21	-	bare
詩102:21#1	65	67	16	詩102:16	-	bare
詩102:21#1	95	100	啟十一15	啟11:15	-	book
詩102:25#1	0	6	25～27節	詩102:25	-	bare
詩102:25#1	9	16	來一10～12	來1:10	-	book
詩102:25#1	47	51	啟一18	啟1:18	-	book
詩102:25#1	52	56	來十三8	來13:8	-	book
詩102:25#1	73	76	6～8	詩102:6	-	bare
詩102:25#1	105	110	約十九34	約19:34	-	book
詩102:25#1	160	165	12～22	詩102:12	-	bare
詩102:25#1	166	171	太十九28	太19:28	-	book
詩102:25#1	172	176	徒三21	徒3:21	-	book
詩102:25#1	195	200	21～22	詩102:21	-	bare
詩102:25#1	201	206	賽二2～3	賽2:2	-	book
詩102:25#1	207	214	亞八20～22	亞8:20	-	book
詩103:7#1	6	12	來三10註2	來3:10	2	book
弗1:17#1	13	16	腓二6	腓2:6	-	book
弗1:17#2	63	67	彼前一3	彼前1:3	-	book
弗1:17#2	85	89	羅八30	羅8:30	-	book
弗1:18#2	62	67	徒二六18	徒26:18	-	book
弗1:18#2	68	72	啟三18	啟3:18	-	book
弗1:18#2	123	128	三17註2	弗3:17	2	chapter
弗1:18#2	172	176	來九14	來9:14	-	book
弗1:18#2	177	180	十22	來10:22	-	chapter
弗1:18#2	197	204	提後一7與註2	提後1:7	2	book
弗1:18#2	212	217	約十四21	約14:21	-	book
弗1:18#2	227	231	約七17	約7:17	-	book
弗1:18#3	6	11	3～14節	弗1:3	-	bare
弗1:18#4	34	38	西一27	西1:27	-	book
弗1:18#4	39	43	彼前一5	彼前1:5	-	book
弗1:18#4	44	45	9	彼前1:9	-	bare
弗1:18#4	84	91	羅八23～25	羅8:23	-	book
弗1:18#4	92	94	30	羅8:30	-	bare
弗1:18#4	95	99	腓三21	腓3:21	-	book
弗1:18#4	121	125	啟五10	啟5:10	-	book
弗1:18#4	126	131	提後四18	提後4:18	-	book
弗1:18#4	170	176	啟二一1～7	啟21:1	-	book
弗1:18#4	177	182	二二1～5	啟22:1	-	chapter
弗1:18#5	13	16	11下	弗1:11	-	bare
弗1:18#5	27	30	14下	弗1:14	-	bare
弗1:18#5	61	64	14上	弗1:14	-	bare
弗1:20#1	69	73	徒二24	徒2:24	-	book
弗1:20#2	39	41	21	弗1:21	-	bare
弗1:21#1	23	26	太八9	太8:9	-	book
弗1:22#2	158	161	20上	弗1:20	-	bare
弗1:22#2	170	173	20下	弗1:20	-	bare
弗1:22#2	185	188	22上	弗1:22	-	bare
弗1:22#2	209	212	22下	弗1:22	-	bare
弗1:22#3	106	108	19	弗1:19	-	bare
弗1:23#3	29	31	三8	弗3:8	-	chapter
弗1:23#3	101	102	4	弗1:4	-	bare
弗1:23#3	120	121	5	弗1:5	-	bare
弗1:23#3	138	143	13～14	弗1:13	-	bare
弗1:23#3	164	166	18	弗1:18	-	bare
弗1:23#3	187	192	19～22	弗1:19	-	bare
詩104:1#1	37	43	一○三1註1	詩103:1	1	chapter
詩104:3#1	10	13	創一7	創1:7	-	book
詩104:35#1	10	16	啟十九1註1	啟19:1	1	book
詩104:35#1	56	61	一○五45	詩105:45	-	chapter
詩104:35#1	62	66	一○六1	詩106:1	-	chapter
詩104:35#1	67	69	48	詩106:48	-	bare
詩104:35#1	97	103	啟十九1～6	啟19:1	-	book
詩104:35#1	104	108	十一15	啟11:15	-	chapter
詩105:8#1	44	50	一○三1註1	詩103:1	1	chapter
詩105:45#1	1	8	一○四35註1	詩104:35	1	chapter
詩106:1#1	1	8	一○四35註1	詩104:35	1	chapter
詩106:1#1	58	64	一○三1註1	詩103:1	1	chapter
弗2:2#2	6	9	六12	弗6:12	-	chapter
弗2:3#2	1	3	2節	弗2:2	-	bare
弗2:5#2	1	6	一10註3	弗1:10	3	chapter
弗2:5#3	137	140	羅八2	羅8:2	-	book
弗2:5#3	158	161	西三4	西3:4	-	book
弗2:8#1	11	12	7	弗2:7	-	bare
弗2:8#3	11	15	來十一1	來11:1	-	book
弗2:8#3	113	119	羅三22註1	羅3:22	1	book
弗2:10#1	130	133	一23	弗1:23	-	chapter
弗2:10#1	145	147	15	弗2:15	-	bare
弗2:10#3	57	62	林後五17	林後5:17	-	book
詩107:2#1	47	51	加三13	加3:13	-	book
詩107:2#1	52	60	彼前一18～19	彼前1:18	-	book
詩107:2#1	72	76	路二38	路2:38	-	book
詩107:2#1	77	82	林前一30	林前1:30	-	book
詩107:3#1	6	9	啟五9	啟5:9	-	book
詩107:4#1	14	17	4～9	詩107:4	-	bare
詩107:4#1	32	37	10～16	詩107:10	-	bare
詩107:4#1	39	44	徒二六18	徒26:18	-	book
詩107:4#1	61	66	17～22	詩107:17	-	bare
詩107:4#1	68	71	太九2	太9:2	-	book
詩107:4#1	79	84	23～32	詩107:23	-	bare
詩107:4#1	93	98	34～43	詩107:34	-	bare
詩107:4#1	187	191	羅八34	羅8:34	-	book
詩107:4#1	192	196	來七25	來7:25	-	book
詩107:26#1	1	7	23～24節	詩107:23	-	bare
詩108:6#1	0	5	6～13節	詩108:6	-	bare
詩108:6#1	7	13	六十5～12	詩60:5	-	chapter
詩109:1#1	55	60	來五7～8	來5:7	-	book
詩109:1#1	61	65	彼前四1	彼前4:1	-	book
詩109:1#1	76	80	徒一20	徒1:20	-	book
詩109:1#1	82	84	8節	詩109:8	-	bare
詩109:1#1	115	118	來五7	來5:7	-	book
弗2:14#4	9	12	15節	弗2:15	-	bare
弗2:15#1	8	11	創六3	創6:3	-	book
弗2:15#1	112	116	來十20	來10:20	-	book
弗2:15#2	58	62	西二14	西2:14	-	book
弗2:15#8	31	34	一23	弗1:23	-	chapter
弗2:15#8	52	54	19	弗2:19	-	bare
弗2:15#8	55	60	21～22	弗2:21	-	bare
弗2:15#8	134	138	創一26	創1:26	-	book
弗2:16#2	3	5	14	弗2:14	-	bare
弗2:16#2	6	9	15節	弗2:15	-	bare
弗2:16#5	10	13	一23	弗1:23	-	chapter
弗2:16#6	14	16	12	弗2:12	-	bare
弗2:18#2	22	24	16	弗2:16	-	bare
弗2:18#3	22	26	來十19	來10:19	-	book
詩110:1#1	22	23	2	詩110:2	-	bare
詩110:1#1	29	30	4	詩110:4	-	bare
詩110:1#1	35	36	3	詩110:3	-	bare
詩110:1#1	43	46	5～7	詩110:5	-	bare
詩110:1#1	69	74	太二二44	太22:44	-	book
詩110:1#1	75	80	可十二36	可12:36	-	book
詩110:1#1	81	89	路二十42～43	路20:42	-	book
詩110:1#1	90	97	徒二34～35	徒2:34	-	book
詩110:1#1	98	102	來一13	來1:13	-	book
詩110:1#1	123	128	可十六19	可16:19	-	book
詩110:1#1	129	133	徒二33	徒2:33	-	book
詩110:1#1	134	138	羅八34	羅8:34	-	book
詩110:1#2	1	7	弗一20註4	弗1:20	4	book
詩110:1#2	67	72	約十六28	約16:28	-	book
詩110:1#2	75	82	賽二二23註1	賽22:23	1	book
詩110:1#2	143	147	徒二36	徒2:36	-	book
詩110:1#2	148	151	五31	徒5:31	-	chapter
詩110:1#2	152	155	十36	徒10:36	-	chapter
詩110:1#3	1	7	來一13註1	來1:13	1	book
詩110:2#1	24	29	來十二22	來12:22	-	book
詩110:2#1	30	34	啟十四1	啟14:1	-	book
詩110:2#1	79	81	二6	詩2:6	-	chapter
詩110:2#1	82	85	8～9	詩2:8	-	bare
詩110:2#1	86	91	啟十九15	啟19:15	-	book
詩110:4#2	1	8	創十四18註2	創14:18	2	book
詩110:4#3	1	8	創十四18註3	創14:18	3	book
詩110:4#4	16	19	1～2	詩110:1	-	bare
詩110:4#4	29	33	來二17	來2:17	-	book
詩110:4#4	34	37	四14	來4:14	-	chapter
詩110:4#4	38	41	六20	來6:20	-	chapter
詩110:4#4	42	44	八1	來8:1	-	chapter
詩110:4#4	45	48	九11	來9:11	-	chapter
詩110:4#4	126	133	來七25～26	來7:25	-	book
詩110:4#4	134	137	九24	來9:24	-	chapter
詩110:4#4	138	142	羅八34	羅8:34	-	book
詩110:4#4	143	150	啟一12～13	啟1:12	-	book
詩110:5#1	16	17	1	詩110:1	-	bare
詩110:5#1	57	58	6	詩110:6	-	bare
詩110:5#1	59	61	二9	詩2:9	-	chapter
詩110:5#1	62	64	12	詩2:12	-	bare
詩110:5#1	65	72	但二34～35	但2:34	-	book
詩110:5#1	73	75	44	但2:44	-	bare
詩110:5#1	76	83	珥三11～12	珥3:11	-	book
詩110:5#1	84	89	啟十七14	啟17:14	-	book
詩110:5#1	90	97	十九11～21	啟19:11	-	chapter
詩110:7#1	33	36	3註3	詩110:3	3	bare
詩110:7#1	38	44	但二34註1	但2:34	1	book
詩111:1#1	1	8	一○四35註1	詩104:35	1	chapter
詩111:1#1	48	53	一一八22	詩118:22	-	chapter
詩112:1#1	1	8	一○四35註1	詩104:35	1	chapter
詩112:1#1	25	28	1～2	詩112:1	-	bare
詩112:1#1	46	49	4～5	詩112:4	-	bare
詩112:1#1	50	51	9	詩112:9	-	bare
詩112:1#1	53	60	林後九6～11	林後9:6	-	book
詩113:1#1	1	8	一○四35註1	詩104:35	1	chapter
詩113:1#1	26	29	4～5	詩113:4	-	bare
詩113:1#1	40	41	6	詩113:6	-	bare
詩113:1#1	53	56	7～9	詩113:7	-	bare
詩113:1#1	91	97	腓二5～11	腓2:5	-	book
詩115:8#1	1	8	林前十二3註1	林前12:3	1	book
詩115:18#1	1	8	一○四35註1	詩104:35	1	chapter
弗2:20#2	11	16	林前三11	林前3:11	-	book
弗2:20#2	34	38	三4～5	弗3:4	-	chapter
弗2:20#2	63	68	太十六18	太16:18	-	book
弗2:20#3	21	26	賽二八16	賽28:16	-	book
弗2:20#3	120	124	徒四11	徒4:11	-	book
弗2:20#3	125	129	彼前二7	彼前2:7	-	book
弗2:21#4	7	11	彼前二5	彼前2:5	-	book
弗2:22#2	6	9	21節	弗2:21	-	bare
弗2:22#3	64	67	21節	弗2:21	-	bare
弗2:22#3	117	122	林前六17	林前6:17	-	book
弗2:22#4	6	9	21節	弗2:21	-	bare
弗3:1#1	120	121	2	弗3:2	-	bare
弗3:1#1	129	130	2	弗3:2	-	bare
弗3:1#1	138	139	3	弗3:3	-	bare
弗3:1#1	140	141	5	弗3:5	-	bare
弗3:2#1	0	5	2～21節	弗3:2	-	bare
弗3:2#1	13	15	四1	弗4:1	-	chapter
弗3:2#1	18	20	三1	弗3:1	-	chapter
弗3:2#2	20	21	8	弗3:8	-	bare
弗3:2#3	3	5	9節	弗3:9	-	bare
弗3:2#3	6	9	一10	弗1:10	-	chapter
弗3:2#3	48	53	林前九17	林前9:17	-	book
弗3:4#1	1	4	西二2	西2:2	-	book
弗3:6#3	91	95	創三15	創3:15	-	book
弗3:6#3	96	99	十二3	創12:3	-	chapter
弗3:6#3	100	104	二二18	創22:18	-	chapter
弗3:6#3	105	109	二八14	創28:14	-	chapter
弗3:6#3	110	113	賽九6	賽9:6	-	book
弗3:7#3	11	15	腓三10	腓3:10	-	book
弗3:7#3	32	35	一19	弗1:19	-	chapter
弗3:7#3	36	39	三20	弗3:20	-	chapter
弗3:8#1	38	43	林前十五9	林前15:9	-	book
弗3:8#1	67	72	林後十一5	林後11:5	-	book
弗3:8#1	73	77	十二11	林後12:11	-	chapter
詩116:10#1	14	19	林後四13	林後4:13	-	book
詩116:13#1	48	49	2	詩116:2	-	bare
詩116:13#1	50	51	4	詩116:4	-	bare
詩116:13#1	52	54	13	詩116:13	-	bare
詩116:13#1	55	57	17	詩116:17	-	bare
詩116:13#1	58	62	創四26	創4:26	-	book
詩116:13#1	63	69	賽十二2～4	賽12:2	-	book
詩116:13#1	70	74	徒二21	徒2:21	-	book
詩116:13#1	75	82	羅十12～13	羅10:12	-	book
詩117:2#1	1	8	一○四35註1	詩104:35	1	chapter
詩118:1#1	31	35	1～21	詩118:1	-	bare
詩118:1#1	36	41	27～29	詩118:27	-	bare
詩118:1#1	57	62	22～26	詩118:22	-	bare
詩118:14#1	1	7	賽十二2註1	賽12:2	1	book
詩118:22#1	1	8	太二一42註1	太21:42	1	book
詩118:22#1	9	15	徒四11註1	徒4:11	1	book
詩118:22#1	19	25	彼前二7註2	彼前2:7	2	book
詩118:22#2	8	15	太二一42註2	太21:42	2	book
詩118:22#2	16	22	弗二20註3	弗2:20	3	book
詩118:22#2	23	29	彼前二4註2	彼前2:4	2	book
詩118:22#2	30	33	7註1	彼前2:7	1	bare
詩118:22#2	83	90	徒四11～12	徒4:11	-	book
詩118:22#2	112	120	太十六16～18	太16:16	-	book
詩118:22#2	121	125	約一42	約1:42	-	book
詩118:22#2	126	132	彼前二2～6	彼前2:2	-	book
詩118:22#2	148	153	羅十二2上	羅12:2	-	book
詩118:22#2	154	159	林後三18	林後3:18	-	book
詩118:22#2	174	181	弗二19～22	弗2:19	-	book
詩118:22#2	202	205	弗一9	弗1:9	-	book
詩118:22#2	206	211	三9～11	弗3:9	-	chapter
詩118:24#1	59	64	彼前一20	彼前1:20	-	book
詩118:24#1	65	67	二4	彼前2:4	-	chapter
詩118:24#1	102	111	太二一38～42上	太21:38	-	book
詩118:24#1	135	142	徒四10～11	徒4:10	-	book
詩118:24#1	185	190	路二四51	路24:51	-	book
詩118:24#1	191	194	徒一9	徒1:9	-	book
詩118:24#1	209	213	啟十四1	啟14:1	-	book
詩118:24#1	231	236	賽二八16	賽28:16	-	book
詩118:24#1	237	241	彼前二6	彼前2:6	-	book
詩118:24#1	314	319	太二一42	太21:42	-	book
詩118:24#1	320	322	44	太21:44	-	bare
詩118:24#1	323	326	亞三9	亞3:9	-	book
詩118:24#1	328	333	啟五5～6	啟5:5	-	book
詩118:24#1	334	341	徒四10～12	徒4:10	-	book
詩118:24#1	342	347	賽二八16	賽28:16	-	book
詩118:24#1	348	355	弗二19～22	弗2:19	-	book
詩118:24#1	356	362	彼前二4～8	彼前2:4	-	book
詩118:24#1	363	370	但二34～35	但2:34	-	book
詩118:24#1	371	374	亞四7	亞4:7	-	book
詩118:24#1	375	380	啟二一11	啟21:11	-	book
詩118:24#1	382	384	四3	啟4:3	-	chapter
詩118:25#1	35	39	太二一9	太21:9	-	book
詩118:25#1	40	47	可十一9～10	可11:9	-	book
詩118:25#1	48	53	約十二13	約12:13	-	book
詩118:25#2	14	20	弗一3～14	弗1:3	-	book
詩118:25#2	22	28	弗一3～14	弗1:3	-	book
詩118:25#2	65	67	22	詩118:22	-	bare
詩118:26#1	18	25	太二一5～11	太21:5	-	book
詩118:26#1	65	70	太二三39	太23:39	-	book
詩119:1#2	15	16	1	詩119:1	-	bare
詩119:1#2	17	19	18	詩119:18	-	bare
詩119:1#2	59	61	88	詩119:88	-	bare
詩119:1#2	84	85	2	詩119:2	-	bare
詩119:1#2	86	88	14	詩119:14	-	bare
詩119:1#2	105	106	9	詩119:9	-	bare
詩119:1#2	107	109	11	詩119:11	-	bare
詩119:1#2	127	129	57	詩119:57	-	bare
詩119:1#2	130	133	103	詩119:103	-	bare
詩119:1#2	134	137	130	詩119:130	-	bare
詩119:1#2	138	141	139	詩119:139	-	bare
詩119:1#2	142	145	147	詩119:147	-	bare
詩119:1#2	146	149	161	詩119:161	-	bare
詩119:1#2	151	156	出三四28	出34:28	-	book
詩119:1#2	174	176	96	詩119:96	-	bare
詩119:1#2	193	194	6	詩119:6	-	bare
詩119:1#2	195	197	10	詩119:10	-	bare
詩119:1#2	211	212	5	詩119:5	-	bare
詩119:1#2	213	214	8	詩119:8	-	bare
詩119:1#2	227	228	7	詩119:7	-	bare
詩119:1#2	229	231	13	詩119:13	-	bare
詩119:1#2	242	244	75	詩119:75	-	bare
詩119:1#2	245	248	120	詩119:120	-	bare
詩119:1#2	249	252	137	詩119:137	-	bare
詩119:1#2	265	266	4	詩119:4	-	bare
詩119:1#2	267	269	15	詩119:15	-	bare
詩119:1#2	302	304	14	詩119:14	-	bare
詩119:1#2	305	307	27	詩119:27	-	bare
詩119:1#2	308	310	32	詩119:32	-	bare
詩119:1#2	311	313	33	詩119:33	-	bare
詩119:1#2	328	329	3	詩119:3	-	bare
詩119:1#2	330	332	15	詩119:15	-	bare
詩119:1#2	333	335	37	詩119:37	-	bare
詩119:1#2	355	359	約十四6	約14:6	-	book
詩119:2#1	43	46	西二9	西2:9	-	book
詩119:2#1	59	65	出二十1註1	出20:1	1	book
詩119:2#2	38	42	腓三6下	腓3:6	-	book
詩119:2#2	76	80	林後三6	林後3:6	-	book
詩119:2#2	110	113	132	詩119:132	-	bare
詩119:2#2	114	116	55	詩119:55	-	bare
詩119:2#2	131	133	58	詩119:58	-	bare
詩119:2#2	144	147	135	詩119:135	-	bare
詩119:2#2	156	159	168	詩119:168	-	bare
詩119:2#2	179	181	13	詩119:13	-	bare
詩119:2#2	182	184	72	詩119:72	-	bare
詩119:2#2	185	187	88	詩119:88	-	bare
詩119:2#2	189	194	提後三16	提後3:16	-	book
詩119:2#2	215	218	103	詩119:103	-	bare
詩119:2#2	233	236	127	詩119:127	-	bare
詩119:2#2	257	260	105	詩119:105	-	bare
詩119:2#2	305	307	30	詩119:30	-	bare
詩119:2#2	308	311	173	詩119:173	-	bare
詩119:2#2	318	320	66	詩119:66	-	bare
詩119:2#2	328	331	48上	詩119:48	-	bare
詩119:2#2	339	341	47	詩119:47	-	bare
詩119:2#2	342	344	48	詩119:48	-	bare
詩119:2#2	345	347	97	詩119:97	-	bare
詩119:2#2	356	358	16	詩119:16	-	bare
詩119:2#2	359	361	24	詩119:24	-	bare
詩119:2#2	362	364	35	詩119:35	-	bare
詩119:2#2	371	374	103	詩119:103	-	bare
詩119:2#2	381	383	14	詩119:14	-	bare
詩119:2#2	384	387	111	詩119:111	-	bare
詩119:2#2	388	391	162	詩119:162	-	bare
詩119:2#2	398	400	54	詩119:54	-	bare
詩119:2#2	402	409	弗五18～20	弗5:18	-	book
詩119:2#2	416	417	6	詩119:6	-	bare
詩119:2#2	418	421	117	詩119:117	-	bare
詩119:2#2	432	434	80	詩119:80	-	bare
詩119:2#2	442	444	36	詩119:36	-	bare
詩119:2#2	445	448	112	詩119:112	-	bare
詩119:2#2	455	457	45	詩119:45	-	bare
詩119:2#2	458	460	94	詩119:94	-	bare
詩119:2#2	467	469	20	詩119:20	-	bare
詩119:2#2	470	472	40	詩119:40	-	bare
詩119:2#2	473	476	131	詩119:131	-	bare
詩119:2#2	486	488	43	詩119:43	-	bare
詩119:2#2	489	491	74	詩119:74	-	bare
詩119:2#2	492	495	114	詩119:114	-	bare
詩119:2#2	496	499	147	詩119:147	-	bare
詩119:2#2	506	508	42	詩119:42	-	bare
詩119:2#2	515	517	15	詩119:15	-	bare
詩119:2#2	518	520	23	詩119:23	-	bare
詩119:2#2	521	523	48	詩119:48	-	bare
詩119:2#2	524	526	78	詩119:78	-	bare
詩119:2#2	527	529	99	詩119:99	-	bare
詩119:2#2	530	533	148	詩119:148	-	bare
詩119:2#2	535	539	15註1	詩119:15	1	bare
詩119:2#2	546	548	95	詩119:95	-	bare
詩119:2#2	561	565	128上	詩119:128	-	bare
詩119:2#2	572	574	71	詩119:71	-	bare
詩119:2#2	575	577	73	詩119:73	-	bare
詩119:2#2	591	593	14	詩119:14	-	bare
詩119:2#2	601	604	162	詩119:162	-	bare
詩119:2#2	612	614	72	詩119:72	-	bare
詩119:2#2	615	618	127	詩119:127	-	bare
詩119:2#2	630	633	111	詩119:111	-	bare
詩119:2#2	644	646	11	詩119:11	-	bare
詩119:2#2	648	652	西三16	西3:16	-	book
詩119:2#2	663	665	52	詩119:52	-	bare
詩119:2#2	666	668	16	詩119:16	-	bare
詩119:2#2	669	671	93	詩119:93	-	bare
詩119:2#2	678	682	161下	詩119:161	-	bare
詩119:2#2	683	686	120	詩119:120	-	bare
詩119:2#2	695	697	31	詩119:31	-	bare
詩119:2#2	709	711	87	詩119:87	-	bare
詩119:2#2	712	714	51	詩119:51	-	bare
詩119:2#2	715	718	157	詩119:157	-	bare
詩119:2#2	719	722	102	詩119:102	-	bare
詩119:2#2	723	726	110	詩119:110	-	bare
詩119:2#2	735	737	59	詩119:59	-	bare
詩119:2#2	747	749	33	詩119:33	-	bare
詩119:2#2	750	752	69	詩119:69	-	bare
詩119:2#2	766	767	1	詩119:1	-	bare
詩119:2#2	768	770	32	詩119:32	-	bare
詩119:5#1	6	7	6	詩119:6	-	bare
詩119:5#1	12	13	5	詩119:5	-	bare
詩119:5#1	19	20	7	詩119:7	-	bare
詩119:5#1	23	28	路一6註4	路1:6	4	book
詩119:9#1	41	44	約一1	約1:1	-	book
詩119:9#1	45	51	啟十九13下	啟19:13	-	book
詩119:9#1	76	82	提後三16上	提後3:16	-	book
詩119:9#1	102	106	約六63	約6:63	-	book
詩119:9#1	107	111	弗六17	弗6:17	-	book
詩119:9#1	144	150	林前十五45	林前15:45	-	book
詩119:9#1	151	156	林後三17	林後3:17	-	book
詩119:9#1	171	176	約十六13	約16:13	-	book
詩119:9#1	177	181	約壹五6	約壹5:6	-	book
詩119:15#1	88	93	提後三16	提後3:16	-	book
弗3:9#2	1	6	一10註2	弗1:10	2	chapter
弗3:9#2	7	13	提前一4註4	提前1:4	4	book
弗3:10#1	19	21	8節	弗3:8	-	bare
弗3:10#3	10	16	一19～20	弗1:19	-	chapter
弗3:10#3	28	32	二5～8	弗2:5	-	chapter
弗3:11#2	1	6	一10註3	弗1:10	3	chapter
弗3:12#1	20	26	羅三22註1	羅3:22	1	book
弗3:14#1	31	35	加六10	加6:10	-	book
弗3:14#1	55	57	15	弗3:15	-	bare
弗3:14#1	87	91	路三38	路3:38	-	book
弗3:14#1	103	108	賽六三16	賽63:16	-	book
弗3:14#1	109	112	六四8	賽64:8	-	chapter
弗3:14#1	123	126	伯一6	伯1:6	-	book
弗3:16#3	1	7	一19～22	弗1:19	-	chapter
弗3:16#3	73	75	20	弗3:20	-	bare
弗3:16#4	1	7	16～19節	弗3:16	-	bare
弗3:16#5	3	9	一15～23	弗1:15	-	chapter
弗3:16#5	27	33	14～21節	弗3:14	-	bare
弗3:17#1	11	15	來十一1	來11:1	-	book
弗3:17#2	66	71	提後四22	提後4:22	-	book
弗3:17#3	15	20	提前一14	提前1:14	-	book
弗3:17#4	14	18	林前三9	林前3:9	-	book
弗3:19#2	144	148	約一16	約1:16	-	book
弗3:19#2	164	168	西一19	西1:19	-	book
弗3:19#2	169	171	二9	西2:9	-	chapter
弗3:19#2	237	239	21	弗3:21	-	bare
弗3:19#3	2	4	14	弗3:14	-	bare
弗3:19#3	16	18	16	弗3:16	-	bare
弗3:19#3	29	31	17	弗3:17	-	bare
弗3:19#4	28	30	8節	弗3:8	-	bare
弗3:19#4	40	43	一23	弗1:23	-	chapter
弗3:19#4	44	47	四13	弗4:13	-	chapter
弗3:19#4	166	169	一23	弗1:23	-	chapter
詩119:48#1	29	34	尼八5～6	尼8:5	-	book
詩119:50#1	35	39	林後三6	林後3:6	-	book
詩119:50#1	172	177	羅三20下	羅3:20	-	book
詩119:50#1	178	181	七7下	羅7:7	-	chapter
詩119:50#1	193	197	羅三19	羅3:19	-	book
詩119:50#1	228	235	加三23～24	加3:23	-	book
詩119:50#1	267	268	2	詩119:2	-	bare
詩119:50#1	269	271	88	詩119:88	-	bare
詩119:50#1	311	313	25	詩119:25	-	bare
詩119:50#1	314	317	116	詩119:116	-	bare
詩119:50#1	318	321	130	詩119:130	-	bare
詩119:50#1	324	330	出十九8註1	出19:8	1	book
弗3:20#1	0	6	20～21節	弗3:20	-	bare
弗3:20#1	82	90	本章16～19節	弗3:16	-	anaphor
弗3:20#1	103	109	20～21節	弗3:20	-	bare
弗3:20#1	173	175	21	弗3:21	-	bare
弗3:20#1	272	277	創二四47	創24:47	-	book
弗3:20#1	278	280	53	創24:53	-	bare
弗3:20#1	281	286	61～67	創24:61	-	bare
弗3:20#2	8	14	一19～20	弗1:19	-	chapter
弗3:20#2	59	63	羅八28	羅8:28	-	book
弗3:21#3	63	66	一22	弗1:22	-	chapter
弗3:21#3	67	70	三15	弗3:15	-	chapter
弗3:21#4	1	5	一6註2	弗1:6	2	chapter
弗3:21#4	30	32	16	弗3:16	-	bare
弗3:21#4	84	88	雅一18	雅1:18	-	book
弗4:1#1	3	5	三1	弗3:1	-	chapter
弗4:1#1	10	12	三1	弗3:1	-	chapter
弗4:1#1	29	34	三2～21	弗3:2	-	chapter
弗4:1#1	42	46	三2註1	弗3:2	1	chapter
弗4:1#2	1	5	三1註2	弗3:1	2	chapter
弗4:1#2	9	11	三1	弗3:1	-	chapter
弗4:1#3	111	116	一3～14	弗1:3	-	chapter
弗4:2#1	151	153	3節	弗4:3	-	bare
詩119:130#1	53	61	弗一17～18上	弗1:17	-	book
詩120:1#1	77	81	耶二13	耶2:13	-	book
詩120:1#1	181	185	一二二4	詩122:4	-	chapter
詩120:5#1	24	29	賽二一13	賽21:13	-	book
詩120:5#1	30	32	16	賽21:16	-	bare
詩120:5#1	33	38	結二七21	結27:21	-	book
詩120:5#1	63	69	王下十八11	王下18:11	-	book
詩120:5#1	70	75	代下三二1	代下32:1	-	book
詩121:1#1	31	32	7	詩121:7	-	bare
詩121:1#2	16	22	王下十九15	王下19:15	-	book
詩122:4#1	1	7	一二○1註1	詩120:1	1	chapter
弗4:4#3	9	13	西一27	西1:27	-	book
弗4:4#3	28	32	腓三21	腓3:21	-	book
弗4:4#3	44	48	羅八19	羅8:19	-	book
弗4:4#3	49	54	23～25	羅8:23	-	bare
弗4:5#1	32	36	約三16	約3:16	-	book
弗4:5#1	53	58	徒十六31	徒16:31	-	book
弗4:5#1	75	80	約壹五12	約壹5:12	-	book
弗4:5#1	100	104	徒二36	徒2:36	-	book
弗4:5#1	165	168	一22	弗1:22	-	chapter
弗4:5#2	10	14	約三36	約3:36	-	book
弗4:5#2	25	29	加三27	加3:27	-	book
弗4:5#2	30	33	羅六3	羅6:3	-	book
弗4:5#2	42	45	羅六4	羅6:4	-	book
弗4:5#2	74	79	林前六17	林前6:17	-	book
弗4:7#2	17	21	羅十二6	羅12:6	-	book
弗4:8#1	6	11	詩六八18	詩68:18	-	book
弗4:8#1	28	36	詩六八15～16	詩68:15	-	book
弗4:8#1	51	56	王上八30	王上8:30	-	book
弗4:8#1	82	86	詩六八1	詩68:1	-	book
弗4:8#1	89	93	民十35	民10:35	-	book
弗4:8#3	31	34	11節	弗4:11	-	bare
弗4:9#1	18	22	徒二27	徒2:27	-	book
弗4:11#1	0	2	7節	弗4:7	-	bare
弗4:12#2	53	57	林後四1	林後4:1	-	book
弗4:12#2	58	63	提前一12	提前1:12	-	book
弗4:12#3	26	29	11節	弗4:11	-	bare
弗4:13#2	58	65	太十六16註1	太16:16	1	book
弗4:13#3	1	3	3節	弗4:3	-	bare
弗4:13#3	167	169	猶3	猶1:3	-	book
弗4:13#3	170	174	提後四7	提後4:7	-	book
弗4:13#3	175	180	提前六21	提前6:21	-	book
弗4:13#5	14	17	一23	弗1:23	-	chapter
弗4:14#1	3	6	加四1	加4:1	-	book
弗4:14#1	28	32	林前三1	林前3:1	-	book
弗4:14#2	7	13	提前一3～4	提前1:3	-	book
弗4:15#2	13	16	14節	弗4:14	-	bare
弗4:15#3	12	14	14	弗4:14	-	bare
弗4:15#3	58	60	13	弗4:13	-	bare
弗4:16#3	7	10	11節	弗4:11	-	bare
弗4:16#6	4	6	三7	弗3:7	-	chapter
弗4:16#6	7	11	西一29	西1:29	-	book
弗4:16#6	16	21	林前十二6	林前12:6	-	book
弗4:16#10	1	5	15註1	弗4:15	1	bare
詩125:4#1	14	18	可十18	可10:18	-	book
詩125:4#1	19	23	羅三12	羅3:12	-	book
詩125:4#1	48	52	七3註1	詩7:3	1	chapter
詩126:1#1	9	11	4節	詩126:4	-	bare
詩126:6#1	100	107	得一16與註2	得1:16	2	book
詩127:1#2	15	20	太十六18	太16:18	-	book
詩127:1#2	27	35	林前三10～12	林前3:10	-	book
詩127:1#2	36	43	弗四11～12	弗4:11	-	book
詩127:1#2	44	46	16	弗4:16	-	bare
詩127:1#2	73	81	太十六18～19	太16:18	-	book
詩127:1#2	82	87	羅十四17	羅14:17	-	book
詩127:1#2	96	104	徒二十28～31	徒20:28	-	book
詩127:2#1	42	48	林前十五10	林前15:10	-	book
詩127:2#1	49	51	58	林前15:58	-	bare
詩127:2#1	52	59	西一28～29	西1:28	-	book
詩127:3#1	53	58	林前四15	林前4:15	-	book
詩128:1#1	347	350	來七7	來7:7	-	book
詩128:5#1	22	29	民六23～27	民6:23	-	book
詩128:5#2	32	37	四八2註1	詩48:2	1	chapter
詩129:5#1	57	61	加六16	加6:16	-	book
詩129:5#1	77	82	四八2註1	詩48:2	1	chapter
詩129:5#1	103	112	約十五18～20上	約15:18	-	book
詩130:4#1	25	26	7	詩130:7	-	bare
詩130:4#1	93	97	約壹一7	約壹1:7	-	book
詩130:4#1	98	99	9	約壹1:9	-	bare
詩130:4#2	21	28	路七40～47	路7:40	-	book
詩130:4#2	29	33	42註3	路7:42	3	bare
詩130:4#2	34	38	47註2	路7:47	2	bare
詩131:1#1	30	31	2	詩131:2	-	bare
詩131:2#1	60	61	3	詩131:3	-	bare
詩132:6#1	29	37	撒上六21～七1	撒上6:21	-	book
詩132:6#1	67	74	撒下六1～17	撒下6:1	-	book
詩132:6#1	75	83	代上十三1～14	代上13:1	-	book
詩132:6#1	84	91	十五1～十六1	代上15:1	-	chapter
詩132:6#1	94	100	撒下六2註1	撒下6:2	1	book
詩132:11#1	10	17	撒下七12註1	撒下7:12	1	book
詩132:11#1	21	25	16註1	撒下7:16	1	bare
詩132:13#1	14	16	14	詩132:14	-	bare
詩132:13#1	30	35	四八2註1	詩48:2	1	chapter
詩132:14#1	4	7	13節	詩132:13	-	bare
詩132:14#1	31	37	14～18節	詩132:14	-	bare
詩132:14#2	31	33	14	詩132:14	-	bare
詩132:14#2	41	43	15	詩132:15	-	bare
詩132:14#2	52	54	16	詩132:16	-	bare
詩132:14#2	62	64	17	詩132:17	-	bare
詩132:14#2	72	74	17	詩132:17	-	bare
詩132:14#2	84	86	18	詩132:18	-	bare
弗4:17#2	0	5	1～16節	弗4:1	-	bare
弗4:17#2	19	25	17～32節	弗4:17	-	bare
弗4:17#2	36	42	17～24節	弗4:17	-	bare
弗4:17#2	55	61	25～32節	弗4:25	-	bare
弗4:17#3	22	26	羅一21	羅1:21	-	book
弗4:18#2	38	42	羅一28	羅1:28	-	book
弗4:18#4	43	48	創二8～9	創2:8	-	book
弗4:18#4	137	142	徒十一18	徒11:18	-	book
弗4:18#4	143	147	約三16	約3:16	-	book
弗4:20#1	17	22	約十三15	約13:15	-	book
弗4:20#1	23	28	彼前二21	彼前2:21	-	book
弗4:20#1	106	111	太十一29	太11:29	-	book
弗4:20#1	168	172	羅八29	羅8:29	-	book
弗4:22#1	0	2	22	弗4:22	-	bare
弗4:22#1	3	6	24節	弗4:24	-	bare
弗4:22#2	23	25	17	弗4:17	-	bare
弗4:22#3	30	33	羅六6	羅6:6	-	book
弗4:22#3	48	52	羅六4上	羅6:4	-	book
弗4:23#2	20	24	羅十二2	羅12:2	-	book
弗4:23#2	25	30	林後三18	林後3:18	-	book
弗4:24#1	14	18	羅六4下	羅6:4	-	book
弗4:24#2	37	43	二15～16	弗2:15	-	chapter
弗4:24#2	59	66	西三10～11	西3:10	-	book
弗4:24#2	103	109	西三11註9	西3:11	9	book
弗4:24#2	128	134	一22～23	弗1:22	-	chapter
弗4:24#2	146	149	二19	弗2:19	-	chapter
弗4:24#2	163	169	二21～22	弗2:21	-	chapter
弗4:24#2	436	441	17～32	弗4:17	-	bare
弗4:24#3	26	33	創一26～27	創1:26	-	book
弗4:24#3	60	64	西三10	西3:10	-	book
弗4:24#4	12	15	22節	弗4:22	-	bare
弗4:24#4	77	80	21節	弗4:21	-	bare
弗4:24#5	35	41	路一75註1	路1:75	1	book
弗4:25#1	0	6	25～32節	弗4:25	-	bare
弗4:28#3	8	14	多三8與註4	多3:8	4	book
弗4:28#3	15	17	14	多3:14	-	bare
弗4:29#3	58	64	17～32節	弗4:17	-	bare
弗4:29#3	75	77	21	弗4:21	-	bare
弗4:29#3	78	80	24	弗4:24	-	bare
弗4:29#3	81	83	29	弗4:29	-	bare
弗4:29#3	116	120	約一14	約1:14	-	book
弗4:29#3	121	123	17	約1:17	-	bare
弗4:29#3	175	177	21	弗4:21	-	bare
弗4:29#3	178	180	24	弗4:24	-	bare
弗4:29#3	212	214	29	弗4:29	-	bare
弗4:30#1	26	34	約十四16～17	約14:16	-	book
弗4:30#1	57	60	羅八4	羅8:4	-	book
弗4:30#2	3	9	17～32節	弗4:17	-	bare
弗4:30#2	36	38	18	弗4:18	-	bare
弗4:30#2	57	59	27	弗4:27	-	bare
弗4:30#4	1	6	一13註1	弗1:13	1	chapter
弗4:30#6	1	6	一14註5	弗1:14	5	chapter
弗4:32#1	8	12	太九36	太9:36	-	book
弗4:32#1	19	22	腓一8	腓1:8	-	book
弗4:32#3	8	13	17～32	弗4:17	-	bare
詩133:1#2	53	61	約十七21～23	約17:21	-	book
詩133:1#2	77	82	弗四4～6	弗4:4	-	book
詩133:2#1	1	9	出三十23～33	出30:23	-	book
詩133:2#1	16	24	出三十23～33	出30:23	-	book
詩133:2#1	58	63	約壹二20	約壹2:20	-	book
詩133:2#1	64	66	27	約壹2:27	-	bare
詩133:2#2	12	17	來五4～5	來5:4	-	book
詩133:2#2	46	53	弗一22～23	弗1:22	-	book
詩133:2#2	55	61	出二八2註1	出28:2	1	book
詩133:2#2	105	108	來一9	來1:9	-	book
詩133:2#2	109	114	林後一21	林後1:21	-	book
詩133:2#2	144	150	弗四3～4上	弗4:3	-	book
詩133:2#2	151	154	3註2	弗4:3	2	bare
詩133:3#1	26	33	哀三22～23	哀3:22	-	book
詩133:3#1	35	40	箴十九12	箴19:12	-	book
詩133:3#1	76	80	約一14	約1:14	-	book
詩133:3#1	81	86	16～17	約1:16	-	bare
詩133:3#1	87	93	林後十三14	林後13:14	-	book
詩133:3#1	134	135	2	詩133:2	-	bare
詩133:3#1	154	161	出十六13註2	出16:13	2	book
詩133:3#3	9	13	約三16	約3:16	-	book
詩133:3#3	14	18	弗四18	弗4:18	-	book
詩134:1#1	16	22	一二○1註1	詩120:1	1	chapter
詩134:1#1	60	64	1～2節	詩134:1	-	bare
詩134:1#1	83	85	3節	詩134:3	-	bare
詩134:1#1	138	144	創四七7註1	創47:7	1	book
詩134:3#1	1	7	一二八5註1	詩128:5	1	chapter
詩135:1#1	1	8	一○四35註1	詩104:35	1	chapter
詩135:1#2	174	182	約壹四15～16	約壹4:15	-	book
詩135:19#1	13	19	弗一3與註3	弗1:3	3	book
詩137:1#1	28	29	5	詩137:5	-	bare
詩137:7#1	15	19	8～9節	詩137:8	-	bare
詩137:7#1	37	41	三7註1	詩3:7	1	chapter
詩137:7#1	73	78	羅十二14	羅12:14	-	book
詩137:7#1	94	98	太五44	太5:44	-	book
弗5:1#1	106	110	太五48	太5:48	-	book
弗5:2#1	12	18	四17～32	弗4:17	-	chapter
弗5:2#1	28	31	8～9	弗5:8	-	bare
弗5:2#1	32	34	13	弗5:13	-	bare
弗5:2#1	38	43	五1～33	弗5:1	-	chapter
弗5:2#1	94	98	約壹四8	約壹4:8	-	book
弗5:2#1	99	101	一5	約壹1:5	-	chapter
弗5:2#2	1	4	四32	弗4:32	-	chapter
弗5:2#2	121	122	2	弗5:2	-	bare
弗5:2#2	123	125	25	弗5:25	-	bare
弗5:2#2	142	144	14	弗5:14	-	bare
弗5:5#3	10	14	啟二十4	啟20:4	-	book
弗5:5#3	15	16	6	啟20:6	-	bare
弗5:5#3	17	22	太十六28	太16:28	-	book
弗5:5#3	31	36	太十三41	太13:41	-	book
弗5:5#3	37	39	43	太13:43	-	bare
弗5:5#3	56	59	約三5	約3:5	-	book
弗5:5#3	79	84	羅十四17	羅14:17	-	book
弗5:5#3	146	152	太五20註3	太5:20	3	book
弗5:5#3	153	160	來十二28註1	來12:28	1	book
弗5:8#1	41	45	太五14	太5:14	-	book
弗5:8#2	0	2	2節	弗5:2	-	bare
弗5:9#1	148	153	太十九17	太19:17	-	book
弗5:9#1	182	189	羅五17～18	羅5:17	-	book
弗5:9#1	190	192	21	羅5:21	-	bare
弗5:9#1	212	217	約十四17	約14:17	-	book
弗5:11#1	25	26	9	弗5:9	-	bare
弗5:14#1	14	16	11	弗5:11	-	bare
弗5:14#1	17	20	13節	弗5:13	-	bare
弗5:15#1	13	18	15～21	弗5:15	-	bare
弗5:16#1	26	28	15	弗5:15	-	bare
弗5:16#2	9	12	加一4	加1:4	-	book
弗5:17#1	15	17	16	弗5:16	-	bare
弗5:18#1	42	45	一23	弗1:23	-	chapter
弗5:18#1	55	58	三19	弗3:19	-	chapter
弗5:18#1	120	125	19～20	弗5:19	-	bare
弗5:18#1	137	139	21	弗5:21	-	bare
弗5:19#2	0	6	19～21節	弗5:19	-	bare
弗5:19#2	9	12	18節	弗5:18	-	bare
弗5:19#2	68	70	20	弗5:20	-	bare
弗5:19#2	80	82	21	弗5:21	-	bare
弗5:21#1	54	56	23	弗5:23	-	bare
弗5:21#1	71	75	33註1	弗5:33	1	bare
弗5:21#2	35	39	彼前五5	彼前5:5	-	book
弗5:21#3	17	19	18	弗5:18	-	bare
詩139:1#1	21	25	1～6節	詩139:1	-	bare
詩139:1#1	33	38	7～12節	詩139:7	-	bare
詩139:19#1	0	6	19～22節	詩139:19	-	bare
詩139:19#1	30	34	七3註1	詩7:3	1	chapter
詩140:1#1	44	47	6～7	詩140:6	-	bare
詩140:1#1	48	52	一四一3	詩141:3	-	chapter
詩140:1#1	53	55	5下	詩141:5	-	bare
詩140:1#1	56	61	一四二3上	詩142:3	-	chapter
詩140:1#1	62	63	5	詩142:5	-	bare
詩140:1#1	64	69	一四三2下	詩143:2	-	chapter
詩140:1#1	70	71	6	詩143:6	-	bare
詩140:1#1	72	73	8	詩143:8	-	bare
詩140:1#1	74	79	9下～10	詩143:9	-	bare
詩140:1#1	80	86	一四四1～2	詩144:1	-	chapter
詩140:1#1	87	89	5上	詩144:5	-	bare
詩140:1#1	90	95	12～15	詩144:12	-	bare
詩140:1#1	143	148	9下～13	詩140:9	-	bare
詩140:1#1	149	154	一四一10	詩141:10	-	chapter
詩140:1#1	155	160	一四三12	詩143:12	-	chapter
詩140:1#1	161	166	一四五20	詩145:20	-	chapter
詩140:1#1	169	173	七3註1	詩7:3	1	chapter
詩141:10#1	1	5	三7註1	詩3:7	1	chapter
詩143:12#1	1	5	三7註1	詩3:7	1	chapter
詩144:12#1	10	16	12～15節	詩144:12	-	bare
詩144:12#1	27	31	一3註1	詩1:3	1	chapter
詩144:12#1	32	38	七三13註1	詩73:13	1	chapter
詩144:12#1	39	43	26註1	詩73:26	1	bare
詩144:12#1	44	51	一一八25註2	詩118:25	2	chapter
弗5:22#2	2	5	21節	弗5:21	-	bare
弗5:22#2	63	67	彼前三7	彼前3:7	-	book
弗5:22#3	82	84	28	弗5:28	-	bare
弗5:22#3	85	87	33	弗5:33	-	bare
弗5:24#2	137	144	但三13～23	但3:13	-	book
弗5:25#1	124	128	約壹四8	約壹4:8	-	book
弗5:25#1	129	131	16	約壹4:16	-	bare
弗5:26#2	117	121	出三八8	出38:8	-	book
弗5:26#2	122	125	四十7	出40:7	-	chapter
弗5:26#3	31	35	出十七6	出17:6	-	book
弗5:26#3	36	40	林前十4	林前10:4	-	book
弗5:26#3	41	48	約七38～39	約7:38	-	book
弗5:26#3	49	53	啟二一6	啟21:6	-	book
弗5:26#3	54	57	二二1	啟22:1	-	chapter
弗5:26#3	58	60	17	啟22:17	-	bare
弗5:26#3	93	97	約壹一7	約壹1:7	-	book
弗5:26#3	98	102	啟七14	啟7:14	-	book
弗5:26#3	144	146	27	弗5:27	-	bare
弗5:26#3	171	176	來十三12	來13:12	-	book
弗5:26#3	226	228	27	弗5:27	-	bare
弗5:26#4	54	62	出三十18～21	出30:18	-	book
弗5:27#1	21	23	25	弗5:25	-	bare
弗5:27#1	36	41	約十九34	約19:34	-	book
弗5:27#3	49	56	創二21～22	創2:21	-	book
弗5:27#3	99	103	創二24	創2:24	-	book
弗5:31#1	15	19	創二24	創2:24	-	book
弗5:31#1	20	24	太十九5	太19:5	-	book
弗5:32#1	10	15	林前六17	林前6:17	-	book
弗5:33#1	36	38	21	弗5:21	-	bare
詩145:1#1	22	26	九1註1	詩9:1	1	chapter
詩145:1#2	25	30	11～13	詩145:11	-	bare
詩145:20#1	1	5	三7註1	詩3:7	1	chapter
詩146:1#1	1	8	一○四35註1	詩104:35	1	chapter
詩146:1#1	61	67	啟十九1～6	啟19:1	-	book
詩146:1#1	90	92	10	詩146:10	-	bare
詩146:3#1	0	4	3～4節	詩146:3	-	bare
詩147:1#1	1	8	一○四35註1	詩104:35	1	chapter
詩147:1#1	9	15	一四六1註1	詩146:1	1	chapter
詩147:6#1	24	25	2	詩147:2	-	bare
詩148:1#1	1	7	一四六1註1	詩146:1	1	chapter
詩148:1#1	32	34	13	詩148:13	-	bare
詩149:1#1	1	7	一四六1註1	詩146:1	1	chapter
詩149:1#1	40	41	4	詩149:4	-	bare
詩150:1#1	1	7	一四六1註1	詩146:1	1	chapter
詩150:1#1	35	36	6	詩150:6	-	bare
弗6:1#1	43	49	五22～33	弗5:22	-	chapter
弗6:1#1	57	62	10～20	弗6:10	-	bare
弗6:1#1	71	75	1～9節	弗6:1	-	bare
弗6:2#4	32	37	出二十12	出20:12	-	book
弗6:4#2	26	31	申六6～7	申6:6	-	book
弗6:5#4	70	74	西三11	西3:11	-	book
弗6:6#1	64	65	7	弗6:7	-	bare
弗6:7#2	1	4	6註1	弗6:6	1	bare
弗6:10#1	0	5	一1～六9	弗1:1	-	chapter
弗6:10#5	3	6	一19	弗1:19	-	chapter
弗6:11#3	20	22	二6	弗2:6	-	chapter
弗6:11#3	51	53	四1	弗4:1	-	chapter
弗6:11#3	54	56	17	弗4:17	-	bare
弗6:11#3	57	59	五2	弗5:2	-	chapter
弗6:11#3	60	61	8	弗5:8	-	bare
弗6:11#3	62	64	15	弗5:15	-	bare
弗6:12#2	59	63	但十20	但10:20	-	book
弗6:12#2	89	94	太十二26	太12:26	-	book
弗6:12#2	95	99	西一13	西1:13	-	book
弗6:12#4	12	14	二2	弗2:2	-	chapter
弗6:12#4	50	52	二6	弗2:6	-	chapter
弗6:13#2	0	3	五16	弗5:16	-	chapter
箴1:1#1	189	195	出二十1註1	出20:1	1	book
箴1:1#1	284	289	提後三16	提後3:16	-	book
箴1:1#1	315	319	弗五18	弗5:18	-	book
箴1:1#1	320	323	三19	弗3:19	-	chapter
箴1:1#1	359	366	弗六17～18	弗6:17	-	book
箴1:1#1	382	386	約六63	約6:63	-	book
箴1:1#1	483	488	太十六24	太16:24	-	book
箴1:1#1	489	492	羅六6	羅6:6	-	book
箴1:1#1	493	497	加二20	加2:20	-	book
箴1:1#1	528	535	弗四22～24	弗4:22	-	book
箴1:1#1	611	617	腓三3～14	腓3:3	-	book
箴1:1#1	671	678	約五39～40	約5:39	-	book
箴1:1#1	679	683	林後三6	林後3:6	-	book
箴1:7#1	26	27	7	箴1:7	-	bare
箴1:7#1	28	33	三5～10	箴3:5	-	chapter
箴1:7#1	41	46	20～33	箴1:20	-	bare
箴1:7#1	47	53	三13～24	箴3:13	-	chapter
箴1:7#1	54	58	四5～9	箴4:5	-	chapter
箴1:7#1	66	69	8～9	箴1:8	-	bare
箴1:7#1	70	74	三1～2	箴3:1	-	chapter
箴1:7#1	75	78	六20	箴6:20	-	chapter
箴1:7#1	79	83	三十17	箴30:17	-	chapter
箴1:7#1	93	98	五1～20	箴5:1	-	chapter
箴1:7#1	99	106	三一10～31	箴31:10	-	chapter
箴1:7#1	153	154	7	箴1:7	-	bare
箴1:7#1	155	159	二4～5	箴2:4	-	chapter
箴1:7#1	160	163	八13	箴8:13	-	chapter
箴1:7#1	164	167	九10	箴9:10	-	chapter
箴1:7#1	168	171	十27	箴10:27	-	chapter
箴1:7#1	172	175	十四2	箴14:2	-	chapter
箴1:7#1	176	181	26～27	箴14:26	-	bare
箴1:7#1	182	186	十五16	箴15:16	-	chapter
箴1:7#1	187	190	33上	箴15:33	-	bare
箴1:7#1	197	201	三5～8	箴3:5	-	chapter
箴1:7#1	202	204	26	箴3:26	-	bare
箴1:7#1	205	209	十六20	箴16:20	-	chapter
箴1:7#1	210	215	三十5～6	箴30:5	-	chapter
箴1:7#1	223	228	三9～10	箴3:9	-	chapter
箴1:8#1	18	21	7～9	箴1:7	-	bare
箴1:8#1	56	63	出二十12註1	出20:12	1	book
箴1:8#1	93	98	弗六2～3	弗6:2	-	book
箴1:12#1	1	8	太十一23註1	太11:23	1	book
箴1:20#1	29	32	7註1	箴1:7	1	bare
箴1:20#2	1	6	八12註1	箴8:12	1	chapter
箴3:4#2	20	25	羅十二17	羅12:17	-	book
箴3:4#2	26	31	林後八21	林後8:21	-	book
箴3:11#1	6	8	1節	箴3:1	-	bare
箴3:19#1	30	35	林前一24	林前1:24	-	book
箴3:19#1	38	43	八12註1	箴8:12	1	chapter
箴4:18#1	19	23	路一78	路1:78	-	book
箴4:18#1	24	29	彼後一19	彼後1:19	-	book
箴4:18#1	61	65	士五31	士5:31	-	book
箴4:18#1	66	71	太十三43	太13:43	-	book
弗6:14#1	1	7	14～16節	弗6:14	-	bare
弗6:14#2	12	17	四15註2	弗4:15	2	chapter
弗6:14#2	18	22	21註1	弗4:21	1	bare
弗6:14#2	23	27	24註4	弗4:24	4	bare
弗6:14#2	84	88	約十四6	約14:6	-	book
弗6:14#4	167	172	林前一30	林前1:30	-	book
弗6:15#1	58	64	二13～17	弗2:13	-	chapter
弗6:15#1	140	143	二14	弗2:14	-	chapter
弗6:16#2	60	63	四24	弗4:24	-	chapter
弗6:16#2	77	82	來十二11	來12:11	-	book
弗6:16#2	83	88	賽三二17	賽32:17	-	book
弗6:16#2	134	138	來十二2	來12:2	-	book
弗6:17#3	130	135	約十六33	約16:33	-	book
弗6:17#5	20	25	林後三17	林後3:17	-	book
弗6:17#5	26	31	啟十九13	啟19:13	-	book
弗6:19#3	26	29	五32	弗5:32	-	chapter
弗6:19#3	32	40	羅十六25與註4	羅16:25	4	book
弗6:23#1	31	33	一2	弗1:2	-	chapter
弗6:23#2	112	117	提前一14	提前1:14	-	book
弗6:23#2	126	130	約一12	約1:12	-	book
弗6:23#2	139	144	約十四23	約14:23	-	book
弗6:23#2	236	239	加五6	加5:6	-	book
弗6:23#2	342	344	24	弗6:24	-	bare
弗6:24#3	39	41	一4	弗1:4	-	chapter
弗6:24#3	42	45	三17	弗3:17	-	chapter
弗6:24#3	46	48	四2	弗4:2	-	chapter
弗6:24#3	49	54	15～16	弗4:15	-	bare
弗6:24#3	55	57	五2	弗5:2	-	chapter
弗6:24#3	88	91	啟二4	啟2:4	-	book
箴5:3#1	14	19	1～20節	箴5:1	-	bare
箴5:3#1	30	37	來十三4與註1	來13:4	1	book
箴5:3#1	65	69	十二4上	箴12:4	-	chapter
箴5:3#1	70	74	十四1上	箴14:1	-	chapter
箴5:3#1	75	82	三一10～31	箴31:10	-	chapter
箴5:3#1	104	108	一7註1	箴1:7	1	chapter
箴8:12#1	31	34	一20	箴1:20	-	chapter
箴8:12#1	35	38	三19	箴3:19	-	chapter
箴8:12#1	39	43	四5～9	箴4:5	-	chapter
箴8:12#1	44	46	七4	箴7:4	-	chapter
箴8:12#1	47	52	八1～36	箴8:1	-	chapter
箴8:12#1	53	58	九1～11	箴9:1	-	chapter
箴8:12#1	91	96	林前一24	林前1:24	-	book
箴8:12#1	97	100	西二3	西2:3	-	book
箴8:12#1	101	109	太十一19與註3	太11:19	3	book
箴8:12#1	128	133	林前一30	林前1:30	-	book
腓1:1#1	20	25	徒十六12	徒16:12	-	book
腓1:1#1	44	52	徒十六10～12	徒16:10	-	book
腓1:1#3	12	17	徒二十17	徒20:17	-	book
腓1:1#3	18	20	28	徒20:28	-	bare
腓1:1#4	29	33	提前三8	提前3:8	-	book
腓1:2#1	1	6	弗一2註1	弗1:2	1	book
腓1:2#2	1	6	弗一2註2	弗1:2	2	book
腓1:5#1	45	46	7	腓1:7	-	bare
腓1:5#1	57	59	12	腓1:12	-	bare
腓1:5#1	72	74	27	腓1:27	-	bare
腓1:5#2	8	15	羅十五26註1	羅15:26	1	book
腓1:5#2	69	72	四10	腓4:10	-	chapter
腓1:5#2	73	78	15～16	腓4:15	-	bare
腓1:7#1	179	183	徒二四5	徒24:5	-	book
腓1:9#1	77	83	15～18節	腓1:15	-	bare
腓1:9#1	93	97	三2～3	腓3:2	-	chapter
腓1:15#1	17	21	林後十7	林後10:7	-	book
腓1:15#1	22	29	十一22～23	林後11:22	-	chapter
腓1:17#2	129	137	徒二一27～36	徒21:27	-	book
腓1:19#2	37	40	創一2	創1:2	-	book
腓1:19#2	59	63	士三10	士3:10	-	book
腓1:19#2	64	68	撒上十6	撒上10:6	-	book
腓1:19#2	87	91	路一35	路1:35	-	book
腓1:19#2	92	96	太一20	太1:20	-	book
腓1:19#2	114	118	徒十六7	徒16:7	-	book
腓1:19#2	134	137	羅八9	羅8:9	-	book
腓1:19#2	161	165	約七39	約7:39	-	book
腓1:19#2	243	251	出三十23～25	出30:23	-	book
腓1:19#2	308	312	徒十六7	徒16:7	-	book
腓1:19#2	324	327	羅八9	羅8:9	-	book
腓1:19#2	379	383	二5～8	腓2:5	-	chapter
腓1:19#2	402	405	三10	腓3:10	-	chapter
腓1:19#2	613	616	啟一4	啟1:4	-	book
腓1:19#2	617	619	四5	啟4:5	-	chapter
腓1:19#2	620	622	五6	啟5:6	-	chapter
腓1:19#4	3	6	二12	腓2:12	-	chapter
腓1:19#4	46	51	二12註5	腓2:12	5	chapter
腓1:21#1	72	74	三9	腓3:9	-	chapter
腓1:21#1	109	113	加二20	加2:20	-	book
腓1:25#1	15	17	猶3	猶1:3	-	book
腓1:25#1	18	22	提後四7	提後4:7	-	book
腓1:27#1	62	65	二20	腓2:20	-	chapter
腓1:27#2	31	37	提後一8註4	提後1:8	4	book
腓1:28#2	15	19	19註4	腓1:19	4	bare
腓1:28#2	20	25	二12註5	腓2:12	5	chapter
腓1:29#2	36	39	三10	腓3:10	-	chapter
腓1:30#1	27	35	提前一14～16	提前1:14	-	book
腓2:2#1	1	5	1～2節	腓2:1	-	bare
腓2:2#2	43	45	一4	腓1:4	-	chapter
腓2:2#2	46	48	18	腓1:18	-	bare
腓2:2#2	49	51	25	腓1:25	-	bare
腓2:2#2	52	58	二17～18	腓2:17	-	chapter
腓2:2#2	59	64	28～29	腓2:28	-	bare
腓2:2#2	65	67	三1	腓3:1	-	chapter
腓2:2#2	68	70	四1	腓4:1	-	chapter
腓2:2#2	71	72	4	腓4:4	-	bare
腓2:2#3	17	19	四2	腓4:2	-	chapter
腓2:2#6	32	38	一20～21	腓1:20	-	chapter
腓2:2#6	39	41	二5	腓2:5	-	chapter
腓2:2#6	42	46	三7～9	腓3:7	-	chapter
腓2:2#6	47	50	四13	腓4:13	-	chapter
腓2:3#2	1	6	一17註1	腓1:17	1	chapter
腓2:3#3	48	49	5	腓2:5	-	bare
腓2:3#4	30	34	7～8節	腓2:7	-	bare
箴20:27#1	20	23	創二7	創2:7	-	book
箴20:27#1	25	30	創二7註5	創2:7	5	book
箴20:27#1	32	36	伯三二8	伯32:8	-	book
箴20:27#1	38	42	伯三二8	伯32:8	-	book
箴20:27#2	32	36	約壹一5	約壹1:5	-	book
箴20:27#2	110	114	羅八16	羅8:16	-	book
箴20:27#2	129	134	羅十二11	羅12:11	-	book
箴22:8#1	59	63	林後九7	林後9:7	-	book
箴22:20#1	15	24	二二22～二四22	箴22:22	-	chapter
腓2:5#1	11	13	3節	腓2:3	-	bare
腓2:5#1	18	20	4節	腓2:4	-	bare
腓2:5#1	56	59	7～8	腓2:7	-	bare
腓2:5#1	97	99	一8	腓1:8	-	chapter
腓2:5#2	13	19	一20～21	腓1:20	-	chapter
腓2:5#2	47	49	12	腓2:12	-	bare
腓2:5#2	54	59	5～16節	腓2:5	-	bare
腓2:5#2	71	72	5	腓2:5	-	bare
腓2:5#2	78	80	12	腓2:12	-	bare
腓2:5#2	84	86	13	腓2:13	-	bare
腓2:5#2	94	96	16	腓2:16	-	bare
腓2:6#2	26	29	來一3	來1:3	-	book
腓2:8#2	15	17	7節	腓2:7	-	bare
腓2:8#4	28	36	申二一22～23	申21:22	-	book
腓2:8#4	61	69	太二七16～17	太27:16	-	book
腓2:8#4	70	75	20～23	太27:20	-	bare
腓2:8#4	88	92	來十二2	來12:2	-	book
腓2:9#3	11	14	徒九5	徒9:5	-	book
腓2:11#1	27	31	徒二36	徒2:36	-	book
腓2:11#2	11	17	羅十9～10	羅10:9	-	book
腓2:11#2	18	23	12～13	羅10:12	-	bare
腓2:11#3	53	62	林前十五24～28	林前15:24	-	book
腓2:12#2	4	6	8節	腓2:8	-	bare
腓2:12#4	48	49	9	腓2:9	-	bare
腓2:12#4	123	124	2	腓2:2	-	bare
腓2:12#5	95	98	5～8	腓2:5	-	bare
腓2:12#5	111	115	9～11	腓2:9	-	bare
腓2:12#5	231	234	一19	腓1:19	-	chapter
腓2:13#1	50	54	6～11	腓2:6	-	bare
腓2:13#1	66	68	12	腓2:12	-	bare
腓2:13#2	38	44	林後十三3上	林後13:3	-	book
腓2:13#2	45	46	5	林後13:5	-	bare
腓2:13#2	61	65	羅八11	羅8:11	-	book
腓2:13#3	10	13	弗一5	弗1:5	-	book
腓2:13#5	42	45	四23	腓4:23	-	chapter
腓2:13#5	89	92	羅八4	羅8:4	-	book
腓2:13#5	103	106	羅八6	羅8:6	-	book
腓2:13#5	119	123	羅八11	羅8:11	-	book
腓2:15#1	19	23	太十16	太10:16	-	book
腓2:15#4	20	24	彼後一4	彼後1:4	-	book
腓2:15#5	86	88	16	腓2:16	-	bare
腓2:15#6	15	20	約壹五19	約壹5:19	-	book
腓2:15#6	21	27	二15～17	約壹2:15	-	chapter
腓2:16#1	23	28	提後三16	提後3:16	-	book
腓2:16#1	39	43	約六63	約6:63	-	book
腓2:16#1	59	63	6～11	腓2:6	-	bare
腓2:16#1	76	78	13	腓2:13	-	bare
腓2:16#1	100	102	15	腓2:15	-	bare
腓2:16#1	125	127	15	腓2:15	-	bare
腓2:16#3	15	19	帖前五2	帖前5:2	-	book
腓2:16#3	20	24	帖後二2	帖後2:2	-	book
腓2:16#3	25	29	林前一8	林前1:8	-	book
腓2:16#3	30	35	林後一14	林後1:14	-	book
腓2:16#3	41	46	提後一18	提後1:18	-	book
腓2:16#3	47	49	四8	提後4:8	-	chapter
腓2:16#3	87	92	林後五10	林後5:10	-	book
腓2:16#3	93	101	太二五19～30	太25:19	-	book
腓2:16#4	8	9	2	腓2:2	-	bare
箴27:20#1	1	7	十五11註1	箴15:11	1	chapter
腓2:17#1	24	31	民十五1～10	民15:1	-	book
腓2:17#1	32	38	二八7～10	民28:7	-	chapter
腓2:17#1	119	123	提後四6	提後4:6	-	book
腓2:17#4	9	13	25註3	腓2:25	3	bare
腓2:20#1	32	35	一27	腓1:27	-	chapter
腓2:20#1	54	55	2	腓2:2	-	bare
腓2:20#1	78	83	20～21	腓2:20	-	bare
腓2:20#1	148	152	羅十二2	羅12:2	-	book
腓2:25#3	3	6	17節	腓2:17	-	bare
腓2:25#3	39	43	彼前二9	彼前2:9	-	book
腓2:25#3	44	47	啟一6	啟1:6	-	book
腓2:25#3	77	79	17	腓2:17	-	bare
腓2:25#3	80	82	30	腓2:30	-	bare
腓2:30#3	1	5	17註4	腓2:17	4	bare
腓2:30#3	7	11	25註3	腓2:25	3	bare
腓2:30#3	12	16	三3註2	腓3:3	2	chapter
腓3:2#2	30	35	利十一27	利11:27	-	book
腓3:2#2	79	85	加五12註1	加5:12	1	book
腓3:3#1	23	29	加五11註1	加5:11	1	book
腓3:3#1	30	36	西二11註2	西2:11	2	book
腓3:3#2	3	6	二17	腓2:17	-	chapter
腓3:3#3	1	5	2～3節	腓3:2	-	bare
腓3:5#1	13	18	創十七12	創17:12	-	book
腓3:5#1	63	68	創十七25	創17:25	-	book
腓3:5#2	21	25	羅十一1	羅11:1	-	book
腓3:5#2	26	32	林後十一22	林後11:22	-	book
腓3:5#3	29	34	申三三12	申33:12	-	book
腓3:5#6	12	16	徒二六5	徒26:5	-	book
腓3:5#6	17	20	二三6	徒23:6	-	chapter
腓3:5#6	37	42	太三7註1	太3:7	1	book
腓3:6#1	18	25	加一14與註1	加1:14	1	book
腓3:6#2	62	67	加二16下	加2:16	-	book
傳1:2#1	32	39	王上十一1～8	王上11:1	-	book
傳1:2#1	75	79	弗二12	弗2:12	-	book
傳1:2#1	199	206	創一26與註2	創1:26	2	book
傳1:2#1	246	251	創三1～6	創3:1	-	book
傳1:2#1	298	305	羅八20～21	羅8:20	-	book
傳1:2#1	332	334	14	傳1:14	-	bare
傳1:2#1	426	430	十二13	傳12:13	-	chapter
傳1:13#1	65	68	3～7	傳1:3	-	bare
傳1:13#1	96	100	8～11	傳1:8	-	bare
傳1:13#1	134	135	2	傳1:2	-	bare
傳1:13#1	136	138	14	傳1:14	-	bare
傳1:13#1	350	353	十二1	傳12:1	-	chapter
傳1:13#1	354	359	13～14	傳12:13	-	bare
傳1:13#1	413	418	詩一1註1	詩1:1	1	book
傳1:13#1	421	426	箴一1註1	箴1:1	1	book
傳1:14#1	20	24	何十二1	何12:1	-	book
傳2:24#1	1	6	三12註1	傳3:12	1	chapter
傳3:11#1	110	117	創一26與註3	創1:26	3	book
傳3:11#1	118	123	二7與註5	創2:7	5	chapter
傳3:11#1	206	211	林後四18	林後4:18	-	book
傳3:11#1	214	219	歌一4註1	歌1:4	1	book
傳3:12#1	70	73	二24	傳2:24	-	chapter
傳3:12#1	74	80	三12～13	傳3:12	-	chapter
傳3:12#1	81	87	五18～20	傳5:18	-	chapter
傳3:12#1	88	91	八15	傳8:15	-	chapter
傳3:12#1	92	97	九7～10	傳9:7	-	chapter
傳3:12#1	157	162	太五45下	太5:45	-	book
傳3:12#1	163	168	提前六17	提前6:17	-	book
傳3:12#1	265	270	林後五17	林後5:17	-	book
傳3:12#1	271	275	加六15	加6:15	-	book
傳3:12#1	285	293	徒十四14～17	徒14:14	-	book
傳3:12#1	294	301	十七24～31	徒17:24	-	chapter
傳3:12#1	426	434	約壹二15～17	約壹2:15	-	book
傳3:12#1	455	462	羅八20～21	羅8:20	-	book
傳3:12#1	483	487	彼後一4	彼後1:4	-	book
傳3:15#1	107	112	14～15	傳3:14	-	bare
傳3:19#1	18	21	創二7	創2:7	-	book
傳3:19#1	46	51	創二7註5	創2:7	5	book
傳3:21#1	18	24	結三七5註1	結37:5	1	book
傳5:1#1	70	74	來四16	來4:16	-	book
傳5:18#1	1	6	三12註1	傳3:12	1	chapter
腓3:7#1	0	4	7～8節	腓3:7	-	bare
腓3:7#2	1	5	5～6節	腓3:5	-	bare
腓3:8#1	0	5	8～11節	腓3:8	-	bare
腓3:8#1	30	33	11節	腓3:11	-	bare
腓3:8#2	9	13	5～6節	腓3:5	-	bare
腓3:8#3	80	87	加一15～16	加1:15	-	book
腓3:8#4	0	4	5～6節	腓3:5	-	bare
腓3:8#4	34	38	7～8節	腓3:7	-	bare
腓3:8#6	43	46	西二9	西2:9	-	book
腓3:8#6	63	70	西二16～17	西2:16	-	book
腓3:8#6	112	115	弗三8	弗3:8	-	book
腓3:9#1	69	74	林後十二2	林後12:2	-	book
腓3:9#1	185	188	一20	腓1:20	-	chapter
腓3:9#3	1	3	6節	腓3:6	-	bare
腓3:9#4	23	29	羅三22註1	羅3:22	1	book
腓3:9#5	44	49	林前一30	林前1:30	-	book
腓3:10#1	57	59	8節	腓3:8	-	bare
腓3:10#2	25	32	弗一19～20	弗1:19	-	book
腓3:10#2	50	53	羅一4	羅1:4	-	book
腓3:10#3	11	19	太二十22～23	太20:22	-	book
腓3:10#3	20	24	西一24	西1:24	-	book
腓3:10#3	48	53	提後二11	提後2:11	-	book
腓3:10#3	218	222	西一24	西1:24	-	book
腓3:10#4	116	120	約六57	約6:57	-	book
腓3:11#1	20	28	林前九24～26	林前9:24	-	book
腓3:11#1	29	35	提後四7～8	提後4:7	-	book
腓3:11#2	53	58	帖前四16	帖前4:16	-	book
腓3:11#2	59	65	林前十五52	林前15:52	-	book
腓3:11#2	89	96	來十一35註2	來11:35	2	book
腓3:11#2	137	142	弗二5～6	弗2:5	-	book
腓3:11#2	161	164	羅八6	羅8:6	-	book
腓3:11#2	172	176	羅八11	羅8:11	-	book
腓3:12#1	24	32	提前一14～16	提前1:14	-	book
腓3:12#7	47	48	8	腓3:8	-	bare
腓3:14#2	1	5	12註5	腓3:12	5	bare
腓3:14#3	35	38	來三1	來3:1	-	book
腓3:14#3	41	44	20節	腓3:20	-	bare
腓3:15#2	49	52	一27	腓1:27	-	chapter
腓3:15#2	80	82	二2	腓2:2	-	chapter
腓3:15#2	83	85	四2	腓4:2	-	chapter
腓3:15#2	103	105	二5	腓2:5	-	chapter
腓3:15#2	188	191	二20	腓2:20	-	chapter
腓3:16#4	80	84	羅四12	羅4:12	-	book
腓3:16#4	85	89	加五25	加5:25	-	book
腓3:16#4	90	93	六16	加6:16	-	chapter
腓3:16#4	98	104	17～18節	腓3:17	-	bare
腓3:16#4	128	131	羅六4	羅6:4	-	book
腓3:16#4	132	134	八4	羅8:4	-	chapter
腓3:16#4	135	139	十三13	羅13:13	-	chapter
腓3:16#4	140	144	林前三3	林前3:3	-	book
腓3:16#4	145	149	加五16	加5:16	-	book
腓3:16#4	150	153	弗四1	弗4:1	-	book
腓3:16#4	154	156	17	弗4:17	-	bare
腓3:16#4	310	316	加五25註2	加5:25	2	book
傳7:6#1	136	137	6	傳7:6	-	bare
傳7:6#1	138	140	15	傳7:15	-	bare
傳7:6#1	141	144	八10	傳8:10	-	chapter
傳7:6#1	145	147	14	傳8:14	-	bare
傳7:6#1	148	150	九9	傳9:9	-	chapter
傳7:6#1	151	154	十一8	傳11:8	-	chapter
傳7:6#1	155	157	10	傳11:10	-	bare
傳7:6#1	158	161	十二8	傳12:8	-	chapter
傳8:15#1	1	6	三12註1	傳3:12	1	chapter
傳9:7#1	1	6	三12註1	傳3:12	1	chapter
傳9:7#1	39	43	7～10	傳9:7	-	bare
傳9:7#1	52	56	創一28	創1:28	-	book
傳10:19#1	1	4	16節	傳10:16	-	bare
傳11:9#1	29	33	十二14	傳12:14	-	chapter
傳11:9#1	61	65	9～10	傳11:9	-	bare
傳11:9#1	104	107	十二1	傳12:1	-	chapter
傳12:2#1	61	67	林後五1～8	林後5:1	-	book
傳12:2#1	72	74	3上	傳12:3	-	bare
傳12:2#1	89	91	3中	傳12:3	-	bare
傳12:2#1	106	108	3下	傳12:3	-	bare
傳12:2#1	125	126	3	傳12:3	-	bare
傳12:2#1	137	139	4上	傳12:4	-	bare
傳12:2#1	148	150	4中	傳12:4	-	bare
傳12:2#1	165	167	4下	傳12:4	-	bare
傳12:2#1	175	177	5上	傳12:5	-	bare
傳12:2#1	186	188	5上	傳12:5	-	bare
傳12:2#1	200	202	5中	傳12:5	-	bare
傳12:2#1	227	229	5中	傳12:5	-	bare
傳12:2#1	255	257	5下	傳12:5	-	bare
傳12:2#1	294	295	6	傳12:6	-	bare
傳12:2#1	321	322	7	傳12:7	-	bare
傳12:2#1	323	326	創二7	創2:7	-	book
傳12:2#1	359	360	8	傳12:8	-	bare
傳12:14#1	64	72	啟二十11～15	啟20:11	-	book
腓3:18#1	47	49	2節	腓3:2	-	bare
腓3:18#1	140	144	1～16	腓3:1	-	bare
腓3:18#1	183	188	17～21	腓3:17	-	bare
腓3:18#2	17	21	加五24	加5:24	-	book
腓3:21#1	25	32	弗一19～22	弗1:19	-	book
腓3:21#2	21	24	創二7	創2:7	-	book
腓3:21#2	44	47	羅六6	羅6:6	-	book
腓3:21#2	48	51	七24	羅7:24	-	chapter
腓3:21#2	52	55	八11	羅8:11	-	chapter
腓3:21#3	29	32	約三6	約3:6	-	book
腓3:21#3	44	48	羅十二2	羅12:2	-	book
腓3:21#4	22	27	路二四26	路24:26	-	book
腓3:21#4	40	43	羅六9	羅6:9	-	book
腓4:2#1	42	45	一27	腓1:27	-	chapter
腓4:2#1	62	64	二2	腓2:2	-	chapter
腓4:2#1	83	89	三14～15	腓3:14	-	chapter
腓4:4#1	13	17	2～3節	腓4:2	-	bare
腓4:4#1	32	36	5～9節	腓4:5	-	bare
腓4:5#1	3	7	5～9節	腓4:5	-	bare
腓4:5#2	38	40	二3	腓2:3	-	chapter
腓4:5#2	51	54	二14	腓2:14	-	chapter
腓4:6#4	25	28	約一1	約1:1	-	book
腓4:6#4	29	33	可九19	可9:19	-	book
腓4:6#4	34	38	林後五8	林後5:8	-	book
腓4:6#4	39	43	約壹一2	約壹1:2	-	book
腓4:7#1	38	39	9	腓4:9	-	bare
腓4:7#1	70	75	約十六33	約16:33	-	book
腓4:8#7	23	29	彼後一3註6	彼後1:3	6	book
腓4:8#7	30	33	5註4	彼後1:5	4	bare
腓4:9#3	7	9	8節	腓4:8	-	bare
腓4:9#4	6	10	8～9節	腓4:8	-	bare
歌1:1#1	40	43	六13	歌6:13	-	chapter
歌1:1#1	86	93	約三29～30	約3:29	-	book
歌1:1#1	94	98	啟十九7	啟19:7	-	book
歌1:1#1	313	316	5～8	歌1:5	-	bare
歌1:1#1	518	523	羅一3～4	羅1:3	-	book
歌1:1#1	606	610	彼前一3	彼前1:3	-	book
歌1:1#1	611	613	23	彼前1:23	-	bare
歌1:1#1	614	617	約三6	約3:6	-	book
歌1:1#1	699	703	羅十二2	羅12:2	-	book
歌1:1#1	704	709	林後三18	林後3:18	-	book
歌1:1#1	710	714	腓三21	腓3:21	-	book
歌1:1#1	715	719	約壹三2	約壹3:2	-	book
歌1:1#1	772	777	六13註1	歌6:13	1	chapter
歌1:2#1	48	50	2下	歌1:2	-	bare
歌1:2#1	106	112	林前十五45	林前15:45	-	book
歌1:2#1	113	121	出三十23～25	出30:23	-	book
歌1:2#1	122	126	25註2	出30:25	2	bare
歌1:2#1	137	139	3上	歌1:3	-	bare
歌1:2#1	166	173	太四18～20	太4:18	-	book
歌1:2#1	178	182	2～3節	歌1:2	-	bare
歌1:2#1	257	261	可十六7	可16:7	-	book
歌1:2#1	264	269	約十三23	約13:23	-	book
歌1:2#1	270	276	二十1～17	約20:1	-	chapter
歌1:2#1	277	282	加二20下	加2:20	-	book
歌1:2#1	303	306	約一4	約1:4	-	book
歌1:2#1	307	309	12	約1:12	-	bare
歌1:2#1	346	353	林前二9與註1	林前2:9	1	book
歌1:2#1	354	362	提前一14與註2	提前1:14	2	book
歌1:3#1	11	16	林後十一2	林後11:2	-	book
歌1:3#1	35	40	彼前一8上	彼前1:8	-	book
歌1:4#1	71	75	創一26	創1:26	-	book
歌1:4#1	97	100	創二7	創2:7	-	book
歌1:4#1	101	105	亞十二1	亞12:1	-	book
歌1:4#1	131	135	傳三11	傳3:11	-	book
歌1:4#1	219	225	腓三7～14	腓3:7	-	book
歌1:4#1	241	244	西二9	西2:9	-	book
歌1:4#1	245	249	約一18	約1:18	-	book
歌1:4#1	269	275	傳一2與註2	傳1:2	2	book
歌1:4#2	27	33	林後十三14	林後13:14	-	book
歌1:4#2	34	37	腓二1	腓2:1	-	book
歌1:4#2	63	66	約三6	約3:6	-	book
歌1:4#2	92	97	林前六17	林前6:17	-	book
歌1:4#2	98	103	提後四22	提後4:22	-	book
歌1:4#2	121	125	來四16	來4:16	-	book
歌1:4#2	126	129	十19	來10:19	-	chapter
歌1:4#2	189	195	林前十五45	林前15:45	-	book
歌1:4#2	196	201	林後三17	林後3:17	-	book
歌1:7#2	39	43	約十16	約10:16	-	book
歌1:7#2	44	49	徒二十28	徒20:28	-	book
歌1:7#2	50	54	彼前五2	彼前5:2	-	book
歌1:8#1	189	193	約十11	約10:11	-	book
歌1:8#1	194	196	16	約10:16	-	bare
歌1:8#1	197	202	徒二十28	徒20:28	-	book
歌1:8#1	203	209	彼前五2～4	彼前5:2	-	book
歌1:9#1	33	35	13	歌1:13	-	bare
歌1:9#2	19	20	9	歌1:9	-	bare
歌1:9#2	60	65	出一1註2	出1:1	2	book
歌1:9#2	80	84	羅十二2	羅12:2	-	book
歌1:9#2	85	90	林後三18	林後3:18	-	book
歌1:9#2	125	129	二1～2	歌2:1	-	chapter
歌1:9#2	130	134	太六28	太6:28	-	book
歌1:9#2	149	152	15下	歌1:15	-	bare
歌1:9#2	153	157	太十16	太10:16	-	book
歌1:10#2	1	5	11註1	歌1:11	1	bare
歌1:11#1	48	53	林後三18	林後3:18	-	book
歌1:11#1	82	89	弗四11～12	弗4:11	-	book
歌1:11#1	141	145	11註2	歌1:11	2	bare
歌1:11#1	183	185	10	歌1:10	-	bare
歌1:11#1	197	204	林前三12註2	林前3:12	2	book
歌1:11#1	306	311	林前三12	林前3:12	-	book
歌1:11#1	312	320	啟二一18～21	啟21:18	-	book
歌1:12#1	49	55	約十二1～3	約12:1	-	book
歌1:13#1	23	28	提前一14	提前1:14	-	book
歌1:13#1	29	33	帖前五8	帖前5:8	-	book
歌1:13#1	51	54	腓三8	腓3:8	-	book
歌1:13#1	76	78	14	歌1:14	-	bare
歌1:13#1	96	100	14註1	歌1:14	1	bare
歌1:13#1	192	197	約十九34	約19:34	-	book
歌1:13#1	198	204	林前十五45	林前15:45	-	book
歌1:13#1	205	208	羅八9	羅8:9	-	book
歌1:13#1	209	211	11	羅8:11	-	bare
歌1:13#1	212	214	13	羅8:13	-	bare
歌1:13#1	284	288	羅八16	羅8:16	-	book
歌1:15#1	27	34	太三16與註4	太3:16	4	book
歌1:15#1	52	54	16	歌1:16	-	bare
歌1:16#1	11	13	二6	歌2:6	-	chapter
歌1:16#1	35	38	羅八2	羅8:2	-	book
歌1:16#1	94	96	17	歌1:17	-	bare
歌1:16#1	178	182	13註1	歌1:13	1	bare
腓4:11#1	36	42	三18～19	腓3:18	-	chapter
腓4:13#1	13	18	林後十二2	林後12:2	-	book
腓4:13#1	79	83	約十五5	約15:5	-	book
腓4:13#2	20	24	西一27	西1:27	-	book
腓4:14#1	12	14	18	腓4:18	-	bare
腓4:14#1	27	29	一5	腓1:5	-	chapter
腓4:14#2	9	12	一17	腓1:17	-	chapter
腓4:15#4	11	13	一5	腓1:5	-	chapter
腓4:15#4	14	17	四14	腓4:14	-	chapter
腓4:17#3	2	5	15節	腓4:15	-	bare
腓4:18#3	24	28	創八21	創8:21	-	book
腓4:18#4	32	37	來十三16	來13:16	-	book
腓4:20#3	1	7	太六13註5	太6:13	5	book
腓4:23#1	31	34	一19	腓1:19	-	chapter
歌2:1#2	48	51	1註1	歌2:1	1	bare
歌2:1#2	98	102	太六28	太6:28	-	book
歌2:2#1	20	23	雅四4	雅4:4	-	book
歌2:2#1	60	64	太六28	太6:28	-	book
歌2:3#1	55	60	賽四5～6	賽4:5	-	book
歌2:3#1	61	66	林後十二9	林後12:9	-	book
歌2:4#1	42	49	羅八31～39	羅8:31	-	book
歌2:4#1	78	82	約六35	約6:35	-	book
歌2:4#1	101	104	啟二7	啟2:7	-	book
歌2:4#1	105	108	二二2	啟22:2	-	chapter
歌2:4#1	151	159	太二六27～29	太26:27	-	book
歌2:4#1	201	204	一12	歌1:12	-	chapter
歌2:8#1	40	41	9	歌2:9	-	bare
歌2:9#1	27	32	一2～4上	歌1:2	-	chapter
歌2:9#1	47	53	一4下～6上	歌1:4	-	chapter
歌2:9#1	64	69	一6下～8	歌1:6	-	chapter
歌2:9#1	80	86	一9～16上	歌1:9	-	chapter
歌2:9#1	87	92	二1～3上	歌2:1	-	chapter
歌2:9#1	115	122	一16下～17	歌1:16	-	chapter
歌2:9#1	123	128	二3下～7	歌2:3	-	chapter
歌2:9#1	257	261	來十二2	來12:2	-	book
歌2:9#2	56	60	約十六8	約16:8	-	book
歌2:10#1	33	35	8上	歌2:8	-	bare
歌2:12#1	27	33	12～13上	歌2:12	-	bare
歌2:12#1	55	59	14註1	歌2:14	1	bare
歌2:12#1	69	73	腓三10	腓3:10	-	book
歌2:13#1	7	9	10	歌2:10	-	bare
歌2:13#1	40	44	10註2	歌2:10	2	bare
歌2:14#1	96	100	路九23	路9:23	-	book
歌2:14#1	161	166	加二20上	加2:20	-	book
歌2:14#1	167	173	林前十五31	林前15:31	-	book
歌2:14#1	174	182	林後四10～11	林後4:10	-	book
歌2:14#1	264	268	8～9上	歌2:8	-	bare
歌2:14#1	287	292	11～13	歌2:11	-	bare
歌2:14#1	344	349	太十六24	太16:24	-	book
歌2:14#1	385	389	腓三10	腓3:10	-	book
歌2:14#1	406	411	約十一25	約11:25	-	book
歌2:14#1	444	449	林前六17	林前6:17	-	book
歌2:17#1	45	51	13下～14	歌2:13	-	bare
歌2:17#1	104	107	8註1	歌2:8	1	bare
歌2:17#1	132	136	17註2	歌2:17	2	bare
西1:1#1	109	112	二16	西2:16	-	chapter
西1:1#1	113	118	20～21	西2:20	-	bare
西1:1#1	144	146	二8	西2:8	-	chapter
西1:1#1	147	149	18	西2:18	-	bare
西1:1#2	1	6	弗一1註2	弗1:1	2	book
西1:3#1	1	6	弗一3註2	弗1:3	2	book
西1:4#2	35	36	5	西1:5	-	bare
西1:5#2	0	1	4	西1:4	-	bare
西1:5#2	2	4	5節	西1:5	-	bare
西1:5#2	16	22	林前十三13	林前13:13	-	book
西1:5#2	68	70	27	西1:27	-	bare
西1:6#1	12	18	約壹一6註6	約壹1:6	6	book
西1:6#2	32	36	約一17	約1:17	-	book
西1:6#2	37	43	林前十五10	林前15:10	-	book
西1:9#2	30	33	弗一5	弗1:5	-	book
西1:9#2	34	35	9	弗1:9	-	bare
西1:9#2	36	38	11	弗1:11	-	bare
西1:11#2	12	16	腓三10	腓3:10	-	book
西1:11#2	40	44	腓四13	腓4:13	-	book
西1:12#3	26	30	書十四1	書14:1	-	book
西1:13#1	48	54	太十二26下	太12:26	-	book
西1:13#3	13	16	約一4	約1:4	-	book
西1:13#3	17	19	18	約1:18	-	bare
西1:13#3	20	24	約壹一2	約壹1:2	-	book
歌3:2#1	61	66	來十二22	來12:22	-	book
歌3:3#1	35	40	來十三17	來13:17	-	book
歌3:4#1	78	82	加四26	加4:26	-	book
歌3:4#1	83	85	31	加4:31	-	bare
歌3:4#1	86	90	31註1	加4:31	1	bare
歌3:4#1	112	117	弗二4～5	弗2:4	-	book
歌3:4#1	138	147	林後十三14與註1	林後13:14	1	book
歌3:4#1	167	171	來十29	來10:29	-	book
歌3:4#1	218	221	弗二8	弗2:8	-	book
歌3:6#1	93	99	來十19註1	來10:19	1	book
歌3:6#1	135	138	羅八4	羅8:4	-	book
歌3:6#1	155	159	來四12	來4:12	-	book
歌3:6#2	1	6	6～11節	歌3:6	-	bare
歌3:6#2	29	34	林後五17	林後5:17	-	book
歌3:6#2	89	94	出十四19	出14:19	-	book
歌3:6#2	95	99	啟三12	啟3:12	-	book
歌3:6#2	157	160	二14	歌2:14	-	chapter
歌3:6#2	221	226	林前二15	林前2:15	-	book
歌3:6#2	227	229	三1	林前3:1	-	chapter
歌3:6#2	230	238	林後四16～18	林後4:16	-	book
歌3:6#2	239	244	西三1～3	西3:1	-	book
歌3:6#2	288	293	出十四19	出14:19	-	book
歌3:6#2	294	298	約四24	約4:24	-	book
歌3:6#2	320	325	創二八12	創28:12	-	book
歌3:6#2	326	330	約一51	約1:51	-	book
歌3:6#2	394	399	林後二14	林後2:14	-	book
歌3:7#1	195	196	8	歌3:8	-	bare
歌3:7#1	198	204	林後十3～5	林後10:3	-	book
歌3:7#1	205	212	弗六10～20	弗6:10	-	book
歌3:7#1	213	218	提前一18	提前1:18	-	book
歌3:7#1	219	223	提後四7	提後4:7	-	book
歌3:9#1	95	100	彼後一19	彼後1:19	-	book
歌3:9#1	178	182	9～10	歌3:9	-	bare
歌3:11#1	31	37	詩四八2註1	詩48:2	1	book
歌3:11#1	157	162	林前六17	林前6:17	-	book
歌3:11#2	19	25	出二十6註1	出20:6	1	book
歌3:11#2	49	56	約三29～30	約3:29	-	book
歌3:11#2	107	112	羅一3～4	羅1:3	-	book
歌3:11#2	162	166	羅十二2	羅12:2	-	book
歌3:11#2	167	172	林後三18	林後3:18	-	book
歌3:11#2	206	211	箴十二4上	箴12:4	-	book
歌3:11#3	85	88	7～8	歌3:7	-	bare
歌3:11#3	107	112	林後十一2	林後11:2	-	book
歌3:11#3	166	170	9～10	歌3:9	-	bare
歌3:11#3	191	197	啟十九7～8	啟19:7	-	book
歌3:11#3	230	237	啟二一9～10	啟21:9	-	book
歌3:11#3	252	255	7～8	歌3:7	-	bare
歌3:11#3	268	272	9～10	歌3:9	-	bare
歌3:11#3	284	286	11	歌3:11	-	bare
歌3:11#3	319	324	林後五17	林後5:17	-	book
歌3:11#3	367	373	六13與註1	歌6:13	1	chapter
歌3:11#3	408	415	啟二一9～10	啟21:9	-	book
歌3:11#3	416	418	12	啟21:12	-	bare
歌3:11#3	419	421	14	啟21:14	-	bare
歌4:3#1	38	42	書二21	書2:21	-	book
歌4:3#1	43	51	太二七28～29	太27:28	-	book
歌4:4#1	31	35	賽三16	賽3:16	-	book
歌4:5#1	39	43	太六28	太6:28	-	book
歌4:5#1	56	59	加五6	加5:6	-	book
歌4:5#1	60	65	提前一14	提前1:14	-	book
歌4:6#1	24	30	二14～三5	歌2:14	-	chapter
歌4:6#1	90	95	彼後一19	彼後1:19	-	book
歌4:6#1	191	194	羅六3	羅6:3	-	book
歌4:6#1	195	200	約十一25	約11:25	-	book
歌4:6#1	201	204	弗二6	弗2:6	-	book
歌4:6#1	205	211	羅八9～10	羅8:9	-	book
歌4:6#1	233	237	羅八16	羅8:16	-	book
歌4:6#1	391	396	加二20上	加2:20	-	book
歌4:6#1	419	424	約十二24	約12:24	-	book
歌4:6#1	446	451	西三1～3	西3:1	-	book
歌4:6#1	557	563	林前十五45	林前15:45	-	book
歌4:6#1	564	568	腓一19	腓1:19	-	book
西1:15#1	29	32	來一3	來1:3	-	book
西1:15#1	84	89	腓二6註2	腓2:6	2	book
西1:15#1	95	98	三10	西3:10	-	chapter
西1:15#1	99	104	林後三18	林後3:18	-	book
西1:15#2	31	36	來二14上	來2:14	-	book
西1:15#2	81	87	15～18節	西1:15	-	bare
西1:16#2	1	7	弗一21註1	弗1:21	1	book
西1:18#1	0	6	15～17節	西1:15	-	bare
西1:18#1	32	35	18節	西1:18	-	bare
西1:18#1	64	69	林後五17	林後5:17	-	book
西1:18#1	70	74	加六15	加6:15	-	book
西1:19#2	141	144	15節	西1:15	-	bare
西1:20#3	60	65	16～17	西1:16	-	bare
西1:20#5	9	12	19節	西1:19	-	bare
西1:22#1	15	18	19節	西1:19	-	bare
西1:22#1	33	35	19	西1:19	-	bare
西1:22#1	51	53	20	西1:20	-	bare
西1:23#2	16	18	27	西1:27	-	bare
西1:25#1	1	6	弗三2註3	弗3:2	3	book
西1:26#2	14	17	25節	西1:25	-	bare
西1:26#2	53	57	弗五32	弗5:32	-	book
西1:27#1	34	37	弗三8	弗3:8	-	book
西1:27#4	34	36	27	西1:27	-	bare
西1:27#4	46	48	28	西1:28	-	bare
西1:27#4	60	62	二7	西2:7	-	chapter
西1:27#4	70	72	二8	西2:8	-	chapter
西1:27#4	84	87	二13	西2:13	-	chapter
西1:27#4	96	102	二20～21	西2:20	-	chapter
西1:27#4	110	113	二19	西2:19	-	chapter
西1:27#4	120	123	二19	西2:19	-	chapter
西1:27#4	135	138	二19	西2:19	-	chapter
西1:27#5	30	34	羅八30	羅8:30	-	book
西1:29#1	13	18	弗三7註3	弗3:7	3	book
西1:29#1	19	23	20註2	弗3:20	2	bare
歌4:7#1	60	61	6	歌4:6	-	bare
歌4:7#1	101	106	林後五17	林後5:17	-	book
歌4:7#1	144	149	弗二5～6	弗2:5	-	book
歌4:8#1	134	137	二14	歌2:14	-	chapter
歌4:8#2	20	26	王下十九23	王下19:23	-	book
歌4:8#2	28	33	約六3註1	約6:3	1	book
歌4:8#2	36	39	7註1	歌4:7	1	bare
歌4:8#3	71	77	約壹一6註6	約壹1:6	6	book
歌4:8#4	45	49	來二14	來2:14	-	book
歌4:8#4	50	54	西二15	西2:15	-	book
歌4:8#6	66	73	弗三10與註2	弗3:10	2	book
歌4:8#6	114	120	弗六12註4	弗6:12	4	book
歌4:8#6	230	237	弗六12～20	弗6:12	-	book
歌4:9#1	20	24	來二11	來2:11	-	book
歌4:9#1	35	39	9～10	歌4:9	-	bare
歌4:9#1	40	42	12	歌4:12	-	bare
歌4:9#1	43	45	五1	歌5:1	-	chapter
歌4:9#1	48	52	一1註1	歌1:1	1	chapter
歌4:9#2	31	36	箴一8～9	箴1:8	-	book
歌4:10#1	64	66	一3	歌1:3	-	chapter
歌4:11#1	26	35	撒上十四24～29	撒上14:24	-	book
歌4:11#1	67	73	林前三1～2	林前3:1	-	book
歌4:11#1	74	78	彼前二2	彼前2:2	-	book
歌4:11#1	91	95	啟十九8	啟19:8	-	book
歌4:11#1	110	113	8註2	歌4:8	2	bare
歌4:12#1	1	4	9註1	歌4:9	1	bare
歌4:12#2	80	86	四12～五1	歌4:12	-	chapter
歌4:12#2	87	91	六2～3	歌6:2	-	chapter
歌4:12#2	103	106	六4上	歌6:4	-	chapter
歌4:12#2	120	124	六10上	歌6:10	-	chapter
歌4:12#2	149	152	六4下	歌6:4	-	chapter
歌4:12#2	153	156	10下	歌6:10	-	bare
歌4:12#2	157	159	13	歌6:13	-	bare
歌4:12#2	255	259	啟二二1	啟22:1	-	book
歌4:13#1	110	115	13～14	歌4:13	-	bare
歌4:15#1	18	25	約七38～39	約7:38	-	book
歌5:1#1	1	5	四9註1	歌4:9	1	chapter
歌5:1#2	100	102	六2	歌6:2	-	chapter
西2:2#5	21	24	弗三4	弗3:4	-	book
西2:3#1	114	117	弗一8	弗1:8	-	book
西2:3#1	118	120	17	弗1:17	-	bare
西2:4#2	63	64	8	西2:8	-	bare
西2:4#2	78	80	三4	西3:4	-	chapter
西2:4#2	93	95	19	西2:19	-	bare
西2:4#2	107	108	2	西2:2	-	bare
西2:4#2	121	124	一27	西1:27	-	chapter
西2:4#2	143	144	7	西2:7	-	bare
西2:6#1	10	13	一12	西1:12	-	chapter
西2:6#1	40	45	林後三17	林後3:17	-	book
西2:6#1	63	68	提後四22	提後4:22	-	book
西2:7#3	108	112	加三14	加3:14	-	book
西2:7#3	124	129	提後四22	提後4:22	-	book
西2:7#3	130	134	羅八16	羅8:16	-	book
西2:7#3	151	154	羅八4	羅8:4	-	book
西2:7#3	155	159	加五16	加5:16	-	book
西2:8#3	10	13	加四3	加4:3	-	book
西2:8#3	16	21	加四3註1	加4:3	1	book
西2:9#1	2	6	羅一20	羅1:20	-	book
西2:9#2	51	57	弗三19註4	弗3:19	4	book
西2:9#3	76	79	約一1	約1:1	-	book
西2:9#3	138	142	腓三21	腓3:21	-	book
西2:10#1	44	49	林前一30	林前1:30	-	book
西2:10#1	137	139	18	西2:18	-	bare
西2:10#2	30	34	15註1	西2:15	1	bare
西2:11#2	55	60	20～22	西2:20	-	bare
西2:12#2	20	24	彼後一1	彼後1:1	-	book
西2:12#2	61	65	來十二2	來12:2	-	book
西2:13#3	39	43	彼前一3	彼前1:3	-	book
西2:14#4	14	18	弗二15	弗2:15	-	book
西2:15#1	64	68	加三19	加3:19	-	book
西2:15#1	69	73	徒七53	徒7:53	-	book
西2:15#1	96	98	18	西2:18	-	bare
西2:15#1	156	158	14	西2:14	-	bare
西2:15#1	208	210	10	西2:10	-	bare
西2:15#2	7	9	三9	西3:9	-	chapter
西2:15#2	11	17	13～15節	西2:13	-	bare
歌5:2#1	31	34	羅六6	羅6:6	-	book
歌5:2#1	60	65	林後四16	林後4:16	-	book
歌5:2#2	1	6	五2～六3	歌5:2	-	chapter
歌5:2#2	57	62	三6～五1	歌3:6	-	chapter
歌5:2#2	132	135	來八2	來8:2	-	book
歌5:2#2	136	142	九11～12	來9:11	-	chapter
歌5:2#2	143	145	24	來9:24	-	bare
歌5:2#2	158	165	來十19～20	來10:19	-	book
歌5:2#2	186	192	太二七51上	太27:51	-	book
歌5:2#2	195	199	六4註1	歌6:4	1	chapter
歌5:3#1	20	24	弗四22	弗4:22	-	book
歌5:3#1	25	28	西三9	西3:9	-	book
歌5:3#1	72	76	約壹一7	約壹1:7	-	book
歌5:10#1	65	69	10註2	歌5:10	2	bare
歌5:10#1	78	83	賽五九19	賽59:19	-	book
歌5:10#1	91	96	約十二32	約12:32	-	book
歌5:11#1	13	18	林前十一3	林前11:3	-	book
歌5:11#1	31	36	腓二5～8	腓2:5	-	book
歌5:11#1	37	43	林前十五28	林前15:28	-	book
歌5:11#1	57	63	啟一14註1	啟1:14	1	book
歌5:12#1	10	17	林後二10註3	林後2:10	3	book
歌5:13#1	35	39	賽五十6	賽50:6	-	book
歌5:13#1	40	45	太二七30	太27:30	-	book
歌5:13#1	72	76	詩四五2	詩45:2	-	book
歌5:13#1	77	81	路四22	路4:22	-	book
歌5:14#1	40	44	結一16	結1:16	-	book
歌5:14#1	45	48	但十6	但10:6	-	book
歌5:14#1	55	58	腓一8	腓1:8	-	book
歌5:14#1	65	67	4節	歌5:4	-	bare
歌5:14#1	101	106	出二四10	出24:10	-	book
歌6:1#1	33	36	五9上	歌5:9	-	chapter
歌6:1#1	104	107	一4上	歌1:4	-	chapter
歌6:3#1	68	71	二16	歌2:16	-	chapter
歌6:3#1	87	90	二16	歌2:16	-	chapter
西2:18#4	15	18	12節	西2:12	-	bare
西2:19#1	59	63	弗一10	弗1:10	-	book
西2:20#2	6	9	羅六3	羅6:3	-	book
西2:20#3	55	58	8註3	西2:8	3	bare
西2:22#2	34	39	林前六13	林前6:13	-	book
西2:22#2	40	45	太十五17	太15:17	-	book
西2:23#1	7	10	22節	西2:22	-	bare
西2:23#1	20	22	20	西2:20	-	bare
西2:23#1	23	26	21節	西2:21	-	bare
西3:1#1	0	4	1～4節	西3:1	-	bare
西3:1#3	7	9	2節	西3:2	-	bare
西3:3#1	41	44	羅六3	羅6:3	-	book
西3:4#2	54	60	二20～三4	西2:20	-	chapter
西3:4#2	199	202	一12	西1:12	-	chapter
西3:4#2	214	217	一15	西1:15	-	chapter
西3:4#2	231	234	一15	西1:15	-	chapter
西3:4#2	248	251	一18	西1:18	-	chapter
西3:4#2	266	269	一19	西1:19	-	chapter
西3:4#2	270	272	二9	西2:9	-	chapter
西3:4#2	282	285	一26	西1:26	-	chapter
西3:4#2	293	295	二2	西2:2	-	chapter
西3:4#2	308	314	二16～17	西2:16	-	chapter
西3:4#2	327	332	10～11	西3:10	-	bare
西3:5#1	18	23	加二20上	加2:20	-	book
西3:5#1	34	37	羅六3	羅6:3	-	book
西3:5#1	84	88	羅八13	羅8:13	-	book
西3:5#1	92	96	加五24	加5:24	-	book
西3:5#2	42	49	羅七23～24	羅7:23	-	book
西3:9#2	1	7	弗四22註4	弗4:22	4	book
西3:10#2	19	23	弗四24	弗4:24	-	book
西3:10#2	50	56	弗四24註2	弗4:24	2	book
西3:10#3	22	26	弗二15	弗2:15	-	book
西3:10#4	13	16	一15	西1:15	-	chapter
西3:10#4	17	21	來一3上	來1:3	-	book
西3:10#5	18	22	弗二15	弗2:15	-	book
西3:11#1	5	8	10節	西3:10	-	bare
西3:11#3	21	26	林前一22	林前1:22	-	book
西3:11#9	59	65	林前十二12	林前12:12	-	book
歌6:4#1	20	26	王上十四17	王上14:17	-	book
歌6:4#1	27	31	十五21	王上15:21	-	chapter
歌6:4#1	32	36	十六23	王上16:23	-	chapter
歌6:4#1	214	220	四12～五1	歌4:12	-	chapter
歌6:4#1	221	223	六2	歌6:2	-	chapter
歌6:4#1	235	241	創二8～12	創2:8	-	book
歌6:4#1	242	247	18～24	創2:18	-	bare
歌6:4#1	248	255	林前三9～12	林前3:9	-	book
歌6:4#1	392	399	弗四12～16	弗4:12	-	book
歌6:4#1	476	483	弗五25～32	弗5:25	-	book
歌6:4#1	529	535	啟二一2～3	啟21:2	-	book
歌6:4#1	536	538	16	啟21:16	-	bare
歌6:4#1	539	541	22	啟21:22	-	bare
歌6:4#1	569	574	來九1～5	來9:1	-	book
歌6:4#1	575	577	12	來9:12	-	bare
歌6:4#1	578	580	24	來9:24	-	bare
歌6:4#1	581	587	十19～20	來10:19	-	chapter
歌6:4#1	641	646	太二七51	太27:51	-	book
歌6:4#1	703	708	啟二一22	啟21:22	-	book
歌6:4#1	775	780	林後十二7	林後12:7	-	book
歌6:4#1	823	827	羅八23	羅8:23	-	book
歌6:4#1	828	832	腓三21	腓3:21	-	book
歌6:4#1	1001	1004	來九4	來9:4	-	book
歌6:4#1	1029	1037	出十六32～34	出16:32	-	book
歌6:4#1	1038	1043	啟二17上	啟2:17	-	book
歌6:4#1	1060	1067	民十七1～11	民17:1	-	book
歌6:4#1	1086	1091	出二五16	出25:16	-	book
歌6:4#1	1092	1096	三一18	出31:18	-	chapter
歌6:4#1	1097	1102	申十1～5	申10:1	-	book
歌6:4#1	1103	1108	耶三一33	耶31:33	-	book
歌6:4#2	205	208	啟二7	啟2:7	-	book
歌6:4#2	209	211	11	啟2:11	-	bare
歌6:4#2	212	214	17	啟2:17	-	bare
歌6:4#2	215	217	26	啟2:26	-	bare
歌6:4#2	218	220	三5	啟3:5	-	chapter
歌6:4#2	221	223	12	啟3:12	-	bare
歌6:4#2	224	226	21	啟3:21	-	bare
歌6:4#2	252	258	啟十九7～9	啟19:7	-	book
歌6:4#2	300	308	啟十九11～21	啟19:11	-	book
歌6:5#1	12	19	可七25～27	可7:25	-	book
歌6:5#1	20	26	約十一5～7	約11:5	-	book
歌6:5#1	27	32	出三二10	出32:10	-	book
歌6:5#1	33	38	創三二26	創32:26	-	book
歌6:5#1	59	63	來十二2	來12:2	-	book
歌6:5#3	1	5	四1註1	歌4:1	1	chapter
歌6:6#1	1	5	四2註1	歌4:2	1	chapter
歌6:7#1	1	5	四3註1	歌4:3	1	chapter
歌6:8#1	1	5	8～9節	歌6:8	-	bare
歌6:8#1	116	120	加四26	加4:26	-	book
歌6:10#1	81	83	三6	歌3:6	-	chapter
歌6:10#1	106	113	腓二15與註5	腓2:15	5	book
歌6:10#1	114	122	太十三43與註1	太13:43	1	book
歌6:10#1	123	127	啟十二1	啟12:1	-	book
歌6:10#1	128	129	5	啟12:5	-	bare
歌6:10#1	130	133	1註2	啟12:1	2	bare
歌6:10#1	134	137	5註2	啟12:5	2	bare
歌6:10#1	181	186	一2～二7	歌1:2	-	chapter
歌6:10#1	223	228	二8～三5	歌2:8	-	chapter
歌6:10#1	250	255	三6～五1	歌3:6	-	chapter
歌6:10#1	316	322	五2～六13	歌5:2	-	chapter
歌6:10#2	1	4	4註2	歌6:4	2	bare
歌6:12#1	0	2	12	歌6:12	-	bare
歌6:12#1	3	6	13節	歌6:13	-	bare
歌6:13#1	79	86	創二20～23	創2:20	-	book
歌6:13#1	157	162	林後三18	林後3:18	-	book
歌6:13#1	163	167	羅八29	羅8:29	-	book
歌6:13#1	240	247	啟二一9～10	啟21:9	-	book
歌6:13#1	248	252	二二17	啟22:17	-	chapter
歌6:13#2	22	26	創三二2	創32:2	-	book
歌6:13#2	93	100	創三二1～10	創32:1	-	book
歌6:13#2	123	127	羅八37	羅8:37	-	book
歌6:13#2	178	182	羅十二5	羅12:5	-	book
歌6:13#2	221	229	林前一26～28	林前1:26	-	book
歌6:13#2	230	238	林後十二9～10	林後12:9	-	book
歌6:13#2	293	296	一11	歌1:11	-	chapter
歌6:13#2	321	324	一10	歌1:10	-	chapter
歌6:13#2	355	358	啟三8	啟3:8	-	book
歌6:13#2	359	363	羅九16	羅9:16	-	book
歌6:13#2	364	368	加二20	加2:20	-	book
西3:12#1	18	22	一2註1	西1:2	1	chapter
西3:14#1	6	11	約壹四16	約壹4:16	-	book
西3:14#1	86	88	10	西3:10	-	bare
西3:14#1	101	103	12	西3:12	-	bare
西3:14#1	123	125	14	西3:14	-	bare
西3:15#1	50	57	弗二14～18	弗2:14	-	book
西3:15#2	43	46	13節	西3:13	-	bare
西3:16#2	117	124	弗五18～20	弗5:18	-	book
西3:16#2	147	152	約六63下	約6:63	-	book
西3:16#2	329	333	弗六17	弗6:17	-	book
西3:16#2	351	353	一8	西1:8	-	chapter
西3:16#2	354	356	二5	西2:5	-	chapter
西3:16#2	379	383	弗五26	弗5:26	-	book
西3:16#2	393	397	弗六17	弗6:17	-	book
西3:16#2	422	428	一25～27	西1:25	-	chapter
西3:16#3	6	9	弗三8	弗3:8	-	book
西3:16#8	1	7	約一14註4	約1:14	4	book
西3:16#8	8	12	17註1	約1:17	1	bare
西3:17#1	16	22	林後三17上	林後3:17	-	book
西3:18#1	0	5	18～四1	西3:18	-	bare
西3:18#1	7	14	弗五22～六9	弗5:22	-	book
西3:24#1	3	6	弗六8	弗6:8	-	book
西3:24#1	29	33	羅八17	羅8:17	-	book
西3:24#1	34	39	徒二六18	徒26:18	-	book
西3:24#1	40	44	彼前一4	彼前1:4	-	book
西3:24#1	98	106	太二四45～51	太24:45	-	book
西3:24#1	107	114	二五20～29	太25:20	-	chapter
西4:5#1	1	7	弗五16註1	弗5:16	1	book
西4:6#1	1	7	弗四29註3	弗4:29	3	book
西4:6#2	31	35	可九50	可9:50	-	book
西4:7#1	1	6	7～17節	西4:7	-	bare
西4:12#2	28	31	一28	西1:28	-	chapter
西4:12#3	1	5	一9註2	西1:9	2	chapter
歌7:1#1	0	4	1～5節	歌7:1	-	bare
歌7:1#1	42	47	林後三17	林後3:17	-	book
歌7:1#1	57	62	啟二二17	啟22:17	-	book
歌7:1#1	98	100	12	歌7:12	-	bare
歌7:1#1	178	184	本章1～5節	歌7:1	-	anaphor
歌7:1#1	231	236	六4～10	歌6:4	-	chapter
歌7:1#1	272	277	林後一12	林後1:12	-	book
歌7:1#1	278	284	二14～17	林後2:14	-	chapter
歌7:1#1	285	290	十一10上	林後11:10	-	chapter
歌7:1#1	291	298	帖前二1～12	帖前2:1	-	book
歌7:1#1	337	341	羅五17	羅5:17	-	book
歌7:1#3	22	26	羅十15	羅10:15	-	book
歌7:1#3	46	51	林後三18	林後3:18	-	book
歌7:2#1	70	77	約六53～54	約6:53	-	book
歌7:2#1	78	82	54註2	約6:54	2	bare
歌7:3#1	26	31	約二一15	約21:15	-	book
歌7:3#1	32	34	17	約21:17	-	bare
歌7:3#1	36	39	歌四5	歌4:5	-	book
歌7:4#1	84	87	一15	歌1:15	-	chapter
歌7:4#1	88	90	四1	歌4:1	-	chapter
歌7:4#1	91	94	五12	歌5:12	-	chapter
歌7:4#1	122	128	腓一9～10	腓1:9	-	book
歌7:4#1	129	133	來五14	來5:14	-	book
歌7:5#1	32	41	王上十八19～39	王上18:19	-	book
歌7:5#1	66	70	民六5上	民6:5	-	book
歌7:6#1	8	11	1～5	歌7:1	-	bare
歌7:6#1	30	34	6～9上	歌7:6	-	bare
歌7:6#1	37	41	6～7節	歌7:6	-	bare
歌7:6#1	83	87	弗四13	弗4:13	-	book
歌7:8#1	21	25	弗四13	弗4:13	-	book
歌7:8#1	39	44	約十五5上	約15:5	-	book
歌7:8#1	125	127	9上	歌7:9	-	bare
歌7:8#1	128	132	約二10	約2:10	-	book
歌7:8#1	133	138	太二六29	太26:29	-	book
歌7:9#1	50	58	林後五14～15	林後5:14	-	book
歌7:11#1	137	142	林前三9上	林前3:9	-	book
歌7:11#1	143	148	林後六1上	林後6:1	-	book
歌7:11#1	213	216	八11	歌8:11	-	chapter
歌7:13#1	21	29	創三十14～16	創30:14	-	book
歌7:13#1	95	102	加五22～23	加5:22	-	book
歌7:13#1	103	106	弗五9	弗5:9	-	book
歌8:1#1	89	93	加四26	加4:26	-	book
歌8:1#1	130	134	2～4節	歌8:2	-	bare
歌8:1#1	167	171	羅八23	羅8:23	-	book
歌8:1#1	172	178	林後五1～8	林後5:1	-	book
歌8:1#1	179	184	弗四30下	弗4:30	-	book
歌8:1#2	21	25	腓三21	腓3:21	-	book
歌8:1#2	37	41	約壹三2	約壹3:2	-	book
歌8:2#1	1	5	2～3節	歌8:2	-	bare
歌8:2#1	45	49	加四26	加4:26	-	book
歌8:2#1	120	122	二6	歌2:6	-	chapter
歌8:5#1	39	41	三6	歌3:6	-	chapter
歌8:5#1	99	103	太二五1	太25:1	-	book
歌8:5#2	31	33	二3	歌2:3	-	chapter
歌8:5#2	54	58	加四26	加4:26	-	book
歌8:5#2	59	63	弗二8上	弗2:8	-	book
歌8:6#1	9	11	5節	歌8:5	-	bare
歌8:6#1	151	155	申四24	申4:24	-	book
歌8:6#1	197	198	7	歌8:7	-	bare
歌8:6#1	199	206	羅八35～39	羅8:35	-	book
歌8:6#1	207	214	林前十三1～3	林前13:1	-	book
歌8:6#2	1	8	太十一23註1	太11:23	1	book
歌8:8#1	65	70	提前一14	提前1:14	-	book
歌8:8#1	134	139	林後十一2	林後11:2	-	book
歌8:8#1	140	144	加四19	加4:19	-	book
歌8:9#1	7	10	8註1	歌8:8	1	bare
歌8:9#1	107	112	太二六64	太26:64	-	book
歌8:9#1	113	117	徒三13	徒3:13	-	book
歌8:9#1	133	138	腓二7～8	腓2:7	-	book
歌8:10#1	39	44	提前一14	提前1:14	-	book
歌8:10#1	47	49	8節	歌8:8	-	bare
歌8:10#1	81	89	帖前五23與註2	帖前5:23	2	book
歌8:11#1	100	102	12	歌8:12	-	bare
歌8:11#1	272	278	11～12節	歌8:11	-	bare
歌8:11#1	336	344	太二五26～27	太25:26	-	book
歌8:11#1	407	411	徒十36	徒10:36	-	book
歌8:11#1	431	435	羅三24	羅3:24	-	book
歌8:11#1	446	452	林後十三14	林後13:14	-	book
歌8:11#1	467	475	林前三21～22	林前3:21	-	book
歌8:11#1	518	522	加五13	加5:13	-	book
歌8:11#1	557	561	提後四8	提後4:8	-	book
歌8:11#1	606	614	太二五20～23	太25:20	-	book
歌8:13#1	97	104	路十38～42	路10:38	-	book
歌8:13#1	105	109	42註1	路10:42	1	bare
歌8:14#1	65	70	啟十一15	啟11:15	-	book
歌8:14#1	71	75	但二35	但2:35	-	book
歌8:14#1	164	169	啟二二20	啟22:20	-	book
帖前1:1#1	38	39	1	帖前1:1	-	bare
帖前1:1#1	40	43	3～4	帖前1:3	-	bare
帖前1:1#1	52	54	10	帖前1:10	-	bare
帖前1:1#1	79	82	5～6	帖前1:5	-	bare
帖前1:1#2	79	86	徒十六9～12	徒16:9	-	book
帖前1:1#2	87	92	十七1～4	徒17:1	-	chapter
帖前1:1#2	118	122	徒十七2	徒17:2	-	book
帖前1:3#1	65	73	林前十三13註1	林前13:13	1	book
帖前1:3#1	426	427	8	帖前1:8	-	bare
帖前1:3#1	438	441	三12	帖前3:12	-	chapter
帖前1:3#1	442	447	四9～10	帖前4:9	-	chapter
帖前1:3#1	458	461	二19	帖前2:19	-	chapter
帖前1:4#1	25	28	弗一4	弗1:4	-	book
帖前1:6#2	37	42	太十一29	太11:29	-	book
帖前1:7#1	7	8	6	帖前1:6	-	bare
帖前1:10#2	12	17	羅二5～6	羅2:5	-	book
帖前1:10#2	18	21	8～9	羅2:8	-	bare
賽1:1#1	60	61	1	賽1:1	-	bare
賽1:1#1	74	76	二1	賽2:1	-	chapter
賽1:1#1	90	93	十三1	賽13:1	-	chapter
賽1:1#1	94	97	十五1	賽15:1	-	chapter
賽1:1#1	189	192	四三3	賽43:3	-	chapter
賽1:1#1	193	197	四九26	賽49:26	-	chapter
賽1:1#1	208	210	九6	賽9:6	-	chapter
賽1:1#1	220	223	七14	賽7:14	-	chapter
賽1:1#1	234	236	四2	賽4:2	-	chapter
賽1:1#1	245	250	五三2～3	賽53:2	-	chapter
賽1:1#1	251	256	四二1～4	賽42:1	-	chapter
賽1:1#1	265	272	五三7～10上	賽53:7	-	chapter
賽1:1#1	273	275	12	賽53:12	-	bare
賽1:1#1	281	289	五三10下～11	賽53:10	-	chapter
賽1:1#1	295	299	五二13	賽52:13	-	chapter
賽1:1#1	306	310	四十10	賽40:10	-	chapter
賽1:1#1	311	314	六四1	賽64:1	-	chapter
賽1:1#1	327	332	十二2～3	賽12:2	-	chapter
賽1:1#1	346	350	九1～7	賽9:1	-	chapter
賽1:1#1	351	354	四九6	賽49:6	-	chapter
賽1:1#1	374	378	二2～5	賽2:2	-	chapter
賽1:1#1	379	384	十一6～9	賽11:6	-	chapter
賽1:1#1	385	391	三五1～10	賽35:1	-	chapter
賽1:1#1	392	396	三十26	賽30:26	-	chapter
賽1:1#1	414	418	六五17	賽65:17	-	chapter
賽1:1#1	448	455	太一18～25	太1:18	-	book
賽1:1#1	525	532	結一15與註2	結1:15	2	book
賽1:2#1	26	29	2～3	賽1:2	-	bare
賽1:2#1	30	34	六三16	賽63:16	-	chapter
賽1:2#1	35	38	六四8	賽64:8	-	chapter
賽1:2#1	49	53	六六13	賽66:13	-	chapter
賽1:2#1	63	66	五四5	賽54:5	-	chapter
賽1:2#1	179	180	4	賽1:4	-	bare
賽1:2#1	181	186	二四16上	賽24:16	-	chapter
賽1:2#1	210	215	來十二10	來12:10	-	book
賽1:2#1	241	247	二六13註1	賽26:13	1	chapter
賽1:5#2	36	40	耶二13	耶2:13	-	book
賽1:16#1	34	39	16～17	賽1:16	-	bare
賽1:16#1	56	58	18	賽1:18	-	bare
賽1:16#1	63	68	26～27	賽1:26	-	bare
賽1:18#1	144	148	約壹一7	約壹1:7	-	book
賽1:18#1	149	153	來一3下	來1:3	-	book
賽1:18#1	154	157	啟一5	啟1:5	-	book
賽1:18#1	196	201	林前六11	林前6:11	-	book
賽1:18#1	204	210	多三5與註3	多3:5	3	book
賽1:18#1	226	232	啟一14註2	啟1:14	2	book
賽1:24#1	1	7	太四10註1	太4:10	1	book
帖前2:1#1	16	18	一5	帖前1:5	-	chapter
帖前2:1#1	19	20	9	帖前1:9	-	bare
帖前2:2#1	1	6	腓一1註1	腓1:1	1	book
帖前2:4#1	100	104	詩二六2	詩26:2	-	book
帖前2:4#1	105	113	一三九23～24	詩139:23	-	chapter
帖前2:5#1	27	32	林後二17	林後2:17	-	book
帖前2:5#1	33	35	四2	林後4:2	-	chapter
帖前2:5#1	47	51	提前六5	提前6:5	-	book
帖前2:5#1	52	56	多一11	多1:11	-	book
帖前2:5#1	57	61	彼後二3	彼後2:3	-	book
帖前2:6#1	38	39	9	帖前2:9	-	bare
帖前2:6#1	40	47	林前九4～12	林前9:4	-	book
帖前2:6#1	91	97	約十三4～5	約13:4	-	book
帖前2:6#1	112	117	林前九12	林前9:12	-	book
帖前2:7#1	21	25	加四19	加4:19	-	book
帖前2:7#2	21	27	弗五29註1	弗5:29	1	book
帖前2:8#1	48	52	17註3	帖前2:17	3	bare
帖前2:8#2	11	14	3～6	帖前2:3	-	bare
帖前2:8#2	15	18	10節	帖前2:10	-	bare
帖前2:8#2	44	47	7～9	帖前2:7	-	bare
帖前2:8#2	48	51	11節	帖前2:11	-	bare
帖前2:10#1	1	7	路一75註1	路1:75	1	book
帖前2:11#1	17	19	一5	帖前1:5	-	chapter
帖前2:12#1	22	24	一4	帖前1:4	-	chapter
帖前2:12#2	12	14	一9	帖前1:9	-	chapter
帖前2:12#2	24	29	太十二26	太12:26	-	book
帖前2:12#3	12	18	太六13註4	太6:13	4	book
帖前2:13#2	14	18	來四12	來4:12	-	book
帖前2:14#1	14	19	林前四17	林前4:17	-	book
帖前2:14#1	20	23	七17	林前7:17	-	chapter
帖前2:14#1	24	28	十一16	林前11:16	-	chapter
帖前2:14#1	63	66	啟一9	啟1:9	-	book
帖前2:14#1	67	69	20	啟1:20	-	bare
帖前2:17#3	13	14	8	帖前2:8	-	bare
帖前2:19#1	24	27	三13	帖前3:13	-	chapter
帖前2:19#1	28	31	四15	帖前4:15	-	chapter
帖前2:20#1	21	22	7	帖前2:7	-	bare
帖前2:20#1	23	25	11	帖前2:11	-	bare
賽2:2#1	38	43	太十九28	太19:28	-	book
賽2:2#1	44	48	徒三21	徒3:21	-	book
賽2:3#2	48	51	六一6	賽61:6	-	chapter
賽2:3#2	52	59	亞八20～23	亞8:20	-	book
賽2:3#2	68	73	太十三41	太13:41	-	book
賽2:3#2	74	79	啟十一15	啟11:15	-	book
賽2:3#2	101	105	啟二十6	啟20:6	-	book
賽2:3#2	113	118	太十三43	太13:43	-	book
賽2:3#2	146	152	亞八20註1	亞8:20	1	book
賽2:4#1	22	27	三二1註1	賽32:1	1	chapter
賽2:7#1	16	17	8	賽2:8	-	bare
賽2:7#1	18	20	20	賽2:20	-	bare
賽2:7#1	48	52	太六24	太6:24	-	book
賽2:7#1	53	57	路十六9	路16:9	-	book
賽2:7#1	58	60	11	路16:11	-	bare
賽2:7#1	61	63	13	路16:13	-	bare
賽2:7#1	90	94	9～22	賽2:9	-	bare
賽2:11#1	48	50	四2	賽4:2	-	chapter
賽2:11#1	51	54	5～6	賽4:5	-	bare
賽2:11#1	67	71	四3～6	賽4:3	-	chapter
賽2:11#1	72	76	二2～5	賽2:2	-	chapter
賽2:11#1	97	101	六五17	賽65:17	-	chapter
賽2:12#1	1	7	珥一15註1	珥1:15	1	book
賽3:7#1	35	38	2～4	賽3:2	-	bare
賽4:1#1	23	25	2節	賽4:2	-	bare
賽4:2#1	13	18	太十七11	太17:11	-	book
賽4:2#1	19	23	十九28	太19:28	-	chapter
賽4:2#1	24	27	徒一6	徒1:6	-	book
賽4:2#1	28	31	三21	徒3:21	-	chapter
賽4:2#1	32	36	十五16	徒15:16	-	chapter
賽4:2#2	38	42	路一42	路1:42	-	book
賽4:2#2	80	84	約八42	約8:42	-	book
賽4:2#2	85	88	彌五2	彌5:2	-	book
賽4:2#2	109	112	創二7	創2:7	-	book
賽4:2#2	121	124	五三2	賽53:2	-	chapter
賽4:2#2	243	246	七14	賽7:14	-	chapter
賽4:2#2	247	254	太一22～23	太1:22	-	book
賽4:2#2	307	311	約一14	約1:14	-	book
賽4:2#2	312	316	來二14	來2:14	-	book
賽4:2#2	388	393	約十二24	約12:24	-	book
賽4:2#2	394	398	二十17	約20:17	-	chapter
賽4:2#2	399	403	羅八29	羅8:29	-	book
賽4:5#1	62	63	6	賽4:6	-	bare
賽4:5#1	169	174	出四十38	出40:38	-	book
賽4:5#1	175	179	民九15	民9:15	-	book
賽4:5#1	184	185	6	賽4:6	-	bare
賽4:5#1	215	219	約一14	約1:14	-	book
賽4:5#1	220	225	林後十二9	林後12:9	-	book
帖前3:1#1	36	44	徒十七15～34	徒17:15	-	book
帖前3:2#1	23	27	林前三9	林前3:9	-	book
帖前3:2#1	28	32	林後六1	林後6:1	-	book
帖前3:3#1	13	14	2	帖前3:2	-	bare
帖前3:3#1	40	44	羅八28	羅8:28	-	book
帖前3:3#1	59	60	5	帖前3:5	-	bare
帖前3:5#1	8	13	創三1～6	創3:1	-	book
帖前3:5#1	14	19	提前二14	提前2:14	-	book
帖前3:6#1	16	24	徒十七15～16	徒17:15	-	book
帖前3:6#1	25	28	十八1	徒18:1	-	chapter
帖前3:6#1	29	30	5	徒18:5	-	bare
帖前3:7#1	6	13	林前七26註2	林前7:26	2	book
帖前3:7#1	14	22	林後十二10註2	林後12:10	2	book
帖前3:8#1	14	15	3	帖前3:3	-	bare
帖前3:10#1	17	22	林後十三9	林後13:9	-	book
帖前3:10#1	35	42	林後十三9註2	林後13:9	2	book
帖前3:12#1	15	19	2～10	帖前3:2	-	bare
帖前3:12#1	42	45	加五6	加5:6	-	book
帖前3:12#1	46	54	提前一14與註2	提前1:14	2	book
帖前3:12#1	68	70	一3	帖前1:3	-	chapter
帖前3:13#2	40	42	四4	帖前4:4	-	chapter
帖前3:13#2	43	46	五23	帖前5:23	-	chapter
帖前3:13#3	11	16	羅一2註3	羅1:2	3	book
帖前3:13#3	17	23	林前一2註6	林前1:2	6	book
帖前3:13#3	34	38	但七18	但7:18	-	book
帖前3:13#3	39	44	21～22	但7:21	-	bare
帖前3:13#3	45	47	25	但7:25	-	bare
帖前3:13#3	48	50	27	但7:27	-	bare
帖前3:13#3	51	55	亞十四5	亞14:5	-	book
帖前3:13#4	1	6	二19註1	帖前2:19	1	chapter
帖前3:13#5	1	6	羅一2註3	羅1:2	3	book
帖前4:3#1	1	7	羅六19註2	羅6:19	2	book
帖前4:3#1	78	81	五23	帖前5:23	-	chapter
帖前4:3#2	57	61	創一26	創1:26	-	book
帖前4:4#1	96	100	來十三4	來13:4	-	book
帖前4:4#3	25	29	林後四7	林後4:7	-	book
帖前4:4#3	45	49	彼前三7	彼前3:7	-	book
帖前4:4#3	137	142	撒上二一5	撒上21:5	-	book
帖前4:6#1	1	3	3節	帖前4:3	-	bare
帖前4:7#3	18	19	3	帖前4:3	-	bare
帖前4:7#3	30	31	4	帖前4:4	-	bare
帖前4:7#4	42	44	6節	帖前4:6	-	bare
帖前4:7#4	82	84	3節	帖前4:3	-	bare
帖前4:8#1	4	6	3節	帖前4:3	-	bare
帖前4:8#3	28	33	羅十五16	羅15:16	-	book
帖前4:8#3	34	38	彼前一2	彼前1:2	-	book
帖前4:8#3	39	44	林前六11	林前6:11	-	book
帖前4:8#3	55	56	3	帖前4:3	-	bare
帖前4:8#3	64	65	7	帖前4:7	-	bare
賽5:16#2	103	108	弗一4～5	弗1:4	-	book
賽5:16#2	134	141	來十二5～11	來12:5	-	book
賽5:16#2	169	173	羅三24	羅3:24	-	book
賽5:16#2	193	197	羅六19	羅6:19	-	book
賽5:16#2	198	200	22	羅6:22	-	bare
賽6:1#1	44	46	5下	賽6:5	-	bare
賽6:1#1	47	52	約十二41	約12:41	-	book
賽6:1#1	152	156	來十三8	來13:8	-	book
賽6:1#1	187	191	來十二2	來12:2	-	book
賽6:2#2	21	22	3	賽6:3	-	bare
賽6:3#1	38	39	4	賽6:4	-	bare
賽6:3#1	60	61	1	賽6:1	-	bare
賽6:3#1	85	86	2	賽6:2	-	bare
賽6:3#1	103	108	五16註2	賽5:16	2	chapter
賽6:3#1	137	141	來七26	來7:26	-	book
賽6:3#1	144	149	啟四8註1	啟4:8	1	book
賽6:4#2	40	42	四5	賽4:5	-	chapter
賽6:5#1	39	42	路五8	路5:8	-	book
賽6:7#1	24	31	約壹一7與註4	約壹1:7	4	book
賽6:7#1	86	92	利十二2註1	利12:2	1	book
賽6:7#1	93	97	約壹一8	約壹1:8	-	book
賽6:7#1	111	115	羅八23	羅8:23	-	book
賽6:7#1	116	120	腓三21	腓3:21	-	book
賽6:8#1	49	54	創一1註2	創1:1	2	book
賽6:9#1	65	66	5	賽6:5	-	bare
賽6:9#1	125	130	腓一21上	腓1:21	-	book
賽6:10#1	0	5	9～10節	賽6:9	-	bare
賽6:10#1	22	27	9～13節	賽6:9	-	bare
賽6:10#1	49	52	13節	賽6:13	-	bare
賽6:10#1	114	122	太十三14～15	太13:14	-	book
賽6:10#1	133	141	徒二八25～27	徒28:25	-	book
賽6:10#1	201	209	太二三37～38	太23:37	-	book
賽6:10#1	210	213	二四2	太24:2	-	chapter
帖前4:13#1	7	9	16	帖前4:16	-	bare
帖前4:13#1	10	18	約十一11～14	約11:11	-	book
帖前4:13#1	19	25	林前十一30	林前11:30	-	book
帖前4:15#1	23	29	太二四3註3	太24:3	3	book
帖前4:16#2	8	14	林前十五52	林前15:52	-	book
帖前4:16#2	29	32	民十2	民10:2	-	book
帖前4:17#2	45	51	啟十二5～6	啟12:5	-	book
帖前4:17#2	52	54	14	啟12:14	-	bare
帖前5:1#1	14	16	2節	帖前5:2	-	bare
帖前5:2#1	38	41	3～6	帖前5:3	-	bare
帖前5:2#1	66	70	林前一8	林前1:8	-	book
帖前5:2#1	71	74	三13	林前3:13	-	chapter
帖前5:2#1	75	77	五5	林前5:5	-	chapter
帖前5:2#1	78	83	林後一14	林後1:14	-	book
帖前5:2#1	84	88	提後四8	提後4:8	-	book
帖前5:2#2	27	35	太二四42～43	太24:42	-	book
帖前5:2#2	36	39	啟三3	啟3:3	-	book
帖前5:2#2	40	44	十六15	啟16:15	-	chapter
帖前5:3#1	10	11	2	帖前5:2	-	bare
帖前5:8#1	29	33	弗六14	弗6:14	-	book
帖前5:8#1	57	61	弗六17	弗6:17	-	book
帖前5:8#1	100	102	一3	帖前1:3	-	chapter
帖前5:8#1	124	127	羅十9	羅10:9	-	book
帖前5:8#1	146	151	提前一19	提前1:19	-	book
帖前5:8#1	171	176	太二二37	太22:37	-	book
帖前5:8#1	227	230	6～7	帖前5:6	-	bare
帖前5:8#1	268	270	一3	帖前1:3	-	chapter
帖前5:8#2	36	37	3	帖前5:3	-	bare
帖前5:8#3	11	13	一3	帖前1:3	-	chapter
帖前5:8#3	38	39	3	帖前5:3	-	bare
帖前5:8#3	52	59	羅八21～25	羅8:21	-	book
帖前5:9#1	25	26	6	帖前5:6	-	bare
帖前5:9#1	27	28	8	帖前5:8	-	bare
帖前5:9#2	1	4	8註2	帖前5:8	2	bare
帖前5:10#3	5	11	四13～15	帖前4:13	-	chapter
帖前5:10#4	30	35	太二八20	太28:20	-	book
帖前5:10#4	46	49	羅六8	羅6:8	-	book
賽7:11#2	1	8	太十一23註1	太11:23	1	book
賽7:14#1	33	35	八3	賽8:3	-	chapter
賽7:14#1	116	123	太一20～23	太1:20	-	book
賽7:14#1	152	154	四2	賽4:2	-	chapter
賽7:14#1	171	176	太十八20	太18:20	-	book
賽7:14#1	177	181	二八20	太28:20	-	chapter
賽7:14#1	204	208	路二11	路2:11	-	book
賽7:14#1	221	225	約一29	約1:29	-	book
賽7:14#1	235	242	林前十五45下	林前15:45	-	book
賽7:14#1	258	266	約十四16～20	約14:16	-	book
賽7:14#1	267	273	羅八9～11	羅8:9	-	book
賽7:14#1	294	298	太一23	太1:23	-	book
賽7:14#1	299	303	十八20	太18:20	-	chapter
賽7:14#1	304	308	二八20	太28:20	-	chapter
賽7:14#1	309	313	啟二一3	啟21:3	-	book
賽7:14#1	344	350	林前十二12	林前12:12	-	book
賽7:14#1	351	358	西三10～11	西3:10	-	book
賽7:15#1	31	33	16	賽7:16	-	bare
賽7:15#1	34	36	八4	賽8:4	-	chapter
賽7:15#1	71	77	七17～25	賽7:17	-	chapter
賽7:15#1	78	82	八5～8	賽8:5	-	chapter
賽7:20#2	8	13	林前十一7	林前11:7	-	book
賽7:20#2	14	16	15	林前11:15	-	bare
賽8:1#1	26	27	3	賽8:3	-	bare
賽8:1#1	58	59	4	賽8:4	-	bare
賽8:3#2	2	5	七14	賽7:14	-	chapter
賽8:3#2	17	20	七14	賽7:14	-	chapter
賽8:8#1	205	211	創十一1～9	創11:1	-	book
賽8:8#1	384	389	七14註1	賽7:14	1	chapter
賽8:14#1	50	54	約一14	約1:14	-	book
賽8:14#1	55	58	二19	約2:19	-	chapter
賽8:14#1	59	61	21	約2:21	-	bare
賽8:14#1	62	66	十四23	約14:23	-	chapter
賽8:14#1	67	70	十五5	約15:5	-	chapter
賽8:14#1	71	76	啟二一22	啟21:22	-	book
賽8:14#1	94	100	太二一44下	太21:44	-	book
賽8:14#1	101	108	但二34～35	但2:34	-	book
賽8:14#1	143	149	太二一44上	太21:44	-	book
賽8:14#1	150	156	彼前二7～8	彼前2:7	-	book
賽8:14#1	157	164	羅九32～33	羅9:32	-	book
賽8:14#1	165	173	林前一22～23	林前1:22	-	book
賽8:14#1	176	181	太二一42	太21:42	-	book
賽8:14#1	183	185	44	太21:44	-	bare
賽8:16#1	11	17	出二十1註1	出20:1	1	book
賽8:18#1	28	33	來二13下	來2:13	-	book
帖前5:12#2	27	32	提前五17	提前5:17	-	book
帖前5:14#1	21	26	帖後三11	帖後3:11	-	book
帖前5:14#3	36	40	羅十四1	羅14:1	-	book
帖前5:14#3	41	44	十五1	羅15:1	-	chapter
帖前5:16#1	4	10	14～15節	帖前5:14	-	bare
帖前5:17#1	27	31	弗六18	弗6:18	-	book
帖前5:17#1	38	43	羅十二12	羅12:12	-	book
帖前5:17#1	44	47	西四2	西4:2	-	book
帖前5:18#1	36	43	羅八28～29	羅8:28	-	book
帖前5:19#1	11	16	羅十二11	羅12:11	-	book
帖前5:19#1	31	35	提後一6	提後1:6	-	book
帖前5:20#2	28	33	林前十四1	林前14:1	-	book
帖前5:20#2	36	39	3～4	林前14:3	-	bare
帖前5:21#1	11	17	林前十四29	林前14:29	-	book
帖前5:21#1	25	31	林前十二10	林前12:10	-	book
帖前5:21#1	39	43	約壹四1	約壹4:1	-	book
帖前5:21#1	55	59	羅十二2	羅12:2	-	book
帖前5:21#1	73	77	弗五10	弗5:10	-	book
帖前5:23#2	49	51	13	帖前5:13	-	bare
帖前5:23#4	16	21	羅一2註3	羅1:2	3	book
帖前5:23#4	22	27	六19註2	羅6:19	2	chapter
帖前5:23#5	52	56	約四24	約4:24	-	book
帖前5:23#5	57	60	羅一9	羅1:9	-	book
帖前5:23#5	72	77	太十六26	太16:26	-	book
帖前5:23#5	78	82	路九25	路9:25	-	book
帖前5:23#5	207	212	約三5～6	約3:5	-	book
帖前5:23#5	246	250	羅十二2	羅12:2	-	book
帖前5:23#5	251	256	林後三18	林後3:18	-	book
帖前5:23#5	281	285	羅八11	羅8:11	-	book
帖前5:23#5	286	288	13	羅8:13	-	bare
帖前5:23#5	313	317	腓三21	腓3:21	-	book
帖前5:23#5	320	326	來四12註2	來4:12	2	book
帖前5:23#8	164	168	來九14	來9:14	-	book
帖前5:23#8	188	196	太十六24～26	太16:24	-	book
帖前5:23#8	213	215	四4	帖前4:4	-	chapter
帖前5:23#8	216	219	羅六6	羅6:6	-	book
帖前5:28#1	1	7	約一14註4	約1:14	4	book
帖前5:28#1	8	12	17註1	約1:17	1	bare
帖前5:28#1	13	21	林前十五10註1	林前15:10	1	book
帖前5:28#1	313	319	來十二14上	來12:14	-	book
帖前5:28#1	349	357	彼前一15～16	彼前1:15	-	book
帖前5:28#1	374	380	來十二14下	來12:14	-	book
帖前5:28#1	402	407	來十三12	來13:12	-	book
帖前5:28#1	408	411	十29	來10:29	-	chapter
帖前5:28#1	591	594	約三6	約3:6	-	book
帖前5:28#1	604	608	羅十二2	羅12:2	-	book
帖前5:28#1	619	623	羅八23	羅8:23	-	book
帖前5:28#1	624	628	弗四30	弗4:30	-	book
賽9:1#2	1	7	太四15註1	太4:15	1	book
賽9:2#1	6	13	太四12～16	太4:12	-	book
賽9:2#1	38	41	約一9	約1:9	-	book
賽9:2#1	42	43	4	約1:4	-	bare
賽9:2#1	44	47	八12	約8:12	-	chapter
賽9:2#1	60	63	約一5	約1:5	-	book
賽9:2#1	64	69	徒二六18	徒26:18	-	book
賽9:2#1	70	75	彼前二9下	彼前2:9	-	book
賽9:2#1	88	95	路一78～79	路1:78	-	book
賽9:2#1	139	140	3	賽9:3	-	bare
賽9:2#1	141	145	西一13	西1:13	-	book
賽9:2#1	157	158	4	賽9:4	-	bare
賽9:2#1	159	165	十26～27	賽10:26	-	chapter
賽9:2#1	186	187	5	賽9:5	-	bare
賽9:4#1	67	74	士七22～25	士7:22	-	book
賽9:4#1	113	122	王下十九35～37	王下19:35	-	book
賽9:6#1	10	13	七14	賽7:14	-	chapter
賽9:6#1	43	50	太一20～23	太1:20	-	book
賽9:6#1	135	139	約三16	約3:16	-	book
賽9:6#1	140	148	約壹五11～12	約壹5:11	-	book
賽9:6#1	151	156	七14註1	賽7:14	1	chapter
賽9:6#4	25	30	士十三18	士13:18	-	book
賽9:6#4	70	75	林前一24	林前1:24	-	book
賽9:6#5	21	25	太二11	太2:11	-	book
賽9:6#5	26	29	羅九5	羅9:5	-	book
賽9:6#5	30	33	來一8	來1:8	-	book
賽9:6#5	52	56	六三16	賽63:16	-	chapter
賽9:6#5	57	60	六四8	賽64:8	-	chapter
賽9:6#5	61	65	約五43	約5:43	-	book
賽9:6#5	66	69	十30	約10:30	-	chapter
賽9:6#5	70	76	十四7～10	約14:7	-	chapter
賽9:6#5	79	85	六三16註1	賽63:16	1	chapter
賽9:6#6	12	16	弗二14	弗2:14	-	book
賽9:6#6	34	38	西三15	西3:15	-	book
賽9:7#1	55	59	徒三21	徒3:21	-	book
賽9:7#1	89	90	6	賽9:6	-	bare
賽9:7#1	111	115	詩七二8	詩72:8	-	book
賽9:7#1	116	121	亞九10下	亞9:10	-	book
賽9:7#1	123	129	但二35註2	但2:35	2	book
賽9:7#1	141	143	二4	賽2:4	-	chapter
賽9:7#1	144	149	十一6～9	賽11:6	-	chapter
賽9:7#2	38	45	路一32～33	路1:32	-	book
賽9:7#2	46	50	33註1	路1:33	1	bare
賽9:8#1	0	6	九8～十34	賽9:8	-	chapter
賽9:8#1	51	57	十22～23	賽10:22	-	chapter
賽9:8#1	89	100	王上十一26～十二20	王上11:26	-	book
賽9:8#1	136	138	七1	賽7:1	-	chapter
賽9:8#1	169	170	9	賽9:9	-	bare
賽10:5#1	27	35	王下十八9～12	王下18:9	-	book
賽10:5#1	55	56	7	賽10:7	-	bare
賽10:5#1	92	97	12～15	賽10:12	-	bare
賽10:5#1	112	117	16～19	賽10:16	-	bare
賽10:5#1	120	126	二六13註1	賽26:13	1	chapter
賽10:20#1	28	33	20～27	賽10:20	-	bare
賽10:22#1	1	8	創二二17註1	創22:17	1	book
帖後1:1#1	1	7	帖前一1註2	帖前1:1	2	book
帖後1:1#2	1	7	帖前一1註3	帖前1:1	3	book
帖後1:3#1	1	7	帖前一3註1	帖前1:3	1	book
帖後1:4#1	20	24	帖前一3	帖前1:3	-	book
帖後1:5#1	29	34	羅二5～9	羅2:5	-	book
帖後1:5#1	35	43	啟二十11～15	啟20:11	-	book
帖後1:5#2	16	21	帖前二12	帖前2:12	-	book
帖後1:5#2	39	44	徒十四22	徒14:22	-	book
帖後1:9#1	8	12	林前二8	林前2:8	-	book
帖後1:9#1	31	35	約十七1	約17:1	-	book
帖後1:9#1	36	41	路二四26	路24:26	-	book
帖後1:9#1	42	45	來二9	來2:9	-	book
帖後1:9#1	64	68	西一27	西1:27	-	book
帖後1:9#1	80	84	來二10	來2:10	-	book
帖後1:9#1	105	108	啟十1	啟10:1	-	book
帖後1:9#1	109	114	太二五31	太25:31	-	book
帖後1:12#1	61	67	約一17註1	約1:17	1	book
帖後1:12#1	68	76	林前十五10註1	林前15:10	1	book
帖後1:12#1	77	85	林後十三14註1	林後13:14	1	book
帖後2:1#2	23	30	帖前二19註1	帖前2:19	1	book
帖後2:1#2	31	37	太二四3註3	太24:3	3	book
帖後2:1#2	96	102	啟十二5～6	啟12:5	-	book
帖後2:1#2	124	128	但九27	但9:27	-	book
帖後2:1#2	134	139	太二四21	太24:21	-	book
帖後2:1#2	142	149	啟十一2與註4	啟11:2	4	book
帖後2:1#2	160	166	啟十1與註2	啟10:1	2	book
帖後2:1#2	190	191	8	帖後2:8	-	bare
帖後2:1#2	192	200	太二四30與註5	太24:30	5	book
帖後2:1#2	233	238	帖前四17	帖前4:17	-	book
帖後2:1#2	245	247	2節	帖後2:2	-	bare
帖後2:1#2	283	285	3節	帖後2:3	-	bare
帖後2:1#2	324	325	4	帖後2:4	-	bare
帖後2:1#2	326	332	啟十三1～8	啟13:1	-	book
帖後2:1#2	333	338	12～15	啟13:12	-	bare
帖後2:2#2	1	7	帖前五2註1	帖前5:2	1	book
帖後2:3#3	7	14	但七20～21	但7:20	-	book
帖後2:3#3	15	20	24～26	但7:24	-	bare
帖後2:3#3	21	24	九27	但9:27	-	chapter
帖後2:3#3	25	32	十一36～37	但11:36	-	chapter
帖後2:3#3	33	39	啟十三1～8	啟13:1	-	book
帖後2:3#3	40	45	12～18	啟13:12	-	bare
帖後2:3#3	46	53	十九19～20	啟19:19	-	chapter
帖後2:4#1	3	11	但十一36～37	但11:36	-	book
帖後2:4#1	25	29	但九27	但9:27	-	book
帖後2:4#1	39	46	太二四15註1	太24:15	1	book
帖後2:4#2	3	8	太二四15	太24:15	-	book
帖後2:6#2	11	15	但九27	但9:27	-	book
帖後2:6#2	16	22	七24～26	但7:24	-	chapter
帖後2:6#2	23	29	啟十三1～8	啟13:1	-	book
帖後2:7#1	13	14	3	帖後2:3	-	bare
帖後2:8#2	3	11	啟十九19～20	啟19:19	-	book
帖後2:8#3	1	4	1註2	帖後2:1	2	bare
帖後2:8#4	33	40	太二四27註1	太24:27	1	book
帖後2:8#4	59	62	1註2	帖後2:1	2	bare
帖後2:9#1	1	5	啟十三2	啟13:2	-	book
帖後2:9#1	6	7	4	啟13:4	-	bare
帖後2:9#1	8	9	7	啟13:7	-	bare
帖後2:9#2	17	19	10	帖後2:10	-	bare
帖後2:9#2	38	42	約八44	約8:44	-	book
帖後2:11#1	32	34	10	帖後2:10	-	bare
帖後2:12#1	8	11	一11	帖後1:11	-	chapter
帖後2:12#1	25	27	10	帖後2:10	-	bare
帖後2:12#1	46	50	羅一32	羅1:32	-	book
賽11:1#1	104	110	太一16註2	太1:16	2	book
賽11:1#1	148	155	路一26～27	路1:26	-	book
賽11:1#1	294	299	太一5註4	太1:5	4	book
賽11:1#1	300	305	二23註3	太2:23	3	chapter
賽11:2#1	23	27	太一18	太1:18	-	book
賽11:2#1	28	30	20	太1:20	-	bare
賽11:2#1	31	35	路一35	路1:35	-	book
賽11:2#1	71	75	太三16	太3:16	-	book
賽11:2#1	76	80	路四18	路4:18	-	book
賽11:2#1	97	100	路四1	路4:1	-	book
賽11:2#1	101	103	14	路4:14	-	bare
賽11:2#1	104	107	十21	路10:21	-	chapter
賽11:2#1	108	112	約一32	約1:32	-	book
賽11:2#1	113	118	太十二28	太12:28	-	book
賽11:2#1	195	203	約十四16～20	約14:16	-	book
賽11:2#1	204	209	林後三17	林後3:17	-	book
賽11:5#1	33	40	弗六13～14	弗6:13	-	book
賽11:5#1	78	83	啟十九11	啟19:11	-	book
賽11:6#1	14	18	羅五12	羅5:12	-	book
賽11:6#1	118	125	羅八19～21	羅8:19	-	book
賽11:6#1	168	169	9	賽11:9	-	bare
賽11:10#1	15	16	1	賽11:1	-	bare
賽11:10#1	52	56	10註4	賽11:10	4	bare
賽11:10#1	71	78	啟二二16註3	啟22:16	3	book
賽11:10#2	33	35	12	賽11:12	-	bare
賽11:10#2	70	73	五26	賽5:26	-	chapter
賽11:10#2	93	94	1	賽11:1	-	bare
賽11:10#3	38	40	二2	賽2:2	-	chapter
賽11:10#3	41	48	亞八20～22	亞8:20	-	book
賽11:10#4	40	44	約十七5	約17:5	-	book
賽11:10#4	45	47	24	約17:24	-	bare
賽11:10#4	69	73	約十30	約10:30	-	book
賽11:11#2	41	43	11	賽11:11	-	bare
賽11:11#2	44	50	12下～16	賽11:12	-	bare
賽11:12#1	1	5	10註2	賽11:10	2	bare
賽11:15#2	76	78	16	賽11:16	-	bare
賽12:2#1	39	43	太一21	太1:21	-	book
賽12:2#1	46	50	路二30	路2:30	-	book
賽12:3#1	51	52	2	賽12:2	-	bare
賽12:3#1	72	76	約四14	約4:14	-	book
賽12:3#1	93	100	約七38～39	約7:38	-	book
賽12:3#1	114	120	林前十五45	林前15:45	-	book
賽12:3#1	161	163	3下	賽12:3	-	bare
賽12:3#1	164	168	約四14	約4:14	-	book
賽12:3#1	169	173	啟二一6	啟21:6	-	book
賽12:3#1	195	200	約一14上	約1:14	-	book
賽12:3#1	201	204	西二9	西2:9	-	book
賽12:3#1	225	229	太一21	太1:21	-	book
賽12:3#1	265	269	來九12	來9:12	-	book
賽12:3#1	270	272	五9	來5:9	-	chapter
賽12:3#2	27	31	詩三六8	詩36:8	-	book
賽12:3#2	32	36	約四14	約4:14	-	book
賽12:3#2	37	40	七37	約7:37	-	chapter
賽12:3#2	41	47	林前十二13	林前12:13	-	book
賽12:3#2	48	53	啟二二17	啟22:17	-	book
賽12:3#2	90	96	林前十五45	林前15:45	-	book
賽12:3#2	97	104	約七37～39	約7:37	-	book
賽12:3#2	105	109	啟二一6	啟21:6	-	book
賽12:3#2	110	113	二二1	啟22:1	-	chapter
賽12:3#2	114	116	17	啟22:17	-	bare
賽12:3#2	153	157	羅十二2	羅12:2	-	book
賽12:3#2	158	164	八29～30	羅8:29	-	chapter
賽12:4#1	26	30	徒二21	徒2:21	-	book
賽12:4#2	28	31	腓二9	腓2:9	-	book
賽12:4#2	50	55	彼前二9下	彼前2:9	-	book
賽12:6#1	29	30	3	賽12:3	-	bare
賽13:1#2	86	89	3～4	賽13:3	-	bare
賽13:1#2	90	95	17～19	賽13:17	-	bare
賽13:1#2	96	103	十四22～23	賽14:22	-	chapter
賽13:1#2	104	107	二一2	賽21:2	-	chapter
賽13:1#2	108	110	9上	賽21:9	-	bare
賽13:1#2	111	118	但五30～31	但5:30	-	book
賽13:1#2	136	141	十四5～6	賽14:5	-	chapter
賽13:1#2	142	147	16～17	賽14:16	-	bare
賽13:1#2	160	164	二一9下	賽21:9	-	chapter
賽13:1#2	190	195	耶五十17	耶50:17	-	book
賽13:1#2	227	231	但二32	但2:32	-	book
賽13:1#2	232	237	37～38	但2:37	-	bare
賽13:6#1	1	7	珥一15註1	珥1:15	1	book
賽13:17#1	28	30	17	賽13:17	-	bare
賽13:17#1	31	35	十四22	賽14:22	-	chapter
賽13:17#1	36	41	24～25	賽14:24	-	bare
賽13:17#1	42	45	十九1	賽19:1	-	chapter
賽13:17#1	47	51	但四17	但4:17	-	book
賽13:17#1	52	55	啟一5	啟1:5	-	book
帖後2:13#1	40	43	弗一4	弗1:4	-	book
帖後2:13#2	6	8	16	帖後2:16	-	bare
帖後2:13#2	31	33	14	帖後2:14	-	bare
帖後2:13#4	35	39	彼前一2	彼前1:2	-	book
帖後2:13#4	40	44	約十六8	約16:8	-	book
帖後2:13#4	70	75	來十三12	來13:12	-	book
帖後2:13#4	76	81	林前六11	林前6:11	-	book
帖後2:13#4	107	111	羅六19	羅6:19	-	book
帖後2:13#4	112	114	22	羅6:22	-	bare
帖後2:14#2	54	62	約十七22與註1	約17:22	1	book
帖後2:15#1	1	8	林前十一2註1	林前11:2	1	book
帖後2:16#1	24	26	17	帖後2:17	-	bare
帖後2:16#2	16	22	約一17註1	約1:17	1	book
帖後2:16#2	38	40	13	帖後2:13	-	bare
帖後2:16#2	66	68	17	帖後2:17	-	bare
帖後2:16#4	8	12	西一27	西1:27	-	book
帖後2:16#4	25	29	帖前一3	帖前1:3	-	book
帖後2:16#4	54	62	帖前四13～14	帖前4:13	-	book
帖後2:16#4	63	67	腓三21	腓3:21	-	book
帖後2:16#4	68	72	來二10	來2:10	-	book
帖後3:3#1	15	21	二16～17	帖後2:16	-	chapter
帖後3:3#2	14	19	約壹五19	約壹5:19	-	book
帖後3:3#2	49	54	約壹五18	約壹5:18	-	book
帖後3:3#2	55	56	4	約壹5:4	-	bare
帖後3:3#2	57	61	三8～9	約壹3:8	-	chapter
帖後3:4#1	1	7	帖前四2～4	帖前4:2	-	book
帖後3:4#1	8	12	9～12	帖前4:9	-	bare
帖後3:4#1	13	19	五11～22	帖前5:11	-	chapter
帖後3:4#1	20	24	帖後二2	帖後2:2	-	book
帖後3:4#1	25	27	15	帖後2:15	-	bare
帖後3:4#1	28	30	三6	帖後3:6	-	chapter
帖後3:4#1	31	33	10	帖後3:10	-	bare
帖後3:4#1	34	39	12～15	帖後3:12	-	bare
帖後3:5#1	30	34	羅八14	羅8:14	-	book
帖後3:5#1	35	37	五5	羅5:5	-	chapter
帖後3:5#3	27	32	約壹四19	約壹4:19	-	book
帖後3:6#1	1	8	帖前五14註1	帖前5:14	1	book
帖後3:6#1	10	11	7	帖後3:7	-	bare
帖後3:6#1	12	15	11節	帖後3:11	-	bare
帖後3:6#1	32	35	羅八4	羅8:4	-	book
帖後3:6#1	50	55	帖前五11	帖前5:11	-	book
帖後3:6#1	56	61	羅十四19	羅14:19	-	book
帖後3:6#1	62	67	林前十23	林前10:23	-	book
帖後3:6#2	1	8	林前十一2註1	林前11:2	1	book
帖後3:7#1	17	23	林後十二19	林後12:19	-	book
帖後3:7#1	53	54	9	帖後3:9	-	bare
帖後3:16#1	2	8	12～15節	帖後3:12	-	bare
帖後3:18#1	74	81	帖前五28註1	帖前5:28	1	book
賽14:1#1	30	33	1～3	賽14:1	-	bare
賽14:1#1	34	37	32下	賽14:32	-	bare
賽14:1#1	38	41	十七7	賽17:7	-	chapter
賽14:1#1	42	44	10	賽17:10	-	bare
賽14:1#1	69	74	十六1～4	賽16:1	-	chapter
賽14:1#1	75	78	十八1	賽18:1	-	chapter
賽14:1#1	79	80	7	賽18:7	-	bare
賽14:1#1	81	88	十九19～25	賽19:19	-	chapter
賽14:1#1	91	96	十六5註1	賽16:5	1	chapter
賽14:12#1	63	67	伯三八7	伯38:7	-	book
賽14:12#1	69	72	伯一6	伯1:6	-	book
賽14:12#1	88	93	結二八14	結28:14	-	book
賽14:12#1	94	96	猶9	猶1:9	-	book
賽14:12#1	116	120	13註1	賽14:13	1	bare
賽14:12#1	144	149	12～15	賽14:12	-	bare
賽14:12#1	150	158	結二八16～19	結28:16	-	book
賽14:12#1	159	163	路十18	路10:18	-	book
賽14:12#1	168	174	12～15節	賽14:12	-	bare
賽14:12#1	184	185	4	賽14:4	-	bare
賽14:12#1	227	232	結二八12	結28:12	-	book
賽14:12#1	250	255	弗六12下	弗6:12	-	book
賽14:12#1	257	261	但十13	但10:13	-	book
賽14:12#1	262	264	20	但10:20	-	bare
賽14:13#1	11	17	13～14節	賽14:13	-	bare
賽14:13#1	18	26	結二八15～18	結28:15	-	book
賽14:13#1	47	52	結二八17	結28:17	-	book
賽14:13#1	124	128	創十一4	創11:4	-	book
賽14:13#1	129	135	民十二1～2	民12:1	-	book
賽14:13#1	136	141	十六1～3	民16:1	-	chapter
賽14:13#1	142	151	撒下十五10～12	撒下15:10	-	book
賽14:13#1	175	180	亞三1～2	亞3:1	-	book
賽14:13#1	181	186	啟十二9上	啟12:9	-	book
賽14:13#1	187	191	二十2上	啟20:2	-	chapter
賽14:13#2	26	29	伯一6	伯1:6	-	book
賽14:13#2	30	32	二1	伯2:1	-	chapter
賽14:15#1	1	8	太十一23註1	太11:23	1	book
賽14:15#1	25	27	13	賽14:13	-	bare
賽14:15#1	69	71	12	賽14:12	-	bare
賽14:15#1	72	74	15	賽14:15	-	bare
賽14:15#1	75	80	結二八17	結28:17	-	book
賽14:15#1	83	87	路十18	路10:18	-	book
賽14:15#1	90	97	啟十二9與註1	啟12:9	1	book
賽14:15#1	124	130	西一20註4	西1:20	4	book
賽14:15#1	131	137	來九23註1	來9:23	1	book
賽14:15#1	182	185	創一2	創1:2	-	book
賽14:15#1	186	191	伯九5～7	伯9:5	-	book
賽14:15#1	197	202	啟十二4上	啟12:4	-	book
賽14:15#1	203	205	9下	啟12:9	-	bare
賽14:15#1	240	245	太二五41	太25:41	-	book
賽14:15#1	306	313	弗六12與註2	弗6:12	2	book
賽14:15#1	315	321	但十11註1	但10:11	1	book
賽14:15#1	361	364	創一2	創1:2	-	book
賽14:15#1	378	385	太八28～32	太8:28	-	book
賽14:15#1	386	393	十二43～45	太12:43	-	chapter
賽14:15#1	407	413	太八32註2	太8:32	2	book
賽14:15#1	414	420	啟二一1註3	啟21:1	3	book
賽14:15#1	437	442	太十二26	太12:26	-	book
賽14:15#1	443	449	徒二六18上	徒26:18	-	book
賽14:15#1	450	455	西一13上	西1:13	-	book
提前1:1#1	100	104	啟一12	啟1:12	-	book
提前1:1#1	105	107	20	啟1:20	-	bare
提前1:1#1	172	176	提前一4	提前1:4	-	book
提前1:1#1	177	179	19	提前1:19	-	bare
提前1:1#1	180	182	二7	提前2:7	-	chapter
提前1:1#1	183	185	三9	提前3:9	-	chapter
提前1:1#1	186	188	13	提前3:13	-	bare
提前1:1#1	189	191	四1	提前4:1	-	chapter
提前1:1#1	192	193	6	提前4:6	-	bare
提前1:1#1	194	196	五8	提前5:8	-	chapter
提前1:1#1	197	200	六10	提前6:10	-	chapter
提前1:1#1	201	203	12	提前6:12	-	bare
提前1:1#1	204	206	21	提前6:21	-	bare
提前1:1#1	207	211	提後三8	提後3:8	-	book
提前1:1#1	212	214	四7	提後4:7	-	chapter
提前1:1#1	215	218	多一1	多1:1	-	book
提前1:1#1	219	220	4	多1:4	-	bare
提前1:1#1	221	223	13	多1:13	-	bare
提前1:1#1	247	251	提前二4	提前2:4	-	book
提前1:1#1	252	253	7	提前2:7	-	bare
提前1:1#1	254	257	三15	提前3:15	-	chapter
提前1:1#1	258	260	四3	提前4:3	-	chapter
提前1:1#1	261	263	六5	提前6:5	-	chapter
提前1:1#1	264	269	提後二15	提後2:15	-	book
提前1:1#1	270	272	18	提後2:18	-	bare
提前1:1#1	273	275	25	提後2:25	-	bare
提前1:1#1	276	278	三7	提後3:7	-	chapter
提前1:1#1	279	280	8	提後3:8	-	bare
提前1:1#1	281	283	四4	提後4:4	-	chapter
提前1:1#1	284	287	多一1	多1:1	-	book
提前1:1#1	288	290	14	多1:14	-	bare
提前1:1#1	307	312	提前一10	提前1:10	-	book
提前1:1#1	313	317	提後四3	提後4:3	-	book
提前1:1#1	318	321	多一9	多1:9	-	book
提前1:1#1	322	324	二1	多2:1	-	chapter
提前1:1#1	332	336	提前六3	提前6:3	-	book
提前1:1#1	337	342	提後一13	提後1:13	-	book
提前1:1#1	351	354	多二8	多2:8	-	book
提前1:1#1	366	370	多一13	多1:13	-	book
提前1:1#1	371	373	二2	多2:2	-	chapter
提前1:1#1	406	411	提前一16	提前1:16	-	book
提前1:1#1	412	415	六12	提前6:12	-	chapter
提前1:1#1	416	418	19	提前6:19	-	bare
提前1:1#1	419	423	提後一1	提後1:1	-	book
提前1:1#1	424	426	10	提後1:10	-	bare
提前1:1#1	427	430	多一2	多1:2	-	book
提前1:1#1	431	433	三7	多3:7	-	chapter
提前1:1#1	452	456	提前二2	提前2:2	-	book
提前1:1#1	457	459	10	提前2:10	-	bare
提前1:1#1	464	467	三16	提前3:16	-	chapter
提前1:1#1	468	470	四7	提前4:7	-	chapter
提前1:1#1	471	472	8	提前4:8	-	bare
提前1:1#1	473	475	五4	提前5:4	-	chapter
提前1:1#1	480	482	六3	提前6:3	-	chapter
提前1:1#1	483	484	5	提前6:5	-	bare
提前1:1#1	485	486	6	提前6:6	-	bare
提前1:1#1	487	489	11	提前6:11	-	bare
提前1:1#1	490	494	提後三5	提後3:5	-	book
提前1:1#1	495	497	12	提後3:12	-	bare
提前1:1#1	498	501	多一1	多1:1	-	book
提前1:1#1	502	506	二12下	多2:12	-	chapter
提前1:1#1	519	523	提前一9	提前1:9	-	book
提前1:1#1	524	529	提後二16	提後2:16	-	book
提前1:1#1	530	535	多二12上	多2:12	-	book
提前1:1#1	578	582	提前一2	提前1:2	-	book
提前1:1#1	583	584	5	提前1:5	-	bare
提前1:1#1	585	587	14	提前1:14	-	bare
提前1:1#1	588	590	19	提前1:19	-	bare
提前1:1#1	591	594	二15	提前2:15	-	chapter
提前1:1#1	595	598	四12	提前4:12	-	chapter
提前1:1#1	599	602	六11	提前6:11	-	chapter
提前1:1#1	603	607	提後一5	提後1:5	-	book
提前1:1#1	608	610	13	提後1:13	-	bare
提前1:1#1	611	614	二22	提後2:22	-	chapter
提前1:1#1	615	618	三10	提後3:10	-	chapter
提前1:1#1	619	621	15	提後3:15	-	bare
提前1:1#1	622	625	多二2	多2:2	-	book
提前1:1#1	626	629	三15	多3:15	-	chapter
提前1:1#1	669	673	提前一5	提前1:5	-	book
提前1:1#1	674	676	19	提前1:19	-	bare
提前1:1#1	677	679	三9	提前3:9	-	chapter
提前1:1#1	680	682	四2	提前4:2	-	chapter
提前1:1#1	683	687	提後一3	提後1:3	-	book
提前1:1#1	688	692	多一15	多1:15	-	book
提前1:1#2	11	15	提前一1	提前1:1	-	book
提前1:1#2	16	19	四10	提前4:10	-	chapter
提前1:1#2	20	24	多二13	多2:13	-	book
提前1:1#2	37	41	提前二3	提前2:3	-	book
提前1:1#2	42	45	多一3	多1:3	-	book
提前1:1#2	46	49	二10	多2:10	-	chapter
提前1:1#2	50	52	三4	多3:4	-	chapter
提前1:1#2	95	103	提前一15～16	提前1:15	-	book
提前1:1#2	104	108	二4～6	提前2:4	-	chapter
提前1:1#2	109	116	提後一9～10	提後1:9	-	book
提前1:1#2	117	120	二10	提後2:10	-	chapter
提前1:1#2	121	124	三15	提後3:15	-	chapter
提前1:1#2	125	129	多二14	多2:14	-	book
提前1:1#2	130	134	三5～7	多3:5	-	chapter
提前1:1#3	73	76	多一2	多1:2	-	book
提前1:1#3	105	109	多二13	多2:13	-	book
提前1:1#3	182	186	西一27	西1:27	-	book
提前1:1#4	46	50	林前一1	林前1:1	-	book
提前1:1#4	51	55	林後一1	林後1:1	-	book
提前1:1#4	56	59	弗一1	弗1:1	-	book
提前1:1#4	60	63	西一1	西1:1	-	book
提前1:3#1	19	25	提後四6註2	提後4:6	2	book
提前1:3#2	8	10	6節	提前1:6	-	bare
提前1:3#2	11	14	加一7	加1:7	-	book
提前1:3#2	15	18	二12	加2:12	-	chapter
提前1:3#3	23	24	4	提前1:4	-	bare
提前1:3#3	30	33	7～8	提前1:7	-	bare
提前1:3#3	47	48	6	提前1:6	-	bare
提前1:3#3	103	107	西一25	西1:25	-	book
提前1:3#3	293	296	4～6	提前1:4	-	bare
提前1:3#3	299	302	3～4	提前1:3	-	bare
提前1:3#3	303	306	6～7	提前1:6	-	bare
提前1:3#3	307	311	六3～5	提前6:3	-	chapter
提前1:3#3	312	317	20～21	提前6:20	-	bare
提前1:3#3	326	330	四1～3	提前4:1	-	chapter
提前1:4#1	87	89	四7	提前4:7	-	chapter
提前1:4#1	104	108	多一14	多1:14	-	book
提前1:4#2	16	19	多三9	多3:9	-	book
提前1:4#3	100	107	加三23～26	加3:23	-	book
提前1:4#4	17	20	約十9	約10:9	-	book
提前1:4#4	135	141	弗一10註2	弗1:10	2	book
提前1:4#4	142	144	三9	弗3:9	-	chapter
提前1:4#4	188	191	三15	提前3:15	-	chapter
提前1:4#4	216	220	西一25	西1:25	-	book
提前1:4#4	221	226	林前九17	林前9:17	-	book
提前1:4#4	337	338	4	提前1:4	-	bare
提前1:4#4	357	361	7～10	提前1:7	-	bare
提前1:4#4	383	386	加三2	加3:2	-	book
提前1:4#4	387	388	5	加3:5	-	bare
提前1:4#4	389	394	23～25	加3:23	-	bare
提前1:4#4	418	420	10	提前1:10	-	bare
提前1:4#4	471	473	16	提前1:16	-	bare
提前1:4#4	520	522	11	提前1:11	-	bare
提前1:4#4	553	555	19	提前1:19	-	bare
賽16:5#1	50	51	5	賽16:5	-	bare
賽16:5#1	52	57	十九20下	賽19:20	-	chapter
賽16:5#1	58	65	二二20～25	賽22:20	-	chapter
賽16:5#1	103	108	徒十五16	徒15:16	-	book
賽16:5#1	116	120	摩九11	摩9:11	-	book
賽16:5#1	123	130	路一32～33	路1:32	-	book
賽16:5#1	131	135	33註1	路1:33	1	bare
賽16:5#1	162	166	二四23	賽24:23	-	chapter
賽17:10#1	23	28	十二2註1	賽12:2	1	chapter
賽17:10#1	64	68	三十29	賽30:29	-	chapter
提前1:5#1	1	3	3節	提前1:3	-	bare
提前1:5#2	1	3	3節	提前1:3	-	bare
提前1:5#3	46	51	徒二四16	徒24:16	-	book
提前1:5#3	59	61	4節	提前1:4	-	bare
提前1:5#3	90	94	徒十五9	徒15:9	-	book
提前1:5#3	104	107	加五6	加5:6	-	book
提前1:6#2	2	4	4節	提前1:4	-	bare
提前1:6#2	16	20	7～8節	提前1:7	-	bare
提前1:7#1	12	14	四6	提前4:6	-	chapter
提前1:7#2	20	23	多三8	多3:8	-	book
提前1:7#2	36	41	多三8註3	多3:8	3	book
提前1:10#1	57	59	3節	提前1:3	-	bare
提前1:11#1	23	25	4節	提前1:4	-	bare
提前1:11#1	131	133	12	提前1:12	-	bare
提前1:13#1	28	32	徒二二3	徒22:3	-	book
提前1:13#1	33	38	腓三4～5	腓3:4	-	book
提前1:13#2	21	25	徒二二4	徒22:4	-	book
提前1:13#2	26	30	加一13	加1:13	-	book
提前1:13#2	31	33	23	加1:23	-	bare
提前1:13#2	52	57	太二六59	太26:59	-	book
提前1:13#2	58	60	67	太26:67	-	bare
提前1:13#3	24	26	14	提前1:14	-	bare
提前1:14#2	10	14	約一12	約1:12	-	book
提前1:14#2	30	35	約十四21	約14:21	-	book
提前1:14#2	36	38	23	約14:23	-	bare
提前1:14#2	39	46	二一15～17	約21:15	-	chapter
提前1:15#1	21	25	約一14	約1:14	-	book
提前1:17#2	1	6	來二9註1	來2:9	1	book
提前1:18#1	29	35	徒十六1～3	徒16:1	-	book
提前1:18#3	49	50	4	提前1:4	-	bare
提前1:18#3	64	69	11～16	提前1:11	-	bare
提前1:19#1	10	13	5註3	提前1:5	3	bare
提前1:19#1	64	66	18	提前1:18	-	bare
提前1:19#1	77	78	3	提前1:3	-	bare
提前1:19#2	19	25	加一23註3	加1:23	3	book
提前1:20#1	7	12	提後二17	提後2:17	-	book
提前1:20#2	11	19	提後四14～15	提後4:14	-	book
提前1:20#3	19	23	林前五5	林前5:5	-	book
提前1:20#3	59	64	太十六19	太16:19	-	book
提前1:20#3	65	69	十八18	太18:18	-	chapter
賽20:1#1	20	26	王下十八17	王下18:17	-	book
賽22:1#1	65	71	11下～14	賽22:11	-	bare
賽22:1#1	81	84	5～7	賽22:5	-	bare
賽22:20#1	18	23	15～19	賽22:15	-	bare
賽22:20#1	38	40	22	賽22:22	-	bare
賽22:20#1	42	45	啟三7	啟3:7	-	book
賽22:20#1	58	62	加六10	加6:10	-	book
賽22:20#1	63	67	弗二19	弗2:19	-	book
賽22:20#1	68	73	提前三15	提前3:15	-	book
賽22:21#1	17	19	九6	賽9:6	-	chapter
賽22:22#1	41	46	撒下七16	撒下7:16	-	book
賽22:22#1	53	56	三九2	賽39:2	-	chapter
賽22:22#1	66	69	啟三7	啟3:7	-	book
賽22:22#1	79	84	提前三15	提前3:15	-	book
賽22:22#1	93	101	太十六18～19	太16:18	-	book
賽22:22#1	102	107	羅十四17	羅14:17	-	book
賽22:22#1	183	186	西二9	西2:9	-	book
賽22:23#1	15	18	23上	賽22:23	-	bare
賽22:23#1	32	38	林後十二2下	林後12:2	-	book
賽22:23#1	56	60	徒二33	徒2:33	-	book
賽22:23#1	61	64	五31	徒5:31	-	chapter
賽22:23#1	79	82	太六9	太6:9	-	book
賽22:23#1	105	110	路十五18	路15:18	-	book
賽22:23#1	133	135	24	賽22:24	-	bare
賽22:23#2	43	45	24	賽22:24	-	bare
賽22:24#2	49	56	約七37～39	約7:37	-	book
賽22:24#2	78	85	太九17與註1	太9:17	1	book
賽22:25#1	29	31	15	賽22:15	-	bare
賽22:25#1	161	164	羅六6	羅6:6	-	book
賽22:25#1	165	170	林後五14	林後5:14	-	book
賽22:25#1	237	241	約十五5	約15:5	-	book
賽22:25#1	242	247	羅十一17	羅11:17	-	book
賽22:25#1	248	252	加二20	加2:20	-	book
賽22:25#1	253	261	腓一19～21上	腓1:19	-	book
賽22:25#1	288	294	太十七3～5	太17:3	-	book
賽22:25#1	295	302	西二16～17	西2:16	-	book
賽22:25#1	303	309	來十5～14	來10:5	-	book
賽22:25#1	334	337	七14	賽7:14	-	chapter
提前2:1#1	34	39	腓四6註2	腓4:6	2	book
提前2:2#2	33	38	腓四8註2	腓4:8	2	book
提前2:4#1	10	11	1	提前2:1	-	bare
提前2:4#2	130	132	一3	提前1:3	-	chapter
提前2:4#2	165	173	提後二16～18	提後2:16	-	book
提前2:4#2	232	235	三15	提前3:15	-	chapter
提前2:4#2	254	259	提後二15	提後2:15	-	book
提前2:4#2	276	281	提後二25	提後2:25	-	book
提前2:5#3	11	14	約一1	約1:1	-	book
提前2:5#3	32	36	約一14	約1:14	-	book
提前2:5#3	55	58	三16	提前3:16	-	chapter
提前2:5#3	74	78	徒七56	徒7:56	-	book
提前2:5#3	79	84	約二十28	約20:28	-	book
提前2:7#1	15	18	三13	提前3:13	-	chapter
提前2:7#1	19	26	加三23～25	加3:23	-	book
提前2:7#1	50	53	4註2	提前2:4	2	bare
提前2:7#1	57	59	四3	提前4:3	-	chapter
提前2:7#2	120	127	提後一11註2	提後1:11	2	book
提前2:8#3	1	7	路一75註1	路1:75	1	book
提前2:8#5	21	22	1	提前2:1	-	bare
提前2:8#5	23	25	2節	提前2:2	-	bare
提前2:12#1	77	82	林前十一3	林前11:3	-	book
提前2:13#1	14	17	創二7	創2:7	-	book
提前2:13#2	25	29	太十九8	太19:8	-	book
提前2:14#1	0	3	13節	提前2:13	-	bare
提前2:14#2	8	13	創三1～6	創3:1	-	book
提前2:15#2	7	11	約一12	約1:12	-	book
提前2:15#2	20	25	約十四21	約14:21	-	book
提前2:15#2	26	28	23	約14:23	-	bare
提前2:15#2	57	61	來十一6	來11:6	-	book
提前2:15#2	77	82	約十四23	約14:23	-	book
提前2:15#2	98	103	來十二14	來12:14	-	book
提前2:15#2	143	148	一3～11	提前1:3	-	chapter
提前2:15#2	178	182	一4～6	提前1:4	-	chapter
提前2:15#2	198	204	一12～17	提前1:12	-	chapter
提前2:15#2	235	241	一18～19	提前1:18	-	chapter
提前2:15#2	261	264	一20	提前1:20	-	chapter
提前2:15#2	309	312	1～7	提前2:1	-	bare
提前2:15#2	335	336	8	提前2:8	-	bare
提前2:15#2	380	384	9～15	提前2:9	-	bare
賽24:21#2	22	25	弗二2	弗2:2	-	book
賽24:21#2	26	29	六12	弗6:12	-	chapter
賽24:21#2	73	79	二六13註1	賽26:13	1	chapter
賽25:6#1	72	76	二2～3	賽2:2	-	chapter
賽25:7#1	36	41	林後三15	林後3:15	-	book
賽25:7#1	42	44	四4	林後4:4	-	chapter
賽25:8#1	61	67	林前十五54	林前15:54	-	book
賽26:8#1	56	57	9	賽26:9	-	bare
賽26:13#1	80	81	5	賽26:5	-	bare
賽26:13#1	82	84	14	賽26:14	-	bare
賽26:13#1	85	87	21	賽26:21	-	bare
賽26:13#1	88	95	二四21～22	賽24:21	-	chapter
賽26:13#1	96	101	二五2～3	賽25:2	-	chapter
賽26:13#1	102	105	二七1	賽27:1	-	chapter
賽26:15#1	52	57	申十一24	申11:24	-	book
賽26:16#1	26	34	二四14～16上	賽24:14	-	chapter
賽26:16#1	35	38	二五1	賽25:1	-	chapter
賽26:16#1	39	42	4～5	賽25:4	-	bare
賽26:16#1	43	44	9	賽25:9	-	bare
賽26:16#1	45	50	二六8～9	賽26:8	-	chapter
賽26:16#1	64	67	1～4	賽26:1	-	bare
賽26:16#1	68	70	15	賽26:15	-	bare
賽26:16#1	71	73	19	賽26:19	-	bare
賽26:16#1	74	78	二四23	賽24:23	-	chapter
賽26:16#1	79	84	二五6～7	賽25:6	-	chapter
賽26:16#1	85	90	二七2～9	賽27:2	-	chapter
賽26:16#1	91	96	12～13	賽27:12	-	bare
提前3:2#1	40	45	徒二十17	徒20:17	-	book
提前3:2#1	46	48	28	徒20:28	-	bare
提前3:3#5	42	47	徒十一30	徒11:30	-	book
提前3:4#2	1	5	二2註2	提前2:2	2	chapter
提前3:6#3	18	26	結二八13～17	結28:13	-	book
提前3:7#4	1	7	啟二10註1	啟2:10	1	book
提前3:8#4	29	32	六5上	提前6:5	-	chapter
提前3:9#2	64	67	西二2	西2:2	-	book
提前3:9#2	80	83	弗三4	弗3:4	-	book
提前3:11#1	6	10	羅十六1	羅16:1	-	book
提前3:11#2	3	5	8節	提前3:8	-	bare
提前3:11#2	22	27	啟十二10	啟12:10	-	book
提前3:11#3	3	5	8節	提前3:8	-	bare
提前3:12#1	1	4	2註3	提前3:2	3	bare
賽27:1#1	54	60	二六13註1	賽26:13	1	chapter
賽27:12#2	14	20	12～13節	賽27:12	-	bare
賽28:2#1	17	25	王下十七3～18	王下17:3	-	book
賽28:2#1	26	33	二四10～16	王下24:10	-	chapter
賽28:11#2	25	34	林前十四21與註2	林前14:21	2	book
賽28:13#1	1	5	10註1	賽28:10	1	bare
賽28:14#1	20	25	14～15	賽28:14	-	bare
賽28:14#1	26	31	17～20	賽28:17	-	bare
賽28:14#1	32	34	22	賽28:22	-	bare
賽28:14#1	35	43	王下十七3～18	王下17:3	-	book
賽28:16#1	38	47	詩一一八22～24	詩118:22	-	book
賽28:16#1	73	79	詩一一八26	詩118:26	-	book
賽28:16#1	83	91	太二三38～39	太23:38	-	book
賽28:16#1	92	96	39註1	太23:39	1	bare
賽28:16#1	101	103	7節	賽28:7	-	bare
賽28:16#1	146	150	來七26	來7:26	-	book
賽28:16#1	151	158	徒三22～23	徒3:22	-	book
賽28:21#1	34	40	二六13註1	賽26:13	1	chapter
賽28:24#1	1	7	24～29節	賽28:24	-	bare
提前3:15#1	53	57	弗二19	弗2:19	-	book
提前3:15#1	58	61	來三6	來3:6	-	book
提前3:15#1	84	88	弗二22	弗2:22	-	book
提前3:16#3	88	92	西一27	西1:27	-	book
提前3:16#3	93	97	加二20	加2:20	-	book
提前3:16#4	17	20	約一1	約1:1	-	book
提前3:16#4	21	23	14	約1:14	-	bare
提前3:16#4	44	47	羅八3	羅8:3	-	book
提前3:16#4	48	53	腓二7～8	腓2:7	-	book
提前3:16#4	69	74	林後五16	林後5:16	-	book
提前3:16#5	34	41	太三16～17	太3:16	-	book
提前3:16#5	42	47	羅一3～4	羅1:3	-	book
提前3:16#5	69	76	太三15～16	太3:15	-	book
提前3:16#5	77	79	四1	太4:1	-	chapter
提前3:16#5	114	117	路四1	路4:1	-	book
提前3:16#5	118	120	14	路4:14	-	bare
提前3:16#5	121	126	太十二28	太12:28	-	book
提前3:16#5	142	146	來九14	來9:14	-	book
提前3:16#5	155	159	太十七2	太17:2	-	book
提前3:16#5	192	198	林前十五45	林前15:45	-	book
提前3:16#5	199	204	林後三17	林後3:17	-	book
提前3:16#5	217	223	羅八9～10	羅8:9	-	book
提前3:16#5	262	267	林後五16	林後5:16	-	book
提前3:16#5	304	308	羅八16	羅8:16	-	book
提前3:16#7	23	29	路二9～14	路2:9	-	book
提前3:16#7	30	34	太四11	太4:11	-	book
提前3:16#7	35	42	徒一10～11	徒1:10	-	book
提前3:16#7	43	46	啟五6	啟5:6	-	book
提前3:16#7	47	52	11～12	啟5:11	-	bare
提前3:16#8	36	41	羅十六26	羅16:26	-	book
提前3:16#8	42	45	弗三8	弗3:8	-	book
提前3:16#9	35	40	徒十三48	徒13:48	-	book
提前3:16#10	13	18	可十六19	可16:19	-	book
提前3:16#10	19	25	徒一9～11	徒1:9	-	book
提前3:16#10	26	29	二33	徒2:33	-	chapter
提前3:16#10	30	33	腓二9	腓2:9	-	book
提前4:1#1	6	9	三16	提前3:16	-	chapter
提前4:1#2	26	32	羅八9～11	羅8:9	-	book
提前4:1#2	33	35	16	羅8:16	-	bare
提前4:1#3	12	16	提後三1	提後3:1	-	book
提前4:1#4	18	23	一19註2	提前1:19	2	chapter
提前4:1#4	24	28	三9註2	提前3:9	2	chapter
提前4:1#5	12	16	約壹四2	約壹4:2	-	book
提前4:1#5	17	18	6	約壹4:6	-	bare
提前4:1#5	55	60	太二五41	太25:41	-	book
提前4:1#5	61	68	弗六12與註2	弗6:12	2	book
提前4:1#6	40	45	太十二22	太12:22	-	book
提前4:1#6	46	48	43	太12:43	-	bare
提前4:1#6	49	52	路八2	路8:2	-	book
提前4:2#1	5	7	1節	提前4:1	-	bare
提前4:2#3	64	66	一5	提前1:5	-	chapter
提前4:2#3	89	92	一19	提前1:19	-	chapter
提前4:2#3	120	122	三9	提前3:9	-	chapter
提前4:3#4	1	5	二4註2	提前2:4	2	chapter
提前4:5#2	1	5	二1註2	提前2:1	2	chapter
賽29:13#1	111	118	太十五1～14	太15:1	-	book
賽29:13#1	119	126	約四20～24	約4:20	-	book
賽29:13#1	130	134	1～12	賽29:1	-	bare
賽29:13#1	135	141	14～16節	賽29:14	-	bare
賽29:15#1	19	21	13	賽29:13	-	bare
賽29:15#1	32	36	9～12	賽29:9	-	bare
賽29:15#1	37	42	15～16	賽29:15	-	bare
賽29:15#1	91	95	約一14	約1:14	-	book
賽29:15#1	96	98	17	約1:17	-	bare
賽29:15#1	160	165	約十四6上	約14:6	-	book
賽29:15#1	166	171	林前一24	林前1:24	-	book
賽29:15#1	172	174	30	林前1:30	-	bare
賽29:15#1	190	197	約四23～24	約4:23	-	book
賽29:17#1	22	27	17～24	賽29:17	-	bare
賽30:2#1	38	43	創十二10	創12:10	-	book
賽30:2#1	44	49	四二1～3	創42:1	-	chapter
賽30:2#1	83	86	3～5	賽30:3	-	bare
賽30:6#1	1	6	二一1註2	賽21:1	2	chapter
賽30:15#1	46	48	15	賽30:15	-	bare
賽30:15#1	49	54	三一6～7	賽31:6	-	chapter
賽30:15#1	68	70	18	賽30:18	-	bare
賽30:15#1	71	76	三一4～5	賽31:4	-	chapter
賽30:15#1	77	79	9下	賽31:9	-	bare
賽30:15#1	87	92	19～26	賽30:19	-	bare
賽30:15#1	93	95	29	賽30:29	-	bare
賽30:15#1	96	101	太十九28	太19:28	-	book
賽30:15#1	102	106	徒三21	徒3:21	-	book
賽30:20#2	62	66	太二三8	太23:8	-	book
賽30:20#2	67	69	10	太23:10	-	bare
賽30:26#1	43	46	徒一6	徒1:6	-	book
賽30:26#1	150	157	何二21～22	何2:21	-	book
賽30:26#1	202	208	何六11註1	何6:11	1	book
賽30:26#1	209	215	珥三18註1	珥3:18	1	book
賽30:28#1	43	48	27～33	賽30:27	-	bare
賽30:28#1	49	55	三一8～9上	賽31:8	-	chapter
賽30:33#1	14	20	太五22註9	太5:22	9	book
提前4:6#1	60	62	一7	提前1:7	-	chapter
提前4:6#1	63	64	3	提前1:3	-	bare
提前4:6#2	1	4	1註4	提前4:1	4	bare
提前4:7#3	1	5	一4註1	提前1:4	1	chapter
提前4:7#4	49	54	三16註1	提前3:16	1	chapter
提前4:7#4	78	83	林後三17	林後3:17	-	book
提前4:7#4	84	90	羅八9～10	羅8:9	-	book
提前4:7#4	91	96	提後四22	提後4:22	-	book
提前4:8#3	11	15	太六33	太6:33	-	book
提前4:8#3	16	21	約十六33	約16:33	-	book
提前4:8#3	22	27	腓四6～7	腓4:6	-	book
提前4:8#3	28	35	彼前五8～10	彼前5:8	-	book
提前4:8#3	53	61	彼後一10～11	彼後1:10	-	book
提前4:8#3	62	67	提後二12	提後2:12	-	book
提前4:8#3	68	71	啟二7	啟2:7	-	book
提前4:8#3	72	74	17	啟2:17	-	bare
提前4:8#3	75	80	二一6～7	啟21:6	-	chapter
提前4:8#3	85	92	可十29～30	可10:29	-	book
提前4:14#1	54	60	林前十二28	林前12:28	-	book
提前4:14#1	78	84	羅十二7～8	羅12:7	-	book
提前4:14#2	2	4	11	提前4:11	-	bare
提前4:14#2	5	7	13	提前4:13	-	bare
提前4:14#2	8	11	16節	提前4:16	-	bare
提前4:14#2	33	37	提前一3	提前1:3	-	book
提前4:14#2	38	40	四6	提前4:6	-	chapter
提前4:14#2	41	43	五7	提前5:7	-	chapter
提前4:14#2	44	46	六2	提前6:2	-	chapter
提前4:14#2	47	49	12	提前6:12	-	bare
提前4:14#2	50	52	20	提前6:20	-	bare
提前4:14#2	53	61	提後一13～14	提後1:13	-	book
提前4:14#2	62	64	二2	提後2:2	-	chapter
提前4:14#2	65	70	14～15	提後2:14	-	bare
提前4:14#2	71	76	24～25	提後2:24	-	bare
提前4:14#2	77	79	四2	提後4:2	-	chapter
提前4:14#2	80	81	5	提後4:5	-	bare
提前4:14#3	1	6	一18註1	提前1:18	1	chapter
提前4:14#4	48	50	三2	提前3:2	-	chapter
提前4:14#5	14	17	利一4	利1:4	-	book
提前4:14#5	62	66	提後一6	提後1:6	-	book
提前5:4#1	12	17	三16註1	提前3:16	1	chapter
提前5:8#2	1	6	一19註2	提前1:19	2	chapter
提前5:8#2	7	11	三9註2	提前3:9	2	chapter
提前5:10#1	1	5	三7註2	提前3:7	2	chapter
提前5:14#1	0	4	林前七8	林前7:8	-	book
提前5:14#2	25	27	13	提前5:13	-	bare
提前5:14#2	59	63	創三16	創3:16	-	book
提前5:17#3	1	3	3節	提前5:3	-	bare
提前5:22#1	1	6	四14註5	提前4:14	5	chapter
提前5:24#1	17	20	22節	提前5:22	-	bare
賽32:1#1	30	33	1～2	賽32:1	-	bare
賽32:1#1	34	38	三三22	賽33:22	-	chapter
賽32:1#1	95	100	太十九28	太19:28	-	book
賽32:1#1	101	105	林前六2	林前6:2	-	book
賽32:1#1	106	113	啟二26～27	啟2:26	-	book
賽32:1#1	114	117	十二5	啟12:5	-	chapter
賽32:1#1	118	121	二十4	啟20:4	-	chapter
賽32:2#1	12	13	1	賽32:1	-	bare
賽32:3#1	6	7	1	賽32:1	-	bare
賽32:3#1	20	23	3～4	賽32:3	-	bare
賽32:3#1	24	29	15～18	賽32:15	-	bare
賽32:3#1	30	33	三三2	賽33:2	-	chapter
賽32:3#1	34	37	5～6	賽33:5	-	bare
賽32:3#1	38	43	20～22	賽33:20	-	bare
賽32:3#1	44	49	三五1～2	賽35:1	-	chapter
賽32:3#1	50	54	5～10	賽35:5	-	bare
賽33:22#1	20	23	三二1	賽32:1	-	chapter
賽34:6#1	50	55	六三1～6	賽63:1	-	chapter
賽34:6#1	56	59	2註1	賽63:2	1	bare
賽35:5#1	1	6	太十1註2	太10:1	2	book
提前6:1#1	15	19	徒二42	徒2:42	-	book
提前6:3#1	1	5	一3註3	提前1:3	3	chapter
提前6:3#2	1	6	一10註1	提前1:10	1	chapter
提前6:3#2	23	27	約六63	約6:63	-	book
提前6:3#3	1	5	二2註1	提前2:2	1	chapter
提前6:3#3	6	11	三16註1	提前3:16	1	chapter
提前6:3#3	15	19	四7註4	提前4:7	4	chapter
提前6:4#1	1	5	三6註2	提前3:6	2	chapter
提前6:4#2	36	38	3節	提前6:3	-	bare
提前6:5#3	1	6	三15註4	提前3:15	4	chapter
提前6:10#4	1	5	三9註2	提前3:9	2	chapter
提前6:11#1	17	21	約一13	約1:13	-	book
提前6:11#1	22	26	彼後一4	彼後1:4	-	book
提前6:11#1	42	47	林前六17	林前6:17	-	book
提前6:11#1	77	80	三16	提前3:16	-	chapter
提前6:11#3	12	17	三16註1	提前3:16	1	chapter
提前6:11#5	9	15	約壹四7～8	約壹4:7	-	book
提前6:11#5	16	21	19～21	約壹4:19	-	bare
提前6:11#7	12	17	太五5註1	太5:5	1	book
提前6:12#2	120	123	一16	提前1:16	-	chapter
提前6:12#2	124	127	六19	提前6:19	-	chapter
提前6:12#2	128	132	提後一1	提後1:1	-	book
提前6:12#2	133	135	10	提後1:10	-	bare
提前6:12#2	136	139	多一2	多1:2	-	book
提前6:12#2	140	142	三7	多3:7	-	chapter
提前6:14#1	6	12	11～12節	提前6:11	-	bare
提前6:15#2	2	5	徒一7	徒1:7	-	book
提前6:16#1	1	4	14節	提前6:14	-	bare
提前6:18#2	25	29	弗二10	弗2:10	-	book
提前6:19#1	9	12	17節	提前6:17	-	bare
提前6:19#2	1	4	12節	提前6:12	-	bare
提前6:19#2	167	170	12節	提前6:12	-	bare
提前6:20#1	47	54	提後一14註2	提後1:14	2	book
賽37:1#1	13	18	15～20	賽37:15	-	bare
賽37:1#1	19	24	三八2～3	賽38:2	-	chapter
賽37:1#1	25	29	9～10	賽38:9	-	bare
賽37:27#1	8	14	王下十九26	王下19:26	-	book
賽37:35#1	78	82	三八5上	賽38:5	-	chapter
提後1:1#1	55	57	15	提後1:15	-	bare
提後1:1#1	58	61	四16	提後4:16	-	chapter
提後1:1#1	74	77	四10	提後4:10	-	chapter
提後1:1#1	294	297	二19	提後2:19	-	chapter
提後1:1#1	352	357	提前六12	提前6:12	-	book
提後1:1#1	358	360	19	提前6:19	-	bare
提後1:3#2	1	7	提前三9註1	提前3:9	1	book
提後1:3#3	13	18	徒二四14	徒24:14	-	book
提後1:3#3	19	22	腓三3	腓3:3	-	book
提後1:6#1	1	8	提前四14註5	提前4:14	5	book
提後1:7#1	17	20	約三6	約3:6	-	book
提後1:7#1	21	25	羅八16	羅8:16	-	book
提後1:7#1	40	41	6	提後1:6	-	bare
提後1:8#4	13	18	啟六2註2	啟6:2	2	book
提後1:10#2	13	17	來二14	來2:14	-	book
提後1:10#2	29	38	林前十五52～54	林前15:52	-	book
提後1:10#3	25	30	提前一16	提前1:16	-	book
提後1:10#3	50	54	羅五17	羅5:17	-	book
提後1:10#3	55	57	21	羅5:21	-	bare
提後1:10#3	69	73	徒二24	徒2:24	-	book
提後1:10#3	82	86	林後五4	林後5:4	-	book
提後1:10#3	107	108	1	提後1:1	-	bare
提後1:10#4	43	47	羅八11	羅8:11	-	book
提後1:11#1	37	40	約一4	約1:4	-	book
提後1:11#1	41	46	16～17	約1:16	-	bare
提後1:11#2	42	48	提前二7註2	提前2:7	2	book
提後1:12#2	13	14	8	提後1:8	-	bare
提後1:12#3	142	146	四7～8	提後4:7	-	chapter
提後1:13#1	1	7	提前六3註2	提前6:3	2	book
提後1:13#2	5	8	12節	提後1:12	-	bare
提後1:13#3	1	8	提前一14註2	提前1:14	2	book
提後1:14#1	18	22	羅八16	羅8:16	-	book
提後1:14#2	11	14	12節	提後1:12	-	bare
提後1:14#2	29	32	13節	提後1:13	-	bare
提後1:14#2	72	79	提前六20註1	提前6:20	1	book
提後1:15#1	83	88	16～18	提後1:16	-	bare
提後1:15#3	23	24	8	提後1:8	-	bare
提後1:18#1	18	20	四8	提後4:8	-	chapter
提後1:18#1	21	26	啟二二12	啟22:12	-	book
賽38:5#1	26	31	王下十八2	王下18:2	-	book
賽38:15#1	76	81	三九1～2	賽39:1	-	chapter
賽38:15#1	100	105	三九2註1	賽39:2	1	chapter
賽38:18#1	1	8	太十一23註1	太11:23	1	book
賽38:18#1	10	16	18～19節	賽38:18	-	bare
賽38:18#1	59	64	三九8註1	賽39:8	1	chapter
賽39:2#1	185	189	彼前五5	彼前5:5	-	book
賽39:8#1	70	77	撒上三一6註1	撒上31:6	1	book
賽40:1#1	83	88	十一6～9	賽11:6	-	chapter
賽40:1#1	89	94	三五5～6	賽35:5	-	chapter
賽40:1#1	96	101	太十九28	太19:28	-	book
賽40:1#1	102	104	十1	太10:1	-	chapter
賽40:1#1	105	112	羅八19～23	羅8:19	-	book
賽40:1#1	291	296	林後五17	林後5:17	-	book
賽40:1#1	297	301	加六15	加6:15	-	book
賽40:1#1	340	341	3	賽40:3	-	bare
賽40:1#1	342	348	可一1～11	可1:1	-	book
賽40:1#1	392	396	彼後三7	彼後3:7	-	book
賽40:1#1	397	402	10～12	彼後3:10	-	bare
賽40:1#1	443	448	彼後三13	彼後3:13	-	book
賽40:1#1	449	455	啟二一1～2	啟21:1	-	book
賽40:3#2	50	56	太一21註1	太1:21	1	book
賽40:3#2	90	95	太三3註2	太3:3	2	book
賽40:3#3	1	6	三五1註1	賽35:1	1	chapter
賽40:5#1	19	22	1～2	賽40:1	-	bare
賽40:5#1	36	41	六一1～2	賽61:1	-	chapter
賽40:5#1	42	49	路四18～19	路4:18	-	book
賽40:5#1	71	74	3～4	賽40:3	-	bare
賽40:5#1	106	107	5	賽40:5	-	bare
賽40:5#1	129	135	林後四4～6	林後4:4	-	book
賽40:5#1	148	151	來一3	來1:3	-	book
賽40:5#1	165	172	路一78～79	路1:78	-	book
賽40:5#1	209	215	太十七1～2	太17:1	-	book
賽40:5#1	216	217	5	太17:5	-	bare
賽40:5#1	218	225	路二25～32	路2:25	-	book
賽40:5#1	226	229	九32	路9:32	-	chapter
賽40:5#1	230	234	約一14	約1:14	-	book
賽40:5#1	235	243	彼後一16～18	彼後1:16	-	book
賽40:5#1	282	286	西一27	西1:27	-	book
賽40:5#1	319	320	3	賽40:3	-	bare
賽40:5#1	330	331	5	賽40:5	-	bare
賽40:5#1	373	377	9～10	賽40:9	-	bare
賽40:5#1	414	416	11	賽40:11	-	bare
賽40:5#2	39	44	約三34上	約3:34	-	book
賽40:5#2	45	48	七16	約7:16	-	chapter
賽40:5#2	49	53	十四24	約14:24	-	chapter
賽40:5#2	89	96	約十四7～10	約14:7	-	book
賽40:5#2	97	102	來一1～2	來1:1	-	book
賽40:6#1	1	8	彼前一24註1	彼前1:24	1	book
賽40:8#1	19	22	西二9	西2:9	-	book
賽40:8#1	31	36	羅十6～8	羅10:6	-	book
賽40:8#1	56	60	約壹一1	約壹1:1	-	book
賽40:8#1	103	104	5	賽40:5	-	bare
賽40:8#1	141	144	約一1	約1:1	-	book
賽40:8#1	145	150	12～13	約1:12	-	bare
賽40:8#1	151	156	彼前一23	彼前1:23	-	book
賽40:8#1	171	176	林後五17	林後5:17	-	book
賽40:8#1	194	201	約三15～16	約3:15	-	book
賽40:8#1	212	217	彼前一25	彼前1:25	-	book
賽40:9#1	40	47	太一18～23	太1:18	-	book
賽40:9#1	48	52	路一35	路1:35	-	book
賽40:9#1	53	56	約一1	約1:1	-	book
賽40:9#1	57	59	14	約1:14	-	bare
賽40:10#1	32	35	太二6	太2:6	-	book
賽40:10#1	54	62	太二五14～30	太25:14	-	book
賽40:10#1	63	68	林後五10	林後5:10	-	book
賽40:11#1	19	21	10	賽40:10	-	bare
賽40:11#1	31	34	太二6	太2:6	-	book
賽40:11#1	35	38	九36	太9:36	-	chapter
賽40:11#1	39	44	約十2～4	約10:2	-	book
賽40:11#1	45	47	11	約10:11	-	bare
賽40:11#1	48	50	14	約10:14	-	bare
賽40:15#1	33	35	15	賽40:15	-	bare
賽40:15#1	36	38	17	賽40:17	-	bare
賽40:15#1	40	45	腓三7～8	腓3:7	-	book
賽40:25#1	37	39	22	賽40:22	-	bare
賽40:25#1	40	45	25～26	賽40:25	-	bare
賽40:25#1	46	49	28上	賽40:28	-	bare
賽40:25#1	80	85	12～14	賽40:12	-	bare
賽40:25#1	86	91	17～18	賽40:17	-	bare
賽40:25#1	92	95	28下	賽40:28	-	bare
賽40:25#1	96	99	22上	賽40:22	-	bare
賽40:31#1	8	10	28	賽40:28	-	bare
賽40:31#1	193	196	1～5	賽40:1	-	bare
賽40:31#1	211	214	6～8	賽40:6	-	bare
賽40:31#1	227	232	28～31	賽40:28	-	bare
賽40:31#2	29	35	林前十五10	林前15:10	-	book
賽40:31#2	36	40	林後四7	林後4:7	-	book
賽40:31#2	41	45	十二9上	林後12:9	-	chapter
賽40:31#2	87	91	腓四13	腓4:13	-	book
賽40:31#2	92	96	西一11	西1:11	-	book
提後2:1#1	1	5	一9註2	提後1:9	2	chapter
提後2:1#2	17	22	一9～12	提後1:9	-	chapter
提後2:2#1	7	10	一13	提後1:13	-	chapter
提後2:2#2	24	27	一14	提後1:14	-	chapter
提後2:3#1	21	25	民四23	民4:23	-	book
提後2:3#1	26	28	30	民4:30	-	bare
提後2:3#1	29	31	35	民4:35	-	bare
提後2:4#2	20	22	四7	提後4:7	-	chapter
提後2:5#2	1	8	林前九25註1	林前9:25	1	book
提後2:8#3	50	55	羅一1～4	羅1:1	-	book
提後2:10#1	26	29	弗一4	弗1:4	-	book
提後2:10#2	45	49	羅八21	羅8:21	-	book
提後2:10#2	66	70	來二10	來2:10	-	book
提後2:10#2	86	90	羅八17	羅8:17	-	book
提後2:11#1	1	9	提後二11～13	提後2:11	-	book
提後2:11#1	23	26	羅六8	羅6:8	-	book
提後2:11#1	27	30	八17	羅8:17	-	chapter
提後2:11#2	18	23	羅六3～8	羅6:3	-	book
提後2:11#3	10	13	羅六5	羅6:5	-	book
提後2:11#3	14	15	8	羅6:8	-	bare
提後2:11#3	16	21	約十四19	約14:19	-	book
提後2:12#3	7	11	太十33	太10:33	-	book
提後2:12#3	12	16	路十二9	路12:9	-	book
提後2:15#2	1	7	提前二4註2	提前2:4	2	book
提後2:15#2	8	13	三15註4	提前3:15	4	chapter
提後2:15#2	21	23	14	提後2:14	-	bare
提後2:15#2	32	34	16	提後2:16	-	bare
提後2:15#2	47	49	17	提後2:17	-	bare
提後2:15#2	63	65	23	提後2:23	-	bare
提後2:15#2	82	84	26	提後2:26	-	bare
提後2:15#2	93	95	23	提後2:23	-	bare
提後2:15#2	105	107	14	提後2:14	-	bare
提後2:15#2	116	118	16	提後2:16	-	bare
提後2:15#2	129	131	18	提後2:18	-	bare
提後2:16#1	1	7	提前四7註2	提前4:7	2	book
提後2:16#2	7	13	提前二2註1	提前2:2	1	book
提後2:17#2	18	21	約十9	約10:9	-	book
提後2:18#1	1	8	提前三15註4	提前3:15	4	book
提後2:18#3	29	35	林前十五52	林前15:52	-	book
提後2:18#3	36	41	帖前四16	帖前4:16	-	book
提後2:18#3	42	46	啟二十4	啟20:4	-	book
提後2:18#3	47	48	6	啟20:6	-	bare
提後2:18#4	26	29	羅十9	羅10:9	-	book
提後2:19#1	0	6	14～18節	提後2:14	-	bare
提後2:19#1	36	38	15	提後2:15	-	bare
提後2:19#1	39	41	18	提後2:18	-	bare
提後2:19#1	42	45	25節	提後2:25	-	bare
提後2:19#1	65	70	林前三11	林前3:11	-	book
提後2:19#1	104	109	提前三15	提前3:15	-	book
提後2:19#1	123	127	徒四33	徒4:33	-	book
提後2:19#1	165	169	來七16	來7:16	-	book
提後2:19#1	170	174	徒二24	徒2:24	-	book
提後2:19#2	226	232	16～18節	提後2:16	-	bare
提後2:20#2	0	8	提前三15～16	提前3:15	-	book
提後2:20#2	75	83	太十三31～32	太13:31	-	book
提後2:20#2	95	102	太十三32註1	太13:32	1	book
提後2:21#1	9	11	19	提後2:19	-	bare
提後2:21#2	9	15	16～18節	提後2:16	-	bare
提後2:22#2	11	17	提前一5註3	提前1:5	3	book
提後2:22#3	17	19	19	提後2:19	-	bare
提後2:25#1	115	117	26	提後2:26	-	bare
提後2:25#2	1	7	提前二4註2	提前2:4	2	book
提後2:26#1	1	7	啟二10註1	啟2:10	1	book
提後2:26#3	62	69	約八42～45	約8:42	-	book
提後3:1#2	8	12	彼後三3	彼後3:3	-	book
提後3:1#2	13	16	猶18	猶1:18	-	book
提後3:1#2	31	36	彼前一20	彼前1:20	-	book
提後3:1#2	78	83	太二四36	太24:36	-	book
提後3:2#1	0	4	2～5節	提後3:2	-	bare
提後3:2#1	33	36	二20	提後2:20	-	chapter
提後3:2#1	57	59	5節	提後3:5	-	bare
提後3:2#2	31	32	2	提後3:2	-	bare
提後3:2#2	33	38	提前六10	提前6:10	-	book
提後3:2#2	56	57	4	提後3:4	-	bare
提後3:2#2	68	71	多一8	多1:8	-	book
提後3:2#2	90	93	多二4	多2:4	-	book
提後3:2#2	121	124	3～4	提後3:3	-	bare
提後3:2#2	240	243	啟二4	啟2:4	-	book
提後3:4#3	1	7	提前三6註2	提前3:6	2	book
提後3:7#1	1	7	提前二4註2	提前2:4	2	book
提後3:8#1	13	17	出七11	出7:11	-	book
提後3:8#1	18	20	22	出7:22	-	bare
提後3:8#2	1	8	提前三15註4	提前3:15	4	book
提後3:8#3	1	7	提前四1註4	提前4:1	4	book
提後3:9#2	15	19	出八18	出8:18	-	book
提後3:9#2	20	23	九11	出9:11	-	chapter
提後3:10#2	25	29	羅九11	羅9:11	-	book
提後3:11#1	11	17	徒十六1～2	徒16:1	-	book
提後3:12#2	1	7	提前二2註1	提前2:2	1	book
提後3:12#2	8	13	三16註1	提前3:16	1	chapter
賽41:1#1	28	36	太十二15～21	太12:15	-	book
賽41:1#1	204	210	二二25註1	賽22:25	1	chapter
賽41:1#1	388	394	林前十二12	林前12:12	-	book
賽41:1#1	395	402	西三10～11	西3:10	-	book
賽41:2#1	48	50	2上	賽41:2	-	bare
賽41:2#1	51	54	25上	賽41:25	-	bare
賽41:2#1	55	60	四五13上	賽45:13	-	chapter
賽41:2#1	61	66	徒三26上	徒3:26	-	book
賽41:2#1	77	81	四五1上	賽45:1	-	chapter
賽41:2#1	82	87	路四18上	路4:18	-	book
賽41:2#1	99	104	四八14下	賽48:14	-	chapter
賽41:2#1	105	109	太三17	太3:17	-	book
賽41:2#1	127	132	四八14下	賽48:14	-	chapter
賽41:2#1	133	141	啟十七1～十九4	啟17:1	-	book
賽41:2#1	156	161	四六11下	賽46:11	-	chapter
賽41:2#1	176	178	2下	賽41:2	-	bare
賽41:2#1	179	182	25下	賽41:25	-	bare
賽41:2#1	183	187	四五1下	賽45:1	-	chapter
賽41:2#1	188	192	拉一2上	拉1:2	-	book
賽41:2#1	193	198	徒五31上	徒5:31	-	book
賽41:2#1	199	203	啟一5上	啟1:5	-	book
賽41:2#1	251	255	四四28	賽44:28	-	chapter
賽41:2#1	256	261	四五13下	賽45:13	-	chapter
賽41:2#1	262	267	拉一2～3	拉1:2	-	book
賽41:2#1	268	272	約十11	約10:11	-	book
賽41:2#1	273	277	五30下	約5:30	-	chapter
賽41:2#1	278	281	二19	約2:19	-	chapter
賽41:2#1	282	287	路四18下	路4:18	-	book
賽41:8#1	2	7	8～20節	賽41:8	-	bare
賽41:8#1	48	53	四十1～2	賽40:1	-	chapter
賽41:8#1	93	97	8～10	賽41:8	-	bare
賽41:8#1	98	102	四二1上	賽42:1	-	chapter
賽41:8#1	103	104	6	賽42:6	-	bare
賽41:8#1	144	149	11～16	賽41:11	-	bare
賽41:8#1	150	154	啟三21	啟3:21	-	book
賽41:8#1	155	163	太十一25～26	太11:25	-	book
賽41:8#1	183	187	四三10	賽43:10	-	chapter
賽41:8#1	188	192	啟一5上	啟1:5	-	book
賽41:8#1	193	196	三14	啟3:14	-	chapter
賽41:8#1	234	239	四四1～5	賽44:1	-	chapter
賽41:8#1	240	242	21	賽44:21	-	bare
賽41:8#1	243	247	四二1下	賽42:1	-	chapter
賽41:8#1	248	252	太三16	太3:16	-	book
賽41:8#1	253	260	路四18～19	路4:18	-	book
賽41:8#1	288	291	四三7	賽43:7	-	chapter
賽41:8#1	292	295	四九3	賽49:3	-	chapter
賽41:8#1	296	301	四六13下	賽46:13	-	chapter
賽41:8#1	302	306	約十七1	約17:1	-	book
賽41:8#1	307	311	十二28	約12:28	-	chapter
賽41:21#1	2	8	21～29節	賽41:21	-	bare
賽41:21#1	68	75	約壹五21註3	約壹5:21	3	book
賽42:1#1	7	15	太十二15～21	太12:15	-	book
賽42:1#1	26	30	可十45	可10:45	-	book
賽42:1#1	31	37	腓二5～11	腓2:5	-	book
賽42:1#1	58	61	6註2	賽42:6	2	bare
賽42:1#1	92	93	1	賽42:1	-	bare
賽42:1#1	94	95	6	賽42:6	-	bare
賽42:1#1	96	99	四九5	賽49:5	-	chapter
賽42:1#1	100	103	7～8	賽49:7	-	bare
賽42:1#1	127	130	2～4	賽42:2	-	bare
賽42:1#1	169	173	四九5下	賽49:5	-	chapter
賽42:1#1	174	176	6上	賽49:6	-	bare
賽42:1#1	188	190	6下	賽42:6	-	bare
賽42:1#1	191	195	四九8下	賽49:8	-	chapter
賽42:1#1	203	207	四九8下	賽49:8	-	chapter
賽42:1#1	217	219	6下	賽42:6	-	bare
賽42:1#1	220	224	四九6下	賽49:6	-	chapter
賽42:1#1	245	246	1	賽42:1	-	bare
賽42:1#1	247	249	3下	賽42:3	-	bare
賽42:1#1	250	254	四九6下	賽49:6	-	chapter
賽42:1#1	284	286	7上	賽42:7	-	bare
賽42:1#1	287	292	路四18下	路4:18	-	book
賽42:1#1	293	299	徒二六18上	徒26:18	-	book
賽42:1#1	343	344	7	賽42:7	-	bare
賽42:1#1	345	352	西一12～13	西1:12	-	book
賽42:1#2	31	35	太三16	太3:16	-	book
賽42:1#2	36	41	路四18上	路4:18	-	book
賽42:1#2	42	46	約一33	約1:33	-	book
賽42:1#3	1	4	4註3	賽42:4	3	bare
賽42:2#1	13	18	太十二19	太12:19	-	book
賽42:2#1	37	42	約七3～9	約7:3	-	book
賽42:3#1	1	8	太十二20註1	太12:20	1	book
賽42:4#1	6	8	3節	賽42:3	-	bare
賽42:4#1	29	30	3	賽42:3	-	bare
賽42:4#2	7	9	3節	賽42:3	-	bare
賽42:4#3	3	4	1	賽42:1	-	bare
賽42:4#3	5	8	3～4	賽42:3	-	bare
賽42:4#3	88	95	加二19與註1	加2:19	1	book
賽42:4#3	162	166	羅五10	羅5:10	-	book
賽42:4#3	167	169	18	羅5:18	-	bare
賽42:5#1	19	20	6	賽42:6	-	bare
賽42:5#1	49	52	創二7	創2:7	-	book
賽42:5#1	53	57	亞十二1	亞12:1	-	book
賽42:5#1	76	81	約四24上	約4:24	-	book
賽42:6#2	25	27	6下	賽42:6	-	bare
賽42:6#2	28	32	四九8下	賽49:8	-	chapter
賽42:6#2	33	37	來七22	來7:22	-	book
賽42:6#2	57	65	耶三一31～34	耶31:31	-	book
賽42:6#2	66	72	來八8～12	來8:8	-	book
賽42:6#2	92	99	來九16～17	來9:16	-	book
賽42:6#2	100	104	16註1	來9:16	1	bare
賽42:6#2	145	150	太二六28	太26:28	-	book
賽42:6#2	151	156	路二二20	路22:20	-	book
賽42:6#2	157	161	來九15	來9:15	-	book
賽42:6#2	211	214	來八6	來8:6	-	book
賽42:6#2	215	218	九15	來9:15	-	chapter
賽42:6#2	219	223	十二24	來12:24	-	chapter
賽42:6#2	256	259	西二9	西2:9	-	book
賽42:6#2	260	263	一19	西1:19	-	chapter
賽42:6#2	391	397	林前十五45	林前15:45	-	book
賽42:6#2	398	403	林後三17	林後3:17	-	book
賽42:6#2	404	410	羅八9～11	羅8:9	-	book
賽42:6#2	428	433	提後四22	提後4:22	-	book
賽42:6#2	434	439	林前六17	林前6:17	-	book
賽42:6#2	452	456	來七22	來7:22	-	book
賽42:6#2	465	470	林後一22	林後1:22	-	book
賽42:6#2	471	475	弗一14	弗1:14	-	book
賽42:6#2	501	506	羅八17上	羅8:17	-	book
賽42:6#2	507	515	徒二六18與註8	徒26:18	8	book
賽42:6#3	18	20	6下	賽42:6	-	bare
賽42:6#3	21	28	太四13～16	太4:13	-	book
賽42:6#3	66	69	約一4	約1:4	-	book
賽42:6#3	70	71	9	約1:9	-	bare
賽42:6#3	72	77	12～13	約1:12	-	bare
賽42:6#3	95	97	7上	賽42:7	-	bare
賽42:6#3	98	102	路四18	路4:18	-	book
賽42:6#3	103	107	約九14	約9:14	-	book
賽42:6#3	149	151	7下	賽42:7	-	bare
賽42:6#3	152	157	彼前二9下	彼前2:9	-	book
賽42:6#3	158	164	徒二六18上	徒26:18	-	book
賽42:6#3	165	172	西一12～13	西1:12	-	book
賽42:6#3	203	206	6註2	賽42:6	2	bare
賽42:6#3	228	233	四九6註3	賽49:6	3	chapter
賽42:19#1	25	30	22～24	賽42:22	-	bare
提後3:14#1	41	45	西一25	西1:25	-	book
提後3:15#3	13	19	羅三22註1	羅3:22	1	book
提後3:16#1	66	68	一1	提後1:1	-	chapter
提後3:16#1	69	71	10	提後1:10	-	bare
提後3:16#1	85	88	二15	提後2:15	-	chapter
提後3:16#1	89	91	18	提後2:18	-	bare
提後3:16#1	92	94	25	提後2:25	-	bare
提後3:16#1	107	113	三14～17	提後3:14	-	chapter
提後3:16#2	38	42	約六63	約6:63	-	book
提後3:16#2	153	158	啟十九13	啟19:13	-	book
提後3:16#2	169	172	太四4	太4:4	-	book
提後3:17#1	1	8	提前六11註1	提前6:11	1	book
提後4:1#1	22	26	約五22	約5:22	-	book
提後4:1#1	27	29	27	約5:27	-	bare
提後4:1#1	30	34	徒十42	徒10:42	-	book
提後4:1#1	35	39	十七31	徒17:31	-	chapter
提後4:1#1	40	44	羅二16	羅2:16	-	book
提後4:1#1	56	57	8	提後4:8	-	bare
提後4:1#1	83	91	太二五31～46	太25:31	-	book
提後4:1#1	115	123	啟二十11～15	啟20:11	-	book
提後4:1#2	50	55	太十六27	太16:27	-	book
提後4:1#2	56	61	啟二二12	啟22:12	-	book
提後4:1#2	81	85	啟二十4	啟20:4	-	book
提後4:1#2	86	87	6	啟20:6	-	bare
提後4:2#1	22	28	三14～15	提後3:14	-	chapter
提後4:2#1	33	37	1～2節	提後4:1	-	bare
提後4:2#1	38	44	三14～17	提後3:14	-	chapter
提後4:2#5	3	6	三10	提後3:10	-	chapter
提後4:3#2	1	8	提前一10註1	提前1:10	1	book
提後4:4#2	1	7	提前二4註2	提前2:4	2	book
提後4:4#2	8	13	三15註4	提前3:15	4	chapter
提後4:4#3	1	7	提前一4註1	提前1:4	1	book
提後4:5#2	16	19	弗三8	弗3:8	-	book
提後4:5#2	39	46	弗四11～12	弗4:11	-	book
提後4:5#2	51	55	3～4節	提後4:3	-	bare
提後4:6#1	7	13	腓二17註1	腓2:17	1	book
提後4:6#2	12	16	腓一23	腓1:23	-	book
提後4:6#2	55	63	徒二八17～20	徒28:17	-	book
提後4:6#2	102	106	腓一25	腓1:25	-	book
提後4:6#2	107	110	二24	腓2:24	-	chapter
提後4:6#2	111	114	門22	門1:22	-	book
提後4:6#2	136	140	提前一3	提前1:3	-	book
提後4:6#2	167	170	多一5	多1:5	-	book
提後4:6#2	178	182	多三12	多3:12	-	book
提後4:6#2	206	208	13	提後4:13	-	bare
提後4:6#2	209	211	20	提後4:20	-	bare
提後4:7#1	57	62	提前六12	提前6:12	-	book
提後4:7#1	86	90	來十二1	來12:1	-	book
提後4:7#1	115	119	提前三9	提前3:9	-	book
提後4:7#2	41	49	林前九24～26	林前9:24	-	book
提後4:7#2	50	57	腓三12～14	腓3:12	-	book
提後4:7#2	68	73	徒二十24	徒20:24	-	book
提後4:8#1	32	37	林前九25	林前9:25	-	book
提後4:8#1	55	60	太十六27	太16:27	-	book
提後4:8#1	61	66	啟二二12	啟22:12	-	book
提後4:8#1	67	72	林後五10	林後5:10	-	book
提後4:8#1	88	91	弗二5	弗2:5	-	book
提後4:8#1	92	95	8～9	弗2:8	-	bare
提後4:8#4	1	6	一12註5	提後1:12	5	chapter
提後4:8#5	71	74	1～2	提後4:1	-	bare
提後4:8#5	75	76	5	提後4:5	-	bare
提後4:10#1	1	3	8節	提後4:8	-	bare
提後4:13#1	27	34	徒十六8～11	徒16:8	-	book
提後4:17#1	4	6	18	提後4:18	-	bare
提後4:17#1	19	28	林前十五32與註2	林前15:32	2	book
提後4:18#1	8	13	太十三43	太13:43	-	book
提後4:18#1	21	26	太二六29	太26:29	-	book
提後4:18#1	36	39	弗五5	弗5:5	-	book
提後4:18#1	59	64	彼後一11	彼後1:11	-	book
提後4:18#1	80	82	8節	提後4:8	-	bare
提後4:18#1	103	108	太五3註4	太5:3	4	book
提後4:18#1	109	116	來十二28註1	來12:28	1	book
提後4:18#1	126	128	8節	提後4:8	-	bare
提後4:20#1	41	49	徒十九11～12	徒19:11	-	book
提後4:20#1	76	81	提前五23	提前5:23	-	book
提後4:20#2	18	23	徒二十15	徒20:15	-	book
提後4:20#2	24	26	17	徒20:17	-	bare
提後4:22#1	97	102	一6～10	提後1:6	-	chapter
提後4:22#1	165	168	一14	提後1:14	-	chapter
提後4:22#1	176	182	三16～17	提後3:16	-	chapter
提後4:22#2	43	45	一9	提後1:9	-	chapter
提後4:22#2	131	134	弗三8	弗3:8	-	book
提後4:22#2	143	148	林後十二9	林後12:9	-	book
提後4:22#2	168	174	提前四7～8	提前4:7	-	book
賽43:7#2	10	13	四一8	賽41:8	-	chapter
賽43:7#2	14	17	四五4	賽45:4	-	chapter
賽43:7#2	18	21	四九3	賽49:3	-	chapter
賽43:7#2	104	108	何十一1	何11:1	-	book
賽43:7#2	110	114	太二15	太2:15	-	book
賽43:7#2	142	147	四一1註1	賽41:1	1	chapter
賽43:7#2	148	151	8註1	賽41:8	1	bare
賽43:7#2	189	192	啟一2	啟1:2	-	book
賽43:7#2	243	248	約十七22	約17:22	-	book
賽43:7#2	249	253	弗三21	弗3:21	-	book
賽43:10#1	1	6	四一8註1	賽41:8	1	chapter
賽43:10#3	30	33	四四8	賽44:8	-	chapter
賽43:10#3	34	37	徒一8	徒1:8	-	book
賽44:8#1	1	7	四三10註3	賽43:10	3	chapter
賽44:21#1	1	6	四一8註1	賽41:8	1	chapter
賽44:23#1	1	6	四三7註2	賽43:7	2	chapter
賽44:28#1	67	71	四八14	賽48:14	-	chapter
賽44:28#1	136	140	四五13	賽45:13	-	chapter
賽44:28#1	141	146	拉一2～3	拉1:2	-	book
賽44:28#1	167	171	來二14	來2:14	-	book
賽44:28#1	188	193	路四18下	路4:18	-	book
賽44:28#1	194	197	弗四8	弗4:8	-	book
賽44:28#1	210	215	太十六18	太16:18	-	book
賽44:28#1	216	220	弗二21	弗2:21	-	book
賽44:28#1	223	228	四一2註1	賽41:2	1	chapter
多1:1#1	1	8	提後二10註1	提後2:10	1	book
多1:1#2	22	26	提前一1	提前1:1	-	book
多1:1#2	38	42	提後一1	提後1:1	-	book
多1:1#3	31	38	提前三16註1	提前3:16	1	book
多1:1#3	94	98	提前六3	提前6:3	-	book
多1:1#4	1	7	提前二4註2	提前2:4	2	book
多1:2#1	47	54	提後一10註3	提後1:10	3	book
多1:2#2	53	57	提後一1	提後1:1	-	book
多1:2#2	147	152	太十九29	太19:29	-	book
多1:2#2	234	238	三7註3	多3:7	3	chapter
多1:2#2	243	246	二13	多2:13	-	chapter
多1:2#2	280	287	羅八21～25	羅8:21	-	book
多1:2#2	303	307	彼前一5	彼前1:5	-	book
多1:2#2	344	350	彼前一3～4	彼前1:3	-	book
多1:2#2	355	359	提前四8	提前4:8	-	book
多1:2#2	398	403	彼後一11	彼後1:11	-	book
多1:2#2	404	407	三13	彼後3:13	-	chapter
多1:2#2	408	414	啟二一6～7	啟21:6	-	book
多1:2#2	526	531	提後一10	提後1:10	-	book
多1:2#4	49	52	弗一5	弗1:5	-	book
多1:2#4	100	104	約十七2	約17:2	-	book
多1:2#4	116	120	來二11	來2:11	-	book
多1:3#2	1	7	提前一1註4	提前1:1	4	book
多1:3#3	8	10	2節	多1:2	-	bare
多1:3#3	18	24	約壹一1～2	約壹1:1	-	book
多1:4#1	14	18	彼後一1	彼後1:1	-	book
多1:5#1	8	13	徒十四23	徒14:23	-	book
多1:5#1	148	151	徒八1	徒8:1	-	book
多1:5#1	152	155	十三1	徒13:1	-	chapter
多1:5#1	156	160	羅十六1	羅16:1	-	book
多1:5#1	161	165	林前一2	林前1:2	-	book
多1:5#1	166	170	啟一11	啟1:11	-	book
多1:6#1	1	7	提前三2註3	提前3:2	3	book
多1:7#1	1	3	5節	多1:5	-	bare
多1:7#1	8	14	提前三2註1	提前3:2	1	book
多1:7#3	1	7	提前三3註1	提前3:3	1	book
多1:7#4	1	7	提前三3註2	提前3:3	2	book
多1:7#5	1	7	提前三8註4	提前3:8	4	book
多1:8#1	1	7	提前三2註6	提前3:2	6	book
多1:8#2	1	7	提前三2註4	提前3:2	4	book
多1:8#3	1	7	路一75註1	路1:75	1	book
多1:9#1	85	89	9～14	多1:9	-	bare
多1:9#2	8	12	徒二42	徒2:42	-	book
多1:9#3	57	61	提前三2	提前3:2	-	book
多1:9#3	62	65	五17	提前5:17	-	chapter
多1:9#4	1	8	提前一10註1	提前1:10	1	book
多1:9#5	33	37	弗五11	弗5:11	-	book
多1:9#5	38	40	13	弗5:13	-	bare
多1:11#1	16	17	9	多1:9	-	bare
多1:11#1	28	30	13	多1:13	-	bare
多1:11#2	16	24	彼後二15～16	彼後2:15	-	book
多1:11#2	25	28	猶11	猶1:11	-	book
多1:12#2	0	6	9下～10節	多1:9	-	bare
多1:13#2	3	5	9節	多1:9	-	bare
多1:13#2	16	20	一9註5	多1:9	5	chapter
多1:13#3	8	15	提前一19註2	提前1:19	2	book
多1:13#3	16	20	三9註2	提前3:9	2	chapter
多1:13#4	5	6	9	多1:9	-	bare
多1:13#4	16	18	10	多1:10	-	bare
多1:13#4	59	64	提前一10	提前1:10	-	book
多1:13#4	65	67	六3	提前6:3	-	chapter
多1:13#4	86	87	9	多1:9	-	bare
多1:14#1	1	7	提前一4註1	提前1:4	1	book
多1:14#2	13	15	10	多1:10	-	bare
多1:14#3	1	7	提前二4註2	提前2:4	2	book
多1:14#3	8	13	三15註4	提前3:15	4	chapter
多1:14#4	47	51	提前四3	提前4:3	-	book
多1:14#4	52	59	西二20～22	西2:20	-	book
多1:15#1	23	25	14	多1:14	-	bare
多1:15#1	49	55	提前四3～5	提前4:3	-	book
多1:15#1	56	61	羅十四20	羅14:20	-	book
多1:15#3	89	93	徒十五9	徒15:9	-	book
賽45:1#1	1	6	四一2註1	賽41:2	1	chapter
賽45:8#1	107	111	路二30	路2:30	-	book
賽45:8#1	112	117	林前一30	林前1:30	-	book
賽45:13#1	6	11	四一2註1	賽41:2	1	chapter
賽45:18#1	1	7	伯三八4註2	伯38:4	2	book
賽45:25#1	27	35	羅十一26～27	羅11:26	-	book
賽46:11#1	1	5	四四28	賽44:28	-	chapter
賽46:11#1	6	9	四五1	賽45:1	-	chapter
賽46:11#1	61	66	四一2註1	賽41:2	1	chapter
多2:1#1	1	8	提前一10註1	提前1:10	1	book
多2:1#1	21	24	一13	多1:13	-	chapter
多2:1#1	30	33	一14	多1:14	-	chapter
多2:2#1	1	7	提前二2註2	提前2:2	2	book
多2:2#2	1	7	提前三2註4	提前3:2	4	book
多2:2#3	1	6	一13註4	多1:13	4	chapter
多2:3#2	3	8	林前九13	林前9:13	-	book
多2:3#2	14	21	林前九13註1	林前9:13	1	book
多2:3#3	1	8	提前三11註2	提前3:11	2	book
多2:3#4	11	15	提前三8	提前3:8	-	book
多2:7#1	22	23	1	多2:1	-	bare
多2:7#1	151	152	8	多2:8	-	bare
多2:7#1	160	164	提前六3	提前6:3	-	book
多2:7#2	1	7	提前二2註2	提前2:2	2	book
多2:10#2	25	28	13節	多2:13	-	bare
多2:10#2	67	71	提前二4	提前2:4	-	book
多2:10#3	6	10	提前二9	提前2:9	-	book
多2:11#1	0	6	11～14節	多2:11	-	bare
多2:11#1	26	31	1～10節	多2:1	-	bare
多2:11#2	30	36	約一17註1	約1:17	1	book
多2:11#4	11	15	約一17	約1:17	-	book
多2:11#4	32	36	提後一9	提後1:9	-	book
多2:11#4	69	74	提後一10	提後1:10	-	book
多2:12#1	1	8	提後二16註2	提後2:16	2	book
多2:13#2	74	81	羅八21～25	羅8:21	-	book
多2:13#2	95	97	一2	多1:2	-	chapter
多2:13#3	135	142	太一21～23	太1:21	-	book
多2:13#3	213	217	提前二5	提前2:5	-	book
多2:13#3	285	289	來二10	來2:10	-	book
多2:13#3	290	295	彼前五10	彼前5:10	-	book
多2:13#4	10	15	約十七24	約17:24	-	book
多2:13#4	36	40	來二10	來2:10	-	book
多2:13#4	48	53	太十六27	太16:27	-	book
多2:13#4	79	83	林前二7	林前2:7	-	book
多2:13#4	112	117	彼前五10	彼前5:10	-	book
多2:13#4	118	123	提後二10	提後2:10	-	book
多2:13#4	143	148	林後四17	林後4:17	-	book
多2:13#4	162	166	羅八17	羅8:17	-	book
多2:13#4	167	169	30	羅8:30	-	bare
多2:14#3	7	12	林前六20	林前6:20	-	book
多2:14#3	13	21	彼前一18～19	彼前1:18	-	book
多2:14#3	22	26	提前二6	提前2:6	-	book
多2:14#4	9	12	申七6	申7:6	-	book
多2:14#4	13	16	十四2	申14:2	-	chapter
多2:14#4	17	21	二六18	申26:18	-	chapter
多2:14#4	41	45	出十九5	出19:5	-	book
多2:14#4	75	79	彼前二9	彼前2:9	-	book
多2:15#1	1	6	1～14節	多2:1	-	bare
多2:15#3	1	6	一13註2	多1:13	2	chapter
多2:15#3	7	10	9註5	多1:9	5	bare
多2:15#4	40	41	1	多2:1	-	bare
多2:15#4	42	45	7～8	多2:7	-	bare
多2:15#4	46	48	15	多2:15	-	bare
賽47:8#1	6	10	啟十八7	啟18:7	-	book
賽48:14#1	1	5	四四28	賽44:28	-	chapter
賽48:14#1	6	9	四五1	賽45:1	-	chapter
賽48:16#2	34	38	路三22	路3:22	-	book
賽48:20#1	54	60	啟十八2註1	啟18:2	1	book
賽48:20#1	79	83	啟十八4	啟18:4	-	book
多3:1#1	21	27	羅十三1～2	羅13:1	-	book
多3:2#2	1	7	提前三3註3	提前3:3	3	book
多3:3#1	51	55	提前二1	提前2:1	-	book
多3:3#1	56	57	4	提前2:4	-	bare
多3:5#2	0	3	二11	多2:11	-	chapter
多3:5#2	13	17	本章7節	多3:7	-	anaphor
多3:5#2	114	120	來四16註2	來4:16	2	book
多3:5#2	121	127	太九13註2	太9:13	2	book
多3:5#3	3	8	彼前一23	彼前1:23	-	book
多3:5#3	20	25	太十九28	太19:28	-	book
多3:5#3	41	48	太十九28註1	太19:28	1	book
多3:5#3	146	151	羅六3～5	羅6:3	-	book
多3:5#3	164	168	弗四22	弗4:22	-	book
多3:5#3	169	171	24	弗4:24	-	bare
多3:5#3	172	178	西三9～11	西3:9	-	book
多3:5#3	194	198	羅十二2	羅12:2	-	book
多3:5#3	199	203	弗四23	弗4:23	-	book
多3:5#5	8	16	提前三15～16	提前3:15	-	book
多3:5#5	26	34	提後三15～16	提後3:15	-	book
多3:7#1	8	9	5	多3:5	-	bare
多3:7#1	14	15	7	多3:7	-	bare
多3:7#1	31	34	5～6	多3:5	-	bare
多3:7#2	1	3	4節	多3:4	-	bare
多3:7#2	12	16	羅三24	羅3:24	-	book
多3:7#2	17	19	五2	羅5:2	-	chapter
多3:7#2	20	22	15	羅5:15	-	bare
多3:7#3	21	25	羅四14	羅4:14	-	book
多3:7#3	26	29	八17	羅8:17	-	chapter
多3:7#3	30	34	加三29	加3:29	-	book
多3:7#3	35	37	四7	加4:7	-	chapter
多3:7#3	49	53	約三16	約3:16	-	book
多3:7#3	58	65	約一12～13	約1:12	-	book
多3:7#3	152	156	一2註2	多1:2	2	chapter
多3:8#1	1	5	3～7節	多3:3	-	bare
多3:8#2	1	5	1～7節	多3:1	-	bare
多3:8#3	34	38	提前一7	提前1:7	-	book
多3:8#3	46	52	提前一7註2	提前1:7	2	book
多3:9#1	0	4	4～8節	多3:4	-	bare
多3:9#1	132	135	創二9	創2:9	-	book
多3:9#1	158	163	9～11節	多3:9	-	bare
多3:9#2	12	16	提前一4	提前1:4	-	book
多3:9#3	1	7	提前一4註2	提前1:4	2	book
多3:10#1	33	39	彼後二1註3	彼後2:1	3	book
多3:11#1	18	21	一14	多1:14	-	chapter
多3:12#1	21	27	提後四6註2	提後4:6	2	book
多3:13#1	1	8	太二二35註1	太22:35	1	book
多3:15#1	31	35	約三15	約3:15	-	book
多3:15#1	36	40	加三26	加3:26	-	book
多3:15#1	49	52	加五6	加5:6	-	book
多3:15#1	131	138	彼後一1註10	彼後1:1	10	book
多3:15#1	148	152	約一12	約1:12	-	book
多3:15#1	163	166	西二9	西2:9	-	book
多3:15#1	737	743	林前十五45	林前15:45	-	book
多3:15#1	772	775	羅八2	羅8:2	-	book
多3:15#1	792	800	約十四16～20	約14:16	-	book
多3:15#1	817	821	羅八16	羅8:16	-	book
多3:15#1	822	827	提後四22	提後4:22	-	book
多3:15#1	946	950	約壹四8	約壹4:8	-	book
多3:15#1	951	953	16	約壹4:16	-	bare
多3:15#1	977	982	提前一14	提前1:14	-	book
多3:15#1	1017	1021	帖前五8	帖前5:8	-	book
多3:15#1	1060	1064	約三16	約3:16	-	book
多3:15#1	1065	1067	36	約3:36	-	bare
多3:15#1	1087	1095	約二一15～17	約21:15	-	book
多3:15#1	1096	1103	十三34～35	約13:34	-	chapter
多3:15#1	1145	1148	加五6	加5:6	-	book
多3:15#1	1184	1191	弗六23～24	弗6:23	-	book
多3:15#1	1230	1234	來十一6	來11:6	-	book
多3:15#1	1249	1255	林前十六22	林前16:22	-	book
多3:15#1	1287	1291	弗六23	弗6:23	-	book
賽49:1#1	25	29	可十45	可10:45	-	book
賽49:1#1	37	42	申十八15	申18:15	-	book
賽49:1#1	43	47	約三34	約3:34	-	book
賽49:1#1	48	52	十四24	約14:24	-	chapter
賽49:1#1	93	96	1～4	賽49:1	-	bare
賽49:1#1	217	221	路四18	路4:18	-	book
賽49:1#1	222	230	太十六18～19	太16:18	-	book
賽49:1#1	240	245	林前一30	林前1:30	-	book
賽49:3#1	77	81	何十一1	何11:1	-	book
賽49:3#1	82	87	太二15下	太2:15	-	book
賽49:3#1	123	129	約十三31下	約13:31	-	book
賽49:3#1	132	137	四三7註2	賽43:7	2	chapter
賽49:4#1	50	55	彼前二23	彼前2:23	-	book
賽49:4#1	69	74	太二四35	太24:35	-	book
賽49:5#1	0	4	5～9節	賽49:5	-	bare
賽49:5#1	20	25	四二1～7	賽42:1	-	chapter
賽49:5#2	32	39	太一18～20	太1:18	-	book
賽49:5#2	40	44	路一35	路1:35	-	book
賽49:6#1	1	6	四二6註3	賽42:6	3	chapter
賽49:6#3	41	46	四二5～7	賽42:5	-	chapter
賽49:6#3	47	50	四九6	賽49:6	-	chapter
賽49:6#3	51	56	8下～9上	賽49:8	-	bare
賽49:6#3	81	85	羅五17	羅5:17	-	book
賽49:6#3	86	88	21	羅5:21	-	bare
賽49:6#3	123	130	羅一16～17	羅1:16	-	book
賽49:6#3	131	135	五18下	羅5:18	-	chapter
賽49:6#3	136	139	多三7	多3:7	-	book
賽49:6#3	174	178	羅五10	羅5:10	-	book
賽49:6#3	285	291	啟二二1～2	啟22:1	-	book
賽49:6#3	292	296	二一14	啟21:14	-	chapter
賽49:6#3	297	302	19～20	啟21:19	-	bare
賽49:6#3	303	307	19註1	啟21:19	1	bare
賽49:6#3	341	348	來八10～12	來8:10	-	book
賽49:6#3	349	355	九15～17	來9:15	-	chapter
賽49:6#3	394	398	太四16	太4:16	-	book
賽49:6#3	399	406	路二30～32	路2:30	-	book
賽49:6#3	415	418	約一4	約1:4	-	book
賽49:6#3	419	422	八12	約8:12	-	chapter
賽49:6#3	435	440	來七16下	來7:16	-	book
賽49:6#3	450	456	提後一10下	提後1:10	-	book
賽49:6#3	476	481	提前六19	提前6:19	-	book
賽49:6#3	482	484	12	提前6:12	-	bare
賽49:6#3	502	506	羅五10	羅5:10	-	book
賽49:6#3	507	509	17	羅5:17	-	bare
賽49:6#3	559	564	徒二六18	徒26:18	-	book
賽49:6#3	594	597	弗五8	弗5:8	-	book
賽49:6#3	616	622	啟二一2～3	啟21:2	-	book
賽49:6#3	623	628	9下～11	啟21:9	-	bare
賽49:6#3	629	634	18～23	啟21:18	-	bare
賽49:6#3	635	640	二二1～5	啟22:1	-	chapter
賽49:7#1	29	37	太二七11～26	太27:11	-	book
賽49:7#1	71	73	5下	賽49:5	-	bare
賽49:8#1	1	4	6註3	賽49:6	3	bare
賽49:8#1	6	11	四二6註2	賽42:6	2	chapter
賽49:8#2	66	71	申八7註1	申8:7	1	book
賽49:8#2	105	110	代上四10	代上4:10	-	book
賽49:8#2	111	118	弗三14～21	弗3:14	-	book
賽49:8#2	119	125	腓三7～14	腓3:7	-	book
賽49:8#3	1	6	四二6註2	賽42:6	2	chapter
賽49:9#1	15	16	8	賽49:8	-	bare
賽49:9#1	17	22	四二5～7	賽42:5	-	chapter
門1:2#2	10	11	2	門1:2	-	bare
門1:2#2	12	16	西四17	西4:17	-	book
門1:2#2	17	21	門一10	門1:10	-	book
門1:2#2	22	25	西一2	西1:2	-	book
門1:2#2	26	28	四9	西4:9	-	chapter
門1:5#1	21	24	加五6	加5:6	-	book
門1:5#1	25	29	弗一15	弗1:15	-	book
門1:5#1	30	33	西一4	西1:4	-	book
門1:5#1	35	42	提前一14註2	提前1:14	2	book
門1:5#1	43	49	弗六23註2	弗6:23	2	book
門1:5#1	111	115	多三15	多3:15	-	book
門1:5#1	145	146	6	門1:6	-	bare
門1:5#1	159	160	7	門1:7	-	bare
門1:5#1	171	172	9	門1:9	-	bare
門1:6#4	10	14	羅七18	羅7:18	-	book
門1:7#1	35	36	6	門1:6	-	bare
門1:9#1	8	12	弗六20	弗6:20	-	book
門1:9#2	8	11	23節	門1:23	-	bare
門1:9#2	19	22	13節	門1:13	-	bare
門1:9#2	49	55	提後四6註2	提後4:6	2	book
門1:10#1	17	20	約三3	約3:3	-	book
門1:10#1	21	24	一13	約1:13	-	chapter
門1:12#1	8	9	7	門1:7	-	bare
門1:12#1	10	12	20	門1:20	-	bare
門1:12#1	13	16	腓一8	腓1:8	-	book
門1:12#1	17	19	二1	腓2:1	-	chapter
門1:12#1	24	28	西三12	西3:12	-	book
門1:15#1	6	9	12節	門1:12	-	bare
門1:16#1	203	210	西三10～11	西3:10	-	book
門1:16#1	257	261	弗二15	弗2:15	-	book
門1:16#1	292	299	加三27～28	加3:27	-	book
門1:16#1	323	327	西三11	西3:11	-	book
門1:16#3	10	11	2	門1:2	-	bare
門1:16#3	24	25	1	門1:1	-	bare
門1:16#3	37	38	2	門1:2	-	bare
門1:16#3	46	48	24	門1:24	-	bare
門1:16#3	58	60	23	門1:23	-	bare
門1:16#3	67	69	17	門1:17	-	bare
門1:17#1	50	57	路十33～35	路10:33	-	book
門1:22#1	22	26	腓一25	腓1:25	-	book
門1:22#1	27	30	二24	腓2:24	-	chapter
門1:23#1	9	13	腓二25	腓2:25	-	book
門1:23#1	14	17	四18	腓4:18	-	chapter
門1:25#1	50	56	林前十五10	林前15:10	-	book
門1:25#2	1	7	加六18註3	加6:18	3	book
賽50:4#1	19	24	四九1～5	賽49:1	-	chapter
賽50:4#1	26	30	4～5節	賽50:4	-	bare
賽50:6#1	0	4	6～9節	賽50:6	-	bare
賽50:6#1	42	47	太二六67	太26:67	-	book
賽50:6#1	48	53	彼前二23	彼前2:23	-	book
賽51:9#1	40	45	五三1～2	賽53:1	-	chapter
賽51:9#1	62	69	五二10～12	賽52:10	-	chapter
賽51:9#1	109	112	五二7	賽52:7	-	chapter
賽51:9#1	125	129	五二13	賽52:13	-	chapter
賽51:11#1	35	38	出六6	出6:6	-	book
賽52:7#1	9	14	太十九28	太19:28	-	book
賽52:7#1	16	21	本書四十9	賽40:9	-	anaphor
賽52:7#1	73	78	啟十一15	啟11:15	-	book
賽52:10#1	1	6	五一9註1	賽51:9	1	chapter
賽52:11#1	6	12	四八20註1	賽48:20	1	chapter
賽52:11#2	14	20	代下三六18	代下36:18	-	book
賽52:11#2	21	26	但一1～2	但1:1	-	book
賽52:11#2	37	43	拉一7～11	拉1:7	-	book
賽52:13#1	0	9	五二13～五三12	賽52:13	-	chapter
賽52:13#2	33	36	13上	賽52:13	-	bare
賽52:13#2	37	42	五三10下	賽53:10	-	chapter
賽52:13#2	43	51	太十一19與註3	太11:19	3	book
賽52:13#2	81	86	太二六39	太26:39	-	book
賽52:13#2	87	93	來十5～10	來10:5	-	book
賽52:13#2	125	129	彼前一3	彼前1:3	-	book
賽52:13#2	130	135	約二十17	約20:17	-	book
賽52:13#3	23	26	腓二9	腓2:9	-	book
賽52:13#3	27	31	來四14	來4:14	-	book
賽52:13#3	32	35	七26	來7:26	-	chapter
賽52:13#3	36	38	八1	來8:1	-	chapter
賽52:13#3	68	70	14	賽52:14	-	bare
賽52:13#3	71	78	五三1～10上	賽53:1	-	chapter
賽52:13#3	79	82	腓二8	腓2:8	-	book
賽52:15#1	113	120	五三2～10上	賽53:2	-	chapter
來1:1#1	153	155	三7	來3:7	-	chapter
來1:1#1	156	158	九8	來9:8	-	chapter
來1:1#1	159	165	十15～17	來10:15	-	chapter
來1:1#1	215	220	創十四13	創14:13	-	book
來1:1#1	237	244	羅四11～12	羅4:11	-	book
來1:1#1	259	262	出九1	出9:1	-	book
來1:1#1	263	265	13	出9:13	-	bare
來1:1#1	368	374	書二四2～3	書24:2	-	book
來1:1#1	416	419	四16	來4:16	-	chapter
來1:1#1	420	426	七18～19	來7:18	-	chapter
來1:1#1	427	431	十二28	來12:28	-	chapter
來1:1#1	432	435	十三9	來13:9	-	chapter
來1:1#1	447	451	八6～7	來8:6	-	chapter
來1:1#1	452	454	13	來8:13	-	bare
來1:1#1	476	478	八5	來8:5	-	chapter
來1:1#1	479	484	九9～14	來9:9	-	chapter
來1:1#1	501	505	十三13	來13:13	-	chapter
來1:1#1	506	509	十25	來10:25	-	chapter
來1:1#1	523	530	十二18～24	來12:18	-	chapter
來1:1#1	553	559	十三9～10	來13:9	-	chapter
來1:1#1	560	566	十19～20	來10:19	-	chapter
來1:1#1	576	579	四12	來4:12	-	chapter
來1:1#1	604	610	五11～六1	來5:11	-	chapter
來1:2#1	26	29	賽二2	賽2:2	-	book
來1:2#1	30	33	彌四1	彌4:1	-	book
來1:2#2	29	34	彼後一21	彼後1:21	-	book
來1:2#2	65	66	8	來1:8	-	bare
來1:2#2	109	112	約一1	約1:1	-	book
來1:2#2	113	118	啟十九13	啟19:13	-	book
來1:2#2	147	151	約一18	約1:18	-	book
來1:2#2	208	209	2	來1:2	-	bare
來1:2#2	229	230	3	來1:3	-	bare
來1:2#2	272	273	3	來1:3	-	bare
來1:2#3	0	4	2～3節	來1:2	-	bare
來1:2#4	55	60	約十六15	約16:15	-	book
來1:2#4	75	76	2	來1:2	-	bare
來1:2#4	77	79	10	來1:10	-	bare
來1:2#4	80	83	約一3	約1:3	-	book
來1:2#4	84	88	西一16	西1:16	-	book
來1:2#4	89	93	林前八6	林前8:6	-	book
來1:2#4	114	115	3	來1:3	-	bare
來1:2#4	131	136	羅十一36	羅11:36	-	book
來1:3#2	60	65	約一1～3	約1:1	-	book
來1:3#2	81	84	十一3	來11:3	-	chapter
來1:3#2	102	106	詩三三9	詩33:9	-	book
來1:3#2	126	130	約五24	約5:24	-	book
來1:3#2	131	134	羅十8	羅10:8	-	book
來1:3#2	135	137	17	羅10:17	-	bare
來1:3#2	161	166	太八8～9	太8:8	-	book
來1:3#2	188	195	約四50～51	約4:50	-	book
來1:3#3	17	21	詩三二1	詩32:1	-	book
來1:3#3	52	55	十11	來10:11	-	chapter
來1:3#3	76	80	約一29	約1:29	-	book
來1:3#3	105	108	十10	來10:10	-	chapter
來1:3#3	109	111	12	來10:12	-	bare
來1:3#5	421	423	八2	來8:2	-	chapter
來1:3#5	430	436	四14～15	來4:14	-	chapter
來1:3#5	437	440	七26	來7:26	-	chapter
賽53:1#1	62	67	五一9註1	賽51:9	1	chapter
賽53:1#1	92	95	11下	賽53:11	-	bare
賽53:1#1	126	130	1下～3	賽53:1	-	bare
賽53:1#1	146	151	4～10上	賽53:4	-	bare
賽53:1#1	152	155	12下	賽53:12	-	bare
賽53:1#1	169	175	10下～11	賽53:10	-	bare
賽53:1#1	189	192	12上	賽53:12	-	bare
賽53:1#1	223	228	亞十二10	亞12:10	-	book
賽53:1#1	229	237	羅十一26～27	羅11:26	-	book
賽53:2#1	42	43	1	賽53:1	-	bare
賽53:2#2	0	5	1下～3節	賽53:1	-	bare
賽53:2#2	85	92	來二14～18	來2:14	-	book
賽53:2#2	93	97	太一21	太1:21	-	book
賽53:2#2	98	101	羅八3	羅8:3	-	book
賽53:2#2	102	107	提後一10	提後1:10	-	book
賽53:2#2	108	116	太十六24～25	太16:24	-	book
賽53:2#3	13	17	太八20	太8:20	-	book
賽53:2#3	40	44	五二14	賽52:14	-	chapter
賽53:3#1	72	73	1	賽53:1	-	bare
賽53:3#1	74	77	五一9	賽51:9	-	chapter
賽53:3#1	78	82	五二10	賽52:10	-	chapter
賽53:3#1	92	100	林前一22～24	林前1:22	-	book
賽53:3#1	116	119	約一1	約1:1	-	book
賽53:3#1	120	122	14	約1:14	-	bare
賽53:3#1	123	128	提前二5下	提前2:5	-	book
賽53:4#1	17	18	1	賽53:1	-	bare
賽53:4#1	63	68	4～10上	賽53:4	-	bare
賽53:4#1	69	73	來九12	來9:12	-	book
賽53:4#1	92	96	徒十43	徒10:43	-	book
賽53:4#1	101	106	徒十三39	徒13:39	-	book
賽53:4#1	113	117	羅五10	羅5:10	-	book
賽53:4#1	139	142	10下	賽53:10	-	bare
賽53:4#1	159	164	約十一25	約11:25	-	book
賽53:4#1	165	172	林前十五45下	林前15:45	-	book
賽53:4#1	173	177	羅八11	羅8:11	-	book
賽53:4#2	19	20	5	賽53:5	-	bare
賽53:4#2	42	46	太八17	太8:17	-	book
賽53:4#2	93	95	6下	賽53:6	-	bare
賽53:4#2	96	101	彼前二24	彼前2:24	-	book
賽53:4#3	53	56	4～5	賽53:4	-	bare
賽53:4#3	57	60	8～9	賽53:8	-	bare
賽53:4#3	61	64	11下	賽53:11	-	bare
賽53:4#3	65	68	12下	賽53:12	-	bare
賽53:4#3	69	74	林後五21	林後5:21	-	book
賽53:4#3	75	81	彼前三18上	彼前3:18	-	book
賽53:5#1	1	4	4註3	賽53:4	3	bare
賽53:5#2	1	8	彼前二24註8	彼前2:24	8	book
賽53:6#1	33	41	亞十二10～14	亞12:10	-	book
賽53:6#1	42	45	啟一7	啟1:7	-	book
賽53:6#2	49	57	太二七45～46	太27:45	-	book
賽53:6#2	58	62	45註1	太27:45	1	bare
賽53:6#2	63	67	46註2	太27:46	2	bare
賽53:6#2	83	87	徒七52	徒7:52	-	book
賽53:6#2	131	136	彼前三18	彼前3:18	-	book
賽53:7#1	47	51	徒八32	徒8:32	-	book
賽53:7#1	52	60	太二六62～63	太26:62	-	book
賽53:7#1	61	65	二七12	太27:12	-	chapter
賽53:7#1	66	68	14	太27:14	-	bare
賽53:8#1	16	21	太二六57	太26:57	-	book
賽53:8#1	22	24	59	太26:59	-	bare
賽53:8#1	25	30	65～68	太26:65	-	bare
賽53:8#1	48	55	路二三1～12	路23:1	-	book
賽53:8#1	56	64	約十八33～38	約18:33	-	book
賽53:8#1	65	71	十九1～16	約19:1	-	chapter
賽53:9#1	8	13	林後五21	林後5:21	-	book
賽53:9#1	14	18	來四15	來4:15	-	book
賽53:9#1	19	24	彼前二22	彼前2:22	-	book
賽53:9#1	54	59	彼前三18	彼前3:18	-	book
賽53:9#2	32	40	路二三32～33	路23:32	-	book
賽53:9#2	66	74	太二七57～60	太27:57	-	book
賽53:10#2	46	50	約一29	約1:29	-	book
賽53:10#3	0	7	10下～11節	賽53:10	-	bare
賽53:10#3	83	88	約十二24	約12:24	-	book
賽53:10#3	89	93	彼前一3	彼前1:3	-	book
賽53:10#3	124	130	林前十五45	林前15:45	-	book
賽53:10#3	131	135	林後三6	林後3:6	-	book
賽53:10#3	136	138	17	林後3:17	-	bare
賽53:10#4	24	28	加二20	加2:20	-	book
賽53:10#4	30	36	徒二八9註1	徒28:9	1	book
賽53:10#5	5	8	弗一5	弗1:5	-	book
賽53:10#5	9	10	9	弗1:9	-	bare
賽53:10#5	11	15	腓二13	腓2:13	-	book
賽53:11#2	93	99	林前十五45	林前15:45	-	book
賽53:11#2	100	105	林後三17	林後3:17	-	book
賽53:11#2	168	172	西一18	西1:18	-	book
賽53:11#2	173	177	啟一5上	啟1:5	-	book
賽53:11#2	203	208	徒十三33	徒13:33	-	book
賽53:11#2	243	248	羅八29下	羅8:29	-	book
賽53:11#2	262	267	約十一25	約11:25	-	book
賽53:11#2	282	286	彼前一3	彼前1:3	-	book
賽53:11#2	308	313	來二10上	來2:10	-	book
賽53:11#2	314	320	11下～12	來2:11	-	bare
賽53:11#2	321	326	羅八29下	羅8:29	-	book
賽53:11#2	327	332	約二十17	約20:17	-	book
賽53:11#2	350	354	弗二19	弗2:19	-	book
賽53:11#2	355	359	加六10	加6:10	-	book
賽53:11#2	370	374	弗一11	弗1:11	-	book
賽53:11#2	396	401	約十二24	約12:24	-	book
賽53:11#2	415	419	約三30	約3:30	-	book
賽53:11#2	441	446	林前十17	林前10:17	-	book
賽53:11#2	447	454	弗一22～23	弗1:22	-	book
賽53:11#2	523	530	10下～11中	賽53:10	-	bare
賽53:11#2	532	536	加三29	加3:29	-	book
賽53:11#2	574	581	西三10～11	西3:10	-	book
賽53:11#4	94	101	太五20與註1	太5:20	1	book
賽53:11#4	102	109	羅五19與註1	羅5:19	1	book
賽53:11#4	110	118	林後五21與註4	林後5:21	4	book
賽53:11#4	119	125	腓三9與註6	腓3:9	6	book
賽53:12#2	43	48	弗四8註2	弗4:8	2	book
賽53:12#2	117	125	詩六八18與註3	詩68:18	3	book
賽53:12#2	154	158	弗四8下	弗4:8	-	book
賽53:12#2	159	164	11～12	弗4:11	-	bare
賽53:12#2	165	168	8註3	弗4:8	3	bare
賽53:12#2	209	212	10下	賽53:10	-	bare
賽53:12#3	36	40	徒七52	徒7:52	-	book
賽53:12#3	84	86	6下	賽53:6	-	bare
賽53:12#3	87	90	10上	賽53:10	-	bare
賽53:12#3	120	123	10中	賽53:10	-	bare
賽53:12#3	135	142	約十17～18	約10:17	-	book
賽53:12#3	143	147	來九14	來9:14	-	book
賽53:12#4	21	29	路二三32～33	路23:32	-	book
賽53:12#4	39	45	路二三34上	路23:34	-	book
賽54:5#1	1	7	出二十6註1	出20:6	1	book
賽54:5#1	10	15	何一2註2	何1:2	2	book
賽54:10#1	69	75	四二6與註2	賽42:6	2	chapter
賽54:10#1	76	79	四九8	賽49:8	-	chapter
賽54:10#1	120	124	五三10	賽53:10	-	chapter
賽54:17#1	33	35	10	賽54:10	-	bare
來1:5#1	13	18	徒十三33	徒13:33	-	book
來1:5#1	52	53	8	來1:8	-	bare
來1:5#1	67	69	10	來1:10	-	bare
來1:5#1	70	71	2	來1:2	-	bare
來1:5#1	88	89	3	來1:3	-	bare
來1:5#1	100	101	2	來1:2	-	bare
來1:5#1	121	122	3	來1:3	-	bare
來1:5#1	151	152	5	來1:5	-	bare
來1:5#1	167	168	6	來1:6	-	bare
來1:5#1	187	190	8～9	來1:8	-	bare
來1:5#1	209	214	11～12	來1:11	-	bare
來1:6#1	25	29	約一14	約1:14	-	book
來1:6#1	54	58	羅八29	羅8:29	-	book
來1:8#1	9	11	9節	來1:9	-	bare
來1:8#1	57	59	9節	來1:9	-	bare
來1:8#1	163	166	2～3	來1:2	-	bare
來1:8#1	167	168	5	來1:5	-	bare
來1:8#1	169	173	8～12	來1:8	-	bare
來1:8#1	191	196	4～二18	來1:4	-	bare
來1:8#1	204	208	三1～6	來3:1	-	chapter
來1:8#1	216	223	四14～七28	來4:14	-	chapter
來1:8#1	246	252	八1～十18	來8:1	-	chapter
來1:9#1	1	4	8註1	來1:8	1	bare
來1:9#2	64	69	三15註1	來3:15	1	chapter
來1:10#1	6	7	8	來1:8	-	bare
來1:10#1	24	26	11	來1:11	-	bare
來1:14#1	11	12	2	來1:2	-	bare
來1:14#1	27	28	9	來1:9	-	bare
來1:14#1	40	44	羅八17	羅8:17	-	book
來1:14#1	65	73	林前三21～22	林前3:21	-	book
來1:14#1	147	149	二3	來2:3	-	chapter
來1:14#1	264	269	創二八12	創28:12	-	book
來1:14#1	270	275	16～19	創28:16	-	bare
來1:14#1	276	280	約一51	約1:51	-	book
賽55:1#1	25	30	十二2～3	賽12:2	-	chapter
賽55:1#1	71	76	啟二二17	啟22:17	-	book
賽55:1#1	150	151	3	賽55:3	-	bare
賽55:1#2	43	50	約七38與註2	約7:38	2	book
賽55:3#1	35	39	約四10	約4:10	-	book
賽55:3#1	40	42	14	約4:14	-	bare
賽55:3#1	43	49	七37～38	約7:37	-	chapter
賽55:3#1	63	66	四二6	賽42:6	-	chapter
賽55:3#1	67	70	四九8	賽49:8	-	chapter
賽55:3#1	71	75	五四10	賽54:10	-	chapter
賽55:3#1	76	80	六一8下	賽61:8	-	chapter
賽55:3#1	125	128	1～5	賽55:1	-	bare
賽55:3#1	131	136	四二6註2	賽42:6	2	chapter
賽55:3#2	20	24	詩五一1	詩51:1	-	book
賽55:3#2	25	29	五二8下	詩52:8	-	chapter
賽55:3#2	58	63	啟十七14	啟17:14	-	book
賽55:3#2	64	68	十九16	啟19:16	-	chapter
賽55:3#2	114	119	十一1註1	賽11:1	1	chapter
賽55:3#2	121	129	耶三三24～26	耶33:24	-	book
賽55:3#3	1	6	徒十三34	徒13:34	-	book
賽55:3#3	34	39	該章35節	徒13:35	-	anaphor
賽55:3#3	65	72	徒十三34註1	徒13:34	1	book
賽55:3#3	80	84	本章4節	賽55:4	-	anaphor
賽55:3#3	108	112	約一14	約1:14	-	book
賽55:3#3	113	118	16～17	約1:16	-	bare
賽55:3#3	224	230	弗二4與註2	弗2:4	2	book
賽55:3#3	313	321	徒十三34～39	徒13:34	-	book
賽55:3#3	322	326	羅四25	羅4:25	-	book
賽55:3#3	359	362	太一1	太1:1	-	book
賽55:3#3	385	390	徒十三35	徒13:35	-	book
賽55:4#1	21	22	3	賽55:3	-	bare
賽55:4#1	43	47	啟一5上	啟1:5	-	book
賽55:4#1	48	52	三14上	啟3:14	-	chapter
賽55:4#1	53	58	徒五31上	徒5:31	-	book
賽55:4#1	59	67	啟十九11～21	啟19:11	-	book
賽55:6#1	13	14	1	賽55:1	-	bare
賽55:6#2	12	17	十二4註1	賽12:4	1	chapter
賽55:7#1	25	30	羅一5註4	羅1:5	4	book
賽55:8#1	23	27	約四10	約4:10	-	book
賽55:8#1	28	34	七37～39	約7:37	-	chapter
賽55:8#1	35	40	啟二二17	啟22:17	-	book
賽55:8#1	43	46	1註1	賽55:1	1	bare
賽55:11#1	16	18	10	賽55:10	-	bare
賽55:11#1	27	32	約十七17	約17:17	-	book
賽55:11#1	33	37	弗五26	弗5:26	-	book
賽55:11#1	45	50	林後三18	林後3:18	-	book
賽55:11#1	64	68	羅八29	羅8:29	-	book
賽55:13#1	19	24	10～11	賽55:10	-	bare
賽56:1#1	82	86	羅三24	羅3:24	-	book
賽56:2#1	50	53	十二3	賽12:3	-	chapter
賽56:2#1	54	57	五五1	賽55:1	-	chapter
賽56:2#1	99	103	加二20	加2:20	-	book
來2:1#1	28	34	一4～二18	來1:4	-	chapter
來2:1#1	51	55	1～4節	來2:1	-	bare
來2:3#1	7	10	一14	來1:14	-	chapter
來2:3#1	82	85	七25	來7:25	-	chapter
來2:3#2	11	13	2節	來2:2	-	bare
來2:5#1	20	23	詩二8	詩2:8	-	book
來2:5#1	24	28	但二35	但2:35	-	book
來2:5#1	29	34	啟十一15	啟11:15	-	book
來2:6#1	110	114	創一26	創1:26	-	book
來2:6#1	115	117	28	創1:28	-	bare
來2:6#1	123	128	詩八4～8	詩8:4	-	book
來2:6#1	225	227	14	來2:14	-	bare
來2:6#1	244	245	9	來2:9	-	bare
來2:6#1	254	256	14	來2:14	-	bare
來2:6#1	286	291	10～12	來2:10	-	bare
來2:6#1	330	332	17	來2:17	-	bare
來2:9#1	28	32	彼前二7	彼前2:7	-	book
來2:9#1	68	73	彼後一17	彼後1:17	-	book
來2:9#1	75	80	彼前二17	彼前2:17	-	book
來2:9#1	81	85	羅十三7	羅13:7	-	book
來2:9#4	53	57	西一20	西1:20	-	book
來2:9#4	106	113	創七13～23	創7:13	-	book
來2:10#2	10	14	羅八29	羅8:29	-	book
來2:10#2	22	27	約十二24	約12:24	-	book
來2:10#3	77	84	羅八29～30	羅8:29	-	book
來2:10#3	146	153	羅八19～21	羅8:19	-	book
來2:10#3	169	173	腓三21	腓3:21	-	book
來2:10#3	192	195	西三4	西3:4	-	book
來2:10#3	206	210	西一27	西1:27	-	book
來2:10#3	260	265	啟二一11	啟21:11	-	book
來2:10#3	266	268	23	啟21:23	-	bare
來2:10#5	26	28	3節	來2:3	-	bare
來2:10#5	29	32	一14	來1:14	-	chapter
來2:10#5	69	72	六20	來6:20	-	chapter
來2:10#5	121	125	林前二7	林前2:7	-	book
來2:10#5	126	131	帖前二12	帖前2:12	-	book
來2:11#1	65	70	徒十三33	徒13:33	-	book
來2:11#1	71	75	彼前一3	彼前1:3	-	book
來2:12#1	37	42	約二十17	約20:17	-	book
來2:12#1	43	48	19～23	約20:19	-	bare
來2:12#2	7	11	十二23	來12:23	-	chapter
來2:14#1	54	58	創三15	創3:15	-	book
來2:14#1	79	82	加四4	加4:4	-	book
來2:14#1	91	95	約一14	約1:14	-	book
來2:14#1	96	99	羅八3	羅8:3	-	book
來2:14#1	127	133	約三14註1	約3:14	1	book
來2:14#1	134	140	十二31註2	約12:31	2	chapter
來2:14#1	141	146	羅八3註3	羅8:3	3	book
來2:15#1	43	47	羅五14	羅5:14	-	book
來2:15#1	79	84	提後一10	提後1:10	-	book
來2:17#1	26	28	14	來2:14	-	bare
來2:17#5	48	54	羅三25註2	羅3:25	2	book
來2:17#5	56	64	路十八13與註1	路18:13	1	book
賽57:15#1	1	6	六六1註1	賽66:1	1	chapter
賽57:20#1	27	32	五五1～2	賽55:1	-	chapter
賽57:20#1	79	84	五五7註1	賽55:7	1	chapter
賽58:3#1	57	60	五六2	賽56:2	-	chapter
賽58:3#1	137	140	五五1	賽55:1	-	chapter
賽58:3#1	172	179	約七37～39	約7:37	-	book
賽58:3#1	180	186	林前十二13	林前12:13	-	book
賽58:3#3	56	61	五五1～2	賽55:1	-	chapter
來3:1#1	1	5	15註1	來3:15	1	bare
來3:1#2	38	40	一3	來1:3	-	chapter
來3:1#2	51	54	九24	來9:24	-	chapter
來3:1#2	62	65	四14	來4:14	-	chapter
來3:1#2	75	78	七26	來7:26	-	chapter
來3:1#2	96	97	1	來3:1	-	bare
來3:1#2	106	108	六4	來6:4	-	chapter
來3:1#2	117	119	八5	來8:5	-	chapter
來3:1#2	128	132	十一16	來11:16	-	chapter
來3:1#2	145	149	十二22	來12:22	-	chapter
來3:1#2	174	178	十二23	來12:23	-	chapter
來3:1#2	197	201	十二25	來12:25	-	chapter
來3:1#3	18	23	羅一2註3	羅1:2	3	book
來3:1#4	22	26	約六46	約6:46	-	book
來3:1#4	27	30	八16	約8:16	-	chapter
來3:1#4	31	33	29	約8:29	-	bare
來3:1#4	56	59	弗二6	弗2:6	-	book
來3:1#4	169	172	2～6	來3:2	-	bare
來3:1#4	208	215	四14～七28	來4:14	-	chapter
來3:3#1	1	5	二9註1	來2:9	1	chapter
來3:3#2	51	56	賽二八16	賽28:16	-	book
來3:3#2	61	66	太二一42	太21:42	-	book
來3:3#2	67	71	徒四11	徒4:11	-	book
來3:3#2	75	78	亞四7	亞4:7	-	book
來3:3#2	84	88	彼前二4	彼前2:4	-	book
來3:3#2	99	103	彼前二5	彼前2:5	-	book
來3:6#1	16	21	利二二18	利22:18	-	book
來3:6#1	22	26	民十二7	民12:7	-	book
來3:6#1	44	48	出二五8	出25:8	-	book
來3:6#1	49	57	結三七26～27	結37:26	-	book
來3:6#1	74	79	提前三15	提前3:15	-	book
來3:6#1	80	85	彼前四17	彼前4:17	-	book
來3:6#1	108	117	林前九24～十11	林前9:24	-	book
來3:7#1	3	5	6節	來3:6	-	bare
來3:7#1	10	12	四9	來4:9	-	chapter
來3:10#2	57	62	詩一○三7	詩103:7	-	book
來3:15#1	5	7	三1	來3:1	-	chapter
來3:15#1	8	10	六4	來6:4	-	chapter
來3:15#1	17	20	十二8	來12:8	-	chapter
來3:15#1	65	67	一9	來1:9	-	chapter
來3:15#1	144	146	一9	來1:9	-	chapter
來3:15#1	190	195	民十四30	民14:30	-	book
來3:16#1	37	39	四8	來4:8	-	chapter
賽59:16#1	1	6	五一9註1	賽51:9	1	chapter
賽59:20#1	55	58	五五3	賽55:3	-	chapter
賽59:21#1	18	21	四二6	賽42:6	-	chapter
賽59:21#1	22	25	四九8	賽49:8	-	chapter
賽59:21#1	26	30	五四10	賽54:10	-	chapter
賽59:21#1	33	38	四二6註2	賽42:6	2	chapter
賽59:21#2	9	11	20	賽59:20	-	bare
賽59:21#2	46	52	林前十五45	林前15:45	-	book
賽59:21#2	63	68	約二十22	約20:22	-	book
賽59:21#2	77	82	啟十九13	啟19:13	-	book
賽59:21#2	92	95	太四4	太4:4	-	book
賽59:21#2	96	100	約六57	約6:57	-	book
賽59:21#2	101	103	63	約6:63	-	bare
賽59:21#2	113	119	林前十四31	林前14:31	-	book
賽59:21#2	120	124	弗四29	弗4:29	-	book
賽60:1#1	42	45	1～3	賽60:1	-	bare
賽60:1#1	80	84	五九20	賽59:20	-	chapter
賽60:1#1	119	124	啟二一23	啟21:23	-	book
賽60:1#1	125	128	二二5	啟22:5	-	chapter
賽60:3#1	90	94	3～14	賽60:3	-	bare
賽60:13#1	14	18	創三一1	創31:1	-	book
賽60:13#1	19	21	16	創31:16	-	bare
賽60:13#1	22	25	斯一4	斯1:4	-	book
賽60:19#1	35	40	19～20	賽60:19	-	bare
賽60:19#1	41	46	啟二一23	啟21:23	-	book
賽60:19#1	47	50	二二5	啟22:5	-	chapter
賽60:19#2	38	40	21	賽60:21	-	bare
賽60:19#2	41	45	六一3下	賽61:3	-	chapter
賽60:19#2	123	127	五九21	賽59:21	-	chapter
賽60:21#1	1	5	19註2	賽60:19	2	bare
來4:1#1	1	4	9註1	來4:9	1	bare
來4:1#3	1	5	11註3	來4:11	3	bare
來4:8#1	18	23	民十三16	民13:16	-	book
來4:8#2	14	16	三7	來3:7	-	chapter
來4:8#2	17	22	13～14	來3:13	-	bare
來4:8#2	23	25	四7	來4:7	-	chapter
來4:8#2	44	45	9	來4:9	-	bare
來4:9#1	28	32	申十二9	申12:9	-	book
來4:9#1	33	36	來四8	來4:8	-	book
來4:9#1	106	114	太十一28～29	太11:28	-	book
來4:9#1	136	142	啟二十1～3	啟20:1	-	book
來4:9#1	175	179	啟二十4	啟20:4	-	book
來4:9#1	180	181	6	啟20:6	-	bare
來4:9#1	230	239	林前十五24～27	林前15:24	-	book
來4:9#1	480	483	詩二8	詩2:8	-	book
來4:9#1	484	489	來二5～6	來2:5	-	book
來4:9#1	501	506	啟十一15	啟11:15	-	book
來4:9#1	548	552	啟二十4	啟20:4	-	book
來4:9#1	553	554	6	啟20:6	-	bare
來4:9#1	555	560	提後二12	提後2:12	-	book
來4:9#1	570	573	太五5	太5:5	-	book
來4:9#1	574	579	詩三七11	詩37:11	-	book
來4:9#1	599	604	路十九17	路19:17	-	book
來4:9#1	605	607	19	路19:19	-	bare
來4:9#1	622	627	太二五21	太25:21	-	book
來4:9#1	628	630	23	太25:23	-	bare
來4:9#1	866	871	民十四30	民14:30	-	book
來4:9#1	872	879	林前十1～11	林前10:1	-	book
來4:9#1	1072	1079	腓三10～14	腓3:10	-	book
來4:9#1	1120	1125	腓三4～9	腓3:4	-	book
來4:11#2	1	4	6註1	來4:6	1	bare
來4:11#3	40	43	加五4	加5:4	-	book
來4:11#3	77	82	加五1～4	加5:1	-	book
來4:12#1	29	35	三7～四11	來3:7	-	chapter
來4:12#2	18	23	帖前五23	帖前5:23	-	book
來4:12#2	652	657	太十六26	太16:26	-	book
來4:12#2	659	663	路九25	路9:25	-	book
來4:12#2	688	693	太十六24	太16:24	-	book
來4:12#2	694	698	路九23	路9:23	-	book
來4:12#2	728	732	約四24	約4:24	-	book
來4:12#2	733	736	羅一9	羅1:9	-	book
來4:12#2	753	756	約三6	約3:6	-	book
來4:12#2	774	778	羅八16	羅8:16	-	book
來4:12#2	800	805	提後四22	提後4:22	-	book
來4:12#2	806	810	加六18	加6:18	-	book
來4:12#3	15	19	約四24	約4:24	-	book
來4:12#3	35	40	可十二30	可12:30	-	book
賽61:1#1	0	4	1～3節	賽61:1	-	bare
賽61:1#1	25	33	路四16～22上	路4:16	-	book
賽61:1#1	39	46	路四16～22	路4:16	-	book
賽61:1#1	49	55	本章1～2上	賽61:1	-	anaphor
賽61:1#1	83	88	2下～3節	賽61:2	-	bare
賽61:1#1	185	192	利二五10註1	利25:10	1	book
賽61:1#1	250	254	六五17	賽65:17	-	chapter
賽61:1#1	255	259	六六22	賽66:22	-	chapter
賽61:1#1	443	447	二2～5	賽2:2	-	chapter
賽61:1#1	448	453	十一6～9	賽11:6	-	chapter
賽61:1#1	454	458	三十26	賽30:26	-	chapter
賽61:1#1	459	465	三五1～10	賽35:1	-	chapter
賽61:1#1	466	470	六五25	賽65:25	-	chapter
賽61:1#1	492	498	啟二十2～7	啟20:2	-	book
賽61:1#2	21	25	太三16	太3:16	-	book
賽61:1#2	26	31	路四18上	路4:18	-	book
賽61:2#1	16	23	路四18～19	路4:18	-	book
賽61:2#1	95	103	啟十九11～12	啟19:11	-	book
賽61:6#1	22	26	二3註2	賽2:3	2	chapter
賽61:6#1	54	57	4～9	賽61:4	-	bare
賽62:1#1	13	16	五六1	賽56:1	-	chapter
賽62:1#1	17	21	六一10	賽61:10	-	chapter
賽62:1#1	81	84	1～5	賽62:1	-	bare
賽62:7#1	27	30	6～9	賽62:6	-	bare
賽62:10#1	65	68	11下	賽62:11	-	bare
賽62:10#1	69	74	六三1～6	賽63:1	-	chapter
賽62:10#1	75	81	亞十二2～9	亞12:2	-	book
賽62:10#1	82	90	啟十九11～21	啟19:11	-	book
來4:14#1	25	29	西二15	西2:15	-	book
來4:14#1	39	43	徒二24	徒2:24	-	book
來4:14#1	44	46	27	徒2:27	-	bare
來4:14#2	23	25	一5	來1:5	-	chapter
來4:14#2	26	27	8	來1:8	-	bare
來4:14#2	28	30	二6	來2:6	-	chapter
來4:14#2	36	38	一3	來1:3	-	chapter
來4:14#2	39	42	二17	來2:17	-	chapter
來4:14#2	43	44	9	來2:9	-	bare
來4:14#2	45	50	14～15	來2:14	-	bare
來4:14#2	51	53	10	來2:10	-	bare
來4:14#2	54	58	三5～6	來3:5	-	chapter
來4:14#2	59	63	四8～9	來4:8	-	chapter
來4:14#2	64	68	徒二24	徒2:24	-	book
來4:14#2	69	71	27	徒2:27	-	bare
來4:14#2	83	86	六20	來6:20	-	chapter
來4:14#2	87	90	九24	來9:24	-	chapter
來4:14#2	91	93	二9	來2:9	-	chapter
來4:14#3	13	16	二14	來2:14	-	chapter
來4:14#3	37	39	三1	來3:1	-	chapter
來4:14#3	49	52	二10	來2:10	-	chapter
來4:14#3	64	66	三3	來3:3	-	chapter
來4:14#3	78	79	8	來4:8	-	bare
來4:14#3	93	95	一9	來1:9	-	chapter
來4:14#3	96	99	三15	來3:15	-	chapter
來4:14#3	110	113	二10	來2:10	-	chapter
來4:14#3	114	117	四11	來4:11	-	chapter
來4:14#3	131	135	五5～6	來5:5	-	chapter
來4:14#3	177	183	二17～18	來2:17	-	chapter
來4:14#3	184	187	四15	來4:15	-	chapter
來4:16#1	23	26	啟四2	啟4:2	-	book
來4:16#1	45	48	但七9	但7:9	-	book
來4:16#1	49	52	啟五1	啟5:1	-	book
來4:16#1	89	94	出二五17	出25:17	-	book
來4:16#1	95	97	21	出25:21	-	bare
來4:16#1	111	115	啟二二1	啟22:1	-	book
來4:16#1	150	153	12節	來4:12	-	bare
來4:16#1	174	178	羅八34	羅8:34	-	book
來4:16#1	190	194	羅八10	羅8:10	-	book
來4:16#1	206	211	提後四22	提後4:22	-	book
來4:16#1	225	229	弗二22	弗2:22	-	book
來4:16#1	273	281	創二八12～17	創28:12	-	book
來4:16#1	282	286	約一51	約1:51	-	book
來4:16#2	59	67	路十五20～24	路15:20	-	book
來4:16#2	281	285	十二12	來12:12	-	chapter
來5:2#1	53	56	四15	來4:15	-	chapter
來5:5#2	75	79	二9註1	來2:9	1	chapter
來5:5#3	10	15	徒十三33	徒13:33	-	book
來5:5#3	55	61	二14～18	來2:14	-	chapter
來5:5#3	99	102	四15	來4:15	-	chapter
來5:5#3	103	106	二17	來2:17	-	chapter
來5:5#3	142	148	七24～25	來7:24	-	chapter
來5:5#3	149	152	二17	來2:17	-	chapter
來5:6#1	12	19	詩一一○1～4	詩110:1	-	book
來5:6#1	48	51	七26	來7:26	-	chapter
來5:8#1	14	17	腓二8	腓2:8	-	book
來5:9#1	1	6	二10註4	來2:10	4	chapter
賽63:1#1	1	4	1～6	賽63:1	-	bare
賽63:1#1	5	7	9節	賽63:9	-	bare
賽63:1#1	8	11	六四1	賽64:1	-	chapter
賽63:1#1	12	19	六五17～25	賽65:17	-	chapter
賽63:1#1	20	27	六六15～16	賽66:15	-	chapter
賽63:1#1	28	30	22	賽66:22	-	bare
賽63:1#1	45	46	9	賽63:9	-	bare
賽63:1#1	73	74	9	賽63:9	-	bare
賽63:1#1	75	78	六四1	賽64:1	-	chapter
賽63:1#1	103	111	六六15～16上	賽66:15	-	chapter
賽63:1#1	141	144	1～6	賽63:1	-	bare
賽63:1#1	145	153	啟十六12～16	啟16:12	-	book
賽63:1#1	154	161	十九19～21	啟19:19	-	chapter
賽63:1#1	198	205	六五17～25	賽65:17	-	chapter
賽63:1#1	206	210	六六22	賽66:22	-	chapter
賽63:1#1	211	217	啟二十4～6	啟20:4	-	book
賽63:1#1	218	221	二二1	啟22:1	-	chapter
賽63:2#1	3	11	啟十四19～20	啟14:19	-	book
賽63:2#1	12	16	十九15	啟19:15	-	chapter
賽63:2#1	58	61	1～6	賽63:1	-	bare
賽63:2#1	83	88	太二四21	太24:21	-	book
賽63:2#1	176	180	但九27	但9:27	-	book
賽63:2#1	208	213	但十一36	但11:36	-	book
賽63:2#1	227	235	啟十七16～18	啟17:16	-	book
賽63:2#1	298	303	啟十六16	啟16:16	-	book
賽63:2#1	344	345	1	賽63:1	-	bare
賽63:2#1	382	390	啟十四17～20	啟14:17	-	book
賽63:2#1	391	395	十六16	啟16:16	-	chapter
賽63:2#1	396	403	十九11～21	啟19:11	-	chapter
賽63:9#1	92	97	六一1～3	賽61:1	-	chapter
賽63:9#1	157	160	1～6	賽63:1	-	bare
賽63:10#1	1	8	詩五一11註2	詩51:11	2	book
賽63:16#1	12	15	六四8	賽64:8	-	chapter
賽63:16#1	21	23	九6	賽9:6	-	chapter
賽63:16#1	58	65	多二13～14	多2:13	-	book
賽63:16#1	66	74	彼前一18～19	彼前1:18	-	book
賽63:16#1	77	80	六四8	賽64:8	-	chapter
賽63:16#1	87	90	約一3	約1:3	-	book
賽63:16#1	91	95	來一10	來1:10	-	book
賽64:1#1	0	6	六四1～5上	賽64:1	-	chapter
賽64:1#1	7	14	六六15～16	賽66:15	-	chapter
賽64:1#1	33	38	三一4～5	賽31:4	-	chapter
賽64:1#1	71	76	六一1註1	賽61:1	1	chapter
賽64:7#1	1	7	徒二21註1	徒2:21	1	book
賽64:8#1	1	7	六三16註1	賽63:16	1	chapter
來5:12#3	30	33	太四4	太4:4	-	book
來5:12#3	39	44	耶十五16	耶15:16	-	book
來5:12#3	73	77	林前三2	林前3:2	-	book
來5:12#3	78	82	彼前二2	彼前2:2	-	book
來5:13#1	6	9	12節	來5:12	-	bare
來5:13#1	26	29	12節	來5:12	-	bare
來5:13#1	33	35	六5	來6:5	-	chapter
來5:13#1	53	55	六1	來6:1	-	chapter
來5:13#1	121	125	徒十四3	徒14:3	-	book
來5:13#1	126	130	二十32	徒20:32	-	chapter
來5:13#1	138	142	腓二16	腓2:16	-	book
來6:1#1	26	28	2節	來6:2	-	bare
來6:1#3	160	162	一9	來1:9	-	chapter
來6:1#3	163	166	三15	來3:15	-	chapter
來6:1#3	187	189	四9	來4:9	-	chapter
來6:1#3	190	192	11	來4:11	-	bare
來6:1#3	211	214	四16	來4:16	-	chapter
來6:1#3	246	251	五9～10	來5:9	-	chapter
來6:1#3	252	254	14	來5:14	-	bare
來6:2#1	38	42	利六28	利6:28	-	book
來6:2#1	56	64	出三十18～21	出30:18	-	book
來6:2#1	65	69	利十六4	利16:4	-	book
來6:3#1	6	8	1節	來6:1	-	bare
賽65:16#1	25	30	林後一20	林後1:20	-	book
賽65:16#1	62	69	林後一20註2	林後1:20	2	book
賽65:17#1	2	5	17節	賽65:17	-	bare
賽65:17#1	6	13	六六22～24	賽66:22	-	chapter
賽65:17#1	74	82	彼後三10～13	彼後3:10	-	book
賽65:17#1	83	89	啟二一1～2	啟21:1	-	book
賽65:17#1	111	115	二2～3	賽2:2	-	chapter
賽65:17#1	116	123	亞八20～23	亞8:20	-	book
賽65:17#1	139	143	啟二十6	啟20:6	-	book
賽65:17#1	239	243	啟二十9	啟20:9	-	book
賽65:17#1	322	327	啟二一12	啟21:12	-	book
賽65:17#1	328	330	14	啟21:14	-	bare
賽65:17#1	363	367	啟二一7	啟21:7	-	book
賽65:17#1	368	371	二二3	啟22:3	-	chapter
賽65:17#1	372	373	5	啟22:5	-	bare
賽65:17#1	420	424	啟二一3	啟21:3	-	book
賽65:17#1	425	430	24～26	啟21:24	-	bare
賽65:17#1	431	435	二二2下	啟22:2	-	chapter
賽65:18#1	0	6	18～25節	賽65:18	-	bare
賽65:25#1	6	11	十一6～9	賽11:6	-	chapter
賽65:25#1	33	38	十一6註1	賽11:6	1	chapter
賽66:1#1	1	7	徒七49註1	徒7:49	1	book
賽66:1#1	85	88	來三6	來3:6	-	book
賽66:1#1	140	144	詩二七4	詩27:4	-	book
賽66:1#1	145	149	八四10	詩84:10	-	chapter
賽66:1#1	150	153	九十1	詩90:1	-	chapter
賽66:1#1	155	160	彼前二5上	彼前2:5	-	book
賽66:1#1	164	166	2節	賽66:2	-	bare
賽66:1#1	167	171	五七15	賽57:15	-	chapter
賽66:1#1	256	260	約十四2	約14:2	-	book
賽66:1#1	261	263	20	約14:20	-	bare
賽66:1#1	264	266	23	約14:23	-	bare
賽66:1#1	267	270	十五4	約15:4	-	chapter
賽66:1#1	271	276	約壹四13	約壹4:13	-	book
賽66:1#1	313	320	弗二22與註3	弗2:22	3	book
賽66:1#1	321	329	提前三15與註1	提前3:15	1	book
賽66:1#1	393	397	啟二一3	啟21:3	-	book
賽66:1#1	400	402	22	啟21:22	-	bare
賽66:1#1	407	414	創二八12註1	創28:12	1	book
賽66:1#1	415	423	撒下七12～14	撒下7:12	-	book
賽66:12#1	1	7	六十13註1	賽60:13	1	chapter
賽66:20#1	55	58	六一6	賽61:6	-	chapter
賽66:20#1	73	75	21	賽66:21	-	bare
賽66:22#1	1	7	六五17註1	賽65:17	1	chapter
來6:4#2	32	36	加三14	加3:14	-	book
來6:4#2	128	133	三15註1	來3:15	1	chapter
來6:5#1	19	21	1節	來6:1	-	bare
來6:5#1	71	74	五13	來5:13	-	chapter
來6:5#1	116	117	1	來6:1	-	bare
來6:5#2	56	61	太十九28	太19:28	-	book
來6:5#2	71	74	多三5	多3:5	-	book
來6:6#2	82	83	1	來6:1	-	bare
來6:6#2	131	133	1節	來6:1	-	bare
來6:6#2	142	144	6節	來6:6	-	bare
來6:6#2	152	156	7～8節	來6:7	-	bare
來6:7#2	7	11	4～5節	來6:4	-	bare
來6:7#3	18	19	1	來6:1	-	bare
來6:8#2	8	13	林前九27	林前9:27	-	book
來6:8#3	64	69	十二7～8	來12:7	-	chapter
來6:8#4	66	70	林前三9	林前3:9	-	book
來6:8#4	71	73	12	林前3:12	-	bare
來6:9#1	0	2	8節	來6:8	-	bare
來6:9#1	32	34	二1	來2:1	-	chapter
來6:9#1	48	51	四11	來4:11	-	chapter
來6:9#1	63	66	四16	來4:16	-	chapter
來6:9#1	84	85	1	來6:1	-	bare
來6:9#2	14	16	二3	來2:3	-	chapter
來6:9#2	27	30	七25	來7:25	-	chapter
來6:9#2	36	40	腓一19	腓1:19	-	book
來6:9#2	46	50	腓二12	腓2:12	-	book
來6:9#2	58	62	彼前一9	彼前1:9	-	book
來6:9#2	75	77	8節	來6:8	-	bare
來6:12#1	8	11	五11	來5:11	-	chapter
來6:18#1	17	19	17	來6:17	-	bare
來6:18#2	24	28	徒十四6	徒14:6	-	book
來6:18#3	0	3	20節	來6:20	-	bare
來6:18#3	57	60	十19	來10:19	-	chapter
來6:19#1	30	35	提前一19	提前1:19	-	book
來6:19#2	60	66	十19～20	來10:19	-	chapter
來6:20#1	64	67	二10	來2:10	-	chapter
耶1:5#1	15	16	1	耶1:1	-	bare
耶1:5#1	46	49	5～8	耶1:5	-	bare
耶1:5#1	164	171	三一33～34	耶31:33	-	chapter
耶1:5#1	186	189	二三6	耶23:6	-	chapter
耶1:5#1	190	194	三三16	耶33:16	-	chapter
耶1:10#1	52	55	1註1	耶1:1	1	bare
耶1:10#1	98	103	徒二十32	徒20:32	-	book
耶1:10#1	104	108	可四14	可4:14	-	book
耶1:11#1	1	4	12節	耶1:12	-	bare
耶1:11#1	54	62	申二八15～68	申28:15	-	book
耶1:13#1	18	20	14	耶1:14	-	bare
耶1:13#1	36	39	四6下	耶4:6	-	chapter
耶1:18#1	138	140	19	耶1:19	-	bare
耶2:2#1	44	45	2	耶2:2	-	bare
耶2:2#1	46	48	32	耶2:32	-	bare
耶2:2#1	49	51	三1	耶3:1	-	chapter
耶2:2#1	52	54	14	耶3:14	-	bare
耶2:2#1	55	59	三一32	耶31:32	-	chapter
耶2:2#1	64	69	二1～三5	耶2:1	-	chapter
耶2:2#1	84	90	出二十6註1	出20:6	1	book
耶2:11#1	28	35	羅一23～25	羅1:23	-	book
耶2:13#1	127	134	約三29～30	約3:29	-	book
耶2:13#1	135	142	弗三16～19	弗3:16	-	book
耶2:13#1	143	145	21	弗3:21	-	bare
耶2:13#1	163	166	弗一5	弗1:5	-	book
耶2:13#1	167	168	9	弗1:9	-	bare
耶2:13#1	169	174	三9～11	弗3:9	-	chapter
耶2:13#1	200	204	約四10	約4:10	-	book
耶2:13#1	205	207	14	約4:14	-	bare
耶2:13#1	208	214	七37～39	約7:37	-	chapter
耶2:13#1	215	219	林前十4	林前10:4	-	book
耶2:13#1	220	224	十二13	林前12:13	-	chapter
耶2:13#1	225	229	啟二二1	啟22:1	-	book
耶2:13#1	230	232	17	啟22:17	-	bare
耶2:13#1	416	423	約四13～14	約4:13	-	book
耶2:18#1	41	46	17～18	耶2:17	-	bare
耶2:18#1	47	49	36	耶2:36	-	bare
耶2:18#1	50	54	賽三一3	賽31:3	-	book
耶2:19#1	37	39	13	耶2:13	-	bare
來7:1#1	162	164	一3	來1:3	-	chapter
來7:1#1	179	184	詩一一○1	詩110:1	-	book
來7:1#1	185	186	4	詩110:4	-	bare
來7:1#2	20	21	2	來7:2	-	bare
來7:1#2	31	35	賽三二1	賽32:1	-	book
來7:1#2	65	70	賽三二17	賽32:17	-	book
來7:1#2	80	83	賽九6	賽9:6	-	book
來7:1#2	136	140	彼前二9	彼前2:9	-	book
來7:2#1	16	18	28	來7:28	-	bare
來7:3#1	112	115	約一1	約1:1	-	book
來7:3#1	130	136	太一1～17	太1:1	-	book
來7:3#1	137	144	路三23～38	路3:23	-	book
來7:4#1	93	94	9	來7:9	-	bare
來7:4#1	123	125	10	來7:10	-	bare
來7:6#1	28	29	7	來7:7	-	bare
來7:9#1	34	38	羅五12	羅5:12	-	book
來7:12#1	19	21	11	來7:11	-	bare
來7:12#1	43	45	14	來7:14	-	bare
來7:12#1	69	71	28	來7:28	-	bare
來7:12#2	42	44	16	來7:16	-	bare
來7:14#1	60	64	亞六13	亞6:13	-	book
來7:14#1	89	90	1	來7:1	-	bare
來7:16#1	105	109	徒二24	徒2:24	-	book
來7:16#1	110	114	啟一18	啟1:18	-	book
來7:16#1	152	154	25	來7:25	-	bare
來7:19#1	17	20	羅八3	羅8:3	-	book
來7:19#3	24	26	16	來7:16	-	bare
來7:26#1	13	16	四14	來4:14	-	chapter
來7:26#1	30	33	九24	來9:24	-	chapter
來7:26#1	50	54	弗四10	弗4:10	-	book
耶2:20#1	48	50	20	耶2:20	-	bare
耶2:20#1	51	56	23～25	耶2:23	-	bare
耶2:20#1	57	61	三1～3	耶3:1	-	chapter
耶2:32#2	34	40	出三二1～6	出32:1	-	book
耶2:32#2	96	99	申七2	申7:2	-	book
耶2:32#2	100	101	5	申7:5	-	bare
耶2:32#2	222	229	王上十一1～8	王上11:1	-	book
耶2:32#2	293	299	士二12註1	士2:12	1	book
耶3:1#1	72	79	哀三22～23	哀3:22	-	book
耶3:6#1	30	40	王上十一9～十二24	王上11:9	-	book
耶3:6#1	69	70	6	耶3:6	-	bare
耶3:6#1	71	72	9	耶3:9	-	bare
耶3:6#1	87	89	8上	耶3:8	-	bare
耶3:6#1	144	146	7下	耶3:7	-	bare
耶3:6#1	147	149	8下	耶3:8	-	bare
耶3:12#1	14	22	王下十八9～12	王下18:9	-	book
耶3:12#2	0	6	三12～四2	耶3:12	-	chapter
耶3:16#1	1	7	16～18節	耶3:16	-	bare
耶3:16#1	67	73	撒上四3註1	撒上4:3	1	book
耶3:17#1	9	14	太十九28	太19:28	-	book
耶3:17#1	47	52	賽二2～3	賽2:2	-	book
耶3:17#1	53	58	六十3～5	賽60:3	-	chapter
耶3:17#1	59	66	亞八20～23	亞8:20	-	book
來8:1#1	50	55	創二八12	創28:12	-	book
來8:1#1	56	60	約一51	約1:51	-	book
來8:2#1	38	40	九8	來9:8	-	chapter
來8:2#1	41	43	12	來9:12	-	bare
來8:2#1	44	46	25	來9:25	-	bare
來8:2#1	47	50	十19	來10:19	-	chapter
來8:2#1	51	55	十三11	來13:11	-	chapter
來8:3#1	1	5	五1註1	來5:1	1	chapter
來8:6#1	8	10	2節	來8:2	-	bare
來8:6#2	23	28	10～12	來8:10	-	bare
來8:6#2	53	56	九23	來9:23	-	chapter
來8:6#2	88	91	九12	來9:12	-	chapter
來8:6#2	107	110	九14	來9:14	-	chapter
來8:6#2	149	152	九11	來9:11	-	chapter
來8:6#2	163	164	6	來8:6	-	bare
來8:6#4	8	16	耶三一31～34	耶31:31	-	book
來8:6#4	21	28	本章8～12節	來8:8	-	anaphor
來8:6#4	29	35	十16～17	來10:16	-	chapter
來8:6#5	26	32	10～12節	來8:10	-	bare
來8:10#1	5	10	耶三一33	耶31:33	-	book
來8:10#1	55	58	羅八2	羅8:2	-	book
來8:10#1	322	324	11	來8:11	-	bare
來8:10#2	9	14	耶三一33	耶31:33	-	book
來8:11#1	65	69	約八55	約8:55	-	book
來8:11#1	134	139	約壹二29	約壹2:29	-	book
來8:12#1	6	9	二17	來2:17	-	chapter
來8:12#1	33	38	二17註5	來2:17	5	chapter
來8:12#1	79	81	12	來8:12	-	bare
來8:12#1	109	112	10上	來8:10	-	bare
來8:12#1	156	159	10下	來8:10	-	bare
來8:12#1	186	188	11	來8:11	-	bare
來8:12#1	239	244	九16註1	來9:16	1	chapter
耶5:1#1	77	84	出二十1～11	出20:1	-	book
耶5:1#1	159	167	出二十13～17	出20:13	-	book
耶5:4#2	1	6	申四1註1	申4:1	1	book
耶5:31#1	12	18	申十七9註1	申17:9	1	book
來9:1#1	3	5	八2	來8:2	-	chapter
來9:1#1	35	41	出二五8～9	出25:8	-	book
來9:1#1	57	58	2	來9:2	-	bare
來9:1#1	74	75	3	來9:3	-	bare
來9:1#1	78	82	八2註1	來8:2	1	chapter
來9:4#1	25	29	出三十6	出30:6	-	book
來9:4#1	198	202	出三十6	出30:6	-	book
來9:4#1	237	241	出四十5	出40:5	-	book
來9:4#1	248	253	王上六22	王上6:22	-	book
來9:4#1	389	394	出三十10	出30:10	-	book
來9:4#1	395	403	利十六15～16	利16:15	-	book
來9:4#1	408	413	出二六35	出26:35	-	book
來9:4#1	451	458	路一10～11	路1:10	-	book
來9:4#1	480	483	十19	來10:19	-	chapter
來9:4#1	618	620	2節	來9:2	-	bare
來9:4#3	33	41	出四十29～32	出40:29	-	book
來9:5#1	8	15	羅三25與註2	羅3:25	2	book
來9:7#1	36	39	利四2	利4:2	-	book
來9:7#1	40	42	13	利4:13	-	bare
來9:7#1	43	45	22	利4:22	-	bare
來9:7#1	46	48	27	利4:27	-	bare
來9:7#1	49	55	五17～18	利5:17	-	chapter
來9:8#1	58	63	太二七51	太27:51	-	book
來9:8#1	81	84	十20	來10:20	-	chapter
來9:8#1	85	89	加五24	加5:24	-	book
來9:9#2	1	5	五1註1	來5:1	1	chapter
來9:10#1	1	6	六2與註1	來6:2	1	chapter
來9:10#2	77	81	徒三21	徒3:21	-	book
來9:12#1	16	20	西一20	西1:20	-	book
來9:12#2	21	29	利十六15～18	利16:15	-	book
來9:12#2	61	63	十4	來10:4	-	chapter
來9:12#2	133	135	14	來9:14	-	bare
來9:12#2	136	139	十12	來10:12	-	chapter
來9:12#2	150	154	約一29	約1:29	-	book
來9:12#2	168	172	十二24	來12:24	-	chapter
來9:12#2	218	220	15	來9:15	-	bare
來9:12#2	239	247	彼前一18～19	彼前1:18	-	book
來9:12#2	250	256	利十六1註1	利16:1	1	book
來9:14#1	22	24	十5	來10:5	-	chapter
來9:14#1	25	27	10	來10:10	-	bare
來9:14#1	92	96	啟十三8	啟13:8	-	book
來9:14#1	111	114	七27	來7:27	-	chapter
來9:14#1	136	138	12	來9:12	-	bare
來9:14#1	165	169	26註1	來9:26	1	bare
來9:14#2	13	18	太二六28	太26:28	-	book
來9:14#2	30	33	十29	來10:29	-	chapter
來9:14#2	34	39	路二二20	路22:20	-	book
來9:14#2	55	57	12	來9:12	-	bare
來9:14#2	58	61	弗一7	弗1:7	-	book
來9:14#2	62	70	彼前一18～19	彼前1:18	-	book
來9:14#2	83	88	徒二十28	徒20:28	-	book
來9:14#2	100	104	約壹一7	約壹1:7	-	book
來9:14#2	115	117	14	來9:14	-	bare
來9:14#2	125	129	十三12	來13:12	-	chapter
來9:14#2	142	146	十二24	來12:24	-	chapter
來9:14#2	163	166	十19	來10:19	-	chapter
來9:14#2	179	187	啟十二10～11	啟12:10	-	book
來9:14#2	210	215	12～13	來9:12	-	bare
來9:14#2	255	261	十29～31	來10:29	-	chapter
來9:14#3	112	116	約四24	約4:24	-	book
來9:14#4	9	12	弗二1	弗2:1	-	book
來9:14#4	13	17	西二13	西2:13	-	book
來9:14#5	21	24	三12	來3:12	-	chapter
來9:14#5	25	28	九14	來9:14	-	chapter
來9:14#5	29	32	十31	來10:31	-	chapter
來9:14#5	33	37	十二22	來12:22	-	chapter
來9:14#5	59	62	四12	來4:12	-	chapter
耶6:1#2	1	6	一13註1	耶1:13	1	chapter
耶6:4#1	1	5	4～5節	耶6:4	-	bare
耶6:9#1	40	47	利十九9～10	利19:9	-	book
耶6:9#1	103	110	五二28～30	耶52:28	-	chapter
耶7:4#1	11	14	七21	耶7:21	-	chapter
耶7:4#1	15	18	九26	耶9:26	-	chapter
耶7:4#1	98	104	撒上四3註1	撒上4:3	1	book
耶7:6#1	28	29	6	耶7:6	-	bare
耶7:6#1	30	31	9	耶7:9	-	bare
耶7:6#1	32	34	18	耶7:18	-	bare
耶7:6#1	35	40	23～26	耶7:23	-	bare
耶7:6#1	41	43	28	耶7:28	-	bare
耶7:6#1	44	49	30～31	耶7:30	-	bare
耶7:6#1	50	55	八5～10	耶8:5	-	chapter
耶7:6#1	56	58	19	耶8:19	-	bare
耶7:6#1	59	63	九2～5	耶9:2	-	chapter
耶7:6#1	64	65	8	耶9:8	-	bare
耶7:6#1	66	68	26	耶9:26	-	bare
耶7:12#1	19	23	書十八1	書18:1	-	book
耶7:12#1	41	46	12～14	耶7:12	-	bare
耶7:12#1	47	51	二六6上	耶26:6	-	chapter
耶7:12#1	52	54	9上	耶26:9	-	bare
耶7:12#1	55	59	撒上四4	撒上4:4	-	book
耶7:12#1	60	65	10～11	撒上4:10	-	bare
耶7:18#1	35	40	徒十九27	徒19:27	-	book
耶7:29#1	1	6	民六5註1	民6:5	1	book
來9:15#2	33	36	十36	來10:36	-	chapter
來9:15#2	66	71	十36註2	來10:36	2	chapter
來9:15#2	96	99	十36	來10:36	-	chapter
來9:15#2	108	111	十35	來10:35	-	chapter
來9:15#3	1	6	十34註1	來10:34	1	chapter
來9:16#1	109	117	耶三一31～34	耶31:31	-	book
來9:16#1	132	137	路二二20	路22:20	-	book
來9:17#2	1	5	16註1	來9:16	1	bare
來9:22#1	63	68	太二六28	太26:28	-	book
來9:23#1	29	34	21～23	來9:21	-	bare
來9:23#1	75	78	七27	來7:27	-	chapter
來9:23#1	79	82	九14	來9:14	-	chapter
來9:23#1	83	85	28	來9:28	-	bare
來9:23#1	86	89	十10	來10:10	-	chapter
來9:23#1	90	92	12	來10:12	-	bare
來9:23#1	93	95	14	來10:14	-	bare
來9:23#1	154	156	24	來9:24	-	bare
來9:23#2	14	16	14	來9:14	-	bare
來9:23#2	17	20	十12	來10:12	-	chapter
來9:23#2	112	115	十11	來10:11	-	chapter
來9:23#2	142	144	26	來9:26	-	bare
來9:23#2	161	163	12	來9:12	-	bare
來9:24#1	1	5	八2註1	來8:2	1	chapter
來9:26#1	29	34	太二八20	太28:20	-	book
來9:26#1	73	78	彼前一20	彼前1:20	-	book
來9:26#1	95	99	啟十三8	啟13:8	-	book
來9:26#1	150	154	14註1	來9:14	1	bare
來9:27#2	33	35	28	來9:28	-	bare
來9:27#2	36	41	彼前二24	彼前2:24	-	book
來9:27#2	58	62	賽五三5	賽53:5	-	book
來9:27#2	63	65	11	賽53:11	-	bare
來9:28#3	16	18	26	來9:26	-	bare
來9:28#3	19	23	約壹三5	約壹3:5	-	book
來9:28#4	49	56	羅八18～23	羅8:18	-	book
來9:28#4	57	64	腓三20～21	腓3:20	-	book
來9:28#4	74	78	羅八17	羅8:17	-	book
來9:28#4	79	81	30	羅8:30	-	bare
耶9:1#2	33	39	八18～19	耶8:18	-	chapter
耶9:1#2	40	45	21～22	耶8:21	-	bare
耶9:1#2	46	50	九1～2	耶9:1	-	chapter
耶9:1#2	51	57	十19～25	耶10:19	-	chapter
耶9:1#2	130	137	哀三22～23	哀3:22	-	book
耶9:1#2	240	244	十三17	耶13:17	-	chapter
耶9:1#2	245	249	哀二11	哀2:11	-	book
耶9:1#2	250	253	三48	哀3:48	-	chapter
耶9:10#1	0	5	10～11	耶9:10	-	bare
耶9:10#1	6	12	17～19節	耶9:17	-	bare
耶9:10#1	55	59	18註1	耶9:18	1	bare
耶9:18#1	108	111	1註2	耶9:1	2	bare
耶9:25#1	17	22	書五2～9	書5:2	-	book
耶9:25#1	47	50	四4上	耶4:4	-	chapter
耶9:25#1	51	55	徒七51	徒7:51	-	book
耶9:25#1	57	64	羅二28～29	羅2:28	-	book
耶9:25#1	65	68	腓三3	腓3:3	-	book
來10:2#1	0	4	2～4節	來10:2	-	bare
來10:7#2	23	28	路二四27	路24:27	-	book
來10:7#2	29	31	44	路24:44	-	bare
來10:7#2	32	34	46	路24:46	-	bare
來10:7#2	35	39	約五39	約5:39	-	book
來10:7#2	40	42	46	約5:46	-	bare
來10:10#1	0	5	1～18節	來10:1	-	bare
來10:11#1	62	65	九26	來9:26	-	chapter
來10:11#1	83	85	12	來10:12	-	bare
來10:12#3	1	5	11註1	來10:11	1	bare
來10:19#1	17	20	九12	來9:12	-	chapter
來10:19#1	21	23	24	來9:24	-	bare
來10:19#1	44	47	四12	來4:12	-	chapter
來10:19#1	74	79	提後四22	提後4:22	-	book
來10:19#1	88	93	創二八12	創28:12	-	book
來10:19#1	94	98	約一51	約1:51	-	book
來10:19#1	154	159	四16註1	來4:16	1	chapter
來10:20#2	13	15	九3	來9:3	-	chapter
來10:20#2	47	52	太二七51	太27:51	-	book
來10:20#2	70	77	創三22～24	創3:22	-	book
來10:22#1	17	24	弗五26～27	弗5:26	-	book
來10:22#1	85	89	約十五3	約15:3	-	book
來10:22#2	10	16	38～39節	來10:38	-	bare
來10:25#1	85	87	26	來10:26	-	bare
耶11:3#1	24	27	來八7	來8:7	-	book
耶11:3#1	28	30	13	來8:13	-	bare
耶11:3#1	45	53	出二十1～二四8	出20:1	-	book
耶11:3#1	74	78	羅七12	羅7:12	-	book
耶11:3#1	79	81	16	羅7:16	-	bare
耶11:3#1	82	85	14上	羅7:14	-	bare
耶11:3#1	100	104	羅八3上	羅8:3	-	book
耶11:3#1	137	142	羅三20下	羅3:20	-	book
耶11:3#1	143	147	五20上	羅5:20	-	chapter
耶11:3#1	148	151	七7下	羅7:7	-	chapter
耶11:3#1	192	196	羅八3上	羅8:3	-	book
耶11:3#1	197	200	九31	羅9:31	-	chapter
耶11:3#1	201	203	十3	羅10:3	-	chapter
耶11:3#1	231	235	二三6下	耶23:6	-	chapter
耶11:3#1	236	241	三三16下	耶33:16	-	chapter
耶11:3#1	242	247	林前一30	林前1:30	-	book
耶11:3#1	273	280	三一31～34	耶31:31	-	chapter
耶11:3#1	281	287	來八8～12	來8:8	-	book
耶11:3#1	288	294	十16～17	來10:16	-	chapter
耶11:10#1	10	13	10下	耶11:10	-	bare
耶11:10#1	14	16	13	耶11:13	-	bare
耶11:10#1	17	20	15上	耶11:15	-	bare
耶11:10#1	21	24	17下	耶11:17	-	bare
耶11:10#1	25	30	十三10下	耶13:10	-	chapter
耶11:10#1	31	34	27上	耶13:27	-	bare
耶11:10#1	46	47	8	耶11:8	-	bare
耶11:10#1	48	51	10上	耶11:10	-	bare
耶11:10#1	52	54	19	耶11:19	-	bare
耶11:10#1	55	59	十二4上	耶12:4	-	chapter
耶11:10#1	98	102	五1註1	耶5:1	1	chapter
耶11:20#1	44	48	太五44	太5:44	-	book
耶11:20#1	51	56	詩三7註1	詩3:7	1	book
耶12:1#1	1	6	詩一3註1	詩1:3	1	book
耶12:1#1	7	13	七三26註1	詩73:26	1	chapter
來10:26#4	89	92	七27	來7:27	-	chapter
來10:26#4	93	96	十10	來10:10	-	chapter
來10:26#4	97	99	12	來10:12	-	bare
來10:26#4	113	114	2	來10:2	-	bare
來10:26#4	148	149	9	來10:9	-	bare
來10:29#3	30	32	六4	來6:4	-	chapter
來10:29#4	25	29	啟二十6	啟20:6	-	book
來10:29#4	30	32	14	啟20:14	-	bare
來10:29#4	33	36	二一8	啟21:8	-	chapter
來10:33#1	26	30	林前四9	林前4:9	-	book
來10:34#1	17	20	九15	來9:15	-	chapter
來10:34#1	52	56	彼前一4	彼前1:4	-	book
來10:35#1	34	39	弗二8～9	弗2:8	-	book
來10:35#1	62	66	林前三8	林前3:8	-	book
來10:35#1	67	69	14	林前3:14	-	bare
來10:35#1	111	116	林前三15	林前3:15	-	book
來10:35#1	140	145	太十六27	太16:27	-	book
來10:35#1	146	151	啟二二12	啟22:12	-	book
來10:35#1	152	156	林前四5	林前4:5	-	book
來10:35#1	171	176	林後五10	林後5:10	-	book
來10:35#1	193	198	太二五21	太25:21	-	book
來10:35#1	199	201	23	太25:23	-	bare
來10:35#1	215	223	林前九24～27	林前9:24	-	book
來10:35#1	224	231	腓三13～14	腓3:13	-	book
來10:35#1	232	238	提後四7～8	提後4:7	-	book
來10:35#1	255	259	十一26	來11:26	-	chapter
來10:35#1	296	298	四9	來4:9	-	chapter
來10:36#1	25	30	19～23	來10:19	-	bare
來10:36#1	40	42	25	來10:25	-	bare
來10:36#1	54	59	38～39	來10:38	-	bare
來10:36#1	73	78	32～34	來10:32	-	bare
來10:36#1	90	92	37	來10:37	-	bare
來10:36#1	109	111	35	來10:35	-	bare
來10:36#2	8	10	四9	來4:9	-	chapter
來10:36#2	52	55	35節	來10:35	-	bare
來10:36#2	64	67	39節	來10:39	-	bare
來10:36#2	97	100	九15	來9:15	-	chapter
來10:36#2	107	113	來九15註2	來9:15	2	book
來10:39#1	45	50	29～31	來10:29	-	bare
來10:39#2	11	17	27～31節	來10:27	-	bare
來10:39#3	30	35	帖前五23	帖前5:23	-	book
來10:39#3	76	79	約三6	約3:6	-	book
來10:39#3	114	121	羅八23～25	羅8:23	-	book
來10:39#3	122	126	腓三21	腓3:21	-	book
來10:39#3	191	196	太十六25	太16:25	-	book
來10:39#3	197	201	路九24	路9:24	-	book
來10:39#3	202	206	十七33	路17:33	-	chapter
來10:39#3	207	212	約十二25	約12:25	-	book
來10:39#3	213	217	彼前一9	彼前1:9	-	book
來10:39#3	226	228	37	來10:37	-	bare
來10:39#3	255	263	太十六22～28	太16:22	-	book
來10:39#3	271	273	35	來10:35	-	bare
耶13:17#2	1	5	九1註2	耶9:1	2	chapter
耶13:23#1	32	35	二13	耶2:13	-	chapter
耶13:23#1	62	65	十七9	耶17:9	-	chapter
耶14:1#1	15	18	三3上	耶3:3	-	chapter
耶14:1#1	38	43	申十一17	申11:17	-	book
耶14:1#1	44	48	二八23	申28:23	-	chapter
耶14:1#1	84	89	王上十七1	王上17:1	-	book
耶14:1#1	99	104	啟十一6上	啟11:6	-	book
耶14:1#1	105	113	亞十四17～18	亞14:17	-	book
耶14:17#1	18	22	九1註2	耶9:1	2	chapter
耶14:17#1	23	27	18註1	耶9:18	1	bare
來11:1#1	60	66	十38～39	來10:38	-	chapter
來11:1#1	77	81	林後五7	林後5:7	-	book
來11:1#1	113	116	九15	來9:15	-	chapter
來11:1#1	123	126	十35	來10:35	-	chapter
來11:1#2	19	23	弗二12	弗2:12	-	book
來11:1#2	24	29	帖前四13	帖前4:13	-	book
來11:1#2	68	72	弗一18	弗1:18	-	book
來11:1#2	73	75	四4	弗4:4	-	chapter
來11:1#2	91	95	彼前一3	彼前1:3	-	book
來11:1#2	114	118	西一27	西1:27	-	book
來11:1#2	119	123	提前一1	提前1:1	-	book
來11:1#2	146	153	羅八23～25	羅8:23	-	book
來11:1#2	165	169	帖前五8	帖前5:8	-	book
來11:1#2	178	182	多二13	多2:13	-	book
來11:1#2	191	196	帖後二16	帖後2:16	-	book
來11:1#2	207	210	多一2	多1:2	-	book
來11:1#2	211	213	三7	多3:7	-	chapter
來11:1#2	226	229	羅五2	羅5:2	-	book
來11:1#2	238	242	西一23	西1:23	-	book
來11:1#2	258	261	西一5	西1:5	-	book
來11:1#2	275	279	約壹三3	約壹3:3	-	book
來11:1#2	290	293	羅五2	羅5:2	-	book
來11:1#2	307	312	羅十五13	羅15:13	-	book
來11:1#2	326	330	羅十五4	羅15:4	-	book
來11:1#2	343	348	彼前一21	彼前1:21	-	book
來11:1#2	359	364	羅十二12	羅12:12	-	book
來11:1#2	390	392	三6	來3:6	-	chapter
來11:1#2	419	422	六11	來6:11	-	chapter
來11:1#2	436	439	六18	來6:18	-	chapter
來11:1#2	471	474	七19	來7:19	-	chapter
來11:1#2	501	506	彼前一21	彼前1:21	-	book
來11:1#2	507	513	林前十三13	林前13:13	-	book
來11:1#2	542	546	羅四18	羅4:18	-	book
來11:1#3	5	7	一3	來1:3	-	chapter
來11:1#3	11	14	三15	來3:15	-	chapter
來11:1#3	18	24	林後十一17	林後11:17	-	book
來11:1#4	14	21	羅八24～25	羅8:24	-	book
來11:1#4	75	80	林後四18	林後4:18	-	book
來11:1#4	106	110	林後五7	林後5:7	-	book
來11:3#1	3	5	3節	來11:3	-	bare
來11:3#1	43	45	40	來11:40	-	bare
來11:3#2	8	12	一2註5	來1:2	5	chapter
來11:4#1	21	24	九23	來9:23	-	chapter
來11:10#1	17	21	十二22	來12:22	-	chapter
來11:10#1	32	36	加四26	加4:26	-	book
來11:10#1	47	51	啟二一2	啟21:2	-	book
來11:10#1	52	55	三12	啟3:12	-	chapter
來11:10#1	69	71	16	來11:16	-	bare
來11:10#1	96	100	啟二一3	啟21:3	-	book
來11:10#1	122	126	十三14	來13:14	-	chapter
來11:12#1	23	26	加三7	加3:7	-	book
來11:12#1	27	29	29	加3:29	-	bare
來11:13#2	29	34	創十四13	創14:13	-	book
來11:13#2	76	82	書二四2～3	書24:2	-	book
來11:13#2	147	149	16	來11:16	-	bare
來11:13#2	162	164	14	來11:14	-	bare
來11:13#2	241	243	10	來11:10	-	bare
來11:13#2	245	250	9～16節	來11:9	-	bare
耶15:4#1	1	9	王下二一11註1	王下21:11	1	book
耶15:6#1	0	4	5～9節	耶15:5	-	bare
耶15:10#1	34	39	12～13	耶15:12	-	bare
耶15:10#1	55	57	15	耶15:15	-	bare
耶15:10#1	58	62	十一19	耶11:19	-	chapter
耶15:10#1	63	70	十八18～23	耶18:18	-	chapter
耶15:10#1	71	76	二十1～2	耶20:1	-	chapter
耶15:10#1	77	81	7～10	耶20:7	-	bare
耶15:10#1	119	121	11	耶15:11	-	bare
耶15:10#1	211	216	二1～三5	耶2:1	-	chapter
耶15:10#1	217	223	三12～四2	耶3:12	-	chapter
耶15:10#1	224	231	十六10～18	耶16:10	-	chapter
耶15:13#1	0	6	13～14節	耶15:13	-	bare
耶15:15#1	1	6	詩三7註1	詩3:7	1	book
耶15:16#1	30	37	詩一一九103	詩119:103	-	book
耶15:16#1	38	41	太四4	太4:4	-	book
耶15:16#1	42	49	來五12～14	來5:12	-	book
耶15:16#1	50	56	彼前二2～3	彼前2:2	-	book
耶15:19#1	0	6	19～21節	耶15:19	-	bare
耶15:19#1	17	22	10～18	耶15:10	-	bare
耶15:19#1	77	82	13～14	耶15:13	-	bare
耶15:19#1	83	87	13註1	耶15:13	1	bare
耶15:20#1	1	6	一18註1	耶1:18	1	chapter
耶16:2#1	0	4	1～9節	耶16:1	-	bare
來11:21#1	22	24	13	來11:13	-	bare
來11:21#1	40	45	創四八15	創48:15	-	book
來11:26#2	35	38	出三2	出3:2	-	book
來11:26#2	39	42	7～9	出3:7	-	bare
來11:26#2	43	47	十四19	出14:19	-	chapter
來11:26#2	48	53	民二十16	民20:16	-	book
來11:26#2	54	58	賽六三9	賽63:9	-	book
來11:26#2	82	86	何十一1	何11:1	-	book
來11:26#2	87	91	太二15	太2:15	-	book
來11:26#2	133	137	羅十五3	羅15:3	-	book
來11:26#2	160	164	十三13	來13:13	-	chapter
來11:26#2	176	181	彼前四14	彼前4:14	-	book
來11:26#2	199	201	25	來11:25	-	bare
來11:26#4	45	53	民二十12～13	民20:12	-	book
來11:26#4	54	61	申四21～22	申4:21	-	book
來11:26#4	62	69	三二50～52	申32:50	-	chapter
來11:26#4	85	94	太十六28～十七3	太16:28	-	book
來11:26#4	165	170	十35註1	來10:35	1	chapter
來11:30#1	65	71	三16～18	來3:16	-	chapter
來11:30#1	130	133	申一2	申1:2	-	book
來11:30#1	156	163	申一19～46	申1:19	-	book
來11:35#2	16	22	啟二十4～6	啟20:4	-	book
來11:35#2	31	38	約五28～29	約5:28	-	book
來11:35#2	50	54	腓三11	腓3:11	-	book
來11:35#2	80	82	26	來11:26	-	bare
來11:40#2	46	48	一4	來1:4	-	chapter
來11:40#2	57	60	七19	來7:19	-	chapter
來11:40#2	71	74	七22	來7:22	-	chapter
來11:40#2	75	77	八6	來8:6	-	chapter
來11:40#2	86	88	八6	來8:6	-	chapter
來11:40#2	97	100	九23	來9:23	-	chapter
來11:40#2	109	112	十34	來10:34	-	chapter
來11:40#2	121	123	16	來11:16	-	bare
來11:40#2	132	134	35	來11:35	-	bare
來11:40#2	141	143	40	來11:40	-	bare
來11:40#2	153	157	十二24	來12:24	-	chapter
來11:40#2	165	167	六9	來6:9	-	chapter
來11:40#2	172	174	七7	來7:7	-	chapter
來11:40#3	10	14	啟二十4	啟20:4	-	book
來11:40#3	15	16	6	啟20:6	-	bare
來11:40#3	33	39	啟二一2～3	啟21:2	-	book
來11:40#3	40	45	二二1～5	啟22:1	-	chapter
來11:40#3	73	77	太八11	太8:11	-	book
來11:40#3	103	111	啟二一12～14	啟21:12	-	book
耶16:15#1	24	26	10	耶16:10	-	bare
耶16:15#1	96	101	15～16	耶16:15	-	bare
耶16:15#1	103	108	太二四31	太24:31	-	book
耶17:8#1	32	36	二13上	耶2:13	-	chapter
耶17:8#1	102	106	林前三6	林前3:6	-	book
耶17:8#1	152	156	西二19	西2:19	-	book
耶17:8#1	187	190	啟四3	啟4:3	-	book
耶17:8#1	191	195	二一11	啟21:11	-	chapter
耶17:9#1	74	78	三一33	耶31:33	-	chapter
耶17:9#1	80	84	林後三3	林後3:3	-	book
耶17:9#1	145	150	結三六26	結36:26	-	book
耶17:13#1	1	6	二13註1	耶2:13	1	chapter
耶17:13#1	7	10	二13	耶2:13	-	chapter
耶17:13#1	11	15	十五16	耶15:16	-	chapter
耶17:13#1	17	22	十七7～8	耶17:7	-	chapter
耶17:21#2	1	7	出二十8註1	出20:8	1	book
來12:1#2	14	21	民九15～22	民9:15	-	book
來12:1#2	38	46	出十三21～22	出13:21	-	book
來12:1#4	29	32	十26	來10:26	-	chapter
來12:1#4	63	68	十26註2	來10:26	2	chapter
來12:1#5	38	43	林前九24	林前9:24	-	book
來12:1#5	58	61	弗二8	弗2:8	-	book
來12:1#5	62	67	林前三15	林前3:15	-	book
來12:1#5	79	82	十35	來10:35	-	chapter
來12:1#5	83	88	林前三14	林前3:14	-	book
來12:1#5	109	117	林前九26～27	林前9:26	-	book
來12:1#5	118	125	腓三13～14	腓3:13	-	book
來12:1#5	126	132	提後四7～8	提後4:7	-	book
來12:2#2	26	28	二9	來2:9	-	chapter
來12:2#3	128	132	彼後一1	彼後1:1	-	book
來12:2#3	150	156	林前十五45	林前15:45	-	book
來12:2#3	283	287	加二20	加2:20	-	book
來12:2#5	3	5	一3	來1:3	-	chapter
來12:2#5	53	59	林前十五45	林前15:45	-	book
來12:2#5	69	73	羅八10	羅8:10	-	book
來12:2#5	74	79	提後四22	提後4:22	-	book
來12:2#5	289	291	一5	來1:5	-	chapter
來12:2#5	296	298	二6	來2:6	-	chapter
來12:2#5	310	312	一8	來1:8	-	chapter
來12:2#5	316	318	二6	來2:6	-	chapter
來12:2#5	337	339	一2	來1:2	-	chapter
來12:2#5	348	350	一9	來1:9	-	chapter
來12:2#5	362	365	二10	來2:10	-	chapter
來12:2#5	374	377	二11	來2:11	-	chapter
來12:2#5	387	390	二16	來2:16	-	chapter
來12:2#5	400	403	四16	來4:16	-	chapter
來12:2#5	413	415	三1	來3:1	-	chapter
來12:2#5	422	425	二17	來2:17	-	chapter
來12:2#5	426	429	四14	來4:14	-	chapter
來12:2#5	430	433	七26	來7:26	-	chapter
來12:2#5	443	445	八2	來8:2	-	chapter
來12:2#5	456	458	八6	來8:6	-	chapter
來12:2#5	473	476	七22	來7:22	-	chapter
來12:2#5	477	479	八6	來8:6	-	chapter
來12:2#5	480	484	十二24	來12:24	-	chapter
來12:2#5	494	500	九16～17	來9:16	-	chapter
來12:2#5	506	509	六20	來6:20	-	chapter
來12:2#5	523	524	2	來12:2	-	bare
來12:2#5	536	540	十三20	來13:20	-	chapter
來12:2#5	636	639	二10	來2:10	-	chapter
來12:9#1	25	28	約三6	約3:6	-	book
來12:9#1	35	39	約一13	約1:13	-	book
來12:11#1	10	15	賽三二17	賽32:17	-	book
來12:13#1	148	154	一1～十18	來1:1	-	chapter
來12:13#1	165	173	十19～十三25	來10:19	-	chapter
來12:13#2	21	25	提前一6	提前1:6	-	book
來12:13#2	26	29	五15	提前5:15	-	chapter
來12:13#2	30	34	提後四4	提後4:4	-	book
來12:14#1	33	38	羅一2註3	羅1:2	3	book
耶18:2#1	4	13	十五10～十七27	耶15:10	-	chapter
耶18:2#1	71	75	十五10	耶15:10	-	chapter
耶18:2#1	116	120	十五12	耶15:12	-	chapter
耶18:2#1	176	180	1～10	耶18:1	-	bare
耶18:2#1	182	189	羅九20～23	羅9:20	-	book
耶18:2#1	233	237	6～10	耶18:6	-	bare
耶18:11#1	1	7	11～23節	耶18:11	-	bare
耶18:13#1	52	59	林後十一2～3	林後11:2	-	book
耶18:21#1	1	7	十一20註1	耶11:20	1	chapter
耶19:6#1	1	7	太五22註9	太5:22	9	book
來12:15#1	14	18	約一14	約1:14	-	book
來12:15#1	19	21	17	約1:17	-	bare
來12:15#1	39	45	林後十三14	林後13:14	-	book
來12:15#1	46	49	十二9	林後12:9	-	chapter
來12:15#1	70	74	加六18	加6:18	-	book
來12:15#1	76	81	提後四22	提後4:22	-	book
來12:15#1	101	104	加五4	加5:4	-	book
來12:15#1	199	201	28	來12:28	-	bare
來12:15#1	211	214	十三9	來13:9	-	chapter
來12:15#1	225	228	羅五2	羅5:2	-	book
來12:15#1	251	255	加六18	加6:18	-	book
來12:15#1	256	261	來十三25	來13:25	-	book
來12:16#1	57	63	代上五1～2	代上5:1	-	book
來12:16#1	75	82	申三三8～10	申33:8	-	book
來12:16#1	94	99	創四九10	創49:10	-	book
來12:16#1	100	104	代上五2	代上5:2	-	book
來12:16#1	132	136	雅一18	雅1:18	-	book
來12:16#1	190	192	23	來12:23	-	bare
來12:16#1	220	224	二5～6	來2:5	-	chapter
來12:16#1	231	235	啟二十6	啟20:6	-	book
來12:16#1	243	247	啟二十4	啟20:4	-	book
來12:16#1	435	443	創二五29～34	創25:29	-	book
來12:16#1	463	469	創四九3～4	創49:3	-	book
來12:16#1	470	474	代上五1	代上5:1	-	book
來12:16#1	613	617	四9註1	來4:9	1	chapter
來12:16#1	746	753	啟二26～27	啟2:26	-	book
來12:18#1	0	6	18～19節	來12:18	-	bare
來12:18#1	52	57	19～21	來12:19	-	bare
來12:22#1	0	6	22～24節	來12:22	-	bare
來12:22#1	22	28	18～19節	來12:18	-	bare
來12:22#1	127	131	羅六14	羅6:14	-	book
來12:22#1	139	144	18～24	來12:18	-	bare
來12:22#1	147	154	加四21～31	加4:21	-	book
來12:22#1	214	216	15	來12:15	-	bare
來12:22#1	234	236	28	來12:28	-	bare
來12:22#1	302	310	路十六22～23	路16:22	-	book
來12:22#1	311	316	25～26	路16:25	-	bare
來12:22#1	343	348	路二三43	路23:43	-	book
來12:22#1	540	543	一14	來1:14	-	chapter
來12:22#1	1071	1073	26	來12:26	-	bare
來12:22#1	1090	1092	27	來12:27	-	bare
來12:22#2	1	7	十一10註1	來11:10	1	chapter
來12:22#3	89	92	一14	來1:14	-	chapter
來12:22#3	115	117	二3	來2:3	-	chapter
來12:22#3	143	147	路十五7	路15:7	-	book
來12:22#3	148	150	10	路15:10	-	bare
來12:22#3	151	156	彼前一12	彼前1:12	-	book
來12:23#2	1	5	16註1	來12:16	1	bare
來12:24#1	17	19	八8	來8:8	-	chapter
來12:24#1	20	22	13	來8:13	-	bare
來12:24#1	23	26	九15	來9:15	-	chapter
來12:24#2	26	30	十三20	來13:20	-	chapter
來12:24#2	45	48	十29	來10:29	-	chapter
來12:24#2	82	85	九12	來9:12	-	chapter
來12:24#2	108	114	九22～24	來9:22	-	chapter
來12:24#2	124	128	十三12	來13:12	-	chapter
來12:24#2	129	132	十29	來10:29	-	chapter
來12:24#2	151	154	九14	來9:14	-	chapter
來12:24#2	177	179	24	來12:24	-	bare
來12:24#2	200	203	十19	來10:19	-	chapter
來12:24#2	236	239	十29	來10:29	-	chapter
來12:24#3	64	71	創四10～15	創4:10	-	book
耶20:3#1	11	13	10	耶20:10	-	bare
耶22:24#1	7	10	二四1	耶24:1	-	chapter
耶22:24#1	11	14	二八4	耶28:4	-	chapter
耶22:24#1	15	18	二九2	耶29:2	-	chapter
耶22:24#1	25	29	五二31	耶52:31	-	chapter
耶22:30#1	1	7	太一11註3	太1:11	3	book
來12:28#1	20	25	太三1～2	太3:1	-	book
來12:28#1	26	29	四17	太4:17	-	chapter
來12:28#1	30	32	23	太4:23	-	bare
來12:28#1	33	35	十7	太10:7	-	chapter
來12:28#1	36	40	二四14	太24:14	-	chapter
來12:28#1	54	57	約三5	約3:5	-	book
來12:28#1	70	74	西一13	西1:13	-	book
來12:28#1	87	90	啟一9	啟1:9	-	book
來12:28#1	108	113	羅十四17	羅14:17	-	book
來12:28#1	210	213	太五3	太5:3	-	book
來12:28#1	214	216	10	太5:10	-	bare
來12:28#1	217	219	20	太5:20	-	bare
來12:28#1	220	223	七21	太7:21	-	chapter
來12:28#1	263	268	太十六27	太16:27	-	book
來12:28#1	269	273	二五21	太25:21	-	chapter
來12:28#1	274	276	23	太25:23	-	bare
來12:28#1	337	339	四9	來4:9	-	chapter
來12:28#1	467	471	啟二十4	啟20:4	-	book
來12:28#1	472	473	6	啟20:6	-	bare
來12:28#1	520	525	十35註1	來10:35	1	chapter
來12:28#1	559	567	林前三14～15	林前3:14	-	book
來12:28#1	701	705	太五20	太5:20	-	book
來12:28#1	706	712	七21～23	太7:21	-	chapter
來12:28#1	713	720	十六24～27	太16:24	-	chapter
來12:28#1	721	728	十九23～30	太19:23	-	chapter
來12:28#1	729	736	二四46～51	太24:46	-	chapter
來12:28#1	737	744	二五11～13	太25:11	-	chapter
來12:28#1	745	747	21	太25:21	-	bare
來12:28#1	748	750	23	太25:23	-	bare
來12:28#1	751	756	26～30	太25:26	-	bare
來12:28#1	757	765	路十二42～48	路12:42	-	book
來12:28#1	766	770	十九17	路19:17	-	chapter
來12:28#1	771	773	19	路19:19	-	bare
來12:28#1	774	779	22～27	路19:22	-	bare
來12:28#1	780	785	羅十四10	羅14:10	-	book
來12:28#1	786	788	12	羅14:12	-	bare
來12:28#1	789	793	林前三8	林前3:8	-	book
來12:28#1	794	799	13～15	林前3:13	-	bare
來12:28#1	800	802	四5	林前4:5	-	chapter
來12:28#1	803	809	九24～27	林前9:24	-	chapter
來12:28#1	810	815	林後五10	林後5:10	-	book
來12:28#1	816	822	提後四7～8	提後4:7	-	book
來12:28#1	823	826	來二3	來2:3	-	book
來12:28#1	827	829	四1	來4:1	-	chapter
來12:28#1	830	831	9	來4:9	-	bare
來12:28#1	832	834	11	來4:11	-	bare
來12:28#1	835	839	六4～8	來6:4	-	chapter
來12:28#1	840	846	十26～31	來10:26	-	chapter
來12:28#1	847	852	35～39	來10:35	-	bare
來12:28#1	853	860	十二16～17	來12:16	-	chapter
來12:28#1	861	866	28～29	來12:28	-	bare
來12:28#1	869	872	啟二7	啟2:7	-	book
來12:28#1	873	878	10～11	啟2:10	-	bare
來12:28#1	879	881	17	啟2:17	-	bare
來12:28#1	882	887	26～27	啟2:26	-	bare
來12:28#1	888	892	三4～5	啟3:4	-	chapter
來12:28#1	893	898	11～12	啟3:11	-	bare
來12:28#1	899	901	20	啟3:20	-	bare
來12:28#1	902	906	二二12	啟22:12	-	chapter
來12:28#1	1183	1190	約十28～29	約10:28	-	book
來12:28#1	1214	1218	林前三8	林前3:8	-	book
來12:28#1	1219	1224	14～15	林前3:14	-	bare
來12:29#1	172	179	羅三25～26	羅3:25	-	book
來12:29#1	187	191	羅三24	羅3:24	-	book
來12:29#1	206	208	14	來12:14	-	bare
來12:29#1	216	219	二11	來2:11	-	chapter
來12:29#1	220	223	十10	來10:10	-	chapter
來12:29#1	224	226	14	來10:14	-	bare
來12:29#1	227	229	29	來10:29	-	bare
來12:29#1	230	234	十三12	來13:12	-	chapter
來12:29#1	327	330	十31	來10:31	-	chapter
來12:29#1	346	351	林後五11	林後5:11	-	book
來13:3#1	23	29	林前十二26	林前12:26	-	book
來13:4#1	93	99	創四九3～4	創49:3	-	book
來13:4#1	100	104	代上五1	代上5:1	-	book
來13:4#1	124	128	代上五1	代上5:1	-	book
來13:4#1	129	136	創三九7～12	創39:7	-	book
來13:4#1	138	145	來十二16註1	來12:16	1	book
來13:4#1	169	175	林前五1～2	林前5:1	-	book
來13:4#1	176	181	11～13	林前5:11	-	bare
來13:4#3	38	41	十30	來10:30	-	chapter
來13:4#3	42	46	十二23	來12:23	-	chapter
來13:7#1	97	101	5～6節	來13:5	-	bare
來13:7#1	145	147	5上	來13:5	-	bare
來13:7#1	176	180	5下～6	來13:5	-	bare
來13:7#1	238	241	十二2	來12:2	-	chapter
耶23:5#1	27	30	太一1	太1:1	-	book
耶23:5#1	31	34	羅一3	羅1:3	-	book
耶23:5#1	80	86	賽十一1註1	賽11:1	1	book
耶23:5#2	49	54	啟十七14	啟17:14	-	book
耶23:5#2	55	59	十九16	啟19:16	-	chapter
耶23:5#2	60	62	一5	啟1:5	-	chapter
耶23:5#2	83	87	亞十四9	亞14:9	-	book
耶23:5#2	88	93	啟十一15	啟11:15	-	book
耶23:5#2	94	97	二十6	啟20:6	-	chapter
耶23:5#2	100	105	三17註1	耶3:17	1	chapter
耶23:6#1	24	25	5	耶23:5	-	bare
耶23:6#1	103	111	太二二42～45	太22:42	-	book
耶23:6#1	113	116	啟五5	啟5:5	-	book
耶23:6#1	117	121	二二16	啟22:16	-	chapter
耶23:6#2	26	31	林前一30	林前1:30	-	book
耶23:6#2	32	37	林後五21	林後5:21	-	book
耶23:6#2	64	65	5	耶23:5	-	bare
耶23:6#2	106	109	弗一7	弗1:7	-	book
耶23:6#2	110	114	來九22	來9:22	-	book
耶23:6#2	115	123	彼前一18～19	彼前1:18	-	book
耶23:6#2	149	153	徒十43	徒10:43	-	book
耶23:6#2	164	168	羅三24	羅3:24	-	book
耶23:6#2	169	171	26	羅3:26	-	bare
耶23:6#2	193	198	賽六一10	賽61:10	-	book
耶23:6#2	215	218	西二9	西2:9	-	book
耶23:6#2	243	247	西三4上	西3:4	-	book
耶23:6#2	259	263	三一33	耶31:33	-	chapter
耶23:6#3	39	42	二13	耶2:13	-	chapter
耶23:6#3	53	57	十三23	耶13:23	-	chapter
耶23:6#3	58	61	十七9	耶17:9	-	chapter
耶23:6#3	83	86	三一3	耶31:3	-	chapter
耶23:6#3	87	94	哀三22～23	哀3:22	-	book
耶23:6#3	243	248	啟二一12	啟21:12	-	book
耶23:29#1	14	16	28	耶23:28	-	bare
耶23:30#1	30	33	二五4	耶25:4	-	chapter
來13:8#1	3	5	7節	來13:7	-	bare
來13:8#1	75	81	一11～12	來1:11	-	chapter
來13:8#1	105	110	林後十一4	林後11:4	-	book
來13:8#1	111	116	加一8～9	加1:8	-	book
來13:8#1	171	172	9	來13:9	-	bare
來13:9#1	47	51	提前一3	提前1:3	-	book
來13:9#2	28	31	加五4	加5:4	-	book
來13:9#3	24	27	九10	來9:10	-	chapter
來13:9#3	28	32	西二16	西2:16	-	book
來13:10#1	32	35	十12	來10:12	-	chapter
來13:10#1	97	103	利四2～12	利4:2	-	book
來13:10#1	104	108	十六27	利16:27	-	chapter
來13:10#1	109	112	六30	利6:30	-	chapter
來13:10#1	342	347	九12註2	來9:12	2	chapter
來13:11#3	37	45	利十六14～16	利16:14	-	book
來13:11#3	46	48	27	利16:27	-	bare
來13:11#3	103	105	12	來13:12	-	bare
來13:12#1	13	16	九12	來9:12	-	chapter
來13:12#1	57	63	十19～20	來10:19	-	chapter
來13:12#1	114	116	13	來13:13	-	bare
來13:12#2	28	30	三1	來3:1	-	chapter
來13:12#2	51	54	二11	來2:11	-	chapter
來13:12#2	83	86	九12	來9:12	-	chapter
來13:12#2	101	104	七26	來7:26	-	chapter
來13:12#2	112	114	八2	來8:2	-	chapter
來13:12#2	115	116	6	來8:6	-	bare
來13:12#2	185	189	12註1	來13:12	1	bare
來13:12#2	190	194	13註1	來13:13	1	bare
來13:13#1	11	14	六19	來6:19	-	chapter
來13:13#1	428	435	出三三7～11	出33:7	-	book
來13:13#2	1	5	12註3	來13:12	3	bare
來13:14#1	30	36	十一9～10	來11:9	-	chapter
來13:14#1	37	42	13～16	來11:13	-	bare
來13:15#1	3	8	8～14節	來13:8	-	bare
來13:15#1	103	106	二12	來2:12	-	chapter
耶24:1#1	14	17	珥一7	珥1:7	-	book
耶24:1#1	20	28	太二一18～22	太21:18	-	book
耶25:1#1	38	45	代下三六6～7	代下36:6	-	book
耶25:1#1	46	51	但一1～6	但1:1	-	book
耶25:11#1	3	10	二九10～14	耶29:10	-	chapter
耶25:11#1	60	64	但一21	但1:21	-	book
耶25:11#1	65	68	六28	但6:28	-	chapter
耶25:26#1	7	11	五一41	耶51:41	-	chapter
耶25:38#1	23	27	四六16	耶46:16	-	chapter
耶25:38#1	28	32	五十16	耶50:16	-	chapter
耶26:6#1	1	6	七12註1	耶7:12	1	chapter
耶26:24#1	32	35	二13	耶2:13	-	chapter
來13:20#2	51	53	五9	來5:9	-	chapter
來13:20#2	62	64	六2	來6:2	-	chapter
來13:20#2	73	76	九12	來9:12	-	chapter
來13:20#2	84	87	九14	來9:14	-	chapter
來13:20#2	96	99	九15	來9:15	-	chapter
來13:20#2	108	110	20	來13:20	-	bare
來13:20#2	125	128	七22	來7:22	-	chapter
來13:20#2	129	131	八6	來8:6	-	chapter
來13:20#2	169	174	太二六28	太26:28	-	book
來13:20#2	175	180	路二二20	路22:20	-	book
來13:21#1	61	65	腓二13	腓2:13	-	book
來13:22#1	26	30	徒二42	徒2:42	-	book
來13:23#1	29	33	提前一2	提前1:2	-	book
來13:23#1	34	38	提後一2	提後1:2	-	book
來13:25#1	31	35	十二28	來12:28	-	chapter
來13:25#1	64	67	四16	來4:16	-	chapter
來13:25#1	103	106	十29	來10:29	-	chapter
來13:25#1	122	123	9	來13:9	-	bare
來13:25#1	147	150	十二1	來12:1	-	chapter
耶29:10#1	1	7	二五11註1	耶25:11	1	chapter
耶29:12#1	1	7	創四26註2	創4:26	2	book
耶30:7#1	1	7	但十二1註1	但12:1	1	book
耶30:9#1	12	19	撒下七16註1	撒下7:16	1	book
耶30:9#1	37	41	賽三二1	賽32:1	-	book
耶30:9#1	42	46	啟二十4	啟20:4	-	book
耶30:9#1	47	48	6	啟20:6	-	bare
雅1:1#1	26	30	約五18	約5:18	-	book
雅1:1#2	7	12	太十三55	太13:55	-	book
雅1:1#2	17	19	猶1	猶1:1	-	book
雅1:1#2	59	63	加一19	加1:19	-	book
雅1:1#2	84	89	徒十二17	徒12:17	-	book
雅1:1#2	90	93	十五2	徒15:2	-	chapter
雅1:1#2	94	96	13	徒15:13	-	bare
雅1:1#2	97	101	二一18	徒21:18	-	chapter
雅1:1#2	133	136	加二9	加2:9	-	book
雅1:1#3	1	7	彼前一1註3	彼前1:1	3	book
雅1:1#3	39	42	徒八1	徒8:1	-	book
雅1:1#3	43	44	4	徒8:4	-	bare
雅1:1#4	41	43	二1	雅2:1	-	chapter
雅1:1#4	53	56	二24	雅2:24	-	chapter
雅1:1#4	69	71	18	雅1:18	-	bare
雅1:1#4	82	84	四5	雅4:5	-	chapter
雅1:1#4	97	100	五14	雅5:14	-	chapter
雅1:1#4	110	114	五7～8	雅5:7	-	chapter
雅1:1#4	205	209	徒二40	徒2:40	-	book
雅1:1#4	323	328	林前十32	林前10:32	-	book
雅1:1#4	390	394	五1～6	雅5:1	-	chapter
雅1:1#4	414	418	二2註1	雅2:2	1	chapter
雅1:1#5	1	7	約貳10註3	約貳1:10	3	book
雅1:2#1	1	5	12註1	雅1:12	1	bare
雅1:3#1	16	20	彼後一1	彼後1:1	-	book
雅1:3#1	21	24	雅二1	雅2:1	-	book
雅1:4#1	102	103	2	雅1:2	-	bare
雅1:4#1	104	106	12	雅1:12	-	bare
雅1:4#1	124	126	18	雅1:18	-	bare
雅1:4#1	127	129	21	雅1:21	-	bare
雅1:5#1	30	34	林前二7	林前2:7	-	book
雅1:5#1	35	41	弗三9～11	弗3:9	-	book
雅1:5#1	42	46	箴八12	箴8:12	-	book
雅1:5#1	47	52	22～31	箴8:22	-	bare
雅1:5#1	79	84	林前一24	林前1:24	-	book
雅1:5#1	85	87	30	林前1:30	-	bare
雅1:5#2	55	61	五14～18	雅5:14	-	chapter
雅1:5#3	19	23	羅十二8	羅12:8	-	book
雅1:5#3	24	28	林後八2	林後8:2	-	book
雅1:9#2	32	35	五13	雅5:13	-	chapter
雅1:11#1	3	5	6節	雅1:6	-	bare
雅1:11#1	22	25	10節	雅1:10	-	bare
雅1:11#1	83	86	17節	雅1:17	-	bare
雅1:11#1	112	117	三3～12	雅3:3	-	chapter
雅1:11#1	145	148	四14	雅4:14	-	chapter
雅1:11#1	165	169	五7～8	雅5:7	-	chapter
雅1:11#1	221	222	5	雅1:5	-	bare
雅1:11#1	223	226	三13	雅3:13	-	chapter
雅1:11#1	227	229	17	雅3:17	-	bare
雅1:11#1	290	295	三12註1	雅3:12	1	chapter
雅1:11#1	296	300	17註1	雅3:17	1	bare
雅1:12#1	0	5	2～12節	雅1:2	-	bare
雅1:12#1	12	16	13註1	雅1:13	1	bare
雅1:12#1	35	39	9～11	雅1:9	-	bare
雅1:12#1	49	52	2～3	雅1:2	-	bare
雅1:12#1	72	73	2	雅1:2	-	bare
雅1:12#2	11	12	3	雅1:3	-	bare
雅1:12#3	49	54	17～18	雅1:17	-	bare
雅1:12#3	55	57	27	雅1:27	-	bare
雅1:12#3	68	70	21	雅1:21	-	bare
雅1:12#4	76	78	二5	雅2:5	-	chapter
雅1:13#1	10	11	2	雅1:2	-	bare
雅1:13#1	12	15	12節	雅1:12	-	bare
雅1:13#1	25	28	14節	雅1:14	-	bare
雅1:13#1	78	79	2	雅1:2	-	bare
雅1:13#1	104	106	14	雅1:14	-	bare
雅1:13#1	108	113	2～12節	雅1:2	-	bare
雅1:13#1	119	125	13～21節	雅1:13	-	bare
雅1:13#1	192	194	21	雅1:21	-	bare
雅1:13#4	5	8	太四3	太4:3	-	book
雅1:13#4	9	13	帖前三5	帖前3:5	-	book
雅1:15#1	15	19	約壹三8	約壹3:8	-	book
雅1:15#1	20	22	10	約壹3:10	-	bare
雅1:15#1	29	35	林前十五56	林前15:56	-	book
雅1:15#1	41	45	來二14	來2:14	-	book
雅1:15#1	68	72	羅五12	羅5:12	-	book
雅1:18#2	20	24	約一14	約1:14	-	book
雅1:18#2	25	27	17	約1:17	-	bare
雅1:18#2	49	54	彼前一23	彼前1:23	-	book
雅1:18#3	13	15	15	雅1:15	-	bare
雅1:18#3	78	83	約三5～6	約3:5	-	book
雅1:18#4	41	47	啟二一1～2	啟21:1	-	book
耶31:31#1	4	10	31～34節	耶31:31	-	bare
耶31:31#1	24	30	來八8～12	來8:8	-	book
耶31:31#1	99	104	太十九28	太19:28	-	book
耶31:31#1	166	171	林後五17	林後5:17	-	book
耶31:31#1	172	176	加六15	加6:15	-	book
耶31:31#1	200	206	啟二一1～3	啟21:1	-	book
耶31:32#1	1	6	十一3註1	耶11:3	1	chapter
耶31:33#1	1	7	來八10註1	來8:10	1	book
耶31:33#1	30	33	羅八2	羅8:2	-	book
耶31:33#1	77	80	西二9	西2:9	-	book
耶31:33#1	93	99	林前十五45	林前15:45	-	book
耶31:33#1	255	262	弗一22～23	弗1:22	-	book
耶31:33#1	263	269	三19～21	弗3:19	-	chapter
耶31:33#1	300	306	林前十二27	林前12:27	-	book
耶31:33#1	307	311	弗五30	弗5:30	-	book
耶31:33#1	321	327	羅十二4～8	羅12:4	-	book
耶31:33#1	328	332	弗四11	弗4:11	-	book
耶31:33#1	333	335	16	弗4:16	-	bare
耶31:33#3	57	63	來八10註1	來8:10	1	book
耶31:33#3	66	71	羅八9註2	羅8:9	2	book
耶31:33#3	72	78	弗三17註2	弗3:17	2	book
耶31:33#3	124	130	林後三3註4	林後3:3	4	book
耶31:33#4	1	7	來八10註5	來8:10	5	book
耶31:34#1	66	72	約十七3註2	約17:3	2	book
耶31:34#2	15	18	弗一7	弗1:7	-	book
耶31:34#2	19	23	西一14	西1:14	-	book
耶31:34#2	49	53	來九22	來9:22	-	book
耶31:34#2	57	62	二三5～6	耶23:5	-	chapter
耶31:34#2	63	71	本章33～34節	耶31:33	-	anaphor
耶31:34#2	143	148	二三6註2	耶23:6	2	chapter
耶31:34#3	74	77	二13	耶2:13	-	chapter
耶31:34#3	79	86	約七37～39	約7:37	-	book
耶31:34#3	87	91	啟二二1	啟22:1	-	book
耶31:34#3	134	138	十三23	耶13:23	-	chapter
耶31:34#3	139	142	十七9	耶17:9	-	chapter
耶31:34#3	157	162	二三5～6	耶23:5	-	chapter
耶31:34#3	173	175	33	耶31:33	-	bare
耶31:34#3	245	250	腓一21上	腓1:21	-	book
耶31:36#1	54	56	37	耶31:37	-	bare
雅1:19#2	23	25	三6	雅3:6	-	chapter
雅1:19#2	39	41	26	雅1:26	-	bare
雅1:19#2	87	91	箴十19	箴10:19	-	book
雅1:19#2	92	96	十四17	箴14:17	-	chapter
雅1:21#2	22	26	2～12	雅1:2	-	bare
雅1:21#2	38	43	13～21	雅1:13	-	bare
雅1:21#2	107	111	羅十二2	羅12:2	-	book
雅1:21#2	112	116	弗四23	弗4:23	-	book
雅1:21#2	117	122	林後三18	林後3:18	-	book
雅1:21#2	125	131	彼前一5註6	彼前1:5	6	book
雅1:21#2	132	138	來十39註3	來10:39	3	book
雅1:25#2	24	27	二12	雅2:12	-	chapter
雅1:25#2	40	46	詩十九7～8	詩19:7	-	book
雅1:25#2	91	97	詩一一九11	詩119:11	-	book
雅1:25#2	154	162	徒二一18～20	徒21:18	-	book
雅1:25#2	206	210	來七19	來7:19	-	book
雅1:25#2	212	215	加三3	加3:3	-	book
雅1:25#2	218	223	二12註1	雅2:12	1	chapter
雅1:25#2	245	248	羅十4	羅10:4	-	book
雅1:25#2	249	252	來十9	來10:9	-	book
雅1:25#2	274	277	加五1	加5:1	-	book
雅1:25#2	288	292	加二19	加2:19	-	book
雅1:25#2	312	316	羅六14	羅6:14	-	book
雅1:25#2	318	322	約一17	約1:17	-	book
雅1:25#2	358	362	來八10	來8:10	-	book
雅1:25#2	407	411	加三21	加3:21	-	book
雅1:25#2	434	440	加五1與註4	加5:1	4	book
雅1:25#2	536	539	羅八2	羅8:2	-	book
雅1:25#2	540	541	4	羅8:4	-	bare
雅1:25#2	566	571	林前九21	林前9:21	-	book
雅1:26#1	57	60	27節	雅1:27	-	bare
雅1:26#1	71	75	西二18	西2:18	-	book
雅1:26#1	90	94	徒二六5	徒26:5	-	book
雅1:26#1	162	166	加二20	加2:20	-	book
雅1:26#1	167	170	四19	加4:19	-	chapter
雅1:26#1	193	200	腓一20～21	腓1:20	-	book
雅1:26#1	230	237	弗一22～23	弗1:22	-	book
雅1:26#1	258	262	彼前一3	彼前1:3	-	book
雅1:26#1	286	292	彼後一3～7	彼後1:3	-	book
雅1:26#1	314	318	彼前二5	彼前2:5	-	book
雅1:26#1	319	320	9	彼前2:9	-	bare
雅1:26#1	348	354	約壹一2～3	約壹1:2	-	book
雅1:26#1	396	401	約壹二29	約壹2:29	-	book
雅1:26#1	402	404	三9	約壹3:9	-	chapter
雅1:26#1	405	408	四17	約壹4:17	-	chapter
雅1:26#1	430	433	啟一9	啟1:9	-	book
雅1:26#1	434	439	11～12	啟1:11	-	bare
雅1:26#1	462	468	啟二一2～3	啟21:2	-	book
雅1:26#1	469	474	10～11	啟21:10	-	bare
雅1:26#1	501	503	18	雅1:18	-	bare
雅1:26#1	511	513	四5	雅4:5	-	chapter
雅1:26#1	525	528	五14	雅5:14	-	chapter
雅1:26#1	638	641	加二9	加2:9	-	book
雅1:26#1	703	711	徒二一20～24	徒21:20	-	book
雅1:26#1	712	719	本書二2～11	雅2:2	-	anaphor
雅1:26#2	14	16	19	雅1:19	-	bare
雅1:27#1	36	41	申十四29	申14:29	-	book
雅1:27#1	42	49	二四19～21	申24:19	-	chapter
雅1:27#1	50	55	12～13	申24:12	-	bare
雅1:27#3	1	5	四4註3	雅4:4	3	chapter
雅2:1#1	36	42	羅三22註1	羅3:22	1	book
雅2:2#1	53	58	徒十三43	徒13:43	-	book
雅2:2#1	59	61	九2	徒9:2	-	chapter
雅2:2#1	62	67	路十二11	路12:11	-	book
雅2:2#1	76	79	路七5	路7:5	-	book
雅2:2#1	101	108	路四16～17	路4:16	-	book
雅2:2#1	109	117	徒十三14～15	徒13:14	-	book
雅2:2#1	138	141	徒六9	徒6:9	-	book
雅2:2#1	278	282	一1註4	雅1:1	4	chapter
雅2:5#2	10	15	徒十六31	徒16:31	-	book
雅2:5#2	20	24	約壹二5	約壹2:5	-	book
雅2:5#2	25	27	15	約壹2:15	-	bare
雅2:5#2	53	60	來十二28註1	來12:28	1	book
雅2:5#2	61	66	十35註1	來10:35	1	chapter
雅2:5#3	26	29	弗五5	弗5:5	-	book
雅2:5#3	30	34	加五21	加5:21	-	book
雅2:5#3	35	40	林前六10	林前6:10	-	book
雅2:5#3	41	45	啟二十4	啟20:4	-	book
雅2:5#3	46	47	6	啟20:6	-	bare
雅2:5#3	57	62	太五3註4	太5:3	4	book
雅2:5#3	99	104	羅十四17	羅14:17	-	book
雅2:7#1	1	6	徒十五17	徒15:17	-	book
雅2:8#1	3	4	5	雅2:5	-	bare
雅2:8#1	29	37	太二二36～40	太22:36	-	book
雅2:8#2	41	45	加五14	加5:14	-	book
雅2:8#2	46	53	羅十三8～10	羅13:8	-	book
雅2:10#1	0	5	8～11節	雅2:8	-	bare
雅2:10#1	47	52	徒二一20	徒21:20	-	book
雅2:10#1	122	130	徒二一17～26	徒21:17	-	book
雅2:12#1	0	5	8～11節	雅2:8	-	bare
雅2:12#1	23	26	一25	雅1:25	-	chapter
雅2:12#1	59	60	8	雅2:8	-	bare
雅2:12#1	104	107	四11	雅4:11	-	chapter
雅2:12#1	109	114	徒十五21	徒15:21	-	book
雅2:12#1	115	122	二一20～25	徒21:20	-	chapter
雅2:12#1	216	224	啟二十11～15	啟20:11	-	book
雅2:12#1	258	263	林後五10	林後5:10	-	book
耶32:39#1	96	103	三一33～34	耶31:33	-	chapter
耶32:39#1	104	109	約十四6上	約14:6	-	book
耶32:39#1	127	131	徒一14	徒1:14	-	book
耶32:39#1	132	135	二46	徒2:46	-	chapter
耶32:39#1	136	139	四24	徒4:24	-	chapter
耶32:39#1	140	144	羅十五6	羅15:6	-	book
耶32:40#1	11	18	三一31～34	耶31:31	-	chapter
耶32:40#1	19	24	來十三20	來13:20	-	book
耶32:40#1	60	65	申八7註1	申8:7	1	book
耶32:40#1	83	88	40～44	耶32:40	-	bare
耶32:40#1	118	124	腓三8～14	腓3:8	-	book
耶32:44#1	1	7	十七26註1	耶17:26	1	chapter
耶33:15#1	1	6	二三5註1	耶23:5	1	chapter
耶33:15#1	30	37	三一31～34	耶31:31	-	chapter
耶33:15#1	97	103	三一33註1	耶31:33	1	chapter
耶33:16#1	1	4	二三6	耶23:6	-	chapter
耶33:16#1	66	72	林前十二12	林前12:12	-	book
耶33:16#1	73	80	西三10～11	西3:10	-	book
耶33:20#1	1	7	20～26節	耶33:20	-	bare
耶33:20#1	44	51	三一35～36	耶31:35	-	chapter
耶33:20#1	52	56	36註1	耶31:36	1	bare
耶33:22#1	1	8	創二二17註1	創22:17	1	book
雅2:14#1	27	29	13	雅2:13	-	bare
雅2:16#2	66	72	申十五7～8	申15:7	-	book
雅2:17#1	21	24	加五6	加5:6	-	book
雅2:17#1	45	47	20	雅2:20	-	bare
雅2:17#1	48	50	26	雅2:26	-	bare
雅2:24#1	17	21	羅五18	羅5:18	-	book
雅2:24#1	177	181	1～13	雅2:1	-	bare
雅2:24#1	214	219	14～26	雅2:14	-	bare
雅2:26#1	9	12	創二7	創2:7	-	book
雅3:1#1	31	35	提後四3	提後4:3	-	book
雅3:1#1	36	42	提前一3～4	提前1:3	-	book
雅3:1#1	43	44	7	提前1:7	-	bare
雅3:1#1	45	49	弗四14	弗4:14	-	book
雅3:1#2	25	33	太十二36～37	太12:36	-	book
雅3:6#3	6	11	啟二十15	啟20:15	-	book
雅3:6#3	14	20	太五22註9	太5:22	9	book
雅3:12#1	0	5	3～12節	雅3:3	-	bare
雅3:12#1	142	150	王上四29～34	王上4:29	-	book
雅3:12#1	178	183	一11註1	雅1:11	1	chapter
雅3:13#1	26	30	箴十19	箴10:19	-	book
雅3:13#1	40	43	17節	雅3:17	-	bare
雅3:13#1	51	54	14節	雅3:14	-	bare
雅3:13#3	7	11	腓一27	腓1:27	-	book
雅3:15#1	24	26	14	雅3:14	-	bare
雅3:17#1	5	8	13節	雅3:13	-	bare
雅3:17#1	71	76	箴四5～8	箴4:5	-	book
雅3:17#1	112	118	林前二6～8	林前2:6	-	book
雅3:17#1	119	125	弗三9～11	弗3:9	-	book
雅3:17#1	128	133	一11註1	雅1:11	1	chapter
雅3:17#2	18	24	腓四5與註2	腓4:5	2	book
雅3:17#3	37	40	13節	雅3:13	-	bare
雅3:18#1	1	8	來十二11註1	來12:11	1	book
雅4:1#1	3	5	3節	雅4:3	-	bare
雅4:1#1	26	28	3節	雅4:3	-	bare
雅4:4#1	18	22	賽五四5	賽54:5	-	book
雅4:4#1	23	28	林後十一2	林後11:2	-	book
雅4:4#1	48	53	可十二30	可12:30	-	book
雅4:4#2	13	14	1	雅4:1	-	bare
雅4:4#2	15	16	4	雅4:4	-	bare
雅4:4#3	12	19	約壹二15註2	約壹2:15	2	book
雅4:5#1	29	33	弗三17	弗3:17	-	book
雅4:5#2	35	40	林前六19	林前6:19	-	book
雅4:5#2	41	46	16～17	林前6:16	-	bare
雅4:5#2	56	60	出二十5	出20:5	-	book
雅4:5#2	79	84	林後十一2	林後11:2	-	book
雅4:6#1	10	14	箴三34	箴3:34	-	book
雅4:7#1	7	9	10	雅4:10	-	bare
雅4:7#1	10	14	彼前五6	彼前5:6	-	book
雅4:7#3	0	2	1節	雅4:1	-	bare
雅4:7#3	9	11	4節	雅4:4	-	bare
雅4:7#3	48	52	加五17	加5:17	-	book
雅4:7#3	61	66	約壹二15	約壹2:15	-	book
雅4:7#3	76	80	約壹三8	約壹3:8	-	book
雅4:8#1	13	17	一8註1	雅1:8	1	chapter
雅4:8#1	42	43	4	雅4:4	-	bare
雅4:10#1	6	10	1～10	雅4:1	-	bare
雅4:10#1	19	23	1～3節	雅4:1	-	bare
雅4:11#1	6	9	一25	雅1:25	-	chapter
雅4:11#1	10	15	二8～12	雅2:8	-	chapter
雅4:11#1	143	150	來八10～11	來8:10	-	book
雅4:11#1	151	154	羅八2	羅8:2	-	book
雅4:11#1	170	177	腓一20～21	腓1:20	-	book
雅4:11#1	194	201	弗一22～23	弗1:22	-	book
雅4:11#1	215	220	提前三15	提前3:15	-	book
雅4:11#1	319	322	羅八4	羅8:4	-	book
雅4:13#1	10	11	1	雅4:1	-	bare
雅4:13#1	20	21	4	雅4:4	-	bare
雅4:13#1	35	37	11	雅4:11	-	bare
雅4:13#1	54	56	16	雅4:16	-	bare
雅4:14#1	21	28	詩九十3～10	詩90:3	-	book
雅4:14#1	59	62	15節	雅4:15	-	bare
雅5:1#1	0	4	1～6節	雅5:1	-	bare
雅5:1#1	59	61	一1	雅1:1	-	chapter
雅5:1#1	64	68	一1註4	雅1:1	4	chapter
雅5:1#1	69	73	二2註1	雅2:2	1	chapter
雅5:4#2	39	43	撒上一3	撒上1:3	-	book
雅5:5#1	11	15	耶十二3	耶12:3	-	book
雅5:5#1	85	86	1	雅5:1	-	bare
雅5:6#1	48	52	徒七52	徒7:52	-	book
雅5:6#1	53	56	三14	徒3:14	-	chapter
雅5:7#1	1	5	10註3	雅5:10	3	bare
雅5:7#2	8	14	太二四3註3	太24:3	3	book
雅5:8#1	1	5	10註3	雅5:10	3	bare
雅5:8#1	27	31	太十三3	太13:3	-	book
雅5:8#1	60	64	啟十四4	啟14:4	-	book
雅5:8#1	65	70	14～15	啟14:14	-	bare
雅5:8#2	1	4	7註2	雅5:7	2	bare
雅5:9#2	16	20	太二五1	太25:1	-	book
雅5:9#2	21	22	6	太25:6	-	bare
雅5:9#2	23	29	啟十九7～8	啟19:7	-	book
雅5:9#2	58	64	林前四4～5	林前4:4	-	book
雅5:9#2	65	70	林後五10	林後5:10	-	book
雅5:10#2	2	6	7～8節	雅5:7	-	bare
雅5:10#3	34	35	7	雅5:7	-	bare
雅5:10#3	36	38	8節	雅5:8	-	bare
雅5:11#1	11	14	羅五3	羅5:3	-	book
雅5:11#1	15	19	林後一6	林後1:6	-	book
雅5:12#2	36	43	太五34～36	太5:34	-	book
雅5:12#3	1	7	太五37註1	太5:37	1	book
雅5:12#4	41	46	太十二36	太12:36	-	book
雅5:14#1	14	20	林前十一30	林前11:30	-	book
雅5:14#2	69	78	林前十一29～32	林前11:29	-	book
雅5:14#2	118	120	16	雅5:16	-	bare
雅5:14#4	17	21	約十二3	約12:3	-	book
雅5:14#4	42	46	徒十38	徒10:38	-	book
雅5:14#4	52	55	來一9	來1:9	-	book
雅5:14#4	62	66	路四18	路4:18	-	book
雅5:14#4	96	100	徒十38	徒10:38	-	book
雅5:14#4	131	136	詩一三三2	詩133:2	-	book
雅5:14#4	165	173	約壹五16與註3	約壹5:16	3	book
雅5:15#1	14	19	徒十八18	徒18:18	-	book
雅5:15#1	20	24	二一23	徒21:23	-	chapter
雅5:15#3	11	15	約五14	約5:14	-	book
雅5:15#3	36	39	太九2	太9:2	-	book
雅5:15#3	40	43	5～7	太9:5	-	bare
雅5:15#3	44	47	可二5	可2:5	-	book
雅5:19#1	5	8	14節	雅5:14	-	bare
雅5:20#1	96	101	7～20節	雅5:7	-	bare
雅5:20#2	1	6	一21註2	雅1:21	2	chapter
雅5:20#2	7	13	彼前一5註6	彼前1:5	6	book
雅5:20#2	14	20	來十39註3	來10:39	3	book
雅5:20#3	23	30	約壹五16註5	約壹5:16	5	book
雅5:20#3	45	48	15節	雅5:15	-	bare
雅5:20#4	9	13	詩三二1	詩32:1	-	book
雅5:20#4	14	17	八五2	詩85:2	-	chapter
雅5:20#4	18	22	箴十12	箴10:12	-	book
雅5:20#4	70	73	15節	雅5:15	-	bare
雅5:20#4	84	88	詩三二1	詩32:1	-	book
雅5:20#4	89	92	八五2	詩85:2	-	chapter
雅5:20#5	26	29	一15	雅1:15	-	chapter
耶40:14#1	20	23	5～6	耶40:5	-	bare
耶40:14#1	36	41	13～14	耶40:13	-	bare
耶40:14#1	181	185	書九14	書9:14	-	book
彼前1:1#1	12	15	加二8	加2:8	-	book
彼前1:1#2	28	32	約一42	約1:42	-	book
彼前1:1#2	33	41	太十六17～18	太16:17	-	book
彼前1:1#5	39	45	二11～12	彼前2:11	-	chapter
彼前1:1#5	119	120	2	彼前1:2	-	bare
彼前1:1#5	139	145	啟五9～10	啟5:9	-	book
彼前1:2#1	115	120	太二八19	太28:19	-	book
彼前1:2#1	137	143	林後十三14	林後13:14	-	book
彼前1:2#2	23	26	弗一4	弗1:4	-	book
彼前1:2#3	8	12	彼後三1	彼後3:1	-	book
彼前1:2#3	56	61	彼後三13	彼後3:13	-	book
彼前1:2#3	102	105	四17	彼前4:17	-	chapter
彼前1:2#3	159	161	二9	彼前2:9	-	chapter
彼前1:2#3	162	165	五13	彼前5:13	-	chapter
彼前1:2#3	166	171	彼後一10	彼後1:10	-	book
彼前1:2#3	292	293	6	彼前1:6	-	bare
彼前1:2#3	294	296	五9	彼前5:9	-	chapter
彼前1:2#3	340	343	五10	彼前5:10	-	chapter
彼前1:2#3	356	361	彼後三18	彼後3:18	-	book
彼前1:2#5	28	32	羅六19	羅6:19	-	book
彼前1:2#5	33	35	22	羅6:22	-	bare
彼前1:2#5	36	40	十五16	羅15:16	-	chapter
彼前1:2#5	69	74	15～16	彼前1:15	-	bare
彼前1:2#5	107	112	林前六11	林前6:11	-	book
彼前1:2#5	155	160	帖後二13	帖後2:13	-	book
彼前1:2#6	89	92	羅一5	羅1:5	-	book
彼前1:2#6	93	97	十六26	羅16:26	-	chapter
彼前1:2#8	9	15	18～19節	彼前1:18	-	bare
彼前1:2#9	25	31	出二四6～8	出24:6	-	book
彼前1:2#9	74	81	來九13～14	來9:13	-	book
彼前1:2#10	1	6	弗一2註1	弗1:2	1	book
彼前1:2#11	1	6	弗一2註2	弗1:2	2	book
彼前1:2#12	13	16	四10	彼前4:10	-	chapter
彼前1:2#12	27	30	五10	彼前5:10	-	chapter
彼前1:3#1	1	6	弗一3註2	弗1:3	2	book
彼前1:3#1	7	11	17註1	弗1:17	1	bare
彼前1:3#2	1	6	弗一3註3	弗1:3	3	book
彼前1:3#3	1	8	提前一13註3	提前1:13	3	book
彼前1:3#4	39	42	弗二6	弗2:6	-	book
彼前1:3#4	74	81	約二十17註3	約20:17	3	book
彼前1:3#7	74	76	13	彼前1:13	-	bare
彼前1:3#7	389	392	3～4	彼前1:3	-	bare
彼前1:4#1	21	23	3節	彼前1:3	-	bare
彼前1:4#4	1	8	徒二十32註4	徒20:32	4	book
彼前1:4#4	9	15	二六18註8	徒26:18	8	chapter
彼前1:4#4	23	24	5	彼前1:5	-	bare
彼前1:4#4	25	27	9節	彼前1:9	-	bare
彼前1:4#4	34	37	13節	彼前1:13	-	bare
彼前1:4#4	50	52	五1	彼前5:1	-	chapter
彼前1:4#4	60	62	五4	彼前5:4	-	chapter
彼前1:4#4	74	77	五10	彼前5:10	-	chapter
彼前1:4#4	155	159	創十二3	創12:3	-	book
彼前1:4#4	161	164	加三6	加3:6	-	book
彼前1:4#4	245	249	加三18	加3:18	-	book
彼前1:4#4	250	252	29	加3:29	-	bare
彼前1:4#4	253	257	林前六9	林前6:9	-	book
彼前1:4#4	258	261	弗五5	弗5:5	-	book
彼前1:4#4	262	266	來九15	來9:15	-	book
彼前1:5#5	9	10	7	彼前1:7	-	bare
彼前1:5#6	35	39	9與註2	彼前1:9	2	bare
彼前1:5#6	94	95	2	彼前1:2	-	bare
彼前1:5#6	96	101	林前六11	林前6:11	-	book
彼前1:5#6	135	142	羅三24～26	羅3:24	-	book
彼前1:5#6	171	176	約三3～6	約3:3	-	book
彼前1:5#6	194	197	來五9	來5:9	-	book
彼前1:5#6	206	210	約三15	約3:15	-	book
彼前1:5#6	220	227	約一12～13	約1:12	-	book
彼前1:5#6	235	242	約十28～29	約10:28	-	book
彼前1:5#6	271	275	約三18	約3:18	-	book
彼前1:5#6	276	278	16	約3:16	-	bare
彼前1:5#6	319	323	羅六19	羅6:19	-	book
彼前1:5#6	324	326	22	羅6:22	-	bare
彼前1:5#6	407	412	羅六6～7	羅6:6	-	book
彼前1:5#6	413	419	七16～20	羅7:16	-	chapter
彼前1:5#6	420	422	八2	羅8:2	-	chapter
彼前1:5#6	431	436	來十二10	來12:10	-	book
彼前1:5#6	446	449	四17	彼前4:17	-	chapter
彼前1:5#6	471	476	羅十五16	羅15:16	-	book
彼前1:5#6	491	497	林前三6～7	林前3:6	-	book
彼前1:5#6	508	512	羅八28	羅8:28	-	book
彼前1:5#6	539	543	林後三6	林後3:6	-	book
彼前1:5#6	544	549	17～18	林後3:17	-	bare
彼前1:5#6	550	554	羅十二2	羅12:2	-	book
彼前1:5#6	555	559	弗四23	弗4:23	-	book
彼前1:5#6	583	585	二5	彼前2:5	-	chapter
彼前1:5#6	586	590	弗二22	弗2:22	-	book
彼前1:5#6	607	615	啟十四15與註2	啟14:15	2	book
彼前1:5#6	795	799	腓三21	腓3:21	-	book
彼前1:5#6	817	821	羅八23	羅8:23	-	book
彼前1:5#6	838	842	羅八29	羅8:29	-	book
彼前1:5#6	884	888	羅八30	羅8:30	-	book
彼前1:5#6	903	907	來二10	來2:10	-	book
彼前1:5#6	922	927	提後四18	提後4:18	-	book
彼前1:5#6	928	933	彼後一11	彼後1:11	-	book
彼前1:5#6	947	952	帖前二12	帖前2:12	-	book
彼前1:5#6	971	974	雅二5	雅2:5	-	book
彼前1:5#6	975	979	加五21	加5:21	-	book
彼前1:5#6	1011	1016	提後二12	提後2:12	-	book
彼前1:5#6	1017	1021	啟二十4	啟20:4	-	book
彼前1:5#6	1022	1023	6	啟20:6	-	bare
彼前1:5#6	1024	1030	二26～27	啟2:26	-	chapter
彼前1:5#6	1031	1034	十二5	啟12:5	-	chapter
彼前1:5#6	1055	1060	太二五21	太25:21	-	book
彼前1:5#6	1061	1063	23	太25:23	-	bare
彼前1:5#6	1102	1106	羅八21	羅8:21	-	book
彼前1:5#6	1130	1131	6	彼前1:6	-	bare
彼前1:5#6	1132	1135	四12	彼前4:12	-	chapter
彼前1:5#6	1136	1139	三14	彼前3:14	-	chapter
彼前1:5#6	1140	1142	五9	彼前5:9	-	chapter
彼前1:5#6	1156	1159	四13	彼前4:13	-	chapter
彼前1:5#6	1160	1163	五10	彼前5:10	-	chapter
彼前1:5#6	1247	1249	13	彼前1:13	-	bare
彼前1:5#6	1250	1255	太十六27	太16:27	-	book
彼前1:5#6	1256	1260	二五31	太25:31	-	chapter
彼前1:5#6	1300	1301	9	彼前1:9	-	bare
彼前1:5#6	1319	1323	羅八23	羅8:23	-	book
彼前1:5#6	1339	1343	羅八19	羅8:19	-	book
耶41:17#1	49	57	四二14～四三7	耶42:14	-	chapter
耶41:17#1	58	64	賽三十1～3	賽30:1	-	book
耶41:17#1	65	70	三一1～3	賽31:1	-	chapter
耶41:17#1	93	98	三七5～8	耶37:5	-	chapter
耶42:14#1	1	7	四一17註1	耶41:17	1	chapter
耶43:2#1	22	28	四二9～12	耶42:9	-	chapter
耶43:2#1	220	223	二13	耶2:13	-	chapter
耶43:2#1	226	232	四十14註1	耶40:14	1	chapter
耶44:17#1	1	6	七18註1	耶7:18	1	chapter
彼前1:6#1	1	3	5節	彼前1:5	-	bare
彼前1:6#2	98	101	1～4	彼前1:1	-	bare
彼前1:6#2	120	121	1	彼前1:1	-	bare
彼前1:6#2	122	124	17	彼前1:17	-	bare
彼前1:6#2	125	128	二11	彼前2:11	-	chapter
彼前1:6#2	164	165	7	彼前1:7	-	bare
彼前1:6#2	190	196	二19～23	彼前2:19	-	chapter
彼前1:6#2	197	203	三14～18	彼前3:14	-	chapter
彼前1:6#2	247	251	四1～2	彼前4:1	-	chapter
彼前1:6#2	278	284	四12～19	彼前4:12	-	chapter
彼前1:6#2	300	302	五1	彼前5:1	-	chapter
彼前1:6#2	341	346	五8～10	彼前5:8	-	chapter
彼前1:6#2	372	374	17	彼前1:17	-	bare
彼前1:6#2	391	394	四17	彼前4:17	-	chapter
彼前1:7#3	40	42	二4	彼前2:4	-	chapter
彼前1:7#3	43	46	6～7	彼前2:6	-	bare
彼前1:7#3	57	59	19	彼前1:19	-	bare
彼前1:7#3	71	75	彼後一4	彼後1:4	-	book
彼前1:7#3	86	90	彼後一1	彼後1:1	-	book
彼前1:7#3	103	104	7	彼前1:7	-	bare
彼前1:7#4	10	15	太二八20	太28:20	-	book
彼前1:7#5	0	2	6節	彼前1:6	-	bare
彼前1:8#2	40	43	加三2	加3:2	-	book
彼前1:8#2	48	50	7節	彼前1:7	-	bare
彼前1:9#1	9	11	8節	彼前1:8	-	bare
彼前1:9#1	19	21	7節	彼前1:7	-	bare
彼前1:9#2	15	22	帖前五23註5	帖前5:23	5	book
彼前1:9#2	23	29	來四12註2	來4:12	2	book
彼前1:9#2	46	51	約三5～6	約3:5	-	book
彼前1:9#2	76	80	腓三21	腓3:21	-	book
彼前1:9#2	81	85	羅八23	羅8:23	-	book
彼前1:9#2	167	174	太十37～39	太10:37	-	book
彼前1:9#2	175	182	十六24～27	太16:24	-	chapter
彼前1:9#2	183	191	路十七30～33	路17:30	-	book
彼前1:9#2	192	197	約十二25	約12:25	-	book
彼前1:9#2	226	231	太二五21	太25:21	-	book
彼前1:9#2	232	234	23	太25:23	-	bare
彼前1:9#2	235	242	二四45～46	太24:45	-	chapter
彼前1:9#2	256	261	太二五30	太25:30	-	book
彼前1:9#2	262	266	二四51	太24:51	-	chapter
彼前1:9#2	285	292	來十39與註3	來10:39	3	book
彼前1:10#1	12	16	13註4	彼前1:13	4	bare
彼前1:10#1	24	30	約一14註4	約1:14	4	book
彼前1:10#1	31	39	林前十五10註1	林前15:10	1	book
彼前1:10#2	30	38	路二四25～27	路24:25	-	book
彼前1:10#2	39	44	44～46	路24:44	-	bare
彼前1:11#2	73	79	羅八9～11	羅8:9	-	book
彼前1:11#2	110	114	約七39	約7:39	-	book
彼前1:11#2	215	219	來九14	來9:14	-	book
彼前1:11#2	278	282	啟十三8	啟13:8	-	book
彼前1:11#3	29	34	賽五三10	賽53:10	-	book
彼前1:11#4	14	19	路二四26	路24:26	-	book
彼前1:11#4	35	38	四13	彼前4:13	-	chapter
彼前1:11#4	39	43	羅八17	羅8:17	-	book
彼前1:11#4	67	71	詩二二1	詩22:1	-	book
彼前1:11#4	72	75	6～8	詩22:6	-	bare
彼前1:11#4	76	81	12～18	詩22:12	-	bare
彼前1:11#4	82	90	賽五三2～10上	賽53:2	-	book
彼前1:11#4	91	94	12下	賽53:12	-	bare
彼前1:11#4	95	99	但九26	但9:26	-	book
彼前1:11#4	100	106	亞十二10中	亞12:10	-	book
彼前1:11#4	107	113	亞十三6～7	亞13:6	-	book
彼前1:11#4	220	224	約十七1	約17:1	-	book
彼前1:11#4	294	295	5	彼前1:5	-	bare
彼前1:11#4	296	297	9	彼前1:9	-	bare
彼前1:11#4	298	301	10節	彼前1:10	-	bare
彼前1:11#4	359	361	12	彼前1:12	-	bare
彼前1:11#5	26	31	路二四26	路24:26	-	book
彼前1:11#5	32	36	徒三13	徒3:13	-	book
彼前1:11#5	46	50	徒二33	徒2:33	-	book
彼前1:11#5	51	54	來二9	來2:9	-	book
彼前1:11#5	64	68	啟十八1	啟18:1	-	book
彼前1:11#5	69	74	太二五31	太25:31	-	book
彼前1:11#5	86	91	提後二12	提後2:12	-	book
彼前1:11#5	92	96	啟二十4	啟20:4	-	book
彼前1:11#5	97	98	6	啟20:6	-	bare
彼前1:11#5	101	108	詩十六8～10	詩16:8	-	book
彼前1:11#5	109	116	二二21～22	詩22:21	-	chapter
彼前1:11#5	117	125	一一八22～24	詩118:22	-	chapter
彼前1:11#5	126	130	一一○1	詩110:1	-	chapter
彼前1:11#5	131	132	4	詩110:4	-	bare
彼前1:11#5	133	138	一一八26	詩118:26	-	chapter
彼前1:11#5	139	145	亞十四4～5	亞14:4	-	book
彼前1:11#5	146	153	但七13～14	但7:13	-	book
彼前1:11#5	154	161	詩二四7～10	詩24:7	-	book
彼前1:11#5	162	168	七二8～11	詩72:8	-	chapter
彼前1:11#6	94	96	12	彼前1:12	-	bare
彼前1:12#1	1	4	11節	彼前1:11	-	bare
彼前1:12#3	59	65	路二8～14	路2:8	-	book
彼前1:12#3	82	87	路十五10	路15:10	-	book
彼前1:12#3	104	108	來一14	來1:14	-	book
彼前1:12#3	109	114	徒十二15	徒12:15	-	book
彼前1:12#3	115	120	太十八10	太18:10	-	book
耶46:1#1	115	120	約十二31	約12:31	-	book
耶46:1#1	121	128	十七14～21	約17:14	-	chapter
耶46:1#1	129	133	加六14	加6:14	-	book
耶46:1#1	134	138	彼後一4	彼後1:4	-	book
耶46:1#1	139	147	約壹二15～17	約壹2:15	-	book
耶46:1#1	174	181	加六16與註4	加6:16	4	book
耶46:1#1	270	274	弗二10	弗2:10	-	book
耶46:1#1	298	303	啟二一24	啟21:24	-	book
耶46:1#1	304	306	26	啟21:26	-	bare
耶46:1#1	307	311	二二2下	啟22:2	-	chapter
耶46:2#1	17	21	詩八七4	詩87:4	-	book
耶46:2#1	22	26	賽五一9	賽51:9	-	book
耶46:2#1	40	45	創十二10	創12:10	-	book
耶46:2#1	46	54	四一57～四二3	創41:57	-	chapter
耶46:2#1	55	61	民十一4～6	民11:4	-	book
耶46:2#1	62	67	來十一25	來11:25	-	book
耶46:2#1	86	91	約十二31	約12:31	-	book
耶46:2#1	114	120	出一8～14	出1:8	-	book
耶46:26#1	5	13	賽十九19～25	賽19:19	-	book
耶46:27#1	42	48	27～28節	耶46:27	-	bare
耶46:27#1	63	70	三十10～11	耶30:10	-	chapter
耶46:27#1	83	88	太十九28	太19:28	-	book
耶46:27#1	101	107	啟二十4～6	啟20:4	-	book
耶47:1#1	15	20	出十五14	出15:14	-	book
耶47:1#1	63	67	士十三1	士13:1	-	book
耶47:1#1	68	71	十四4	士14:4	-	chapter
耶47:1#1	72	79	撒上四3～11	撒上4:3	-	book
耶47:1#1	80	83	十七1	撒上17:1	-	chapter
耶47:1#1	84	85	4	撒上17:4	-	bare
耶47:1#1	86	91	45～49	撒上17:45	-	bare
耶47:1#1	94	100	撒上六4註1	撒上6:4	1	book
耶48:1#1	23	31	創十九30～38	創19:30	-	book
耶48:1#1	89	95	民二五1～5	民25:1	-	book
耶48:1#1	96	101	彼後二15	彼後2:15	-	book
耶48:1#1	102	106	啟二14	啟2:14	-	book
耶48:1#1	132	139	民二二1～21	民22:1	-	book
耶48:1#1	140	144	申二三4	申23:4	-	book
耶48:1#1	169	173	申二三3	申23:3	-	book
耶48:1#1	202	206	太一5下	太1:5	-	book
耶48:1#1	223	230	得一14～18	得1:14	-	book
耶48:7#1	7	13	王上十一33	王上11:33	-	book
彼前1:13#1	0	5	3～12節	彼前1:3	-	bare
彼前1:13#1	45	46	3	彼前1:3	-	bare
彼前1:13#1	59	60	9	彼前1:9	-	bare
彼前1:13#1	78	80	11	彼前1:11	-	bare
彼前1:13#1	97	99	12	彼前1:12	-	bare
彼前1:13#2	21	26	3～12節	彼前1:3	-	bare
彼前1:13#3	12	13	3	彼前1:3	-	bare
彼前1:13#4	7	8	5	彼前1:5	-	bare
彼前1:13#4	9	13	9～10	彼前1:9	-	bare
彼前1:13#4	43	47	約一17	約1:17	-	book
彼前1:15#1	29	30	2	彼前1:2	-	bare
彼前1:15#1	57	58	3	彼前1:3	-	bare
彼前1:15#1	81	86	18～19	彼前1:18	-	bare
彼前1:15#1	120	121	2	彼前1:2	-	bare
彼前1:15#1	160	165	15～16	彼前1:15	-	bare
彼前1:15#2	11	12	2	彼前1:2	-	bare
彼前1:15#2	41	42	3	彼前1:3	-	bare
彼前1:17#1	6	10	羅三20	羅3:20	-	book
彼前1:17#1	11	15	加二16	加2:16	-	book
彼前1:17#2	42	46	約五22	約5:22	-	book
彼前1:17#2	117	120	四17	彼前4:17	-	chapter
彼前1:17#2	151	154	二23	彼前2:23	-	chapter
彼前1:17#2	155	159	四5～6	彼前4:5	-	chapter
彼前1:17#2	160	162	17	彼前4:17	-	bare
彼前1:17#2	163	169	彼後二3～4	彼後2:3	-	book
彼前1:17#2	170	171	9	彼後2:9	-	bare
彼前1:17#2	172	174	三7	彼後3:7	-	chapter
彼前1:17#2	196	202	彼後二3～4	彼後2:3	-	book
彼前1:17#2	215	221	彼後二5～9	彼後2:5	-	book
彼前1:17#2	243	245	17	彼前1:17	-	bare
彼前1:17#2	246	249	二23	彼前2:23	-	chapter
彼前1:17#2	250	252	四6	彼前4:6	-	chapter
彼前1:17#2	253	255	17	彼前4:17	-	bare
彼前1:17#2	270	275	彼後三10	彼後3:10	-	book
彼前1:17#2	307	314	彼後三12註2	彼後3:12	2	book
彼前1:17#2	344	346	四5	彼前4:5	-	chapter
彼前1:17#2	347	351	彼後三7	彼後3:7	-	book
彼前1:17#2	364	370	彼後三10下	彼後3:10	-	book
彼前1:17#2	371	373	12	彼後3:12	-	bare
彼前1:17#2	421	427	彼後二1註5	彼後2:1	5	book
彼前1:17#2	482	487	彼後三13	彼後3:13	-	book
彼前1:17#3	77	80	四17	彼前4:17	-	chapter
彼前1:17#3	140	147	來十二9～10	來12:9	-	book
彼前1:17#4	10	14	腓二12	腓2:12	-	book
彼前1:18#1	6	9	15節	彼前1:15	-	bare
彼前1:18#1	51	54	弗一7	弗1:7	-	book
彼前1:18#1	55	59	來九15	來9:15	-	book
彼前1:18#1	60	64	多二14	多2:14	-	book
彼前1:18#1	233	235	17	彼前1:17	-	bare
彼前1:18#1	259	261	14	彼前1:14	-	bare
彼前1:18#1	310	315	15～16	彼前1:15	-	bare
彼前1:19#1	71	73	18	彼前1:18	-	bare
彼前1:19#1	74	76	15	彼前1:15	-	bare
彼前1:20#1	35	39	約一29	約1:29	-	book
彼前1:20#1	110	114	啟十三8	啟13:8	-	book
彼前1:20#2	11	16	來一2註1	來1:2	1	book
彼前1:21#1	23	30	加三26～27	加3:26	-	book
彼前1:21#2	12	16	約十七1	約17:1	-	book
彼前1:21#2	27	29	11	彼前1:11	-	bare
彼前1:21#3	1	9	林前十三13註1	林前13:13	1	book
彼前1:22#1	21	26	約十七17	約17:17	-	book
彼前1:22#2	38	43	15～16	彼前1:15	-	bare
彼前1:22#2	51	54	來一3	來1:3	-	book
彼前1:22#2	59	63	約壹一7	約壹1:7	-	book
彼前1:22#2	98	102	弗五26	弗5:26	-	book
彼前1:22#2	112	118	弗五26註3	弗5:26	3	book
彼前1:22#3	72	76	徒十五9	徒15:9	-	book
彼前1:22#3	77	80	雅四8	雅4:8	-	book
彼前1:22#3	170	176	提前一1註1	提前1:1	1	book
彼前1:22#3	253	257	雅一21	雅1:21	-	book
彼前1:22#3	269	274	約十七17	約17:17	-	book
彼前1:22#4	35	40	可十二30	可12:30	-	book
彼前1:22#4	83	88	15～16	彼前1:15	-	bare
彼前1:23#1	4	7	22節	彼前1:22	-	bare
彼前1:25#1	1	4	23節	彼前1:23	-	bare
彼前1:25#2	0	3	23節	彼前1:23	-	bare
耶48:47#1	34	39	啟二一24	啟21:24	-	book
耶48:47#1	40	42	26	啟21:26	-	bare
耶48:47#1	43	47	二二2下	啟22:2	-	chapter
耶48:47#1	57	60	四九6	耶49:6	-	chapter
耶48:47#1	63	68	四六1註1	耶46:1	1	chapter
耶49:1#1	22	30	創十九30～38	創19:30	-	book
耶49:1#1	63	68	士十一12	士11:12	-	book
耶49:1#1	69	76	撒上十二12上	撒上12:12	-	book
耶49:1#1	77	86	代下二十10～11	代下20:10	-	book
耶49:1#1	87	93	詩八三4～8	詩83:4	-	book
耶49:1#1	94	99	王上十一5	王上11:5	-	book
耶49:1#1	100	101	7	王上11:7	-	bare
耶49:1#2	12	18	王上十一33	王上11:33	-	book
耶49:6#1	1	7	四八47註1	耶48:47	1	chapter
耶49:7#1	13	17	創三六1	創36:1	-	book
耶49:7#1	59	62	10上	耶49:10	-	bare
耶49:7#1	63	72	創二五21～26上	創25:21	-	book
耶49:7#1	73	77	瑪一3上	瑪1:3	-	book
耶49:7#1	78	83	羅九13下	羅9:13	-	book
耶49:7#1	84	93	王上十一14～16	王上11:14	-	book
耶49:7#1	94	99	王下八20	王下8:20	-	book
耶49:7#1	100	102	22	王下8:22	-	bare
耶49:7#1	103	109	詩八三4～6	詩83:4	-	book
耶49:7#1	110	114	一三七7	詩137:7	-	chapter
耶49:7#1	115	120	民二十21	民20:21	-	book
耶49:7#1	163	167	加四29	加4:29	-	book
耶49:7#1	168	171	五17	加5:17	-	chapter
耶49:11#1	43	49	提前二3～4	提前2:3	-	book
耶49:22#1	84	92	啟十四17～20	啟14:17	-	book
耶49:22#1	93	100	十六12～16	啟16:12	-	chapter
耶49:22#1	101	108	十九11～15	啟19:11	-	chapter
耶49:22#1	109	114	19～21	啟19:19	-	bare
耶49:22#1	115	121	賽六三1～6	賽63:1	-	book
耶49:22#1	122	127	珥三1～2	珥3:1	-	book
耶49:22#1	128	132	9～13	珥3:9	-	bare
耶49:22#1	135	141	賽六三2註1	賽63:2	1	book
彼前2:1#1	0	5	1～10節	彼前2:1	-	bare
彼前2:1#1	45	47	一3	彼前1:3	-	chapter
彼前2:1#1	48	50	23	彼前1:23	-	bare
彼前2:1#1	58	60	一2	彼前1:2	-	chapter
彼前2:1#1	61	66	18～19	彼前1:18	-	bare
彼前2:1#1	75	77	一2	彼前1:2	-	chapter
彼前2:1#1	98	104	一15～16	彼前1:15	-	chapter
彼前2:1#1	126	127	2	彼前2:2	-	bare
彼前2:1#1	138	139	5	彼前2:5	-	bare
彼前2:2#1	8	10	一3	彼前1:3	-	chapter
彼前2:2#1	11	13	23	彼前1:23	-	bare
彼前2:2#2	10	12	1節	彼前2:1	-	bare
彼前2:2#3	5	9	羅十二1	羅12:1	-	book
彼前2:2#5	69	73	羅八30	羅8:30	-	book
彼前2:2#5	101	105	一5註6	彼前1:5	6	chapter
彼前2:2#5	175	180	一5與註6	彼前1:5	6	chapter
彼前2:2#5	181	185	9～10	彼前1:9	-	bare
彼前2:2#5	186	188	13	彼前1:13	-	bare
彼前2:2#5	210	212	5節	彼前2:5	-	bare
彼前2:2#5	243	245	9節	彼前2:9	-	bare
彼前2:3#1	34	35	2	彼前2:2	-	bare
彼前2:4#1	8	11	一19	彼前1:19	-	chapter
彼前2:4#2	51	57	一23～24	彼前1:23	-	chapter
彼前2:4#2	87	88	5	彼前2:5	-	bare
彼前2:4#2	207	212	賽二八16	賽28:16	-	book
彼前2:5#1	42	46	羅九21	羅9:21	-	book
彼前2:5#1	114	118	約一42	約1:42	-	book
彼前2:5#1	150	158	太十六16～18	太16:16	-	book
彼前2:5#7	59	63	來七12	來7:12	-	book
彼前2:5#7	89	92	來七5	來7:5	-	book
彼前2:5#7	133	135	9節	彼前2:9	-	bare
彼前2:5#7	354	356	2上	彼前2:2	-	bare
彼前2:5#7	368	370	2下	彼前2:2	-	bare
彼前2:5#8	90	95	羅十五16	羅15:16	-	book
彼前2:5#8	118	122	羅十二1	羅12:1	-	book
彼前2:5#8	123	131	來十三15～16	來13:15	-	book
彼前2:5#8	132	136	腓四18	腓4:18	-	book
彼前2:6#2	23	27	弗二20	弗2:20	-	book
彼前2:6#3	1	4	4註1	彼前2:4	1	bare
彼前2:6#4	1	7	弗二20註3	弗2:20	3	book
彼前2:7#2	18	22	徒四11	徒4:11	-	book
彼前2:7#2	46	54	太二一38～42	太21:38	-	book
彼前2:7#3	38	45	徒四10～11	徒4:10	-	book
彼前2:8#1	7	8	6	彼前2:6	-	bare
彼前2:8#1	39	45	太二一44上	太21:44	-	book
彼前2:8#2	1	5	6～8節	彼前2:6	-	bare
彼前2:9#1	98	105	多二14與註4	多2:14	4	book
彼前2:9#1	202	203	5	彼前2:5	-	bare
彼前2:9#2	1	4	5註6	彼前2:5	6	bare
彼前2:9#2	49	54	來七1～2	來7:1	-	book
彼前2:9#2	55	58	1註2	來7:1	2	bare
彼前2:9#2	59	61	26	來7:26	-	bare
彼前2:9#2	62	67	創十四18	創14:18	-	book
彼前2:9#3	1	6	羅一2註3	羅1:2	3	book
彼前2:9#4	26	27	2	彼前2:2	-	bare
彼前2:9#4	43	44	5	彼前2:5	-	bare
彼前2:9#5	65	70	徒二六18	徒26:18	-	book
彼前2:9#5	71	75	西一13	西1:13	-	book
彼前2:9#6	15	22	彼後一3與註6	彼後1:3	6	book
彼前2:9#6	83	87	彼後一3	彼後1:3	-	book
彼前2:10#1	3	7	何二23	何2:23	-	book
彼前2:10#1	13	20	羅九24～27	羅9:24	-	book
彼前2:10#1	59	62	羅九6	羅9:6	-	book
耶49:23#1	12	16	撒下八5	撒下8:5	-	book
耶49:23#1	36	45	王上十五18～21	王上15:18	-	book
耶49:23#1	46	53	十九15～16	王上19:15	-	chapter
耶49:23#1	54	62	王下十六7～16	王下16:7	-	book
耶49:23#1	63	72	王上十一23～25	王上11:23	-	book
耶49:23#1	73	80	代上十八5～6	代上18:5	-	book
耶49:23#1	81	87	代下二四23	代下24:23	-	book
耶49:28#1	14	22	賽二一13～17	賽21:13	-	book
耶49:28#1	23	28	結二七21	結27:21	-	book
耶49:28#1	43	48	創二五13	創25:13	-	book
耶49:28#1	59	64	詩一二○5	詩120:5	-	book
耶49:28#1	65	68	歌一5	歌1:5	-	book
耶49:28#1	69	73	賽六十7	賽60:7	-	book
耶49:28#1	87	95	書十一10～13	書11:10	-	book
耶49:28#1	96	101	士四2～3	士4:2	-	book
耶49:28#1	102	107	撒上十二9	撒上12:9	-	book
耶49:34#1	13	17	創十22	創10:22	-	book
耶49:34#1	40	43	但八2	但8:2	-	book
耶49:34#1	44	47	斯一2	斯1:2	-	book
耶49:34#1	61	66	拉四8～9	拉4:8	-	book
耶49:34#1	83	87	創十四1	創14:1	-	book
耶49:34#1	88	90	17	創14:17	-	bare
耶49:34#1	111	116	約十五19	約15:19	-	book
耶49:39#1	31	36	啟二一24	啟21:24	-	book
耶49:39#1	37	39	26	啟21:26	-	bare
耶49:39#1	40	44	二二2下	啟22:2	-	chapter
耶49:39#1	47	52	四六1註1	耶46:1	1	chapter
耶50:1#1	14	20	創十一7～9	創11:7	-	book
耶50:1#1	53	59	創十6～11	創10:6	-	book
耶50:1#1	60	67	但二31～32	但2:31	-	book
耶50:1#1	68	70	38	但2:38	-	bare
耶50:1#1	102	105	38下	耶50:38	-	bare
耶50:1#1	106	110	書二四2	書24:2	-	book
耶50:1#1	111	117	創十一3～4	創11:3	-	book
耶50:1#1	176	180	賽十四4	賽14:4	-	book
耶50:1#1	181	186	11～15	賽14:11	-	bare
耶50:1#1	220	229	代下三六17～20	代下36:17	-	book
耶50:1#1	269	273	啟十七5	啟17:5	-	book
耶50:1#1	274	277	十八2	啟18:2	-	chapter
耶50:1#1	329	333	五一11	耶51:11	-	chapter
耶50:1#1	334	338	啟十四8	啟14:8	-	book
耶50:1#1	339	344	十六19下	啟16:19	-	chapter
耶50:1#1	345	349	十七16	啟17:16	-	chapter
耶50:1#1	350	356	十八8～10	啟18:8	-	chapter
耶50:1#1	419	427	賽十四22～23	賽14:22	-	book
耶50:1#1	428	433	耶五十39	耶50:39	-	book
耶50:1#1	434	438	五一62	耶51:62	-	chapter
耶50:1#1	499	506	但二32～34	但2:32	-	book
耶50:2#1	19	23	賽四六1	賽46:1	-	book
耶50:3#1	5	9	五一11	耶51:11	-	chapter
耶50:3#1	10	12	28	耶51:28	-	bare
耶50:7#1	13	18	申三三27	申33:27	-	book
耶50:7#1	19	23	詩九十1	詩90:1	-	book
耶50:7#1	24	29	約壹四16	約壹4:16	-	book
耶50:7#1	30	35	啟二一22	啟21:22	-	book
耶50:8#1	1	8	賽四八20註1	賽48:20	1	book
耶50:15#1	83	88	代下三六7	代下36:7	-	book
耶50:15#1	89	91	18	代下36:18	-	bare
耶50:15#1	92	97	但一1～2	但1:1	-	book
耶50:15#1	131	133	28	耶50:28	-	bare
耶50:15#1	134	138	五一11	耶51:11	-	chapter
耶50:28#1	1	5	15註1	耶50:15	1	bare
彼前2:11#1	17	21	羅七18	羅7:18	-	book
彼前2:11#1	22	27	23～24	羅7:23	-	bare
彼前2:11#1	63	70	羅七19～23	羅7:19	-	book
彼前2:12#2	12	15	一15	彼前1:15	-	chapter
彼前2:12#2	29	32	三16	彼前3:16	-	chapter
彼前2:12#2	73	76	一18	彼前1:18	-	chapter
彼前2:12#3	65	67	25	彼前2:25	-	bare
彼前2:13#1	0	8	彼前二13～20	彼前2:13	-	book
彼前2:13#1	26	28	12	彼前2:12	-	bare
彼前2:13#2	11	13	12	彼前2:12	-	bare
彼前2:15#1	7	9	12	彼前2:12	-	bare
彼前2:18#1	1	6	一17註4	彼前1:17	4	chapter
彼前2:19#1	57	60	三16	彼前3:16	-	chapter
彼前2:19#1	61	65	提前一5	提前1:5	-	book
彼前2:19#1	66	68	19	提前1:19	-	bare
彼前2:19#1	69	71	三9	提前3:9	-	chapter
彼前2:19#1	72	76	提後一3	提後1:3	-	book
彼前2:19#2	6	11	20～21	彼前2:20	-	bare
彼前2:19#2	55	61	三14～18	彼前3:14	-	chapter
彼前2:19#2	62	68	四12～16	彼前4:12	-	chapter
彼前2:19#3	62	64	20	彼前2:20	-	bare
彼前2:19#3	69	76	路六33～34	路6:33	-	book
彼前2:19#3	80	84	羅七25	羅7:25	-	book
彼前2:21#1	24	29	18～20	彼前2:18	-	bare
彼前2:21#2	89	93	19註3	彼前2:19	3	bare
彼前2:23#2	1	6	一17註2	彼前1:17	2	chapter
彼前2:24#1	30	35	申二一23	申21:23	-	book
彼前2:24#1	36	40	加三13	加3:13	-	book
彼前2:24#2	31	35	來七27	來7:27	-	book
彼前2:24#4	33	36	羅六8	羅6:8	-	book
彼前2:24#4	37	42	10～11	羅6:10	-	bare
彼前2:24#4	43	45	18	羅6:18	-	bare
彼前2:24#6	11	14	弗二6	弗2:6	-	book
彼前2:24#6	15	20	約十四19	約14:19	-	book
彼前2:24#6	21	26	提後二11	提後2:11	-	book
彼前2:24#8	15	18	弗二1	弗2:1	-	book
彼前2:25#3	20	22	24	彼前2:24	-	bare
彼前2:25#3	91	93	21	彼前2:21	-	bare
彼前3:1#1	1	4	二18	彼前2:18	-	chapter
彼前3:2#1	1	6	一17註4	彼前1:17	4	chapter
彼前3:2#2	9	11	5節	彼前3:5	-	bare
彼前3:2#2	15	18	一15	彼前1:15	-	chapter
彼前3:2#2	43	46	一15	彼前1:15	-	chapter
彼前3:2#2	54	57	二12	彼前2:12	-	chapter
彼前3:2#2	65	67	16	彼前3:16	-	bare
彼前3:3#2	21	27	林前十一15	林前11:15	-	book
彼前3:3#2	28	31	歌四1	歌4:1	-	book
彼前3:3#2	32	34	六5	歌6:5	-	chapter
彼前3:3#2	35	37	七5	歌7:5	-	chapter
彼前3:4#1	89	93	來四12	來4:12	-	book
彼前3:7#3	19	23	羅九21	羅9:21	-	book
彼前3:7#3	24	26	23	羅9:23	-	bare
彼前3:7#3	51	55	林後四7	林後4:7	-	book
彼前3:7#3	94	99	提後二21	提後2:21	-	book
彼前3:7#5	72	80	約壹五11～12	約壹5:11	-	book
彼前3:7#5	81	88	約七38～39	約7:38	-	book
彼前3:7#5	89	93	啟二二1	啟22:1	-	book
彼前3:7#5	110	114	一4註4	彼前1:4	4	chapter
耶50:31#1	3	6	32節	耶50:32	-	bare
耶51:6#1	1	8	賽四八20註1	賽48:20	1	book
耶51:11#1	1	7	五十15註1	耶50:15	1	chapter
彼前3:9#2	55	59	太十13	太10:13	-	book
彼前3:15#1	25	30	13～14	彼前3:13	-	bare
彼前3:15#2	14	18	一3註7	彼前1:3	7	chapter
彼前3:15#2	19	22	4註4	彼前1:4	4	bare
彼前3:16#2	7	12	一17註4	彼前1:17	4	chapter
彼前3:16#3	15	18	羅九1	羅9:1	-	book
彼前3:16#3	19	22	八16	羅8:16	-	chapter
彼前3:18#1	9	12	二24	彼前2:24	-	chapter
彼前3:18#1	13	18	林前十五3	林前15:3	-	book
彼前3:18#1	19	23	來九28	來9:28	-	book
彼前3:18#1	47	52	林後五21	林後5:21	-	book
彼前3:18#1	53	57	來九26	來9:26	-	book
彼前3:18#1	176	178	16	彼前3:16	-	bare
彼前3:18#1	209	215	一18～19	彼前1:18	-	chapter
彼前3:18#3	21	24	羅一4	羅1:4	-	book
彼前3:18#3	26	31	約四24上	約4:24	-	book
彼前3:18#3	70	74	約一14	約1:14	-	book
彼前3:19#1	3	6	18節	彼前3:18	-	bare
彼前3:19#2	78	80	20	彼前3:20	-	bare
彼前3:19#2	112	118	彼後二4～5	彼後2:4	-	book
彼前3:19#2	119	121	猶6	猶1:6	-	book
彼前3:19#2	132	136	來一14	來1:14	-	book
彼前3:19#2	179	182	羅十7	羅10:7	-	book
彼前3:19#3	12	16	彼後二4	彼後2:4	-	book
彼前3:19#3	17	19	猶6	猶1:6	-	book
彼前3:20#2	46	50	來二14	來2:14	-	book
彼前3:20#2	51	55	西二15	西2:15	-	book
彼前3:20#3	75	80	出十四22	出14:22	-	book
彼前3:20#3	81	83	29	出14:29	-	bare
彼前3:20#3	84	90	林前十1～2	林前10:1	-	book
彼前3:20#3	110	112	21	彼前3:21	-	bare
彼前3:20#4	21	26	徒二七44	徒27:44	-	book
彼前3:21#1	134	140	一18～19	彼前1:18	-	chapter
彼前3:21#1	229	234	羅六4～5	羅6:4	-	book
彼前3:21#1	252	255	二12	彼前2:12	-	chapter
彼前3:21#2	53	58	可十六16	可16:16	-	book
彼前3:21#2	59	64	徒二二16	徒22:16	-	book
彼前3:21#3	220	225	太二八19	太28:19	-	book
彼前3:22#1	102	105	羅六3	羅6:3	-	book
彼前3:22#1	106	110	加三27	加3:27	-	book
耶51:44#1	8	12	賽四六1	賽46:1	-	book
耶51:45#1	1	8	賽四八20註1	賽48:20	1	book
耶52:7#1	1	6	三九4註1	耶39:4	1	chapter
耶52:11#1	1	6	三九7註1	耶39:7	1	chapter
耶52:17#1	2	8	17～23節	耶52:17	-	bare
彼前4:1#2	34	38	一6～7	彼前1:6	-	chapter
彼前4:1#2	39	45	二18～25	彼前2:18	-	chapter
彼前4:1#2	46	51	三8～17	彼前3:8	-	chapter
彼前4:1#2	52	58	四12～19	彼前4:12	-	chapter
彼前4:1#2	76	82	三18～22	彼前3:18	-	chapter
彼前4:1#2	124	128	羅十二2	羅12:2	-	book
彼前4:1#4	13	14	2	彼前4:2	-	bare
彼前4:1#4	50	56	一18～19	彼前1:18	-	chapter
彼前4:1#4	95	98	3～4	彼前4:3	-	bare
彼前4:1#4	152	153	6	彼前4:6	-	bare
彼前4:2#1	18	21	一18	彼前1:18	-	chapter
彼前4:2#1	37	40	一15	彼前1:15	-	chapter
彼前4:2#1	50	53	二12	彼前2:12	-	chapter
彼前4:2#1	70	72	三2	彼前3:2	-	chapter
彼前4:2#1	85	88	三16	彼前3:16	-	chapter
彼前4:3#3	11	14	一18	彼前1:18	-	chapter
彼前4:4#1	29	30	2	彼前4:2	-	bare
彼前4:4#1	40	43	一18	彼前1:18	-	chapter
彼前4:4#1	54	55	3	彼前4:3	-	bare
彼前4:4#3	41	42	2	彼前4:2	-	bare
彼前4:4#3	123	125	12	彼前4:12	-	bare
彼前4:4#4	18	23	徒十三45	徒13:45	-	book
彼前4:4#4	24	29	彼前二12	彼前2:12	-	book
彼前4:4#4	30	33	三16	彼前3:16	-	chapter
彼前4:5#1	21	22	4	彼前4:4	-	bare
彼前4:5#1	29	30	3	彼前4:3	-	bare
彼前4:5#2	35	43	太二五31～46	太25:31	-	book
彼前4:5#2	69	77	啟二十11～15	啟20:11	-	book
彼前4:5#2	90	92	6節	彼前4:6	-	bare
彼前4:5#2	117	119	17	彼前4:17	-	bare
彼前4:5#2	122	127	一17註2	彼前1:17	2	chapter
彼前4:6#1	35	37	一6	彼前1:6	-	chapter
彼前4:6#1	38	44	二18～21	彼前2:18	-	chapter
彼前4:6#1	45	51	三16～17	彼前3:16	-	chapter
彼前4:6#1	52	58	四12～19	彼前4:12	-	chapter
彼前4:6#1	96	98	17	彼前4:17	-	bare
彼前4:6#1	237	242	17～18	彼前4:17	-	bare
彼前4:6#2	1	6	一17註2	彼前1:17	2	chapter
彼前4:6#3	21	24	約三6	約3:6	-	book
彼前4:6#3	25	32	羅八10～11	羅8:10	-	book
彼前4:6#3	54	57	羅八4	羅8:4	-	book
彼前4:7#1	50	51	2	彼前4:2	-	bare
彼前4:7#3	46	51	太二六41	太26:41	-	book
彼前4:7#3	52	57	路二一36	路21:36	-	book
彼前4:7#3	60	64	五8註1	彼前5:8	1	chapter
彼前4:10#2	1	6	一2註12	彼前1:2	12	chapter
彼前4:10#2	7	12	五10註2	彼前5:10	2	chapter
彼前4:10#2	59	65	林後十三14	林後13:14	-	book
彼前4:10#2	66	69	十二9	林後12:9	-	chapter
彼前4:11#1	17	20	10節	彼前4:10	-	bare
彼前4:11#2	28	32	腓一19	腓1:19	-	book
彼前4:11#2	33	36	四13	腓4:13	-	chapter
彼前4:12#1	26	31	箴二七21	箴27:21	-	book
彼前4:12#1	32	37	詩六六10	詩66:10	-	book
彼前4:12#1	40	42	一7	彼前1:7	-	chapter
彼前4:12#1	116	121	17～19	彼前4:17	-	bare
彼前4:12#3	1	4	4註3	彼前4:4	3	bare
彼前4:14#1	39	43	約三15	約3:15	-	book
彼前4:14#1	53	57	徒十九5	徒19:5	-	book
彼前4:14#1	68	72	加三27	加3:27	-	book
彼前4:14#1	84	89	林前一30	林前1:30	-	book
彼前4:14#1	99	104	林前六17	林前6:17	-	book
彼前4:14#1	137	139	13	彼前4:13	-	bare
彼前4:14#1	152	156	腓三10	腓3:10	-	book
彼前4:14#2	47	50	羅一4	羅1:4	-	book
彼前4:14#2	105	107	13	彼前4:13	-	bare
哀1:1#1	18	21	二11	哀2:11	-	chapter
哀1:1#1	22	25	三48	哀3:48	-	chapter
哀1:1#1	26	29	耶九1	耶9:1	-	book
哀1:1#1	127	133	耶四十1～6	耶40:1	-	book
彼前4:16#1	152	157	徒十一26	徒11:26	-	book
彼前4:17#1	129	134	一17註2	彼前1:17	2	chapter
彼前4:17#2	17	19	二5	彼前2:5	-	chapter
彼前4:17#2	20	23	來三6	來3:6	-	book
彼前4:17#2	24	29	提前三15	提前3:15	-	book
彼前4:17#2	30	34	弗二19	弗2:19	-	book
彼前4:17#2	131	136	彼後一11	彼後1:11	-	book
彼前4:17#3	84	86	一1	彼前1:1	-	chapter
彼前4:18#1	18	21	羅五1	羅5:1	-	book
彼前4:18#1	35	38	腓三9	腓3:9	-	book
彼前4:18#1	39	44	林後五21	林後5:21	-	book
彼前4:18#1	45	49	啟十九8	啟19:8	-	book
彼前4:18#2	46	50	帖前五3	帖前5:3	-	book
彼前4:18#2	51	55	8與註2	帖前5:8	2	bare
彼前4:18#3	52	59	帖後一6～10	帖後1:6	-	book
彼前4:19#1	31	34	三17	彼前3:17	-	chapter
彼前4:19#1	35	38	二15	彼前2:15	-	chapter
彼前4:19#1	39	43	帖前三3	帖前3:3	-	book
彼前4:19#4	24	28	太十28	太10:28	-	book
彼前4:19#5	102	107	路二三46	路23:46	-	book
彼前4:19#6	68	72	太十30	太10:30	-	book
彼前4:19#6	92	94	五7	彼前5:7	-	chapter
彼前5:1#1	3	8	1～11節	彼前5:1	-	bare
彼前5:1#1	13	19	四12～19	彼前4:12	-	chapter
彼前5:1#1	54	57	1～4	彼前5:1	-	bare
彼前5:1#1	66	67	5	彼前5:5	-	bare
彼前5:1#1	78	82	6～11	彼前5:6	-	bare
彼前5:1#2	15	20	太十1～4	太10:1	-	book
彼前5:1#2	21	25	徒一13	徒1:13	-	book
彼前5:1#2	50	53	約貳1	約貳1:1	-	book
彼前5:1#2	54	57	約參1	約參1:1	-	book
彼前5:1#2	58	62	徒十五6	徒15:6	-	book
彼前5:1#2	63	70	二一17～18	徒21:17	-	chapter
彼前5:1#3	18	21	徒一8	徒1:8	-	book
彼前5:1#3	51	55	徒五32	徒5:32	-	book
彼前5:1#3	56	59	十39	徒10:39	-	chapter
彼前5:1#3	83	88	徒二二20	徒22:20	-	book
彼前5:1#3	89	95	林後一8～9	林後1:8	-	book
彼前5:1#3	96	102	四10～11	林後4:10	-	chapter
彼前5:1#3	103	107	十一23	林後11:23	-	chapter
彼前5:1#3	108	114	林前十五31	林前15:31	-	book
彼前5:1#3	128	131	四13	彼前4:13	-	chapter
彼前5:1#3	144	148	腓三10	腓3:10	-	book
彼前5:1#4	35	39	羅八17	羅8:17	-	book
彼前5:1#4	56	59	一11	彼前1:11	-	chapter
彼前5:1#4	60	65	路二四26	路24:26	-	book
彼前5:1#5	11	17	提前三2註1	提前3:2	1	book
彼前5:1#5	34	39	來十三17	來13:17	-	book
彼前5:2#1	28	32	西一24	西1:24	-	book
彼前5:2#1	52	53	4	彼前5:4	-	bare
彼前5:2#2	13	18	徒二十28	徒20:28	-	book
彼前5:2#2	32	37	路十二32	路12:32	-	book
彼前5:2#2	68	76	太十三31～32	太13:31	-	book
彼前5:3#1	12	17	太二十25	太20:25	-	book
彼前5:3#1	54	62	太二十26～27	太20:26	-	book
彼前5:3#1	63	70	二三10～11	太23:10	-	chapter
彼前5:3#1	107	112	帖前五12	帖前5:12	-	book
彼前5:3#1	113	118	提前五17	提前5:17	-	book
彼前5:3#4	1	4	2註2	彼前5:2	2	bare
彼前5:4#1	24	29	林前九25	林前9:25	-	book
彼前5:4#1	30	34	提後四8	提後4:8	-	book
彼前5:4#1	96	101	彼後一11	彼後1:11	-	book
哀3:1#1	104	110	林後十一29	林後11:29	-	book
哀3:22#1	85	91	耶二三5～6	耶23:5	-	book
哀3:22#1	92	95	6註3	耶23:6	3	bare
哀3:23#2	61	68	創十五1～21	創15:1	-	book
哀3:23#2	69	75	十七1～22	創17:1	-	chapter
哀3:23#2	76	81	二六1～4	創26:1	-	chapter
哀3:23#2	82	89	三五11～12	創35:11	-	chapter
哀3:24#1	31	35	西一12	西1:12	-	book
哀3:24#1	36	38	27	西1:27	-	bare
哀3:24#1	115	120	22～23	哀3:22	-	bare
哀3:24#1	162	167	23～25	哀3:23	-	bare
哀3:24#1	168	170	55	哀3:55	-	bare
哀3:55#1	1	7	創四26註2	創4:26	2	book
彼前5:5#1	5	7	1節	彼前5:1	-	bare
彼前5:5#3	93	99	約十三4～7	約13:4	-	book
彼前5:5#3	104	107	一13	彼前1:13	-	chapter
彼前5:5#6	33	38	一2註12	彼前1:2	12	chapter
彼前5:5#6	39	44	四10註2	彼前4:10	2	chapter
彼前5:6#1	30	32	10	彼前5:10	-	bare
彼前5:8#1	55	59	四7註3	彼前4:7	3	chapter
彼前5:8#3	26	33	啟十二9～10	啟12:9	-	book
彼前5:8#3	34	37	9註4	啟12:9	4	bare
彼前5:8#4	1	6	太四1註2	太4:1	2	book
彼前5:8#7	34	35	6	彼前5:6	-	bare
彼前5:8#7	45	46	7	彼前5:7	-	bare
彼前5:8#7	133	138	路二二31	路22:31	-	book
彼前5:9#4	1	6	二17註1	彼前2:17	1	chapter
彼前5:10#2	175	180	一2註12	彼前1:2	12	chapter
彼前5:10#2	181	186	四10註2	彼前4:10	2	chapter
彼前5:10#3	212	214	一2	彼前1:2	-	chapter
彼前5:10#3	329	331	12	彼前5:12	-	bare
彼前5:10#6	1	8	林後十三9註2	林後13:9	2	book
彼前5:10#7	13	18	路二二32	路22:32	-	book
彼前5:10#9	113	115	一2	彼前1:2	-	chapter
彼前5:12#1	13	14	1	彼前5:1	-	bare
彼前5:12#2	7	10	10節	彼前5:10	-	bare
彼前5:12#2	113	115	10	彼前5:10	-	bare
彼前5:12#2	116	118	一2	彼前1:2	-	chapter
彼前5:12#2	119	122	四10	彼前4:10	-	chapter
彼前5:12#2	151	154	二21	彼前2:21	-	chapter
彼前5:12#2	155	161	三14～17	彼前3:14	-	chapter
彼前5:12#2	162	168	四12～16	彼前4:12	-	chapter
彼前5:12#2	216	218	10	彼前5:10	-	bare
彼前5:13#1	127	129	一1	彼前1:1	-	chapter
彼前5:13#1	161	166	提後一17	提後1:17	-	book
彼前5:13#1	194	199	徒十九21	徒19:21	-	book
彼前5:13#1	200	204	二八14	徒28:14	-	chapter
彼前5:13#1	205	207	16	徒28:16	-	bare
彼前5:13#1	208	211	羅一7	羅1:7	-	book
彼前5:13#1	212	214	15	羅1:15	-	bare
彼前5:13#1	257	261	啟十七5	啟17:5	-	book
彼前5:13#1	262	265	十八2	啟18:2	-	chapter
彼前5:13#2	34	38	林前九5	林前9:5	-	book
彼前5:13#3	11	16	徒十二12	徒12:12	-	book
彼前5:13#3	17	19	25	徒12:25	-	bare
彼前5:13#3	62	67	提後四11	提後4:11	-	book
彼前5:14#1	39	41	一2	彼前1:2	-	chapter
彼前5:14#1	50	53	四10	彼前4:10	-	chapter
彼前5:14#1	62	64	10	彼前5:10	-	bare
彼前5:14#1	74	76	12	彼前5:12	-	bare
彼前5:14#2	17	20	三16	彼前3:16	-	chapter
彼前5:14#2	21	24	五10	彼前5:10	-	chapter
彼前5:14#2	52	57	林前一30	林前1:30	-	book
彼前5:14#2	58	61	約三5	約3:5	-	book
彼前5:14#2	62	66	加三27	加3:27	-	book
彼前5:14#2	67	70	羅六3	羅6:3	-	book
彼前5:14#2	87	92	太二八19	太28:19	-	book
彼前5:14#2	106	111	林前六17	林前6:17	-	book
哀5:19#1	1	6	1～18節	哀5:1	-	bare
哀5:19#1	136	142	三22～23	哀3:22	-	chapter
哀5:19#1	225	230	來十二28	來12:28	-	book
哀5:19#1	231	235	啟二二3	啟22:3	-	book
哀5:20#1	6	9	19節	哀5:19	-	bare
哀5:20#1	20	26	20～22節	哀5:20	-	bare
哀5:21#1	105	110	亞十二10	亞12:10	-	book
哀5:21#1	111	116	羅十一26	羅11:26	-	book
哀5:21#1	117	120	啟一7	啟1:7	-	book
哀5:22#1	43	48	太十九28	太19:28	-	book
哀5:22#1	49	53	徒三21	徒3:21	-	book
哀5:22#1	98	103	三25註1	哀3:25	1	chapter
哀5:22#1	107	113	20～22節	哀5:20	-	bare
彼後1:1#2	29	36	約一41～42	約1:41	-	book
彼後1:1#3	13	17	彼前一1	彼前1:1	-	book
彼後1:1#6	155	158	腓二8	腓2:8	-	book
彼後1:1#6	170	174	來九12	來9:12	-	book
彼後1:1#6	186	190	羅五18	羅5:18	-	book
彼後1:1#6	231	238	羅三24～25	羅3:24	-	book
彼後1:1#6	248	252	羅三30	羅3:30	-	book
彼後1:1#6	264	268	羅三26	羅3:26	-	book
彼後1:1#8	16	20	書十三6	書13:6	-	book
彼後1:1#8	21	26	十四1～5	書14:1	-	chapter
彼後1:1#8	27	31	十九51	書19:51	-	chapter
彼後1:1#8	49	50	3	彼後1:3	-	bare
彼後1:1#8	87	88	4	彼後1:4	-	bare
彼後1:1#10	12	16	來十一1	來11:1	-	book
彼後1:1#10	58	59	3	彼後1:3	-	bare
彼後1:1#10	99	105	提前一1註1	提前1:1	1	book
彼後1:2#4	38	39	1	彼後1:1	-	bare
彼後1:3#1	187	190	創二9	創2:9	-	book
彼後1:3#1	191	196	16～17	創2:16	-	bare
彼後1:3#1	213	218	創三1～6	創3:1	-	book
彼後1:3#1	339	346	彼後一4～11	彼後1:4	-	book
彼後1:3#4	36	39	1～2	彼後1:1	-	bare
彼後1:3#4	81	83	16	彼後1:16	-	bare
彼後1:3#4	84	88	約一14	約1:14	-	book
彼後1:3#6	8	13	腓四8註7	腓4:8	7	book
彼後1:3#9	1	7	提前二2註1	提前2:2	1	book
彼後1:3#10	42	46	林後三6	林後3:6	-	book
彼後1:3#10	47	49	17	林後3:17	-	bare
彼後1:3#10	50	53	約三6	約3:6	-	book
彼後1:3#10	54	58	羅八11	羅8:11	-	book
彼後1:4#2	67	72	太二八20	太28:20	-	book
彼後1:4#2	73	77	約六57	約6:57	-	book
彼後1:4#2	78	84	七38～39	約7:38	-	chapter
彼後1:4#2	85	91	十28～29	約10:28	-	chapter
彼後1:4#2	92	99	十四19～20	約14:19	-	chapter
彼後1:4#2	100	102	23	約14:23	-	bare
彼後1:4#2	103	106	十五5	約15:5	-	chapter
彼後1:4#2	107	114	十六13～15	約16:13	-	chapter
彼後1:4#4	33	41	彼前一18～19	彼前1:18	-	book
彼後1:4#4	58	63	彼前二11	彼前2:11	-	book
彼後1:4#4	81	85	彼前四2	彼前4:2	-	book
彼後1:4#4	209	213	5～7節	彼後1:5	-	bare
彼後1:4#6	1	5	二1註5	彼後2:1	5	chapter
彼後1:4#7	54	58	約三15	約3:15	-	book
彼後1:4#7	59	63	加三27	加3:27	-	book
彼後1:4#7	64	69	太二八19	太28:19	-	book
結1:1#1	31	36	民四2～3	民4:2	-	book
結1:1#1	37	42	代上二三3	代上23:3	-	book
結1:1#1	44	48	路三23	路3:23	-	book
結1:1#1	98	106	林前二14～15	林前2:14	-	book
結1:1#1	107	111	三1～2	林前3:1	-	chapter
結1:1#2	56	61	賽八7～8	賽8:7	-	book
結1:1#2	154	160	創二12註1	創2:12	1	book
結1:1#3	15	23	創二八11～17	創28:11	-	book
結1:1#3	24	31	太三16～17	太3:16	-	book
結1:1#3	32	36	徒七56	徒7:56	-	book
結1:1#3	88	89	3	結1:3	-	bare
結1:1#4	39	44	弗三3～5	弗3:3	-	book
結1:1#4	45	49	啟一10	啟1:10	-	book
結1:1#4	50	52	四2	啟4:2	-	chapter
結1:1#4	53	56	十七3	啟17:3	-	chapter
結1:1#4	57	61	二一10	啟21:10	-	chapter
結1:1#4	160	166	三10～11	結3:10	-	chapter
結1:2#1	5	6	1	結1:1	-	bare
結1:2#1	36	44	王下二四8～16	王下24:8	-	book
結1:2#1	149	160	王下二四17～二五21	王下24:17	-	book
結1:3#1	13	19	創十一1～9	創11:1	-	book
結1:3#1	58	62	十二13	結12:13	-	chapter
結1:3#1	111	116	徒七2～4	徒7:2	-	book
結1:3#2	17	20	四十4	結40:4	-	chapter
結1:3#2	99	106	林前二9～13	林前2:9	-	book
結1:3#3	131	134	十二6	結12:6	-	chapter
結1:3#3	135	137	11	結12:11	-	bare
結1:3#3	138	142	二四24	結24:24	-	chapter
結1:3#3	143	145	27	結24:27	-	bare
結1:3#4	102	103	1	結1:1	-	bare
結1:3#5	67	73	王上十八46	王上18:46	-	book
結1:4#1	47	50	徒二2	徒2:2	-	book
結1:4#1	51	53	4上	徒2:4	-	bare
結1:4#1	94	99	耶四九36	耶49:36	-	book
結1:4#1	100	103	啟七1	啟7:1	-	book
結1:4#1	139	145	三七9～10	結37:9	-	chapter
結1:4#1	146	151	約三6～8	約3:6	-	book
結1:4#1	152	158	徒二2～21	徒2:2	-	book
結1:4#2	15	22	詩七五6～7上	詩75:6	-	book
結1:4#2	23	28	賽十四13	賽14:13	-	book
結1:4#3	38	43	出十三21	出13:21	-	book
結1:4#3	44	51	四十34～35	出40:34	-	chapter
結1:4#3	52	57	箴十六15	箴16:15	-	book
結1:4#3	58	64	林前十1～2	林前10:1	-	book
結1:4#4	22	26	申四24	申4:24	-	book
結1:4#4	27	32	來十二29	來12:29	-	book
結1:4#4	127	132	賽六5～7	賽6:5	-	book
結1:4#4	133	137	約壹一7	約壹1:7	-	book
結1:4#5	114	120	啟二二1註5	啟22:1	5	book
結1:4#5	293	299	約壹一7註4	約壹1:7	4	book
結1:5#1	94	99	賽十一12	賽11:12	-	book
結1:5#1	100	105	耶四九36	耶49:36	-	book
結1:5#1	106	109	啟七1	啟7:1	-	book
結1:5#2	41	43	26	結1:26	-	bare
結1:5#2	92	96	創一26	創1:26	-	book
結1:5#2	97	102	詩八4～8	詩8:4	-	book
結1:6#1	1	5	10註1	結1:10	1	bare
結1:6#2	26	28	10	結1:10	-	bare
結1:6#2	66	70	出十九4	出19:4	-	book
結1:6#2	71	76	賽四十31	賽40:31	-	book
結1:6#2	77	83	林前十五10	林前15:10	-	book
結1:6#2	84	89	林後一12	林後1:12	-	book
結1:6#2	90	92	四7	林後4:7	-	chapter
結1:6#2	93	96	十二9	林後12:9	-	chapter
結1:7#1	60	65	林後一12	林後1:12	-	book
結1:7#1	66	68	四2	林後4:2	-	chapter
結1:7#1	69	73	太五37	太5:37	-	book
結1:7#1	74	81	二一23～27	太21:23	-	chapter
結1:7#1	82	87	林前四21	林前4:21	-	book
結1:7#1	88	95	加二11～14	加2:11	-	book
結1:7#1	156	162	腓一9～10	腓1:9	-	book
結1:7#1	164	170	利十一3註1	利11:3	1	book
結1:7#1	225	231	啟一15註1	啟1:15	1	book
結1:7#1	250	254	詩二九6	詩29:6	-	book
結1:7#1	255	258	瑪四2	瑪4:2	-	book
結1:7#1	292	295	羅六4	羅6:4	-	book
結1:7#1	296	298	七6	羅7:6	-	chapter
結1:8#1	29	34	徒二十34	徒20:34	-	book
結1:8#1	59	64	林後一12	林後1:12	-	book
結1:8#1	65	71	林前十五10	林前15:10	-	book
結1:9#1	1	5	11註2	結1:11	2	bare
結1:9#2	1	5	12註1	結1:12	1	bare
結1:10#1	11	12	6	結1:6	-	bare
結1:10#1	72	75	啟五5	啟5:5	-	book
結1:10#1	76	80	羅五17	羅5:17	-	book
結1:10#1	110	116	林前十五10	林前15:10	-	book
結1:10#1	117	119	58	林前15:58	-	bare
結1:10#1	120	125	徒二十24	徒20:24	-	book
結1:10#1	126	130	腓二30	腓2:30	-	book
結1:10#1	157	161	約六15	約6:15	-	book
結1:10#1	162	169	腓四12～13	腓4:12	-	book
結1:10#1	205	214	林前十二12與註2	林前12:12	2	book
結1:10#1	318	323	太一1註1	太1:1	1	book
結1:11#2	0	3	11節	結1:11	-	bare
結1:11#2	5	8	14節	結1:14	-	bare
結1:11#2	152	160	出二六26～29	出26:26	-	book
結1:11#3	48	54	林前十五10	林前15:10	-	book
結1:11#3	55	60	林後一12	林後1:12	-	book
結1:11#3	61	63	四7	林後4:7	-	chapter
結1:11#3	89	93	詩十七8	詩17:8	-	book
結1:11#3	94	97	五七1	詩57:1	-	chapter
結1:11#3	98	101	六三7	詩63:7	-	chapter
結1:11#3	102	105	九一4	詩91:4	-	chapter
結1:11#3	106	112	林後十二9下	林後12:9	-	book
結1:11#3	125	126	5	結1:5	-	bare
結1:12#1	135	136	9	結1:9	-	bare
結1:12#1	184	190	羅十二4～8	羅12:4	-	book
結1:12#1	191	200	林前十二14～30	林前12:14	-	book
結1:12#1	201	207	弗四7～16	弗4:7	-	book
結1:12#1	369	374	4～12節	結1:4	-	bare
結1:12#2	33	37	加五16	加5:16	-	book
結1:12#2	38	40	25	加5:25	-	bare
結1:12#2	50	53	羅八4	羅8:4	-	book
結1:13#1	43	48	來十二29	來12:29	-	book
結1:13#1	50	56	出三2與註2	出3:2	2	book
結1:13#1	82	86	啟四5下	啟4:5	-	book
結1:13#1	119	121	26	結1:26	-	bare
結1:15#2	21	25	弗一10	弗1:10	-	book
結1:15#2	26	28	三9	弗3:9	-	chapter
結1:15#2	29	33	提前一4	提前1:4	-	book
結1:16#1	18	21	但十6	但10:6	-	book
結1:16#2	41	46	林前四17	林前4:17	-	book
結1:16#2	47	50	七17	林前7:17	-	chapter
結1:16#2	51	55	十一16	林前11:16	-	chapter
結1:16#2	56	60	十四33	林前14:33	-	chapter
結1:16#2	61	64	十六1	林前16:1	-	chapter
結1:16#2	65	70	帖前二14	帖前2:14	-	book
結1:16#2	72	77	啟二7註2	啟2:7	2	book
結1:16#2	78	83	一20註1	啟1:20	1	chapter
結1:16#3	35	39	雅五17	雅5:17	-	book
結1:17#1	33	37	12註1	結1:12	1	bare
結1:18#1	47	52	林前十五9	林前15:9	-	book
結1:18#1	53	58	林後十一5	林後11:5	-	book
結1:18#1	59	63	十二11	林後12:11	-	chapter
結1:18#1	64	70	弗三8～11	弗3:8	-	book
結1:20#1	7	9	19	結1:19	-	bare
結1:20#1	10	12	21	結1:21	-	bare
結1:20#1	45	50	林前六17	林前6:17	-	book
結1:22#1	2	7	4～21節	結1:4	-	bare
結1:22#1	143	148	徒二四16	徒24:16	-	book
結1:23#1	46	49	7註1	結1:7	1	bare
結1:23#2	38	44	林後三5～6	林後3:5	-	book
結1:23#2	45	48	十二9	林後12:9	-	chapter
結1:23#2	49	52	腓三3	腓3:3	-	book
結1:23#2	55	59	11註3	結1:11	3	bare
結1:24#1	70	74	徒二14	徒2:14	-	book
結1:25#1	47	53	出二一5～6	出21:5	-	book
結1:25#1	54	60	賽五十4～5	賽50:4	-	book
結1:25#1	61	68	路十38～42	路10:38	-	book
結1:26#1	89	96	太十一25註2	太11:25	2	book
結1:26#1	150	155	啟四2～3	啟4:2	-	book
結1:26#1	156	163	來四16與註1	來4:16	1	book
結1:26#1	165	170	提後四22	提後4:22	-	book
結1:26#2	33	38	出二四10	出24:10	-	book
結1:26#3	29	31	28	結1:28	-	bare
結1:26#3	85	88	約一1	約1:1	-	book
結1:26#3	89	91	14	約1:14	-	bare
結1:26#3	137	141	約六62	約6:62	-	book
結1:26#3	142	146	徒七56	徒7:56	-	book
結1:26#3	194	199	太十九28	太19:28	-	book
結1:26#3	200	204	啟二二1	啟22:1	-	book
結1:26#3	205	206	3	啟22:3	-	bare
結1:26#3	299	306	創一26～28	創1:26	-	book
結1:26#3	351	354	5註2	結1:5	2	bare
結1:26#3	372	380	提前三15～16	提前3:15	-	book
結1:26#3	469	474	來二6～9	來2:6	-	book
結1:26#3	495	502	來二10～12	來2:10	-	book
結1:26#3	503	507	啟三21	啟3:21	-	book
結1:26#3	508	511	二二5	啟22:5	-	chapter
結1:27#1	153	156	4註4	結1:4	4	bare
結1:27#1	207	212	來十二29	來12:29	-	book
結1:27#1	252	255	4註5	結1:4	5	bare
結1:28#1	88	94	創九13註1	創9:13	1	book
結1:28#1	199	205	創三24註1	創3:24	1	book
結1:28#1	259	264	林前一30	林前1:30	-	book
結1:28#1	368	376	啟二一19～20	啟21:19	-	book
結1:28#1	435	442	啟二一19註1	啟21:19	1	book
彼後1:5#2	16	17	1	彼後1:1	-	bare
彼後1:5#3	1	7	腓一19註3	腓1:19	3	book
彼後1:5#3	8	12	5～7節	彼後1:5	-	bare
彼後1:5#3	14	18	3～4節	彼後1:3	-	bare
彼後1:5#4	8	13	腓四8註7	腓4:8	7	book
彼後1:5#4	34	37	3註6	彼後1:3	6	bare
彼後1:5#5	31	34	2～3	彼後1:2	-	bare
彼後1:5#5	35	36	8	彼後1:8	-	bare
彼後1:5#5	85	88	3～4	彼後1:3	-	bare
彼後1:7#1	74	79	彼前二17	彼前2:17	-	book
彼後1:7#1	80	82	三8	彼前3:8	-	chapter
彼後1:7#1	83	87	加六10	加6:10	-	book
彼後1:7#1	98	106	約十三34～35	約13:34	-	book
彼後1:7#1	115	123	約十五16～17	約15:16	-	book
彼後1:7#2	27	31	約壹四8	約壹4:8	-	book
彼後1:7#2	32	34	16	約壹4:16	-	bare
彼後1:7#2	63	70	羅十三8～10	羅13:8	-	book
彼後1:7#2	71	78	加五13～14	加5:13	-	book
彼後1:7#2	96	100	太五44	太5:44	-	book
彼後1:7#2	101	103	46	太5:46	-	bare
彼後1:7#2	119	120	3	彼後1:3	-	bare
彼後1:7#2	132	133	4	彼後1:4	-	bare
彼後1:7#2	229	230	8	彼後1:8	-	bare
彼後1:8#1	1	5	5～7節	彼後1:5	-	bare
彼後1:8#6	3	7	5～7節	彼後1:5	-	bare
彼後1:8#7	87	89	2節	彼後1:2	-	bare
彼後1:8#7	111	113	3節	彼後1:3	-	bare
彼後1:8#7	127	129	8節	彼後1:8	-	bare
彼後1:8#8	1	4	2註2	彼後1:2	2	bare
彼後1:9#1	1	4	8註1	彼後1:8	1	bare
彼後1:10#3	1	4	8註1	彼後1:8	1	bare
彼後1:11#2	26	29	3～7	彼後1:3	-	bare
彼後1:11#2	149	156	來十二28註1	來12:28	1	book
彼後1:11#3	20	27	但七13～14	但7:13	-	book
彼後1:11#3	42	50	路十九11～12	路19:11	-	book
彼後1:11#3	117	122	提後二12	提後2:12	-	book
彼後1:11#3	123	127	啟二十4	啟20:4	-	book
彼後1:11#3	128	129	6	啟20:6	-	bare
彼後1:11#3	173	178	彼前五10	彼前5:10	-	book
彼後1:11#3	179	187	帖前二12與註2	帖前2:12	2	book
彼後1:12#1	31	36	3～11節	彼後1:3	-	bare
彼後1:12#1	70	76	12～21節	彼後1:12	-	bare
彼後1:13#1	8	12	林後五1	林後5:1	-	book
彼後1:14#1	12	16	林後五4	林後5:4	-	book
彼後1:14#1	37	41	提後四6	提後4:6	-	book
彼後1:14#2	25	33	約二一15～19	約21:15	-	book
彼後1:16#4	26	28	17	彼後1:17	-	bare
彼後1:16#4	56	62	太十七1～2	太17:1	-	book
彼後1:16#4	63	67	路九32	路9:32	-	book
彼後1:16#5	101	108	路九26～36	路9:26	-	book
彼後1:17#1	15	22	路九34～35	路9:34	-	book
彼後1:17#1	45	50	出二五20	出25:20	-	book
彼後1:17#1	51	55	四十34	出40:34	-	chapter
結2:3#1	23	27	出十九6	出19:6	-	book
結2:3#1	46	51	十五1～8	結15:1	-	chapter
結2:3#1	52	56	十九10	結19:10	-	chapter
結2:3#1	71	74	十六8	結16:8	-	chapter
結2:3#1	75	78	二三4	結23:4	-	chapter
結2:3#1	112	116	出十九5	出19:5	-	book
結2:3#1	134	135	3	結2:3	-	bare
結2:3#1	146	147	6	結2:6	-	bare
結2:3#1	153	155	六9	結6:9	-	chapter
結2:3#1	156	160	十六15	結16:15	-	chapter
結2:3#1	161	165	二三30	結23:30	-	chapter
結2:3#1	170	171	6	結2:6	-	bare
結2:3#1	177	181	二二18	結22:18	-	chapter
結2:3#1	216	221	十四3～5	結14:3	-	chapter
結2:3#1	247	250	二五8	結25:8	-	chapter
結2:3#1	252	259	王上十一1～2	王上11:1	-	book
結2:3#1	260	267	十六30～31	王上16:30	-	chapter
結2:3#1	288	292	十一12	結11:12	-	chapter
結2:3#1	317	320	啟二4	啟2:4	-	book
結2:3#1	321	326	12～15	啟2:12	-	bare
結2:3#1	373	377	八2～4	結8:2	-	chapter
結2:3#1	378	380	10	結8:10	-	bare
結2:3#1	381	383	九3	結9:3	-	chapter
結2:3#1	396	403	二二17～22	結22:17	-	chapter
結2:3#1	424	428	二二29	結22:29	-	chapter
結2:3#1	494	499	彼前四17	彼前4:17	-	book
結3:17#1	58	61	三三7	結33:7	-	chapter
結3:17#1	131	133	九4	結9:4	-	chapter
結3:17#1	164	168	六8～9	結6:8	-	chapter
結3:17#1	194	198	十一16	結11:16	-	chapter
結3:17#1	230	234	十一17	結11:17	-	chapter
結3:17#1	259	263	二十40	結20:40	-	chapter
結3:17#1	298	305	十七22～23	結17:22	-	chapter
結3:17#1	315	319	二一10	結21:10	-	chapter
結3:17#1	333	337	二一27	結21:27	-	chapter
結3:17#1	363	367	二九21	結29:21	-	chapter
結3:17#1	410	415	亞十二10	亞12:10	-	book
結3:17#1	416	419	啟一7	啟1:7	-	book
結3:17#1	486	491	賽二2～4	賽2:2	-	book
結5:6#1	1	6	申四1註1	申4:1	1	book
彼後1:19#3	37	42	羅十三12	羅13:12	-	book
彼後1:19#4	185	192	太二四27註1	太24:27	1	book
彼後1:19#4	193	199	帖後二8註4	帖後2:8	4	book
彼後1:19#4	231	233	16	彼後1:16	-	bare
彼後1:19#4	250	253	瑪四2	瑪4:2	-	book
彼後1:19#4	295	299	啟二28	啟2:28	-	book
彼後1:19#4	300	304	二二16	啟22:16	-	chapter
彼後1:19#4	324	328	提後四8	提後4:8	-	book
彼後1:21#2	44	46	17	彼後1:17	-	bare
彼後1:21#2	47	50	18節	彼後1:18	-	bare
彼後2:1#1	98	103	猶4～19	猶1:4	-	book
彼後2:1#3	74	78	徒五17	徒5:17	-	book
彼後2:1#3	79	82	十五5	徒15:5	-	chapter
彼後2:1#3	83	86	二四5	徒24:5	-	chapter
彼後2:1#3	87	89	14	徒24:14	-	bare
彼後2:1#3	90	93	二六5	徒26:5	-	chapter
彼後2:1#3	94	98	二八22	徒28:22	-	chapter
彼後2:1#3	99	105	林前十一19	林前11:19	-	book
彼後2:1#3	106	110	加五20	加5:20	-	book
彼後2:1#3	117	121	多三10	多3:10	-	book
彼後2:1#5	67	69	三6	彼後3:6	-	chapter
彼後2:1#5	102	106	太十28	太10:28	-	book
彼後2:1#5	107	110	二二7	太22:7	-	chapter
彼後2:1#5	111	115	可十二9	可12:9	-	book
彼後2:1#5	116	121	路十七27	路17:27	-	book
彼後2:1#5	122	124	29	路17:29	-	bare
彼後2:1#5	125	129	約三16	約3:16	-	book
彼後2:1#5	130	133	十28	約10:28	-	chapter
彼後2:1#5	134	138	十七12	約17:12	-	chapter
彼後2:1#5	139	146	林前十9～10	林前10:9	-	book
彼後2:1#5	147	152	林後二15	林後2:15	-	book
彼後2:1#5	153	155	四3	林後4:3	-	chapter
彼後2:1#5	156	161	帖後二10	帖後2:10	-	book
彼後2:1#5	162	164	猶5	猶1:5	-	book
彼後2:1#5	165	167	11	猶1:11	-	bare
彼後2:1#5	182	184	三9	彼後3:9	-	chapter
彼後2:1#5	266	268	二1	彼後2:1	-	chapter
彼後2:1#5	273	274	3	彼後2:3	-	bare
彼後2:1#5	275	277	三7	彼後3:7	-	chapter
彼後2:1#5	278	280	16	彼後3:16	-	bare
彼後2:1#5	306	313	彼前一17註2	彼前1:17	2	book
彼後2:1#5	318	320	二1	彼後2:1	-	chapter
彼後2:1#5	321	322	3	彼後2:3	-	bare
彼後2:1#5	323	325	三7	彼後3:7	-	chapter
彼後2:1#5	326	331	約十七12	約17:12	-	book
彼後2:1#5	332	336	羅九22	羅9:22	-	book
彼後2:1#5	337	341	腓一28	腓1:28	-	book
彼後2:1#5	342	345	三19	腓3:19	-	chapter
彼後2:1#5	346	350	帖後二3	帖後2:3	-	book
彼後2:1#5	351	355	啟十七8	啟17:8	-	book
彼後2:1#5	356	358	11	啟17:11	-	bare
彼後2:1#5	369	372	三16	彼後3:16	-	chapter
彼後2:1#5	379	383	來十39	來10:39	-	book
彼後2:1#5	411	415	太七13	太7:13	-	book
彼後2:1#5	416	420	提前六9	提前6:9	-	book
彼後2:1#5	489	491	一4	彼後1:4	-	chapter
彼後2:1#5	492	495	二19	彼後2:19	-	chapter
彼後2:1#5	503	506	12節	彼後2:12	-	bare
彼後2:1#5	528	531	12節	彼後2:12	-	bare
彼後2:1#5	549	552	猶10	猶1:10	-	book
彼後2:1#5	579	583	羅八21	羅8:21	-	book
彼後2:1#5	584	592	林前三17與註1	林前3:17	1	book
彼後2:1#5	596	600	十五33	林前15:33	-	chapter
彼後2:1#5	601	605	林後七2	林後7:2	-	book
彼後2:1#5	606	609	十一3	林後11:3	-	chapter
彼後2:1#5	610	613	加六8	加6:8	-	book
彼後2:1#5	614	619	啟十一18	啟11:18	-	book
彼後2:1#5	620	623	十九2	啟19:2	-	chapter
彼後2:2#2	28	32	提前二4	提前2:4	-	book
彼後2:2#2	33	36	三15	提前3:15	-	chapter
彼後2:2#2	37	39	四3	提前4:3	-	chapter
彼後2:2#2	40	45	提後二15	提後2:15	-	book
彼後2:2#2	46	48	18	提後2:18	-	bare
彼後2:2#2	49	52	多一1	多1:1	-	book
彼後2:2#2	75	80	15與註1	彼後2:15	1	bare
彼後2:2#2	82	87	來十二13	來12:13	-	book
彼後2:2#2	93	95	21	彼後2:21	-	bare
彼後2:2#2	98	103	太二一32	太21:32	-	book
彼後2:2#2	111	115	路一79	路1:79	-	book
彼後2:2#2	116	120	羅三17	羅3:17	-	book
彼後2:2#2	129	134	徒十六17	徒16:17	-	book
彼後2:2#2	142	147	太二二16	太22:16	-	book
彼後2:2#2	148	153	徒十八26	徒18:26	-	book
彼後2:2#2	161	165	約一23	約1:23	-	book
彼後2:2#2	166	171	徒十八25	徒18:25	-	book
彼後2:2#2	178	181	徒九2	徒9:2	-	book
彼後2:2#2	182	185	十九9	徒19:9	-	chapter
彼後2:2#2	186	188	23	徒19:23	-	bare
彼後2:2#2	189	192	二二4	徒22:4	-	chapter
彼後2:2#2	193	197	二四22	徒24:22	-	chapter
彼後2:2#2	211	216	徒二四14	徒24:14	-	book
彼後2:3#1	15	23	彼前四17～18	彼前4:17	-	book
彼後2:3#1	60	61	4	彼後2:4	-	bare
彼後2:3#1	87	90	5～9	彼後2:5	-	bare
彼後2:3#1	113	115	10	彼後2:10	-	bare
彼後2:3#1	147	149	三7	彼後3:7	-	chapter
彼後2:3#1	191	198	彼前一17註2	彼前1:17	2	book
彼後2:3#2	6	10	4～9節	彼後2:4	-	bare
彼後2:3#3	1	4	1註5	彼後2:1	5	bare
結6:8#1	1	6	三17註1	結3:17	1	chapter
結8:2#1	16	21	一27註1	結1:27	1	chapter
結8:2#2	1	5	一4註5	結1:4	5	chapter
結8:3#1	100	102	九3	結9:3	-	chapter
結8:3#1	103	106	十19	結10:19	-	chapter
結8:3#1	107	111	十一23	結11:23	-	chapter
結8:3#1	114	120	十一23註1	結11:23	1	chapter
結9:3#1	1	5	八3註1	結8:3	1	chapter
結9:4#1	1	6	三17註1	結3:17	1	chapter
彼後2:4#1	9	16	彼前三19註2	彼前3:19	2	book
彼後2:4#1	17	23	啟十二4註1	啟12:4	1	book
彼後2:4#2	24	31	彼前三19註3	彼前3:19	3	book
彼後2:4#4	8	10	猶6	猶1:6	-	book
彼後2:4#4	54	62	啟二十11～15	啟20:11	-	book
彼後2:4#4	105	110	啟二十10	啟20:10	-	book
彼後2:4#4	159	166	彼前一17註2	彼前1:17	2	book
彼後2:5#1	35	38	5～9	彼後2:5	-	bare
彼後2:6#2	32	38	彼前四2～3	彼前4:2	-	book
彼後2:6#2	53	58	彼前一18	彼前1:18	-	book
彼後2:7#1	12	14	8節	彼後2:8	-	bare
彼後2:7#2	1	4	6註2	彼後2:6	2	bare
彼後2:9#1	10	11	5	彼後2:5	-	bare
彼後2:9#1	12	13	7	彼後2:7	-	bare
彼後2:9#1	32	33	6	彼後2:6	-	bare
彼後2:9#2	40	43	5～7	彼後2:5	-	bare
彼後2:9#4	1	8	彼前一17註2	彼前1:17	2	book
彼後2:9#5	17	21	三7註5	彼後3:7	5	chapter
彼後2:9#5	22	26	二4註4	彼後2:4	4	chapter
彼後2:9#5	27	31	猶6註4	猶1:6	4	book
彼後2:10#1	14	18	1～3節	彼後2:1	-	bare
彼後2:10#1	106	108	10	彼後2:10	-	bare
彼後2:10#1	109	114	13～14	彼後2:13	-	bare
彼後2:10#1	115	117	18	彼後2:18	-	bare
彼後2:10#1	140	142	12	彼後2:12	-	bare
彼後2:10#1	159	161	13	彼後2:13	-	bare
彼後2:10#1	178	180	15	彼後2:15	-	bare
彼後2:10#1	196	201	17～19	彼後2:17	-	bare
彼後2:10#1	215	220	20～22	彼後2:20	-	bare
彼後2:10#2	42	46	徒二36	徒2:36	-	book
彼後2:10#2	47	51	弗一21	弗1:21	-	book
彼後2:10#2	52	56	西一16	西1:16	-	book
彼後2:10#4	24	26	11	彼後2:11	-	bare
彼後2:10#4	27	29	猶9	猶1:9	-	book
彼後2:10#4	30	35	多三1～2	多3:1	-	book
彼後2:11#1	18	21	10節	彼後2:10	-	bare
彼後2:11#1	27	29	猶9	猶1:9	-	book
彼後2:12#1	82	89	羅一23～32	羅1:23	-	book
彼後2:12#1	102	106	弗四19	弗4:19	-	book
彼後2:12#1	133	137	徒二三8	徒23:8	-	book
彼後2:12#1	179	186	提前四2與註3	提前4:2	3	book
彼後2:12#1	199	202	猶10	猶1:10	-	book
彼後2:12#1	204	207	猶19	猶1:19	-	book
彼後2:12#3	32	34	19	彼後2:19	-	bare
彼後2:12#3	45	49	一3～4	彼後1:3	-	chapter
彼後2:12#3	72	75	1註5	彼後2:1	5	bare
彼後2:15#1	11	15	2與註2	彼後2:2	2	bare
彼後2:15#1	21	26	21與註1	彼後2:21	1	bare
彼後2:15#3	30	34	民二二5	民22:5	-	book
彼後2:15#3	35	36	7	民22:7	-	bare
彼後2:15#3	37	41	申二三4	申23:4	-	book
彼後2:15#3	42	46	尼十三2	尼13:2	-	book
彼後2:15#3	47	51	啟二14	啟2:14	-	book
彼後2:17#1	39	42	猶12	猶1:12	-	book
彼後2:19#1	1	4	1註5	彼後2:1	5	bare
彼後2:21#1	23	27	2與註2	彼後2:2	2	bare
彼後2:21#1	32	37	15與註1	彼後2:15	1	bare
彼後2:21#1	65	70	羅十四17	羅14:17	-	book
彼後2:21#1	71	75	太五20	太5:20	-	book
彼後2:21#1	85	86	3	彼後2:3	-	bare
彼後2:21#1	87	88	9	彼後2:9	-	bare
彼後2:21#1	192	197	彼前一15	彼前1:15	-	book
彼後2:21#1	198	201	三16	彼前3:16	-	chapter
彼後2:21#1	202	203	2	彼前3:2	-	bare
彼後2:21#1	204	207	二12	彼前2:12	-	chapter
彼後2:21#1	208	213	彼後三11	彼後3:11	-	book
彼後2:21#1	227	228	7	彼後2:7	-	bare
彼後2:21#1	229	234	彼前一18	彼前1:18	-	book
彼後2:22#1	21	26	利十一27	利11:27	-	book
彼後2:22#1	27	28	7	利11:7	-	bare
彼後2:22#1	29	35	太七6與註2	太7:6	2	book
彼後2:22#1	169	175	約貳9～11	約貳1:9	-	book
結11:16#1	0	6	16～17節	結11:16	-	bare
結11:16#1	8	13	三17註1	結3:17	1	chapter
結11:19#1	0	6	19～20節	結11:19	-	bare
結11:19#1	8	15	三六26～27	結36:26	-	chapter
結11:23#1	26	32	十四21註1	結14:21	1	chapter
結11:23#1	76	81	出四十34	出40:34	-	book
結11:23#1	179	187	王上八10～11	王上8:10	-	book
結11:23#1	236	239	徒一9	徒1:9	-	book
結11:23#1	240	242	12	徒1:12	-	bare
結11:23#1	254	258	八3註1	結8:3	1	chapter
彼後3:2#1	20	22	16	彼後3:16	-	bare
彼後3:2#1	23	26	一20	彼後1:20	-	chapter
彼後3:2#1	50	54	徒二42	徒2:42	-	book
彼後3:2#1	113	120	彼前一9～12	彼前1:9	-	book
彼後3:2#1	151	157	一12～21	彼後1:12	-	chapter
彼後3:3#1	1	7	提後三1註2	提後3:1	2	book
彼後3:3#2	6	8	二1	彼後2:1	-	chapter
彼後3:4#2	13	20	詩七二6～17	詩72:6	-	book
彼後3:4#2	21	27	一一○1～3	詩110:1	-	chapter
彼後3:4#2	28	33	一一八26	詩118:26	-	chapter
彼後3:4#2	34	41	但七13～14	但7:13	-	book
彼後3:4#2	42	48	亞十四3～9	亞14:3	-	book
彼後3:4#2	49	54	瑪四1～3	瑪4:1	-	book
彼後3:4#2	63	64	2	彼後3:2	-	bare
彼後3:5#1	107	110	1～2	彼後3:1	-	bare
彼後3:5#2	7	8	4	彼後3:4	-	bare
彼後3:5#2	29	33	來十一3	來11:3	-	book
彼後3:5#2	48	51	來一3	來1:3	-	book
彼後3:5#2	72	73	7	彼後3:7	-	bare
彼後3:5#3	18	21	創一1	創1:1	-	book
彼後3:5#3	36	40	詩三三6	詩33:6	-	book
彼後3:5#3	49	55	伯三八4～7	伯38:4	-	book
彼後3:5#4	20	23	創一1	創1:1	-	book
彼後3:5#4	31	34	創一9	創1:9	-	book
彼後3:5#4	46	50	詩三三9	詩33:9	-	book
彼後3:6#1	1	3	5節	彼後3:5	-	bare
彼後3:6#1	50	57	創七17～24	創7:17	-	book
彼後3:6#3	88	93	創六5～7	創6:5	-	book
彼後3:6#3	94	99	11～13	創6:11	-	bare
彼後3:6#3	100	102	17	創6:17	-	bare
彼後3:6#3	214	222	太二四37～39	太24:37	-	book
彼後3:6#4	11	15	創六13	創6:13	-	book
彼後3:6#4	16	18	17	創6:17	-	bare
彼後3:6#4	19	22	九11	創9:11	-	chapter
彼後3:6#4	28	30	二5	彼後2:5	-	chapter
彼後3:6#5	14	18	創六13	創6:13	-	book
彼後3:6#5	19	21	17	創6:17	-	bare
彼後3:6#5	24	28	二1註5	彼後2:1	5	chapter
彼後3:7#1	2	4	6節	彼後3:6	-	bare
彼後3:7#1	22	26	創八22	創8:22	-	book
彼後3:7#1	54	58	創九11	創9:11	-	book
彼後3:7#2	6	8	5節	彼後3:5	-	bare
彼後3:7#4	6	8	二1	彼後2:1	-	chapter
彼後3:7#4	18	19	3	彼後3:3	-	bare
彼後3:7#5	25	34	啟二十11～二一1	啟20:11	-	book
彼後3:7#5	64	68	二3註1	彼後2:3	1	chapter
彼後3:7#5	83	88	啟二十13	啟20:13	-	book
彼後3:7#5	109	116	彼前一17註2	彼前1:17	2	book
彼後3:7#5	165	166	8	彼後3:8	-	bare
彼後3:7#6	1	5	二1註5	彼後2:1	5	chapter
彼後3:7#7	23	28	啟二十11	啟20:11	-	book
彼後3:7#7	38	40	10	彼後3:10	-	bare
彼後3:7#7	56	57	6	彼後3:6	-	bare
彼後3:7#7	139	141	二1	彼後2:1	-	chapter
彼後3:7#7	150	151	3	彼後3:3	-	bare
彼後3:9#2	12	13	3	彼後3:3	-	bare
彼後3:9#3	33	37	彼前二9	彼前2:9	-	book
彼後3:9#3	38	45	多二14與註4	多2:14	4	book
彼後3:9#4	1	5	二1註5	彼後2:1	5	chapter
彼後3:9#4	62	70	彼前四17～18	彼前4:17	-	book
彼後3:9#4	71	75	18註2	彼前4:18	2	bare
彼後3:9#4	76	80	帖前五3	帖前5:3	-	book
彼後3:9#4	81	85	8與註2	帖前5:8	2	bare
彼後3:9#6	9	11	15	彼後3:15	-	bare
彼後3:9#6	25	27	10	彼後3:10	-	bare
彼後3:9#6	45	47	11	彼後3:11	-	bare
結14:3#1	44	52	約壹五21與註3	約壹5:21	3	book
結14:3#1	80	81	5	結14:5	-	bare
結14:3#1	108	109	3	結14:3	-	bare
結14:3#1	111	116	耶二九13	耶29:13	-	book
結14:21#1	4	7	五17	結5:17	-	chapter
結14:21#1	46	51	彼前四17	彼前4:17	-	book
結14:21#1	96	101	徒二十29	徒20:29	-	book
結14:21#1	132	134	15	結14:15	-	bare
結14:21#1	135	138	七21	結7:21	-	chapter
結14:21#1	139	147	代下三六9～10	代下36:9	-	book
結14:21#1	148	150	17	代下36:17	-	bare
結14:21#1	151	153	20	代下36:20	-	bare
結14:21#1	154	159	耶五二15	耶52:15	-	book
結14:21#1	173	178	加五2～4	加5:2	-	book
結14:21#1	191	193	九3	結9:3	-	chapter
結14:21#1	194	201	十一22～23	結11:22	-	chapter
結14:21#1	215	218	啟二5	啟2:5	-	book
結14:21#1	220	228	提前三15～16	提前3:15	-	book
結14:21#1	229	235	林前十四25	林前14:25	-	book
結14:21#1	251	255	三三21	結33:21	-	chapter
結14:21#1	256	262	代下三六19	代下36:19	-	book
結14:21#1	263	271	耶五二12～14	耶52:12	-	book
結14:21#1	291	298	弗二20～22	弗2:20	-	book
結14:21#1	299	304	羅十四17	羅14:17	-	book
結15:2#1	46	52	約十五1～8	約15:1	-	book
結15:2#1	84	88	士九13	士9:13	-	book
結15:2#1	109	111	二6	結2:6	-	chapter
結15:2#1	113	118	賽五1～7	賽5:1	-	book
彼後3:10#1	10	17	帖前五2與註1	帖前5:2	1	book
彼後3:10#2	8	14	帖前五3～4	帖前5:3	-	book
彼後3:10#2	27	31	啟十八1	啟18:1	-	book
彼後3:10#2	32	36	十九11	啟19:11	-	chapter
彼後3:10#2	37	42	二十4～6	啟20:4	-	chapter
彼後3:10#4	12	16	啟二十7	啟20:7	-	book
彼後3:10#4	17	19	11	啟20:11	-	bare
彼後3:10#4	40	43	7註5	彼後3:7	5	bare
彼後3:10#7	13	17	來一12	來1:12	-	book
彼後3:10#7	29	34	啟二十11	啟20:11	-	book
彼後3:10#7	50	54	啟二一1	啟21:1	-	book
彼後3:10#7	102	104	13	彼後3:13	-	bare
彼後3:10#7	105	109	啟二一1	啟21:1	-	book
彼後3:10#7	171	176	太二四35	太24:35	-	book
彼後3:10#7	177	182	彼前一25	彼前1:25	-	book
彼後3:11#1	83	90	西一20與註4	西1:20	4	book
彼後3:11#1	110	117	來九23與註1	來9:23	1	book
彼後3:11#1	153	155	13	彼後3:13	-	bare
彼後3:11#2	32	34	一3	彼後1:3	-	chapter
彼後3:12#2	12	14	10	彼後3:10	-	bare
彼後3:12#2	39	43	賽二12	賽2:12	-	book
彼後3:12#2	44	48	珥一15	珥1:15	-	book
彼後3:12#2	49	52	二11	珥2:11	-	chapter
彼後3:12#2	53	55	31	珥2:31	-	bare
彼後3:12#2	56	59	三14	珥3:14	-	chapter
彼後3:12#2	60	64	摩五18	摩5:18	-	book
彼後3:12#2	65	67	20	摩5:20	-	bare
彼後3:12#2	68	71	俄15	俄1:15	-	book
彼後3:12#2	72	75	番一7	番1:7	-	book
彼後3:12#2	76	78	14	番1:14	-	bare
彼後3:12#2	79	81	18	番1:18	-	bare
彼後3:12#2	82	86	二2～3	番2:2	-	chapter
彼後3:12#2	87	91	亞十四1	亞14:1	-	book
彼後3:12#2	92	95	瑪四1	瑪4:1	-	book
彼後3:12#2	96	97	5	瑪4:5	-	bare
彼後3:12#2	151	157	林前四3～5	林前4:3	-	book
彼後3:12#2	180	187	太二四3與註3	太24:3	3	book
彼後3:12#2	218	226	啟二十11～15	啟20:11	-	book
彼後3:12#2	271	275	啟十二5	啟12:5	-	book
彼後3:12#2	276	279	十四1	啟14:1	-	chapter
彼後3:12#2	322	329	啟六12～17	啟6:12	-	book
彼後3:12#2	330	335	八7～12	啟8:7	-	chapter
彼後3:12#2	377	385	太二四21～22	太24:21	-	book
彼後3:12#2	386	388	29	太24:29	-	bare
彼後3:12#2	389	397	啟八13～九21	啟8:13	-	book
彼後3:12#2	398	402	十一14	啟11:14	-	chapter
彼後3:12#2	403	411	十五5～十六21	啟15:5	-	chapter
彼後3:12#2	425	429	啟三10	啟3:10	-	book
彼後3:12#2	438	442	賽二12	賽2:12	-	book
彼後3:12#2	443	449	亞十四1～2	亞14:1	-	book
彼後3:12#2	450	453	瑪四1	瑪4:1	-	book
彼後3:12#2	454	455	5	瑪4:5	-	bare
彼後3:12#2	456	463	珥一15～20	珥1:15	-	book
彼後3:12#2	464	466	二1	珥2:1	-	chapter
彼後3:12#2	467	469	11	珥2:11	-	bare
彼後3:12#2	470	472	31	珥2:31	-	bare
彼後3:12#2	493	498	啟十二17	啟12:17	-	book
彼後3:12#2	536	539	啟十1	啟10:1	-	book
彼後3:12#2	578	584	林前十五52	林前15:52	-	book
彼後3:12#2	585	593	帖前四16～17	帖前4:16	-	book
彼後3:12#2	594	602	啟十四14～16	啟14:14	-	book
彼後3:12#2	629	634	林後五10	林後5:10	-	book
彼後3:12#2	650	656	啟十九7～8	啟19:7	-	book
彼後3:12#2	687	693	亞十四4～5	亞14:4	-	book
彼後3:12#2	694	697	猶14	猶1:14	-	book
彼後3:12#2	698	703	帖前三13	帖前3:13	-	book
彼後3:12#2	751	759	啟十九11～21	啟19:11	-	book
彼後3:12#2	776	784	啟十八1～十九3	啟18:1	-	book
彼後3:12#2	805	812	亞十二2～14	亞12:2	-	book
彼後3:12#2	813	818	羅十一26	羅11:26	-	book
彼後3:12#2	819	824	太二四31	太24:31	-	book
彼後3:12#2	825	828	徒一6	徒1:6	-	book
彼後3:12#2	848	854	啟二十1～3	啟20:1	-	book
彼後3:12#2	872	880	太二五31～46	太25:31	-	book
彼後3:12#2	881	884	珥三2	珥3:2	-	book
彼後3:12#2	895	901	啟二十4～6	啟20:4	-	book
彼後3:12#2	976	983	啟二十7～10	啟20:7	-	book
彼後3:12#2	1006	1007	7	彼後3:7	-	bare
彼後3:12#2	1008	1010	10	彼後3:10	-	bare
彼後3:12#2	1023	1031	啟二十11～15	啟20:11	-	book
彼後3:12#2	1063	1068	二4與註4	彼後2:4	4	chapter
彼後3:12#2	1139	1143	啟二一1	啟21:1	-	book
彼後3:12#2	1203	1210	但九24～27	但9:24	-	book
彼後3:12#2	1320	1324	徒十42	徒10:42	-	book
彼後3:12#2	1325	1329	十七31	徒17:31	-	chapter
彼後3:12#2	1330	1334	提後四1	提後4:1	-	book
彼後3:12#2	1367	1371	約五22	約5:22	-	book
彼後3:13#2	49	55	西三9～10	西3:9	-	book
彼後3:13#2	56	61	林後三18	林後3:18	-	book
彼後3:13#4	51	59	彼前二23～24	彼前2:23	-	book
彼後3:13#4	60	63	三12	彼前3:12	-	chapter
彼後3:13#4	64	66	14	彼前3:14	-	bare
彼後3:13#4	67	70	四18	彼前4:18	-	chapter
彼後3:13#4	71	75	彼後一1	彼後1:1	-	book
彼後3:13#4	76	78	二5	彼後2:5	-	chapter
彼後3:13#4	79	82	7～8	彼後2:7	-	bare
彼後3:13#4	83	85	21	彼後2:21	-	bare
彼後3:13#4	86	89	三13	彼後3:13	-	chapter
彼後3:14#1	51	55	13註4	彼後3:13	4	bare
彼後3:14#1	66	69	二21	彼後2:21	-	chapter
彼後3:14#2	15	18	二15	彼後2:15	-	chapter
彼後3:14#2	38	44	二13與註3	彼後2:13	3	chapter
彼後3:14#2	92	97	彼前一19	彼前1:19	-	book
結16:8#1	1	7	出二十6註1	出20:6	1	book
結17:3#1	12	14	12	結17:12	-	bare
結17:7#1	4	6	15	結17:15	-	bare
結17:13#1	23	29	王下二四17	王下24:17	-	book
結17:22#1	1	6	三17註1	結3:17	1	chapter
結17:22#1	8	11	3～4	結17:3	-	bare
結17:22#1	12	18	22～23節	結17:22	-	bare
結17:22#1	55	58	3～4	結17:3	-	bare
結17:22#1	59	61	12	結17:12	-	bare
結17:22#1	62	72	代下三六8下～10上	代下36:8	-	book
結17:22#1	94	99	13～21	結17:13	-	bare
結17:22#1	100	110	代下三六10下～20	代下36:10	-	book
結17:22#1	113	119	22～23節	結17:22	-	bare
結17:22#1	164	168	賽十一1	賽11:1	-	book
結17:22#1	182	185	太一1	太1:1	-	book
結17:22#1	186	189	羅一3	羅1:3	-	book
結17:22#1	238	245	徒二22～24	徒2:22	-	book
結17:22#1	246	251	32～36	徒2:32	-	bare
結17:22#1	326	330	摩九11	摩9:11	-	book
彼後3:15#1	39	40	9	彼後3:9	-	bare
彼後3:15#1	77	79	16	彼後3:16	-	bare
彼後3:15#1	195	197	14	彼後3:14	-	bare
彼後3:15#2	31	35	9與註3	彼後3:9	3	bare
彼後3:15#3	3	5	9節	彼後3:9	-	bare
彼後3:15#4	22	28	彼前一5註6	彼前1:5	6	book
彼後3:15#5	14	15	2	彼後3:2	-	bare
彼後3:15#5	28	29	2	彼後3:2	-	bare
彼後3:16#1	124	132	彼前一10～12	彼前1:10	-	book
彼後3:16#1	133	141	彼後一12～21	彼後1:12	-	book
彼後3:16#1	142	144	三2	彼後3:2	-	chapter
彼後3:16#2	36	40	彼前一2	彼前1:2	-	book
彼後3:16#2	41	43	20	彼前1:20	-	bare
彼後3:16#2	58	60	13	彼後3:13	-	bare
彼後3:16#2	87	95	彼前一10～12	彼前1:10	-	book
彼後3:16#2	140	146	彼前一1～2	彼前1:1	-	book
彼後3:16#2	147	149	二9	彼前2:9	-	chapter
彼後3:16#2	165	170	彼前五10	彼前5:10	-	book
彼後3:16#2	171	175	彼後一3	彼後1:3	-	book
彼後3:16#2	209	214	彼前一20	彼前1:20	-	book
彼後3:16#2	226	231	彼前二24	彼前2:24	-	book
彼後3:16#2	232	235	三18	彼前3:18	-	chapter
彼後3:16#2	255	259	彼前一3	彼前1:3	-	book
彼後3:16#2	260	266	三21～22	彼前3:21	-	chapter
彼後3:16#2	282	290	彼前一18～19	彼前1:18	-	book
彼後3:16#2	291	292	2	彼前1:2	-	bare
彼後3:16#2	322	326	彼前一2	彼前1:2	-	book
彼後3:16#2	327	329	12	彼前1:12	-	bare
彼後3:16#2	330	332	22	彼前1:22	-	bare
彼後3:16#2	333	336	四14	彼前4:14	-	chapter
彼後3:16#2	352	357	彼前一12	彼前1:12	-	book
彼後3:16#2	384	388	一3～4	彼後1:3	-	chapter
彼後3:16#2	404	408	彼前一5	彼前1:5	-	book
彼後3:16#2	425	430	彼前一17	彼前1:17	-	book
彼後3:16#2	431	434	二23	彼前2:23	-	chapter
彼後3:16#2	435	439	四5～6	彼前4:5	-	chapter
彼後3:16#2	440	442	17	彼前4:17	-	bare
彼後3:16#2	443	449	彼後二3～4	彼後2:3	-	book
彼後3:16#2	450	451	9	彼後2:9	-	bare
彼後3:16#2	452	454	三7	彼後3:7	-	chapter
彼後3:16#2	461	465	彼前五6	彼前5:6	-	book
彼後3:16#2	496	501	彼前五10	彼前5:10	-	book
彼後3:16#2	523	524	9	彼後3:9	-	bare
彼後3:16#2	525	527	15	彼後3:15	-	bare
彼後3:16#2	558	562	彼前一5	彼前1:5	-	book
彼後3:16#2	563	566	7～9	彼前1:7	-	bare
彼後3:16#2	567	569	13	彼前1:13	-	bare
彼後3:16#2	570	573	四13	彼前4:13	-	chapter
彼後3:16#2	574	576	五4	彼前5:4	-	chapter
彼後3:16#2	606	612	彼前一1～2	彼前1:1	-	book
彼後3:16#2	613	615	二9	彼前2:9	-	chapter
彼後3:16#2	631	635	彼前二9	彼前2:9	-	book
彼後3:16#2	636	638	三9	彼前3:9	-	chapter
彼後3:16#2	639	643	彼後一3	彼後1:3	-	book
彼後3:16#2	644	646	10	彼後1:10	-	bare
彼後3:16#2	655	663	彼前一18～19	彼前1:18	-	book
彼後3:16#2	676	680	彼前一3	彼前1:3	-	book
彼後3:16#2	681	683	23	彼前1:23	-	bare
彼後3:16#2	696	701	彼前三21	彼前3:21	-	book
彼後3:16#2	716	720	彼前一5	彼前1:5	-	book
彼後3:16#2	733	738	彼前一22	彼前1:22	-	book
彼後3:16#2	752	756	彼前二2	彼前2:2	-	book
彼後3:16#2	771	775	一5～8	彼後1:5	-	chapter
彼後3:16#2	806	812	彼前二4～5	彼前2:4	-	book
彼後3:16#2	813	814	9	彼前2:9	-	bare
彼後3:16#2	865	869	彼前二9	彼前2:9	-	book
彼後3:16#2	882	887	彼前一17	彼前1:17	-	book
彼後3:16#2	888	894	二19～21	彼前2:19	-	chapter
彼後3:16#2	895	897	三9	彼前3:9	-	chapter
彼後3:16#2	898	900	14	彼前3:14	-	bare
彼後3:16#2	901	903	17	彼前3:17	-	bare
彼後3:16#2	904	906	四6	彼前4:6	-	chapter
彼後3:16#2	907	912	12～19	彼前4:12	-	bare
彼後3:16#2	913	915	五6	彼前5:6	-	chapter
彼後3:16#2	916	917	9	彼前5:9	-	bare
彼後3:16#2	942	947	彼前一15	彼前1:15	-	book
彼後3:16#2	948	951	二12	彼前2:12	-	chapter
彼後3:16#2	952	956	三1～2	彼前3:1	-	chapter
彼後3:16#2	971	977	彼前五1～4	彼前5:1	-	book
彼後3:16#2	1004	1012	彼前四10～11	彼前4:10	-	book
彼後3:16#2	1027	1032	彼前一13	彼前1:13	-	book
彼後3:16#2	1033	1038	彼後三12	彼後3:12	-	book
彼後3:16#2	1063	1066	一11	彼後1:11	-	chapter
彼後3:16#2	1091	1093	13	彼後3:13	-	bare
彼後3:16#2	1122	1124	18	彼後3:18	-	bare
彼後3:16#2	1175	1179	彼前五8	彼前5:8	-	book
彼後3:16#2	1213	1215	二4	彼後2:4	-	chapter
彼後3:16#2	1232	1234	二5	彼後2:5	-	chapter
彼後3:16#2	1235	1237	三6	彼後3:6	-	chapter
彼後3:16#2	1251	1253	二6	彼後2:6	-	chapter
彼後3:16#2	1289	1291	二1	彼後2:1	-	chapter
彼後3:16#2	1292	1293	3	彼後2:3	-	bare
彼後3:16#2	1294	1298	9～10	彼後2:9	-	bare
彼後3:16#2	1299	1301	12	彼後2:12	-	bare
彼後3:16#2	1302	1306	三3～4	彼後3:3	-	chapter
彼後3:16#2	1307	1308	7	彼後3:7	-	bare
彼後3:16#2	1309	1313	彼前四5	彼前4:5	-	book
彼後3:16#2	1325	1326	7	彼後3:7	-	bare
彼後3:16#2	1327	1332	10～11	彼後3:10	-	bare
彼後3:16#2	1350	1354	彼前四5	彼前4:5	-	book
彼後3:16#2	1390	1392	13	彼後3:13	-	bare
彼後3:16#2	1486	1495	林前十一30～32	林前11:30	-	book
彼後3:16#2	1496	1503	來十二5～11	來12:5	-	book
彼後3:16#2	1504	1506	二3	來2:3	-	chapter
彼後3:16#2	1507	1509	四1	來4:1	-	chapter
彼後3:16#2	1510	1512	六8	來6:8	-	chapter
彼後3:16#2	1513	1519	十27～31	來10:27	-	chapter
彼後3:16#2	1520	1522	39	來10:39	-	bare
彼後3:16#2	1523	1527	十二29	來12:29	-	chapter
彼後3:16#2	1528	1536	林前三13～15	林前3:13	-	book
彼後3:16#2	1537	1541	四4～5	林前4:4	-	chapter
彼後3:16#2	1542	1547	林後五10	林後5:10	-	book
彼後3:16#2	1548	1553	羅十四10	羅14:10	-	book
彼後3:16#2	1616	1624	林前一11～12	林前1:11	-	book
彼後3:16#2	1727	1734	加二11～21	加2:11	-	book
彼後3:16#2	1814	1820	林後三8～9	林後3:8	-	book
彼後3:16#2	1821	1823	四1	林後4:1	-	chapter
彼後3:16#3	9	10	3	彼後3:3	-	bare
彼後3:16#3	33	34	5	彼後3:5	-	bare
彼後3:16#4	1	5	二1註5	彼後2:1	5	chapter
彼後3:16#4	44	51	彼前四18註2	彼前4:18	2	book
彼後3:16#4	52	58	彼後三9註4	彼後3:9	4	book
彼後3:17#1	47	49	16	彼後3:16	-	bare
彼後3:17#2	1	5	二7註1	彼後2:7	1	chapter
彼後3:17#2	24	26	二1	彼後2:1	-	chapter
彼後3:17#2	27	29	三3	彼後3:3	-	chapter
彼後3:17#3	1	5	加二13	加2:13	-	book
彼後3:17#4	9	11	16	彼後3:16	-	bare
彼後3:18#1	1	7	約一14註4	約1:14	4	book
彼後3:18#1	8	16	林前十五10註1	林前15:10	1	book
彼後3:18#1	17	25	林後十三14註1	林後13:14	1	book
彼後3:18#2	27	31	約一14	約1:14	-	book
彼後3:18#2	32	34	17	約1:17	-	bare
彼後3:18#2	38	44	約一17註1	約1:17	1	book
彼後3:18#3	58	62	一3～4	彼後1:3	-	chapter
彼後3:18#3	107	114	約一14與註4	約1:14	4	book
彼後3:18#3	115	120	17與註1	約1:17	1	bare
彼後3:18#4	28	33	羅十一36	羅11:36	-	book
彼後3:18#4	34	38	十六27	羅16:27	-	chapter
結20:6#1	10	14	西一27	西1:27	-	book
結20:6#1	15	19	林前二8	林前2:8	-	book
結20:6#1	38	43	林前一30	林前1:30	-	book
結20:6#1	61	64	弗三8	弗3:8	-	book
結20:6#1	76	81	申八7註1	申8:7	1	book
結20:40#1	1	6	三17註1	結3:17	1	chapter
約壹1:1#1	21	28	西一25～27	西1:25	-	book
約壹1:1#1	90	94	弗一23	弗1:23	-	book
約壹1:1#1	95	98	三19	弗3:19	-	chapter
約壹1:1#2	19	22	約一1	約1:1	-	book
約壹1:1#2	230	234	約八44	約8:44	-	book
約壹1:1#2	235	239	約壹一1	約壹1:1	-	book
約壹1:1#2	240	246	二13～14	約壹2:13	-	chapter
約壹1:1#2	247	249	三8	約壹3:8	-	chapter
約壹1:1#2	261	265	約六64	約6:64	-	book
約壹1:1#2	266	270	十五27	約15:27	-	chapter
約壹1:1#2	271	274	十六4	約16:4	-	chapter
約壹1:1#2	275	279	約壹二7	約壹2:7	-	book
約壹1:1#2	280	282	24	約壹2:24	-	bare
約壹1:1#2	287	290	三11	約壹3:11	-	chapter
約壹1:1#2	291	294	約貳5	約貳1:5	-	book
約壹1:1#2	295	296	6	約貳1:6	-	bare
約壹1:1#3	68	69	2	約壹1:2	-	bare
約壹1:1#3	70	73	二25	約壹2:25	-	chapter
約壹1:1#3	74	77	三15	約壹3:15	-	chapter
約壹1:1#3	78	81	五11	約壹5:11	-	chapter
約壹1:1#3	82	84	13	約壹5:13	-	bare
約壹1:1#3	85	87	20	約壹5:20	-	bare
約壹1:1#3	115	118	3～7	約壹1:3	-	bare
約壹1:1#3	135	141	二20～27	約壹2:20	-	chapter
約壹1:1#3	156	162	二27～28	約壹2:27	-	chapter
約壹1:1#3	163	165	三6	約壹3:6	-	chapter
約壹1:1#3	166	168	24	約壹3:24	-	bare
約壹1:1#3	182	185	二29	約壹2:29	-	chapter
約壹1:1#3	186	188	三9	約壹3:9	-	chapter
約壹1:1#3	189	191	四7	約壹4:7	-	chapter
約壹1:1#3	192	194	五1	約壹5:1	-	chapter
約壹1:1#3	195	196	4	約壹5:4	-	bare
約壹1:1#3	197	199	18	約壹5:18	-	bare
約壹1:1#3	213	215	三9	約壹3:9	-	chapter
約壹1:1#3	231	236	五6～12	約壹5:6	-	chapter
約壹1:1#4	3	8	約一1～4	約1:1	-	book
約壹1:1#4	9	11	14	約1:14	-	bare
約壹1:1#4	104	109	約十一25	約11:25	-	book
約壹1:1#4	110	113	十四6	約14:6	-	chapter
約壹1:1#4	188	193	約一1～2	約1:1	-	book
約壹1:1#4	194	196	14	約1:14	-	bare
約壹1:1#6	109	113	可三10	可3:10	-	book
約壹1:1#6	114	117	五31	可5:31	-	chapter
約壹1:1#6	136	142	林前十五44	林前15:44	-	book
約壹1:1#6	149	154	約二十17	約20:17	-	book
約壹1:1#6	155	157	27	約20:27	-	bare
約壹1:1#6	179	183	四1～3	約壹4:1	-	chapter
約壹1:2#2	38	42	約一14	約1:14	-	book
約壹1:2#6	45	51	羅五17註3	羅5:17	3	book
約壹1:3#1	1	3	1節	約壹1:1	-	bare
約壹1:3#3	77	81	啟二二1	啟22:1	-	book
約壹1:3#3	100	104	徒二42	徒2:42	-	book
約壹1:3#3	137	143	林後十三14	林後13:14	-	book
約壹1:3#3	155	158	腓二1	腓2:1	-	book
約壹1:3#3	220	226	林後十三14	林後13:14	-	book
約壹1:3#3	265	269	徒二42	徒2:42	-	book
約壹1:3#3	478	484	二12～27	約壹2:12	-	chapter
約壹1:3#3	510	516	二28～五3	約壹2:28	-	chapter
約壹1:3#3	535	540	五4～21	約壹5:4	-	chapter
結21:10#1	19	27	創四九10與註1	創49:10	1	book
結21:10#1	30	35	三17註1	結3:17	1	chapter
結21:12#1	11	16	耶三一19	耶31:19	-	book
結21:27#1	15	22	路一32～33	路1:32	-	book
結21:27#1	54	59	三17註1	結3:17	1	chapter
約壹1:5#1	109	113	約八12	約8:12	-	book
約壹1:5#1	114	116	九5	約9:5	-	chapter
約壹1:5#2	15	17	四8	約壹4:8	-	chapter
約壹1:5#2	18	20	16	約壹4:16	-	bare
約壹1:5#2	30	34	約四24	約4:24	-	book
約壹1:5#2	137	140	羅八2	羅8:2	-	book
約壹1:5#2	239	243	約一14	約1:14	-	book
約壹1:5#2	244	246	17	約1:17	-	bare
約壹1:5#2	260	267	約三14～16	約3:14	-	book
約壹1:5#2	360	367	約一12～13	約1:12	-	book
約壹1:5#2	409	413	四8註2	約壹4:8	2	chapter
約壹1:5#2	439	446	利四28～31	利4:28	-	book
約壹1:5#2	469	474	出二五22	出25:22	-	book
約壹1:5#3	31	33	三8	約壹3:8	-	chapter
約壹1:5#3	63	68	徒二六18	徒26:18	-	book
約壹1:5#3	69	73	彼前二9	彼前2:9	-	book
約壹1:5#3	122	127	約一4～5	約1:4	-	book
約壹1:5#3	146	150	約八12	約8:12	-	book
約壹1:5#3	169	173	7～10	約壹1:7	-	bare
約壹1:6#1	24	25	3	約壹1:3	-	bare
約壹1:6#2	21	24	二27	約壹2:27	-	chapter
約壹1:6#3	28	34	加五16註2	加5:16	2	book
約壹1:6#3	75	78	二11	約壹2:11	-	chapter
約壹1:6#3	93	95	三4	約壹3:4	-	chapter
約壹1:6#3	96	97	8	約壹3:8	-	bare
約壹1:6#4	18	25	約八44與註3	約8:44	3	book
約壹1:6#5	45	48	二17	約壹2:17	-	chapter
約壹1:6#5	49	51	29	約壹2:29	-	bare
約壹1:6#5	52	54	三4	約壹3:4	-	chapter
約壹1:6#5	59	60	7	約壹3:7	-	bare
約壹1:6#5	61	62	8	約壹3:8	-	bare
約壹1:6#5	63	64	9	約壹3:9	-	bare
約壹1:6#5	65	67	10	約壹3:10	-	bare
約壹1:6#5	68	70	22	約壹3:22	-	bare
約壹1:6#5	71	73	五2	約壹5:2	-	chapter
約壹1:6#5	74	78	羅一32	羅1:32	-	book
約壹1:6#6	157	160	約一1	約1:1	-	book
約壹1:6#6	161	162	4	約1:4	-	bare
約壹1:6#6	163	168	14～17	約1:14	-	bare
約壹1:6#6	208	211	西二9	西2:9	-	book
約壹1:6#6	228	232	約一18	約1:18	-	book
約壹1:6#6	233	235	51	約1:51	-	bare
約壹1:6#6	236	240	提前二5	提前2:5	-	book
約壹1:6#6	262	269	西二16～17	西2:16	-	book
約壹1:6#6	270	274	約四23	約4:23	-	book
約壹1:6#6	275	280	24與註4	約4:24	4	bare
約壹1:6#6	312	317	約十一25	約11:25	-	book
約壹1:6#6	318	321	十四6	約14:6	-	chapter
約壹1:6#6	329	333	約八12	約8:12	-	book
約壹1:6#6	334	336	九5	約9:5	-	chapter
約壹1:6#6	345	349	約十四6	約14:6	-	book
約壹1:6#6	363	368	林前一30	林前1:30	-	book
約壹1:6#6	381	385	約十四6	約14:6	-	book
約壹1:6#6	386	390	弗四21	弗4:21	-	book
約壹1:6#6	411	418	林前十五45下	林前15:45	-	book
約壹1:6#6	419	424	林後三17	林後3:17	-	book
約壹1:6#6	434	442	約十四16～17	約14:16	-	book
約壹1:6#6	443	447	十五26	約15:26	-	chapter
約壹1:6#6	460	468	約十六13～15	約16:13	-	book
約壹1:6#6	480	482	五6	約壹5:6	-	chapter
約壹1:6#6	543	551	約十七17與註3	約17:17	3	book
約壹1:6#6	592	596	弗一13	弗1:13	-	book
約壹1:6#6	597	600	西一5	西1:5	-	book
約壹1:6#6	619	623	林後四2	林後4:2	-	book
約壹1:6#6	624	627	十三8	林後13:8	-	chapter
約壹1:6#6	628	631	加五7	加5:7	-	book
約壹1:6#6	632	639	提前一1與註1	提前1:1	1	book
約壹1:6#6	645	650	二4與註2	提前2:4	2	chapter
約壹1:6#6	651	654	二7上	提前2:7	-	chapter
約壹1:6#6	655	661	三15與註4	提前3:15	4	chapter
約壹1:6#6	662	664	四3	提前4:3	-	chapter
約壹1:6#6	665	667	六5	提前6:5	-	chapter
約壹1:6#6	668	673	提後二15	提後2:15	-	book
約壹1:6#6	674	676	18	提後2:18	-	bare
約壹1:6#6	677	679	25	提後2:25	-	bare
約壹1:6#6	680	684	三7～8	提後3:7	-	chapter
約壹1:6#6	685	687	四4	提後4:4	-	chapter
約壹1:6#6	688	691	多一1	多1:1	-	book
約壹1:6#6	692	694	14	多1:14	-	bare
約壹1:6#6	695	700	帖後二10	帖後2:10	-	book
約壹1:6#6	701	703	12	帖後2:12	-	bare
約壹1:6#6	704	708	來十26	來10:26	-	book
約壹1:6#6	709	713	雅五19	雅5:19	-	book
約壹1:6#6	714	719	彼前一22	彼前1:22	-	book
約壹1:6#6	720	725	彼後一12	彼後1:12	-	book
約壹1:6#6	789	796	羅一18～20	羅1:18	-	book
約壹1:6#6	797	799	二2	羅2:2	-	chapter
約壹1:6#6	800	801	8	羅2:8	-	bare
約壹1:6#6	802	804	20	羅2:20	-	bare
約壹1:6#6	842	845	羅三7	羅3:7	-	book
約壹1:6#6	846	849	十五8	羅15:8	-	chapter
約壹1:6#6	864	869	可十二14	可12:14	-	book
約壹1:6#6	870	876	林後十一10	林後11:10	-	book
約壹1:6#6	877	881	腓一18	腓1:18	-	book
約壹1:6#6	882	887	約壹三18	約壹3:18	-	book
約壹1:6#6	901	908	約四23～24	約4:23	-	book
約壹1:6#6	909	913	約貳1上	約貳1:1	-	book
約壹1:6#6	914	917	約參1	約參1:1	-	book
約壹1:6#6	971	975	可五33	可5:33	-	book
約壹1:6#6	976	980	十二32	可12:32	-	chapter
約壹1:6#6	981	985	路四25	路4:25	-	book
約壹1:6#6	986	990	約十六7	約16:7	-	book
約壹1:6#6	991	995	徒四27	徒4:27	-	book
約壹1:6#6	996	999	十34	徒10:34	-	chapter
約壹1:6#6	1000	1004	二六25	徒26:25	-	chapter
約壹1:6#6	1005	1009	羅一25	羅1:25	-	book
約壹1:6#6	1010	1012	九1	羅9:1	-	chapter
約壹1:6#6	1013	1017	林後六7	林後6:7	-	book
約壹1:6#6	1018	1021	七14	林後7:14	-	chapter
約壹1:6#6	1022	1025	十二6	林後12:6	-	chapter
約壹1:6#6	1026	1029	西一6	西1:6	-	book
約壹1:6#6	1030	1035	提前二7下	提前2:7	-	book
約壹1:6#6	1387	1391	約三21	約3:21	-	book
約壹1:6#6	1410	1417	約三19～20	約3:19	-	book
約壹1:6#6	1475	1482	約四23～24	約4:23	-	book
約壹1:6#6	1539	1546	約四16～18	約4:16	-	book
約壹1:6#6	1575	1579	約十四6	約14:6	-	book
約壹1:6#6	1599	1603	約一29	約1:29	-	book
約壹1:6#6	1604	1607	三14	約3:14	-	chapter
約壹1:6#6	1626	1632	約四7～15	約4:7	-	book
約壹1:6#6	1685	1689	約五33	約5:33	-	book
約壹1:6#6	1690	1694	十八37	約18:37	-	chapter
約壹1:6#6	1736	1740	約八32	約8:32	-	book
約壹1:6#6	1741	1743	40	約8:40	-	bare
約壹1:6#6	1744	1749	44～46	約8:44	-	bare
約壹1:6#6	1769	1773	約八47	約8:47	-	book
約壹1:6#6	1789	1793	約八36	約8:36	-	book
約壹1:6#6	1816	1822	約八32註1	約8:32	1	book
約壹1:6#6	1857	1859	5節	約壹1:5	-	bare
約壹1:6#6	1905	1909	四8註2	約壹4:8	2	chapter
約壹1:6#6	1911	1918	約三19～21	約3:19	-	book
約壹1:7#1	34	39	提前六16	提前6:16	-	book
約壹1:7#5	89	93	來九12	來9:12	-	book
約壹1:7#5	94	96	14	來9:14	-	bare
約壹1:7#5	198	205	民十九2～10	民19:2	-	book
約壹1:7#6	45	49	羅五12	羅5:12	-	book
約壹1:7#6	59	67	羅五12～八13	羅5:12	-	book
約壹1:7#6	68	71	羅七5	羅7:5	-	book
約壹1:7#6	115	123	羅一18～五11	羅1:18	-	book
約壹1:7#6	173	175	10	約壹1:10	-	bare
約壹1:7#6	234	238	羅七17	羅7:17	-	book
約壹1:7#6	257	262	賽五三10	賽53:10	-	book
約壹1:7#6	263	266	羅八3	羅8:3	-	book
約壹1:7#6	267	272	林後五21	林後5:21	-	book
約壹1:7#6	273	277	來九26	來9:26	-	book
約壹1:7#6	315	320	賽五三11	賽53:11	-	book
約壹1:7#6	321	326	林前十五3	林前15:3	-	book
約壹1:7#6	327	332	彼前二24	彼前2:24	-	book
約壹1:7#6	333	337	來九28	來9:28	-	book
約壹1:7#6	374	376	8節	約壹1:8	-	bare
約壹1:7#6	406	408	9節	約壹1:9	-	bare
結23:4#3	35	39	賽五四5	賽54:5	-	book
結23:4#3	40	48	耶三一31～32	耶31:31	-	book
結23:4#3	49	53	何二19	何2:19	-	book
結23:11#1	1	6	耶三6註1	耶3:6	1	book
結24:5#1	3	6	10節	結24:10	-	bare
約壹1:8#1	30	34	羅七17	羅7:17	-	book
約壹1:8#1	63	67	7～二2	約壹1:7	-	bare
約壹1:8#1	254	256	三9	約壹3:9	-	chapter
約壹1:8#1	257	260	五18	約壹5:18	-	chapter
約壹1:8#3	54	58	約一14	約1:14	-	book
約壹1:8#3	59	61	17	約1:17	-	bare
約壹1:8#3	62	65	十四6	約14:6	-	chapter
約壹1:8#3	93	98	約十四17	約14:17	-	book
約壹1:8#3	99	103	十五26	約15:26	-	chapter
約壹1:8#3	104	108	十六13	約16:13	-	chapter
約壹1:8#3	109	113	約壹五6	約壹5:6	-	book
約壹1:8#3	125	132	約十六8～11	約16:8	-	book
約壹1:8#3	135	138	6註6	約壹1:6	6	bare
約壹1:9#3	12	14	10	約壹1:10	-	bare
約壹1:9#3	32	33	7	約壹1:7	-	bare
約壹1:9#3	50	54	弗一13	弗1:13	-	book
約壹1:9#3	75	79	徒十43	徒10:43	-	book
約壹1:9#3	110	115	太二六28	太26:28	-	book
約壹1:9#5	19	22	五17	約壹5:17	-	chapter
約壹1:9#5	129	133	提前一5	提前1:5	-	book
約壹1:9#5	134	139	徒二四16	徒24:16	-	book
約壹1:10#1	0	2	8節	約壹1:8	-	bare
約壹1:10#2	15	19	弗一13	弗1:13	-	book
約壹1:10#2	20	25	約十七17	約17:17	-	book
約壹1:10#2	41	43	8節	約壹1:8	-	bare
約壹2:1#1	56	58	12	約壹2:12	-	bare
約壹2:1#1	59	61	28	約壹2:28	-	bare
約壹2:1#1	62	64	三7	約壹3:7	-	chapter
約壹2:1#1	65	67	18	約壹3:18	-	bare
約壹2:1#1	68	70	四4	約壹4:4	-	chapter
約壹2:1#1	71	74	五21	約壹5:21	-	chapter
約壹2:1#1	75	80	約十三33	約13:33	-	book
約壹2:1#1	81	85	加四19	加4:19	-	book
約壹2:1#1	125	131	13～27節	約壹2:13	-	bare
約壹2:1#1	157	162	1～12節	約壹2:1	-	bare
約壹2:1#1	163	169	28～29節	約壹2:28	-	bare
約壹2:1#1	179	185	13～27節	約壹2:13	-	bare
約壹2:1#2	1	6	一5～10	約壹1:5	-	chapter
約壹2:1#2	32	36	一1～4	約壹1:1	-	chapter
約壹2:1#5	1	5	一2註3	約壹1:2	3	chapter
約壹2:1#7	97	102	約十四16	約14:16	-	book
約壹2:1#7	103	105	26	約14:26	-	bare
約壹2:1#7	106	110	十五26	約15:26	-	chapter
約壹2:1#7	111	114	十六7	約16:7	-	chapter
約壹2:1#7	146	153	約十四16註1	約14:16	1	book
約壹2:1#7	206	210	羅八34	羅8:34	-	book
約壹2:1#8	28	32	羅五18	羅5:18	-	book
約壹2:2#2	1	7	羅三25註2	羅3:25	2	book
約壹2:2#2	31	35	來九28	來9:28	-	book
約壹2:3#1	0	4	1～2節	約壹2:1	-	bare
約壹2:3#1	6	11	一5～10	約壹1:5	-	chapter
約壹2:3#1	67	72	3～11節	約壹2:3	-	bare
約壹2:3#2	1	8	約十三34註1	約13:34	1	book
約壹2:4#1	1	5	一6註4	約壹1:6	4	chapter
約壹2:4#2	23	27	一6註6	約壹1:6	6	chapter
約壹2:5#1	7	11	3～4節	約壹2:3	-	bare
約壹2:5#1	49	53	約六63	約6:63	-	book
約壹2:5#2	22	28	彼後一7註1	彼後1:7	1	book
約壹2:5#3	1	6	四12註4	約壹4:12	4	chapter
約壹2:5#4	11	12	1	約壹2:1	-	bare
約壹2:5#4	98	100	10	約壹2:10	-	bare
約壹2:6#1	26	31	林前一30	林前1:30	-	book
約壹2:6#1	86	90	27註8	約壹2:27	8	bare
約壹2:7#1	13	17	一1註2	約壹1:1	2	chapter
約壹2:7#2	3	8	約十三34	約13:34	-	book
約壹2:9#1	19	23	一5註2	約壹1:5	2	chapter
約壹2:9#1	75	77	11	約壹2:11	-	bare
約壹2:9#1	96	98	10	約壹2:10	-	bare
約壹2:10#1	14	15	6	約壹2:6	-	bare
約壹2:10#2	1	4	9註1	約壹2:9	1	bare
約壹2:11#1	1	4	9註1	約壹2:9	1	bare
約壹2:11#3	1	6	約十二35	約12:35	-	book
約壹2:11#3	7	9	40	約12:40	-	bare
結25:3#1	17	22	創十一31	創11:31	-	book
結25:3#1	36	44	創十九30～38	創19:30	-	book
結25:3#1	98	102	約一14	約1:14	-	book
結25:3#1	134	138	西一12	西1:12	-	book
結25:3#1	153	156	來三6	來3:6	-	book
結25:8#1	55	61	啟二12註1	啟2:12	1	book
結25:12#1	16	20	創三六1	創36:1	-	book
結25:12#1	50	53	羅六6	羅6:6	-	book
結25:12#1	54	58	弗四22	弗4:22	-	book
結25:12#1	59	62	西三9	西3:9	-	book
結25:12#1	77	81	羅九6下	羅9:6	-	book
結25:12#1	82	88	二28～29	羅2:28	-	chapter
結25:12#1	89	93	加六16	加6:16	-	book
結25:12#1	94	97	腓三3	腓3:3	-	book
結25:15#1	84	90	撒上六4註1	撒上6:4	1	book
結26:1#1	60	65	二五1註1	結25:1	1	chapter
結26:2#1	32	35	雅二6	雅2:6	-	book
結26:2#1	38	44	二八21註1	結28:21	1	chapter
約壹2:12#1	1	4	1註1	約壹2:1	1	bare
約壹2:12#3	15	20	路二四47	路24:47	-	book
約壹2:12#3	21	25	徒五31	徒5:31	-	book
約壹2:12#3	26	29	十43	徒10:43	-	chapter
約壹2:12#3	30	34	十三38	徒13:38	-	chapter
約壹2:12#3	58	65	約一12～13	約1:12	-	book
約壹2:13#3	30	32	一1	約壹1:1	-	chapter
約壹2:13#3	33	36	約一1	約1:1	-	book
約壹2:13#4	10	14	一1註2	約壹1:1	2	chapter
約壹2:13#6	68	74	14下～17	約壹2:14	-	bare
約壹2:13#7	8	13	五19註4	約壹5:19	4	chapter
約壹2:13#9	91	97	14～27節	約壹2:14	-	bare
約壹2:13#9	116	119	14節	約壹2:14	-	bare
約壹2:13#9	130	133	26節	約壹2:26	-	bare
約壹2:13#9	135	138	18節	約壹2:18	-	bare
約壹2:13#10	21	28	約一12～13	約1:12	-	book
約壹2:13#10	44	48	約十七3	約17:3	-	book
約壹2:13#10	49	50	6	約17:6	-	bare
約壹2:14#3	1	6	五19註4	約壹5:19	4	chapter
約壹2:15#1	0	6	15～17節	約壹2:15	-	bare
約壹2:15#1	7	10	13節	約壹2:13	-	bare
約壹2:15#2	15	20	太二五34	太25:34	-	book
約壹2:15#2	21	25	約十七5	約17:5	-	book
約壹2:15#2	26	31	徒十七24	徒17:24	-	book
約壹2:15#2	32	35	弗一4	弗1:4	-	book
約壹2:15#2	36	40	啟十三8	啟13:8	-	book
約壹2:15#2	61	65	約一29	約1:29	-	book
約壹2:15#2	66	69	三16	約3:16	-	chapter
約壹2:15#2	70	74	羅五12	羅5:12	-	book
約壹2:15#2	107	111	彼前三3	彼前3:3	-	book
約壹2:15#2	126	131	約十五19	約15:19	-	book
約壹2:15#2	132	136	十七14	約17:14	-	chapter
約壹2:15#2	137	140	雅四4	雅4:4	-	book
約壹2:15#2	315	322	約十二31註1	約12:31	1	book
約壹2:15#2	343	346	五19	約壹5:19	-	chapter
約壹2:15#4	13	15	三8	約壹3:8	-	chapter
約壹2:15#4	25	29	加五17	加5:17	-	book
約壹2:16#2	16	20	一1～2	約壹1:1	-	chapter
約壹2:17#1	17	19	15	約壹2:15	-	bare
約壹2:17#2	1	5	一6註5	約壹1:6	5	chapter
約壹2:18#1	1	4	13節	約壹2:13	-	bare
約壹2:18#1	21	27	18～27節	約壹2:18	-	bare
約壹2:18#1	37	42	20～21	約壹2:20	-	bare
約壹2:18#1	46	49	13節	約壹2:13	-	bare
約壹2:18#2	12	16	太二四5	太24:5	-	book
約壹2:18#2	17	19	24	太24:24	-	bare
約壹2:18#2	74	79	22與註2	約壹2:22	2	bare
約壹2:18#2	80	82	23	約壹2:23	-	bare
約壹2:18#2	114	118	四2～3	約壹4:2	-	chapter
約壹2:19#1	27	29	一3	約壹1:3	-	chapter
約壹2:19#1	30	34	徒二42	徒2:42	-	book
約壹2:20#1	19	27	出三十23～25	出30:23	-	book
約壹2:20#1	66	72	腓一19註2	腓1:19	2	book
約壹2:20#1	116	118	27	約壹2:27	-	bare
約壹2:20#1	135	137	13	約壹2:13	-	bare
約壹2:20#1	147	149	21	約壹2:21	-	bare
約壹2:21#1	22	27	22～25	約壹2:22	-	bare
約壹2:21#1	44	46	20	約壹2:20	-	bare
約壹2:21#1	47	49	27	約壹2:27	-	bare
約壹2:21#1	52	56	一6註6	約壹1:6	6	chapter
約壹2:22#2	20	25	太十六16	太16:16	-	book
約壹2:22#2	26	31	約二十31	約20:31	-	book
約壹2:22#2	143	145	20	約壹2:20	-	bare
約壹2:22#2	146	148	27	約壹2:27	-	bare
約壹2:23#1	8	12	約十30	約10:30	-	book
約壹2:23#1	13	16	賽九6	賽9:6	-	book
約壹2:24#1	33	37	一1～2	約壹1:1	-	chapter
約壹2:24#1	61	63	22	約壹2:22	-	bare
約壹2:24#1	120	122	26	約壹2:26	-	bare
約壹2:24#1	174	178	一2～3	約壹1:2	-	chapter
約壹2:24#1	179	182	6～7	約壹1:6	-	bare
約壹2:24#1	196	197	6	約壹2:6	-	bare
約壹2:24#1	198	200	一7	約壹1:7	-	chapter
約壹2:24#2	11	15	一1註2	約壹1:1	2	chapter
約壹2:24#3	1	5	27註8	約壹2:27	8	bare
結28:12#1	0	8	賽十四12～15	賽14:12	-	book
結28:12#1	31	39	本章12～19節	結28:12	-	anaphor
結28:12#1	74	82	賽十四12～15	賽14:12	-	book
結28:12#2	34	37	15上	結28:15	-	bare
結28:13#1	35	37	14	結28:14	-	bare
結28:13#1	38	44	賽十四13下	賽14:13	-	book
結28:13#5	20	23	但三5	但3:5	-	book
結28:13#5	24	27	六18	但6:18	-	chapter
結28:13#5	62	67	路四5～6	路4:5	-	book
結28:13#5	68	71	6註1	路4:6	1	bare
結28:13#5	72	77	猶9與註3	猶1:9	3	book
結28:13#5	95	97	14	結28:14	-	bare
結28:13#5	98	106	出二五18～21	出25:18	-	book
結28:13#5	127	130	來九5	來9:5	-	book
結28:13#5	155	161	啟四6～11	啟4:6	-	book
結28:13#5	179	185	啟四4與註2	啟4:4	2	book
結28:13#5	213	217	彼前二5	彼前2:5	-	book
結28:13#5	218	219	9	彼前2:9	-	bare
結28:13#5	220	223	啟一6	啟1:6	-	book
結28:13#5	224	227	五10	啟5:10	-	chapter
結28:13#5	228	234	二26～27	啟2:26	-	chapter
結28:13#5	235	238	三21	啟3:21	-	chapter
結28:13#5	239	242	十二5	啟12:5	-	chapter
結28:13#5	243	246	二十6	啟20:6	-	chapter
結28:13#5	247	250	二二3	啟22:3	-	chapter
結28:13#5	251	252	5	啟22:5	-	bare
結28:14#1	1	5	13註5	結28:13	5	bare
結28:14#2	17	22	啟十一19	啟11:19	-	book
結28:14#3	1	5	13註1	結28:13	1	bare
結28:14#4	5	10	出二四10	出24:10	-	book
結28:14#4	11	13	17	出24:17	-	bare
結28:16#1	1	6	伯一9註1	伯1:9	1	book
結28:17#1	13	17	提前三6	提前3:6	-	book
結28:17#1	19	25	彼前五5～6	彼前5:5	-	book
結28:17#1	36	41	賽十四13	賽14:13	-	book
結28:17#2	13	20	賽十四15註1	賽14:15	1	book
結28:18#1	22	28	西一20註4	西1:20	4	book
結28:18#1	29	35	來九23註1	來9:23	1	book
結28:21#1	24	26	24	結28:24	-	bare
結28:21#1	32	37	二六2註1	結26:2	1	chapter
結28:21#1	103	108	太十三22	太13:22	-	book
結28:21#1	109	113	林前三9	林前3:9	-	book
結29:2#1	79	84	創十二10	創12:10	-	book
結29:2#1	85	90	四二1～3	創42:1	-	chapter
結29:2#1	193	196	6～7	結29:6	-	bare
結29:21#1	116	122	耶二三5～6	耶23:5	-	book
結29:21#1	123	130	路一69～71	路1:69	-	book
結29:21#1	132	138	亞十二2～9	亞12:2	-	book
結29:21#1	139	144	十四1～7	亞14:1	-	chapter
結29:21#1	145	150	12～15	亞14:12	-	bare
結29:21#1	153	158	三17註1	結3:17	1	chapter
約壹2:25#2	13	17	約三15	約3:15	-	book
約壹2:25#2	18	21	四14	約4:14	-	chapter
約壹2:25#2	22	25	六40	約6:40	-	chapter
約壹2:25#2	26	28	47	約6:47	-	bare
約壹2:25#2	29	32	十10	約10:10	-	chapter
約壹2:25#2	33	37	十一25	約11:25	-	chapter
約壹2:25#2	38	43	十七2～3	約17:2	-	chapter
約壹2:25#3	1	7	22～25節	約壹2:22	-	bare
約壹2:27#1	1	5	25註1	約壹2:25	1	bare
約壹2:27#2	1	5	20註1	約壹2:20	1	bare
約壹2:27#3	21	24	羅八9	羅8:9	-	book
約壹2:27#3	25	27	11	羅8:11	-	bare
約壹2:27#4	11	16	約十四17	約14:17	-	book
約壹2:27#4	17	19	23	約14:23	-	bare
約壹2:27#5	80	82	24	約壹2:24	-	bare
約壹2:27#7	23	26	五20	約壹5:20	-	chapter
約壹2:27#8	54	56	24	約壹2:24	-	bare
約壹2:27#8	72	78	約十五4～5	約15:4	-	book
約壹2:27#8	104	108	一2～3	約壹1:2	-	chapter
約壹2:27#8	109	112	6～7	約壹1:6	-	bare
約壹2:27#8	125	127	10	約壹2:10	-	bare
約壹2:27#8	163	165	一3	約壹1:3	-	chapter
約壹2:27#8	166	167	6	約壹1:6	-	bare
約壹2:28#1	1	4	1註1	約壹2:1	1	bare
約壹2:28#1	6	9	13節	約壹2:13	-	bare
約壹2:28#1	26	29	27節	約壹2:27	-	bare
約壹2:28#1	30	33	28節	約壹2:28	-	bare
約壹2:28#1	55	56	1	約壹2:1	-	bare
約壹2:28#1	57	60	12節	約壹2:12	-	bare
約壹2:28#2	0	6	13～27節	約壹2:13	-	bare
約壹2:28#2	45	51	28～三24	約壹2:28	-	bare
約壹2:28#2	75	77	28	約壹2:28	-	bare
約壹2:28#2	82	84	三6	約壹3:6	-	chapter
約壹2:28#2	90	93	三24	約壹3:24	-	chapter
約壹2:28#5	66	68	26	約壹2:26	-	bare
約壹2:28#6	1	5	太七23	太7:23	-	book
約壹2:28#6	6	12	二四51註1	太24:51	1	chapter
約壹2:28#6	13	20	二二13與註2	太22:13	2	chapter
約壹2:29#2	72	76	約十30	約10:30	-	book
約壹2:29#3	1	3	一9	約壹1:9	-	chapter
約壹2:29#3	9	13	本章1節	約壹2:1	-	anaphor
約壹2:29#3	23	26	28節	約壹2:28	-	bare
約壹2:29#3	47	53	一3～二11	約壹1:3	-	chapter
約壹2:29#3	63	71	本章12～27節	約壹2:12	-	anaphor
約壹2:29#5	13	19	約八55註1	約8:55	1	book
約壹2:29#5	20	27	約二一17註2	約21:17	2	book
約壹2:29#5	28	34	來八11註1	來8:11	1	book
約壹2:29#6	7	11	一6註5	約壹1:6	5	chapter
約壹2:29#6	225	227	三1	約壹3:1	-	chapter
約壹2:29#7	28	30	三9	約壹3:9	-	chapter
約壹2:29#7	31	33	四7	約壹4:7	-	chapter
約壹2:29#7	34	36	五1	約壹5:1	-	chapter
約壹2:29#7	37	38	4	約壹5:4	-	bare
約壹2:29#7	39	41	18	約壹5:18	-	bare
約壹2:29#7	42	49	約一12～13	約1:12	-	book
約壹2:29#7	60	63	約三3	約3:3	-	book
約壹2:29#7	64	65	5	約3:5	-	bare
約壹2:29#7	131	133	一2	約壹1:2	-	chapter
約壹2:29#7	149	151	三9	約壹3:9	-	chapter
約壹2:29#7	221	223	三9	約壹3:9	-	chapter
約壹2:29#7	231	233	29	約壹2:29	-	bare
約壹2:29#7	240	242	五1	約壹5:1	-	chapter
約壹2:29#7	250	252	五4	約壹5:4	-	chapter
約壹2:29#7	263	266	五18	約壹5:18	-	chapter
約壹3:1#1	0	6	二28～三3	約壹2:28	-	chapter
約壹3:1#2	14	20	二29與註2	約壹2:29	2	chapter
約壹3:1#2	83	90	約一12～13	約1:12	-	book
約壹3:1#2	103	105	四9	約壹4:9	-	chapter
約壹3:1#2	106	110	約三16	約3:16	-	book
約壹3:1#3	1	5	二5註2	約壹2:5	2	chapter
約壹3:1#6	1	6	二29註5	約壹2:29	5	chapter
約壹3:2#2	1	6	二29註1	約壹2:29	1	chapter
約壹3:2#4	17	22	林後三18	林後3:18	-	book
約壹3:3#3	1	8	二28～三24	約壹2:28	-	chapter
約壹3:3#3	28	29	7	約壹3:7	-	bare
約壹3:3#3	30	33	二29	約壹2:29	-	chapter
約壹3:3#3	49	51	一9	約壹1:9	-	chapter
約壹3:3#3	57	59	二1	約壹2:1	-	chapter
約壹3:3#4	13	15	5節	約壹3:5	-	bare
約壹3:4#1	7	11	一6註5	約壹1:6	5	chapter
約壹3:4#1	13	14	8	約壹3:8	-	bare
約壹3:4#1	15	17	9節	約壹3:9	-	bare
約壹3:4#1	47	50	羅六2	羅6:2	-	book
約壹3:4#3	19	23	羅五13	羅5:13	-	book
約壹3:5#1	38	42	羅五12	羅5:12	-	book
約壹3:5#3	39	44	林後五21	林後5:21	-	book
約壹3:5#3	53	58	彼前二22	彼前2:22	-	book
約壹3:5#3	66	70	來四15	來4:15	-	book
結33:1#1	87	89	五4	結5:4	-	chapter
結33:1#1	90	94	十四21	結14:21	-	chapter
結33:1#1	174	181	徒三20～21	徒3:20	-	book
結33:1#1	215	222	耶三一31註1	耶31:31	1	book
結33:7#1	66	70	2～11	結33:2	-	bare
結33:7#1	72	77	太三1～2	太3:1	-	book
結33:7#1	80	85	三17註1	結3:17	1	chapter
約壹3:6#1	22	26	一2～3	約壹1:2	-	chapter
約壹3:6#1	27	30	6～7	約壹1:6	-	bare
約壹3:6#1	33	38	二27註8	約壹2:27	8	chapter
約壹3:7#1	1	5	二1註1	約壹2:1	1	chapter
約壹3:7#3	7	11	一6註5	約壹1:6	5	chapter
約壹3:7#3	31	36	二29註6	約壹2:29	6	chapter
約壹3:7#3	66	68	4節	約壹3:4	-	bare
約壹3:7#3	90	91	3	約壹3:3	-	bare
約壹3:7#4	14	16	3節	約壹3:3	-	bare
約壹3:8#1	13	17	一6註5	約壹1:6	5	chapter
約壹3:8#1	32	35	4註1	約壹3:4	1	bare
約壹3:8#2	6	9	二19	約壹2:19	-	chapter
約壹3:8#3	1	7	啟二10註1	啟2:10	1	book
約壹3:8#4	32	36	一1註2	約壹1:1	2	chapter
約壹3:8#5	96	99	羅八3	羅8:3	-	book
約壹3:8#5	119	123	來二14	來2:14	-	book
約壹3:8#5	135	138	5註1	約壹3:5	1	bare
約壹3:9#1	1	6	二29註7	約壹2:29	7	chapter
約壹3:9#2	40	43	4註1	約壹3:4	1	bare
約壹3:10#1	94	98	約八44	約8:44	-	book
約壹3:10#2	69	77	約壹三10～24	約壹3:10	-	book
約壹3:11#2	11	15	一1註2	約壹1:1	2	chapter
約壹3:11#3	1	5	二7註2	約壹2:7	2	chapter
約壹3:12#1	38	40	10	約壹3:10	-	bare
約壹3:12#2	1	6	五19註4	約壹5:19	4	chapter
約壹3:13#1	18	20	10	約壹3:10	-	bare
約壹3:13#1	33	38	約十二31	約12:31	-	book
約壹3:13#1	61	64	五19	約壹5:19	-	chapter
約壹3:14#1	59	62	創二9	創2:9	-	book
約壹3:14#1	63	68	16～17	創2:16	-	bare
約壹3:15#2	45	47	12	約壹3:12	-	bare
約壹3:17#2	1	5	二5註2	約壹2:5	2	chapter
約壹3:18#1	1	5	二1註1	約壹2:1	1	chapter
約壹3:18#3	1	5	一6註6	約壹1:6	6	chapter
結34:11#1	79	84	太三1～2	太3:1	-	book
結34:11#1	96	100	太九36	太9:36	-	book
結34:11#1	101	107	路十五1～7	路15:1	-	book
結34:11#1	108	112	約十11	約10:11	-	book
結34:13#1	37	39	14	結34:14	-	bare
結34:13#1	64	69	申八7註1	申8:7	1	book
結34:13#2	18	25	約七37～39	約7:37	-	book
結34:13#2	41	47	林前十二13	林前12:13	-	book
結34:13#2	55	57	14	結34:14	-	bare
結34:13#2	74	77	約十9	約10:9	-	book
結34:13#2	101	105	詩二三2	詩23:2	-	book
結34:13#2	107	113	啟二二1～2	啟22:1	-	book
結34:14#1	38	40	16	結34:16	-	bare
結34:17#1	14	20	13～16節	結34:13	-	bare
結34:17#1	53	58	17～22	結34:17	-	bare
結34:23#1	11	15	太十二3	太12:3	-	book
結34:23#1	30	34	約十11	約10:11	-	book
結34:23#1	35	40	來十三20	來13:20	-	book
結34:23#1	51	53	24	結34:24	-	bare
結34:23#1	54	57	賽九7	賽9:7	-	book
結34:23#1	58	61	何三5	何3:5	-	book
結34:23#1	62	65	彌五2	彌5:2	-	book
結34:23#1	66	73	路一32～33	路1:32	-	book
結34:25#1	49	54	徒二十29	徒20:29	-	book
結34:25#1	79	81	27	結34:27	-	bare
結34:25#1	97	99	28	結34:28	-	bare
結34:26#1	86	89	27上	結34:27	-	bare
結34:26#1	90	92	29	結34:29	-	bare
結34:30#1	32	37	30～31	結34:30	-	bare
結35:2#1	5	7	15	結35:15	-	bare
結35:2#1	22	29	二五12～14	結25:12	-	chapter
結35:2#1	67	73	二五12註1	結25:12	1	chapter
結35:2#1	113	117	弗四30	弗4:30	-	book
結35:2#1	152	155	羅六6	羅6:6	-	book
結35:2#1	156	163	弗四22～24	弗4:22	-	book
結35:2#1	164	170	西三9～11	西3:9	-	book
約壹3:19#1	40	45	14～18	約壹3:14	-	bare
約壹3:19#1	72	76	一6註6	約壹1:6	6	chapter
約壹3:19#2	47	51	提前一5	提前1:5	-	book
約壹3:19#2	52	54	19	提前1:19	-	bare
約壹3:19#2	55	60	徒二四16	徒24:16	-	book
約壹3:22#2	128	130	24	約壹3:24	-	bare
約壹3:22#3	7	11	一6註5	約壹1:6	5	chapter
約壹3:24#1	16	19	二28	約壹2:28	-	chapter
約壹3:24#1	50	56	二20～27	約壹2:20	-	chapter
約壹3:24#1	88	90	15	約壹3:15	-	bare
約壹3:24#1	91	92	9	約壹3:9	-	bare
約壹3:24#1	93	98	二29註7	約壹2:29	7	chapter
約壹3:24#1	118	121	二29	約壹2:29	-	chapter
約壹3:24#1	122	124	三7	約壹3:7	-	chapter
約壹3:24#1	125	127	10	約壹3:10	-	bare
約壹3:24#1	138	143	10～11	約壹3:10	-	bare
約壹3:24#1	144	149	14～23	約壹3:14	-	bare
約壹3:24#2	39	43	約十五4	約15:4	-	book
約壹3:24#4	17	20	二20	約壹2:20	-	chapter
約壹3:24#4	21	23	27	約壹2:27	-	bare
約壹3:24#4	57	63	腓一19註2	腓1:19	2	book
約壹3:24#4	204	208	加三14	加3:14	-	book
約壹3:24#4	255	262	約三31～35	約3:31	-	book
約壹3:24#4	274	276	15	約壹3:15	-	bare
約壹3:24#4	332	336	羅八16	羅8:16	-	book
約壹3:24#4	354	357	四13	約壹4:13	-	chapter
約壹3:24#4	376	381	林前六17	林前6:17	-	book
約壹3:24#4	402	408	林後十三14	林後13:14	-	book
約壹4:1#1	0	4	1～6節	約壹4:1	-	bare
約壹4:1#1	26	29	三24	約壹3:24	-	chapter
約壹4:1#1	67	73	二18～23	約壹2:18	-	chapter
約壹4:1#1	112	118	林前十四32	林前14:32	-	book
約壹4:1#2	11	17	林前十二10	林前12:10	-	book
約壹4:1#3	1	6	太二四24	太24:24	-	book
約壹4:1#3	35	36	3	約壹4:3	-	bare
約壹4:1#3	58	64	二18與註2	約壹2:18	2	chapter
約壹4:1#3	65	70	22～23	約壹2:22	-	bare
約壹4:2#2	11	15	太一18	太1:18	-	book
約壹4:2#2	54	61	路一31～35	路1:31	-	book
約壹4:3#1	265	268	約貳7	約貳1:7	-	book
約壹4:3#2	1	6	二18註2	約壹2:18	2	chapter
約壹4:4#1	1	5	二1註1	約壹2:1	1	chapter
約壹4:4#2	19	20	7	約壹4:7	-	bare
約壹4:4#2	21	24	二29	約壹2:29	-	chapter
約壹4:4#2	25	27	三9	約壹3:9	-	chapter
約壹4:4#3	7	8	1	約壹4:1	-	bare
約壹4:4#3	16	17	3	約壹4:3	-	bare
約壹4:4#3	50	53	二27	約壹2:27	-	chapter
約壹4:4#4	49	56	弗三16～19	弗3:16	-	book
約壹4:6#1	43	44	7	約壹4:7	-	bare
約壹4:6#3	12	16	5～6節	約壹4:5	-	bare
約壹4:6#4	15	19	一6註6	約壹1:6	6	chapter
約壹4:6#4	50	51	2	約壹4:2	-	bare
約壹4:6#4	78	79	3	約壹4:3	-	bare
約壹4:6#5	15	20	約十四17	約14:17	-	book
約壹4:6#5	21	25	十五26	約15:26	-	chapter
約壹4:6#5	26	30	十六13	約16:13	-	chapter
約壹4:6#5	50	53	弗二2	弗2:2	-	book
結36:8#1	0	4	8～15	結36:8	-	bare
結36:8#1	5	11	33～36節	結36:33	-	bare
結36:8#1	36	41	申八7註1	申8:7	1	book
結36:22#1	30	38	本章22～33節	結36:22	-	anaphor
結36:22#1	167	171	提後一9	提後1:9	-	book
結36:22#1	172	175	多三5	多3:5	-	book
結36:25#1	25	29	亞十三1	亞13:1	-	book
結36:26#1	75	78	弗二1	弗2:1	-	book
結36:26#1	79	82	四18	弗4:18	-	chapter
結36:26#1	126	130	林後三3	林後3:3	-	book
結36:26#1	156	160	西二13	西2:13	-	book
結36:27#1	28	30	26	結36:26	-	bare
結36:27#1	67	70	羅八9	羅8:9	-	book
結36:27#1	71	73	16	羅8:16	-	bare
結36:27#1	87	92	林前六17	林前6:17	-	book
結36:27#2	42	46	彼後一4	彼後1:4	-	book
結36:27#2	79	82	羅八4	羅8:4	-	book
結36:27#2	83	87	加五16	加5:16	-	book
結36:27#2	88	93	22～23	加5:22	-	bare
結36:35#1	42	47	創二8～9	創2:8	-	book
結36:37#1	36	39	路十2	路10:2	-	book
約壹4:7#1	0	5	7～21節	約壹4:7	-	bare
約壹4:7#1	7	14	二28～三24	約壹2:28	-	chapter
約壹4:7#1	25	31	三10～24	約壹3:10	-	chapter
約壹4:7#2	1	5	二5註2	約壹2:5	2	chapter
約壹4:7#4	90	95	二29註7	約壹2:29	7	chapter
約壹4:7#5	21	25	約十七3	約17:3	-	book
約壹4:8#2	1	5	二5註2	約壹2:5	2	chapter
約壹4:8#2	18	20	一5	約壹1:5	-	chapter
約壹4:8#2	107	111	一6註6	約壹1:6	6	chapter
約壹4:8#2	155	159	約一14	約1:14	-	book
約壹4:8#2	160	165	16～17	約1:16	-	bare
約壹4:8#2	226	228	二5	約壹2:5	-	chapter
約壹4:8#2	229	234	27～28	約壹2:27	-	bare
約壹4:8#2	235	237	三6	約壹3:6	-	chapter
約壹4:8#2	238	240	24	約壹3:24	-	bare
約壹4:8#2	259	263	一3～7	約壹1:3	-	chapter
約壹4:8#2	276	280	一5註2	約壹1:5	2	chapter
約壹4:9#2	22	29	羅七17～18	羅7:17	-	book
約壹4:9#2	30	36	一28～32	羅1:28	-	chapter
約壹4:9#2	52	55	弗二1	弗2:1	-	book
約壹4:9#2	56	57	5	弗2:5	-	bare
約壹4:9#2	58	62	西二13	西2:13	-	book
約壹4:9#2	99	101	10	約壹4:10	-	bare
約壹4:9#2	146	149	弗一7	弗1:7	-	book
約壹4:9#2	150	153	啟一5	啟1:5	-	book
約壹4:9#2	169	175	三14～15	約壹3:14	-	chapter
約壹4:9#2	176	180	約五24	約5:24	-	book
約壹4:9#2	199	203	約一29	約1:29	-	book
約壹4:9#2	223	227	約三36	約3:36	-	book
約壹4:9#2	239	244	林前十五3	林前15:3	-	book
約壹4:9#2	262	269	約三14～16	約3:14	-	book
約壹4:9#2	279	283	約六57	約6:57	-	book
約壹4:9#2	284	288	十四19	約14:19	-	chapter
約壹4:10#2	1	5	二2註2	約壹2:2	2	chapter
約壹4:12#2	17	19	13	約壹4:13	-	bare
約壹4:12#2	42	46	約十五4	約15:4	-	book
約壹4:12#3	0	2	二5	約壹2:5	-	chapter
約壹4:12#4	93	97	9～10	約壹4:9	-	bare
約壹4:13#1	38	41	三24	約壹3:24	-	chapter
約壹4:13#1	75	80	林前十二4	林前12:4	-	book
約壹4:13#1	110	114	徒二38	徒2:38	-	book
約壹4:13#1	155	159	腓一19	腓1:19	-	book
約壹4:13#1	160	164	約三34	約3:34	-	book
約壹4:13#2	52	55	雅四5	雅4:5	-	book
約壹4:13#2	56	59	羅八9	羅8:9	-	book
約壹4:13#2	60	62	11	羅8:11	-	bare
約壹4:13#2	76	80	羅八16	羅8:16	-	book
約壹4:13#2	176	178	12	約壹4:12	-	bare
約壹4:13#3	69	72	二27	約壹2:27	-	chapter
約壹4:14#1	44	46	15	約壹4:15	-	bare
約壹4:14#1	121	123	13	約壹4:13	-	bare
約壹4:15#1	16	18	14	約壹4:14	-	bare
約壹4:16#1	1	4	9註3	約壹4:9	3	bare
約壹4:16#2	13	15	14	約壹4:14	-	bare
約壹4:16#3	1	4	8註2	約壹4:8	2	bare
約壹4:16#3	36	40	9～10	約壹4:9	-	bare
約壹4:16#3	41	43	14	約壹4:14	-	bare
約壹4:17#1	12	14	16	約壹4:16	-	bare
約壹4:17#1	71	73	18	約壹4:18	-	bare
約壹4:17#2	1	5	12註4	約壹4:12	4	bare
約壹4:17#3	8	13	林前三13	林前3:13	-	book
約壹4:17#3	14	16	四5	林前4:5	-	chapter
約壹4:17#3	17	21	提後四8	提後4:8	-	book
約壹4:17#3	34	39	林後五10	林後5:10	-	book
約壹4:17#4	1	6	三21註1	約壹3:21	1	chapter
約壹4:18#1	18	23	彼前一17	彼前1:17	-	book
約壹4:18#1	24	29	來十二28	來12:28	-	book
約壹4:18#2	31	33	17	約壹4:17	-	bare
約壹4:18#2	59	67	路十二46～47	路12:46	-	book
約壹4:18#3	26	30	12註4	約壹4:12	4	bare
約壹4:19#1	47	52	20～21	約壹4:20	-	bare
約壹4:20#1	35	40	二9～11	約壹2:9	-	chapter
結37:1#1	186	190	三六25	結36:25	-	chapter
結37:1#1	219	224	12～13	結37:12	-	bare
結37:1#1	256	260	約五25	約5:25	-	book
結37:1#1	261	266	弗二1～8	弗2:1	-	book
結37:4#1	46	48	10	結37:10	-	bare
結37:4#1	49	51	14	結37:14	-	bare
結37:4#1	84	93	林前十四24～25	林前14:24	-	book
結37:5#1	22	26	5～10	結37:5	-	bare
結37:5#1	27	30	14節	結37:14	-	bare
結37:5#1	138	145	林前十五45下	林前15:45	-	book
結37:5#1	146	150	林後三6	林後3:6	-	book
結37:5#1	153	159	約三8與註1	約3:8	1	book
結37:7#1	23	25	10	結37:10	-	bare
結37:7#1	53	61	約二十19～22	約20:19	-	book
結37:7#1	62	69	徒一12～14	徒1:12	-	book
結37:7#1	70	74	二1～4	徒2:1	-	chapter
結37:10#1	77	83	16～17節	結37:16	-	bare
結37:10#1	142	146	約十七2	約17:2	-	book
結37:10#1	147	149	11	約17:11	-	bare
結37:10#1	150	152	17	約17:17	-	bare
結37:10#1	153	158	21～23	約17:21	-	bare
結37:10#1	159	166	弗四11～16	弗4:11	-	book
結37:16#1	79	81	17	結37:17	-	bare
結37:16#1	84	88	10註1	結37:10	1	bare
結37:16#1	89	94	1～14節	結37:1	-	bare
結37:16#1	110	116	16～22節	結37:16	-	bare
結37:24#1	12	18	三四23註1	結34:23	1	chapter
結38:2#1	21	29	啟十四19～20	啟14:19	-	book
結38:2#1	30	37	十六12～21	啟16:12	-	chapter
結38:2#1	38	45	十九11～18	啟19:11	-	chapter
結38:2#1	98	104	啟二十8註2	啟20:8	2	book
約壹5:1#1	24	29	二22註1	約壹2:22	1	chapter
約壹5:1#1	30	34	四3註1	約壹4:3	1	chapter
約壹5:1#1	74	77	約一1	約1:1	-	book
約壹5:1#1	78	80	14	約1:14	-	bare
約壹5:1#1	81	85	二十31	約20:31	-	chapter
約壹5:1#1	104	111	約一12～13	約1:12	-	book
約壹5:1#1	157	163	四20～21	約壹4:20	-	chapter
約壹5:2#2	7	11	一6註5	約壹1:6	5	chapter
約壹5:3#2	1	5	二5註2	約壹2:5	2	chapter
約壹5:3#2	6	10	15註3	約壹2:15	3	bare
約壹5:4#1	42	45	約三6	約3:6	-	book
約壹5:4#1	61	63	三9	約壹3:9	-	chapter
約壹5:4#2	18	22	約一13	約1:13	-	book
約壹5:4#2	23	25	三3	約3:3	-	chapter
約壹5:4#2	26	27	5	約3:5	-	bare
約壹5:4#2	28	36	約壹二29與註7	約壹2:29	7	book
約壹5:4#2	37	39	三9	約壹3:9	-	chapter
約壹5:4#2	40	42	四7	約壹4:7	-	chapter
約壹5:4#2	43	45	五1	約壹5:1	-	chapter
約壹5:4#2	46	47	4	約壹5:4	-	bare
約壹5:4#2	48	50	18	約壹5:18	-	bare
約壹5:4#2	77	84	約三15～16	約3:15	-	book
約壹5:4#2	85	87	36	約3:36	-	bare
約壹5:4#2	88	96	約壹五11～12	約壹5:11	-	book
約壹5:4#2	136	140	一3～7	約壹1:3	-	chapter
約壹5:4#2	153	159	二20～27	約壹2:20	-	chapter
約壹5:4#2	168	175	二28～三24	約壹2:28	-	chapter
約壹5:4#2	188	190	一6	約壹1:6	-	chapter
約壹5:4#2	199	202	二17	約壹2:17	-	chapter
約壹5:4#2	210	213	二29	約壹2:29	-	chapter
約壹5:4#2	214	216	三7	約壹3:7	-	chapter
約壹5:4#2	225	228	三11	約壹3:11	-	chapter
約壹5:4#2	229	234	22～23	約壹3:22	-	bare
約壹5:4#2	235	239	五1～3	約壹5:1	-	chapter
約壹5:4#2	249	252	四12	約壹4:12	-	chapter
約壹5:4#2	280	285	4～21節	約壹5:4	-	bare
約壹5:4#3	53	54	3	約壹5:3	-	bare
約壹5:4#4	1	6	二15註2	約壹2:15	2	chapter
約壹5:4#5	28	29	5	約壹5:5	-	bare
約壹5:5#1	23	30	約一12～13	約1:12	-	book
約壹5:5#1	31	34	三16	約3:16	-	chapter
約壹5:6#1	32	36	約十10	約10:10	-	book
約壹5:6#1	37	41	二十31	約20:31	-	chapter
約壹5:6#1	64	69	11～13	約壹5:11	-	bare
約壹5:6#1	101	108	太三16～17	太3:16	-	book
約壹5:6#1	109	113	約一31	約1:31	-	book
約壹5:6#1	129	137	約十九31～35	約19:31	-	book
約壹5:6#1	138	146	太二七50～54	太27:50	-	book
約壹5:6#1	164	171	約一32～34	約1:32	-	book
約壹5:6#1	172	175	三34	約3:34	-	chapter
約壹5:6#1	202	206	7～10	約壹5:7	-	bare
約壹5:6#1	231	236	11～13	約壹5:11	-	bare
約壹5:6#1	237	241	約三16	約3:16	-	book
約壹5:6#1	242	244	36	約3:36	-	bare
約壹5:6#1	245	249	二十31	約20:31	-	chapter
約壹5:6#1	313	316	羅八2	羅8:2	-	book
約壹5:6#1	365	368	約三5	約3:5	-	book
約壹5:6#1	369	371	15	約3:15	-	bare
約壹5:6#1	372	378	一12～13	約1:12	-	chapter
約壹5:6#1	388	390	一6	約壹1:6	-	chapter
約壹5:6#1	398	401	二17	約壹2:17	-	chapter
約壹5:6#1	408	411	二29	約壹2:29	-	chapter
約壹5:6#1	419	425	三10～11	約壹3:10	-	chapter
約壹5:6#4	12	20	約十四16～17	約14:16	-	book
約壹5:6#4	21	25	十五26	約15:26	-	chapter
約壹5:6#4	79	82	西三4	西3:4	-	book
約壹5:6#5	16	24	約十六12～15	約16:12	-	book
約壹5:6#5	27	31	一6註6	約壹1:6	6	chapter
約壹5:12#1	9	12	約一4	約1:4	-	book
約壹5:12#1	23	28	約十一25	約11:25	-	book
約壹5:12#1	29	32	十四6	約14:6	-	chapter
約壹5:12#1	33	36	西三4	西3:4	-	book
結39:1#1	1	6	三八2註1	結38:2	1	chapter
結40:1#1	161	169	啟二一2～二二5	啟21:2	-	book
結40:1#1	184	191	王下二五8～9	王下25:8	-	book
結40:1#1	211	218	拉三6下～13	拉3:6	-	book
結40:1#1	219	225	六13～15	拉6:13	-	chapter
結40:1#1	249	253	約二20	約2:20	-	book
結40:1#1	279	283	但九26	但9:26	-	book
結40:1#1	284	289	太二三38	太23:38	-	book
結40:1#1	290	293	二四2	太24:2	-	chapter
結40:1#1	381	384	四一2	結41:2	-	chapter
結40:1#1	385	386	4	結41:4	-	bare
結40:1#1	388	392	王上六2	王上6:2	-	book
結40:1#1	452	459	創十三18註1	創13:18	1	book
結40:1#1	527	533	王上六2註1	王上6:2	1	book
結40:1#1	576	580	約一14	約1:14	-	book
結40:1#1	587	594	約二19～21	約2:19	-	book
結40:1#1	618	625	弗一22～23	弗1:22	-	book
結40:1#1	626	632	二20～22	弗2:20	-	chapter
結40:1#1	663	669	啟二一2～3	啟21:2	-	book
結40:1#1	670	675	15～17	啟21:15	-	bare
結40:1#2	44	46	一1	結1:1	-	chapter
結40:1#2	77	79	一2	結1:2	-	chapter
結40:1#2	99	102	民四3	民4:3	-	book
結40:1#2	132	136	一1註1	結1:1	1	chapter
結40:1#3	44	48	出十二3	出12:3	-	book
結40:1#3	84	88	約一29	約1:29	-	book
結40:1#3	89	93	林前五7	林前5:7	-	book
結40:2#1	49	54	申八7註1	申8:7	1	book
結40:2#1	112	119	啟二一10註1	啟21:10	1	book
結40:3#1	33	39	一26～28	結1:26	-	chapter
結40:3#1	70	78	民十六37～39	民16:37	-	book
結40:3#1	79	84	二一8～9	民21:8	-	chapter
結40:3#1	122	125	亞二1	亞2:1	-	book
結40:3#2	10	14	啟十一1	啟11:1	-	book
結40:3#2	15	19	二一15	啟21:15	-	chapter
約壹5:14#1	64	69	徒二四16	徒24:16	-	book
約壹5:14#2	0	5	4～13節	約壹5:4	-	bare
約壹5:14#2	18	22	一1～2	約壹1:1	-	chapter
約壹5:14#2	32	38	14～17節	約壹5:14	-	bare
約壹5:14#2	46	50	一3～7	約壹1:3	-	chapter
約壹5:14#3	25	30	三21註1	約壹3:21	1	chapter
約壹5:15#1	53	57	約十五7	約15:7	-	book
約壹5:15#1	58	60	16	約15:16	-	bare
約壹5:15#1	61	68	十六23～24	約16:23	-	chapter
約壹5:16#3	101	106	林前六17	林前6:17	-	book
約壹5:16#3	204	211	雅五14～16	雅5:14	-	book
約壹5:16#4	76	80	雅五15	雅5:15	-	book
約壹5:16#5	41	44	二22	約壹2:22	-	chapter
約壹5:16#5	100	106	14～17節	約壹5:14	-	bare
約壹5:16#5	110	116	一3～二11	約壹1:3	-	chapter
約壹5:16#5	271	277	徒五1～11	徒5:1	-	book
約壹5:16#5	307	316	林前十一29～30	林前11:29	-	book
約壹5:16#5	336	343	林前十5～11	林前10:5	-	book
約壹5:16#5	422	429	民十二1～15	民12:1	-	book
約壹5:16#5	430	433	二十1	民20:1	-	chapter
約壹5:16#5	434	436	12	民20:12	-	bare
約壹5:16#5	437	442	22～29	民20:22	-	bare
約壹5:16#5	443	447	申一37	申1:37	-	book
約壹5:16#5	448	454	三26～27	申3:26	-	chapter
約壹5:16#5	455	462	三二48～52	申32:48	-	chapter
約壹5:17#1	19	24	三4與註3	約壹3:4	3	chapter
約壹5:18#1	16	21	一6～10	約壹1:6	-	chapter
約壹5:18#1	36	41	16～17	約壹5:16	-	bare
約壹5:18#1	112	117	三9與註2	約壹3:9	2	chapter
約壹5:18#1	128	131	羅六2	羅6:2	-	book
約壹5:18#1	134	139	二29註7	約壹2:29	7	chapter
約壹5:18#2	6	11	約十七15	約17:15	-	book
約壹5:18#2	107	110	約三6	約3:6	-	book
約壹5:18#2	171	174	4註1	約壹5:4	1	bare
約壹5:18#4	1	5	19註4	約壹5:19	4	bare
約壹5:19#2	15	21	二15與註2	約壹2:15	2	chapter
約壹5:20#1	23	27	約一14	約1:14	-	book
約壹5:20#2	23	31	約十六12～15	約16:12	-	book
約壹5:20#3	20	24	弗一17	弗1:17	-	book
約壹5:20#3	51	55	約十七3	約17:3	-	book
約壹5:20#5	13	17	約一14	約1:14	-	book
約壹5:20#5	18	21	十四6	約14:6	-	chapter
約壹5:20#5	22	24	17	約14:17	-	bare
約壹5:20#7	38	41	西二9	西2:9	-	book
約壹5:21#1	1	5	二1註1	約壹2:1	1	chapter
約壹5:21#3	240	244	一1～7	約壹1:1	-	chapter
約壹5:21#3	245	247	四8	約壹4:8	-	chapter
約壹5:21#3	248	250	16	約壹4:16	-	bare
約壹5:21#3	275	282	二29～三10	約壹2:29	-	chapter
約壹5:21#3	324	330	二12～28	約壹2:12	-	chapter
約壹5:21#3	331	334	三24	約壹3:24	-	chapter
約壹5:21#3	376	380	1～13	約壹5:1	-	bare
約壹5:21#3	421	427	二29～三1	約壹2:29	-	chapter
約壹5:21#3	445	448	三24	約壹3:24	-	chapter
約壹5:21#3	449	451	四4	約壹4:4	-	chapter
約壹5:21#3	452	454	13	約壹4:13	-	bare
約壹5:21#3	495	499	三1～2	約壹3:1	-	chapter
約壹5:21#3	523	525	二6	約壹2:6	-	chapter
約壹5:21#3	526	528	三6	約壹3:6	-	chapter
約壹5:21#3	562	566	一5～7	約壹1:5	-	chapter
約壹5:21#3	578	581	二29	約壹2:29	-	chapter
約壹5:21#3	582	584	四7	約壹4:7	-	chapter
約壹5:21#3	614	616	一6	約壹1:6	-	chapter
約壹5:21#3	617	620	二29	約壹2:29	-	chapter
約壹5:21#3	621	622	5	約壹2:5	-	bare
約壹5:21#3	623	629	三10～11	約壹3:10	-	chapter
約壹5:21#3	630	633	二17	約壹2:17	-	chapter
約壹5:21#3	634	636	五2	約壹5:2	-	chapter
約壹5:21#3	680	685	一7～二6	約壹1:7	-	chapter
約壹5:21#3	686	691	三4～10	約壹3:4	-	chapter
約壹5:21#3	692	698	五16～18	約壹5:16	-	chapter
約壹5:21#3	730	736	二15～17	約壹2:15	-	chapter
約壹5:21#3	737	741	四3～5	約壹4:3	-	chapter
約壹5:21#3	742	746	五4～5	約壹5:4	-	chapter
約壹5:21#3	747	749	19	約壹5:19	-	bare
約壹5:21#3	788	790	21	約壹5:21	-	bare
約壹5:21#3	874	876	18	約壹5:18	-	bare
約壹5:21#3	903	905	三8	約壹3:8	-	chapter
約壹5:21#3	931	934	二14	約壹2:14	-	chapter
約壹5:21#3	968	971	4～5	約壹5:4	-	bare
約壹5:21#3	1016	1018	三9	約壹3:9	-	chapter
約壹5:21#3	1019	1022	五18	約壹5:18	-	chapter
約壹5:21#3	1045	1047	三5	約壹3:5	-	chapter
約壹5:21#3	1088	1092	二1～2	約壹2:1	-	chapter
約壹5:21#3	1110	1112	一7	約壹1:7	-	chapter
結40:5#1	100	107	啟二一16註1	啟21:16	1	book
結40:5#1	150	154	弗二21	弗2:21	-	book
結40:6#1	18	19	6	結40:6	-	bare
結40:6#1	27	29	14	結40:14	-	bare
結40:6#1	37	38	7	結40:7	-	bare
結40:6#1	44	47	8～9	結40:8	-	bare
結40:6#1	92	96	約十四6	約14:6	-	book
結40:6#1	97	99	20	約14:20	-	bare
結40:6#1	100	106	啟二一21上	啟21:21	-	book
結40:6#1	136	143	啟二一21註1	啟21:21	1	book
結40:7#1	25	27	10	結40:10	-	bare
結40:7#1	100	103	5註1	結40:5	1	bare
結40:8#1	32	33	9	結40:9	-	bare
結40:8#1	67	71	約二十1	約20:1	-	book
結40:11#1	48	51	5註1	結40:5	1	bare
結40:16#1	1	7	王上六4註1	王上6:4	1	book
結40:16#2	28	33	出十五27	出15:27	-	book
結40:16#2	34	37	啟七9	啟7:9	-	book
結40:17#1	73	80	四六21～24	結46:21	-	chapter
結40:17#1	81	85	21註1	結46:21	1	bare
結40:17#1	122	126	約一42	約1:42	-	book
結40:17#1	127	132	太十六18	太16:18	-	book
結40:17#1	156	163	路十五22註7	路15:22	7	book
結40:17#1	212	218	四二1～14	結42:1	-	chapter
結40:17#1	286	292	來十5～10	來10:5	-	book
約貳1:1#1	35	38	加二9	加2:9	-	book
約貳1:1#1	39	45	彼前五1註2	彼前5:1	2	book
約貳1:1#2	75	80	彼前五13	彼前5:13	-	book
約貳1:1#2	148	150	13	約貳1:13	-	bare
約貳1:1#3	92	99	約三19～21	約3:19	-	book
約貳1:1#3	121	128	約四23～24	約4:23	-	book
約貳1:1#3	138	141	羅三7	羅3:7	-	book
約貳1:1#3	142	145	十五8	羅15:8	-	chapter
約貳1:1#3	166	172	約壹一6註6	約壹1:6	6	book
約貳1:1#5	11	17	約壹一6註6	約壹1:6	6	book
約貳1:2#1	87	88	1	約貳1:1	-	bare
約貳1:2#2	1	4	1註5	約貳1:1	5	bare
約貳1:3#1	13	16	1註5	約貳1:1	5	bare
約貳1:3#1	155	156	4	約貳1:4	-	bare
約貳1:3#1	166	167	5	約貳1:5	-	bare
約貳1:4#1	1	8	約十三34註1	約13:34	1	book
約貳1:4#2	19	22	1註5	約貳1:1	5	bare
約貳1:4#2	55	59	太十七5	太17:5	-	book
約貳1:4#2	90	94	約五23	約5:23	-	book
約貳1:4#3	53	58	約參3～4	約參1:3	-	book
約貳1:5#1	1	7	約壹一1註2	約壹1:1	2	book
約貳1:5#2	17	22	約十三34	約13:34	-	book
約貳1:7#1	17	21	約壹四1	約壹4:1	-	book
約貳1:7#3	1	7	約壹四2註2	約壹4:2	2	book
約貳1:7#4	1	8	約壹二18註2	約壹2:18	2	book
約貳1:7#4	9	13	22註2	約壹2:22	2	bare
約貳1:8#4	9	11	9節	約貳1:9	-	bare
約貳1:8#4	95	99	太五12	太5:12	-	book
約貳1:8#4	100	104	十六27	太16:27	-	chapter
約貳1:8#4	105	109	林前三8	林前3:8	-	book
約貳1:8#4	110	115	13～14	林前3:13	-	bare
約貳1:8#4	116	123	來十35～36	來10:35	-	book
約貳1:8#4	124	129	啟十一18	啟11:18	-	book
約貳1:8#4	130	134	二二12	啟22:12	-	chapter
約貳1:9#3	29	34	約壹二23	約壹2:23	-	book
約貳1:9#3	54	57	約一1	約1:1	-	book
約貳1:9#3	58	60	14	約1:14	-	bare
約貳1:10#2	11	12	7	約貳1:7	-	bare
約貳1:10#2	13	18	約壹二22	約壹2:22	-	book
約貳1:10#2	26	30	約壹四1	約壹4:1	-	book
約貳1:11#1	24	28	羅十15	羅10:15	-	book
約貳1:12#1	45	51	約壹一2～4	約壹1:2	-	book
結40:28#1	8	13	28～37	結40:28	-	bare
結40:31#1	14	16	22	結40:22	-	bare
結40:31#1	17	19	26	結40:26	-	bare
結40:38#1	29	34	利一3～9	利1:3	-	book
結40:38#1	85	89	31註1	結40:31	1	bare
結40:38#1	142	147	利一3註1	利1:3	1	book
結40:39#1	19	24	39～43	結40:39	-	bare
結40:39#1	41	43	41	結40:41	-	bare
結40:39#1	62	64	42	結40:42	-	bare
結40:47#1	86	92	四三13註2	結43:13	2	chapter
結40:47#1	107	115	路十二49～50	路12:49	-	book
結40:47#1	116	121	約十二24	約12:24	-	book
結40:47#1	138	141	羅六6	羅6:6	-	book
結40:47#1	142	146	來二14	來2:14	-	book
結40:47#1	147	153	九26～28	來9:26	-	chapter
結40:47#1	154	158	加六14	加6:14	-	book
結40:47#1	159	166	弗二14～15	弗2:14	-	book
結40:47#2	14	21	約二19～21	約2:19	-	book
結40:47#2	33	38	林前三16	林前3:16	-	book
結40:47#2	39	43	弗二21	弗2:21	-	book
結40:49#2	48	50	22	結40:22	-	bare
結40:49#2	51	53	31	結40:31	-	bare
結41:2#1	11	15	四十48	結40:48	-	chapter
結41:2#1	49	50	3	結41:3	-	bare
結41:5#1	55	60	出二六15	出26:15	-	book
結41:6#1	14	20	王上六5註3	王上6:5	3	book
結41:6#1	38	42	四十17	結40:17	-	chapter
結41:6#1	87	94	弗三16～19	弗3:16	-	book
結41:6#2	1	7	王上六6註1	王上6:6	1	book
結41:7#1	39	43	弗三18	弗3:18	-	book
結41:10#1	1	8	四二10～14	結42:10	-	chapter
結41:12#2	28	31	6註1	結41:6	1	bare
結41:12#2	50	53	弗三8	弗3:8	-	book
結41:12#2	89	96	約六11～13	約6:11	-	book
結41:12#2	113	119	弗三19註4	弗3:19	4	book
結41:16#1	1	5	王上六4	王上6:4	-	book
結41:16#2	44	49	出二六29	出26:29	-	book
結41:18#1	22	27	18～20	結41:18	-	bare
結41:18#1	47	50	十18	結10:18	-	chapter
結41:18#1	51	54	來九5	來9:5	-	book
結41:18#1	87	93	四十16註2	結40:16	2	chapter
結41:19#1	12	14	一6	結1:6	-	chapter
結41:19#1	15	17	10	結1:10	-	bare
結41:19#1	59	64	一10註1	結1:10	1	chapter
結41:19#1	86	88	18	結41:18	-	bare
結41:19#1	128	136	林後二14～16	林後2:14	-	book
結41:19#1	137	140	三18	林後3:18	-	chapter
結41:22#1	19	25	出三十1～5	出30:1	-	book
結41:23#1	31	35	太七15	太7:15	-	book
結41:23#1	36	41	徒二十29	徒20:29	-	book
結41:23#1	58	60	24	結41:24	-	bare
結41:25#1	1	5	18註1	結41:18	1	bare
結41:26#1	67	73	王上六4註2	王上6:4	2	book
約參1:1#1	1	6	約貳1註1	約貳1:1	1	book
約參1:1#2	2	7	徒十九29	徒19:29	-	book
約參1:1#2	17	21	徒二十4	徒20:4	-	book
約參1:1#2	31	36	林前一14	林前1:14	-	book
約參1:1#2	37	42	羅十六23	羅16:23	-	book
約參1:1#3	1	6	約貳1註3	約貳1:1	3	book
約參1:2#3	15	19	羅一10	羅1:10	-	book
約參1:2#4	9	13	路五31	路5:31	-	book
約參1:2#4	14	17	七10	路7:10	-	chapter
約參1:2#4	18	22	十五27	路15:27	-	chapter
約參1:2#5	13	21	帖前五23與註5	帖前5:23	5	book
約參1:2#5	84	87	羅八9	羅8:9	-	book
約參1:2#5	88	90	16	羅8:16	-	bare
約參1:2#5	120	124	羅十二2	羅12:2	-	book
約參1:2#5	125	130	林後三18	林後3:18	-	book
約參1:3#1	35	40	約貳1註5	約貳1:1	5	book
約參1:3#2	1	6	約貳4註2	約貳1:4	2	book
約參1:3#4	1	6	約貳4註3	約貳1:4	3	book
約參1:4#1	1	6	約貳4註2	約貳1:4	2	book
約參1:5#1	17	22	羅十二13	羅12:13	-	book
約參1:5#1	23	27	來十三2	來13:2	-	book
約參1:5#1	59	62	7～8	約參1:7	-	bare
約參1:7#1	17	23	腓二9與註3	腓2:9	3	book
約參1:7#1	24	28	徒五41	徒5:41	-	book
約參1:7#1	29	32	雅二7	雅2:7	-	book
約參1:9#2	4	12	太二十25～27	太20:25	-	book
約參1:9#2	13	19	二三8～11	太23:8	-	chapter
約參1:9#2	52	55	約貳9	約貳1:9	-	book
約參1:9#2	77	80	約參9	約參1:9	-	book
約參1:10#1	20	27	約壹五19註4	約壹5:19	4	book
約參1:11#3	7	14	約壹五19註1	約壹5:19	1	book
約參1:11#3	48	52	約壹三8	約壹3:8	-	book
約參1:12#2	19	22	5～8	約參1:5	-	bare
約參1:12#3	26	32	約壹一6註6	約壹1:6	6	book
約參1:12#5	24	31	約壹五20註5	約壹5:20	5	book
約參1:14#1	1	7	約貳12註1	約貳1:12	1	book
結42:1#1	43	47	四十17	結40:17	-	chapter
結42:1#1	87	92	13～14	結42:13	-	bare
結42:1#1	125	129	出二八2	出28:2	-	book
結42:3#1	41	46	四一6註1	結41:6	1	chapter
結42:3#1	93	100	弗三16～19	弗3:16	-	book
結43:2#1	53	60	弗三14～21	弗3:14	-	book
結43:5#1	53	58	該二7註1	該2:7	1	book
結43:7#1	56	64	太十六18～19	太16:18	-	book
結43:7#1	74	80	徒十三1～3	徒13:1	-	book
結43:7#1	106	111	提前三15	提前3:15	-	book
結43:7#2	12	19	十六15～21	結16:15	-	chapter
結43:7#2	20	24	二三30	結23:30	-	chapter
結43:10#1	49	54	10～12	結43:10	-	bare
結43:10#1	178	183	提前三15	提前3:15	-	book
結43:12#1	37	42	弗二5～6	弗2:5	-	book
結43:12#1	70	75	林前三17	林前3:17	-	book
結43:13#1	1	6	四十5註2	結40:5	2	chapter
結43:13#2	94	101	徒二23與註1	徒2:23	1	book
結43:13#2	114	116	14	結43:14	-	bare
結43:13#2	146	150	啟一5上	啟1:5	-	book
結43:13#2	156	158	14	結43:14	-	bare
結43:13#2	163	165	15	結43:15	-	bare
結43:13#2	181	183	一5	結1:5	-	chapter
結43:13#2	200	202	16	結43:16	-	bare
結43:13#2	282	287	徒二十28	徒20:28	-	book
結43:13#2	288	291	羅六6	羅6:6	-	book
結43:13#2	292	296	西一15	西1:15	-	book
結43:13#3	53	59	西一20註3	西1:20	3	book
結43:13#3	60	65	來二9註4	來2:9	4	book
結43:15#1	38	44	出二七2註1	出27:2	1	book
結43:16#1	15	20	啟二一12	啟21:12	-	book
結43:16#1	21	23	14	啟21:14	-	bare
結43:16#1	24	29	16～17	啟21:16	-	bare
結43:16#1	30	32	21	啟21:21	-	bare
結43:16#1	33	36	二二2	啟22:2	-	chapter
結43:16#1	72	74	一5	結1:5	-	chapter
結43:16#1	145	150	羅一3～4	羅1:3	-	book
結43:16#1	151	154	4註6	羅1:4	6	bare
結43:17#1	1	5	13註3	結43:13	3	bare
結43:17#2	16	19	四三2	結43:2	-	chapter
結43:17#2	53	61	約十二23～24	約12:23	-	book
結43:17#2	64	67	十七1	約17:1	-	chapter
結43:18#1	32	38	創十二7註3	創12:7	3	book
結43:18#1	41	47	18～27節	結43:18	-	bare
結43:18#1	87	92	25～26	結43:25	-	bare
結43:18#1	150	152	27	結43:27	-	bare
結44:3#1	26	30	1～3節	結44:1	-	bare
結44:4#1	1	6	四三5註1	結43:5	1	chapter
結44:9#1	30	37	羅二28～29	羅2:28	-	book
結44:9#1	38	41	腓三3	腓3:3	-	book
結44:9#1	42	46	西二11	西2:11	-	book
結44:9#1	99	105	出四25註1	出4:25	1	book
結44:9#1	106	112	十二43註1	出12:43	1	chapter
結44:10#1	39	44	10～14	結44:10	-	bare
結44:10#1	99	104	15～16	結44:15	-	bare
結44:17#1	64	66	18	結44:18	-	bare
結44:17#1	102	106	創三19	創3:19	-	book
結44:20#1	35	40	林前十一5	林前11:5	-	book
結44:20#1	42	44	10	林前11:10	-	bare
結44:20#1	103	107	弗五21	弗5:21	-	book
結44:20#1	108	112	彼前五5	彼前5:5	-	book
結44:20#1	155	162	太二三1～12	太23:1	-	book
結44:21#1	1	6	利十9註1	利10:9	1	book
結44:21#1	7	12	民六3註1	民6:3	1	book
結44:22#1	28	35	提前三2與註3	提前3:2	3	book
結44:24#2	1	7	出二十8註1	出20:8	1	book
結44:25#1	28	34	利二一1註1	利21:1	1	book
結44:25#1	35	41	十一31註1	利11:31	1	chapter
結44:26#1	1	8	利十一31註2	利11:31	2	book
結44:27#1	35	42	出二九36註1	出29:36	1	book
結44:28#1	1	8	民十八20註1	民18:20	1	book
結44:29#1	26	28	28	結44:28	-	bare
結44:29#1	59	62	弗三8	弗3:8	-	book
結44:29#1	65	71	民十八9註1	民18:9	1	book
結44:29#1	72	76	31註1	民18:31	1	bare
猶1:1#1	8	11	雅一1	雅1:1	-	book
猶1:1#1	27	32	太十三55	太13:55	-	book
猶1:1#2	55	59	約十七6	約17:6	-	book
猶1:2#1	31	36	21～22	猶1:21	-	bare
猶1:2#1	39	45	提後一2註1	提後1:2	1	book
猶1:3#1	29	32	多一4	多1:4	-	book
猶1:3#2	45	48	徒六7	徒6:7	-	book
猶1:3#2	49	54	提前一19	提前1:19	-	book
猶1:3#2	55	57	三9	提前3:9	-	chapter
猶1:3#2	58	60	四1	提前4:1	-	chapter
猶1:3#2	61	63	五8	提前5:8	-	chapter
猶1:3#2	64	67	六10	提前6:10	-	chapter
猶1:3#2	68	70	21	提前6:21	-	bare
猶1:3#2	71	75	提後三8	提後3:8	-	book
猶1:3#2	76	78	四7	提後4:7	-	chapter
猶1:3#2	79	83	多一13	多1:13	-	book
猶1:3#2	139	144	提前六12	提前6:12	-	book
猶1:4#1	0	5	4～19節	猶1:4	-	bare
猶1:4#2	21	25	彼後二1	彼後2:1	-	book
猶1:4#5	32	36	加五13	加5:13	-	book
猶1:4#5	37	42	彼前二16	彼前2:16	-	book
猶1:4#6	8	12	彼前四3	彼前4:3	-	book
猶1:4#6	13	17	彼後二2	彼後2:2	-	book
猶1:5#3	1	7	彼後二1註5	彼後2:1	5	book
猶1:6#1	83	86	創六2	創6:2	-	book
猶1:6#1	87	95	彼前三19與註2	彼前3:19	2	book
猶1:6#3	11	15	彼後二4	彼後2:4	-	book
猶1:6#4	17	23	彼後二4註4	彼後2:4	4	book
猶1:7#1	28	31	創六2	創6:2	-	book
猶1:7#1	117	124	創二18～24	創2:18	-	book
猶1:7#1	132	136	羅一27	羅1:27	-	book
猶1:7#1	137	142	利十八22	利18:22	-	book
猶1:8#1	0	2	4節	猶1:4	-	bare
猶1:8#2	1	8	彼後二10註2	彼後2:10	2	book
猶1:8#3	1	8	彼後二10註4	彼後2:10	4	book
猶1:9#1	1	8	彼後二11註1	彼後2:11	1	book
猶1:9#2	23	27	申三四6	申34:6	-	book
猶1:9#2	62	66	太十七3	太17:3	-	book
猶1:9#2	122	127	彼後二11	彼後2:11	-	book
猶1:9#3	1	8	彼後二11註2	彼後2:11	2	book
猶1:9#3	51	56	結二八14	結28:14	-	book
猶1:10#1	1	3	8節	猶1:8	-	bare
猶1:10#4	1	8	彼後二12註1	彼後2:12	1	book
猶1:10#7	1	7	彼後二1註5	彼後2:1	5	book
結45:13#1	35	40	13～15	結45:13	-	bare
結45:13#1	59	64	約十二24	約12:24	-	book
結45:13#1	76	81	撒下二一9	撒下21:9	-	book
結45:13#1	97	103	林前十五20	林前15:20	-	book
結45:13#1	104	109	利二三10	利23:10	-	book
結45:13#1	118	122	路四18	路4:18	-	book
結45:13#1	135	139	約一29	約1:29	-	book
結45:17#2	1	7	利十六1註1	利16:1	1	book
結45:18#1	18	23	18～20	結45:18	-	bare
結45:18#1	33	36	四六6	結46:6	-	chapter
結45:18#1	46	49	四六4	結46:4	-	chapter
結45:18#1	59	63	四六13	結46:13	-	chapter
結45:18#1	99	101	21	結45:21	-	bare
結45:18#1	102	104	25	結45:25	-	bare
結45:18#1	143	148	18～19	結45:18	-	bare
結45:25#1	6	14	利二三33～44	利23:33	-	book
結46:6#1	1	7	西二16註3	西2:16	3	book
結46:13#1	26	32	民二八3～4	民28:3	-	book
結46:19#1	24	29	19～20	結46:19	-	bare
結46:19#1	43	49	21～24節	結46:21	-	bare
結46:21#1	28	33	21～24	結46:21	-	bare
結46:21#1	89	91	22	結46:22	-	bare
結46:21#1	107	112	太四1～2	太4:1	-	book
結46:21#1	113	116	來三9	來3:9	-	book
猶1:11#1	63	68	創四2～8	創4:2	-	book
猶1:11#3	80	84	民二二7	民22:7	-	book
猶1:11#3	85	87	21	民22:21	-	bare
猶1:11#3	88	92	三一16	民31:16	-	chapter
猶1:11#3	93	97	啟二14	啟2:14	-	book
猶1:11#4	49	56	民十六1～40	民16:1	-	book
猶1:11#5	6	7	5	猶1:5	-	bare
猶1:11#5	10	16	彼後二1註5	彼後2:1	5	book
猶1:12#1	11	19	約壹四10～11	約壹4:10	-	book
猶1:12#1	20	22	21	約壹4:21	-	bare
猶1:12#1	54	58	徒二46	徒2:46	-	book
猶1:12#1	77	86	林前十一20～21	林前11:20	-	book
猶1:12#1	87	89	33	林前11:33	-	bare
猶1:12#2	38	43	彼後二13	彼後2:13	-	book
猶1:12#3	10	15	彼後二13	彼後2:13	-	book
猶1:12#4	2	7	彼後二17	彼後2:17	-	book
猶1:13#2	53	57	但十二3	但12:3	-	book
猶1:13#2	58	62	啟一20	啟1:20	-	book
猶1:14#2	7	12	帖前三13	帖前3:13	-	book
猶1:14#2	18	23	太十六27	太16:27	-	book
猶1:14#2	24	28	二五31	太25:31	-	chapter
猶1:14#2	29	33	可八38	可8:38	-	book
猶1:14#2	37	41	亞十四5	亞14:5	-	book
猶1:14#3	17	24	帖後二8與註4	帖後2:8	4	book
猶1:14#3	25	30	太二四27	太24:27	-	book
猶1:14#3	31	33	30	太24:30	-	bare
猶1:14#3	34	40	亞十四4～5	亞14:4	-	book
猶1:15#1	26	33	彼前一17註2	彼前1:17	2	book
猶1:18#1	1	7	提後三1註2	提後3:1	2	book
猶1:19#2	46	51	帖前五23	帖前5:23	-	book
猶1:19#2	203	210	彼後二12註1	彼後2:12	1	book
猶1:19#2	223	225	10	猶1:10	-	bare
猶1:20#1	36	39	3註2	猶1:3	2	bare
猶1:21#1	26	28	20	猶1:20	-	bare
猶1:21#1	88	93	太十九29	太19:29	-	book
猶1:21#3	1	4	2註1	猶1:2	1	bare
猶1:23#1	8	11	亞三2	亞3:2	-	book
猶1:23#2	15	19	太三10	太3:10	-	book
猶1:23#2	20	22	12	太3:12	-	bare
猶1:23#2	23	26	五22	太5:22	-	chapter
猶1:23#3	40	47	彼前一17註4	彼前1:17	4	book
猶1:24#1	25	31	20～23節	猶1:20	-	bare
猶1:24#4	34	38	多二13	多2:13	-	book
猶1:24#4	39	44	彼前四13	彼前4:13	-	book
猶1:24#4	59	63	路九26	路9:26	-	book
結47:1#1	30	34	創二10	創2:10	-	book
結47:1#1	35	39	出十七6	出17:6	-	book
結47:1#1	40	44	林前十4	林前10:4	-	book
結47:1#1	45	50	詩三六8下	詩36:8	-	book
結47:1#1	51	54	四六4	詩46:4	-	chapter
結47:1#1	55	59	亞十四8	亞14:8	-	book
結47:1#1	60	64	約四14	約4:14	-	book
結47:1#1	65	71	七37～39	約7:37	-	chapter
結47:1#1	72	76	啟二二1	啟22:1	-	book
結47:1#1	77	79	17	啟22:17	-	bare
結47:1#1	125	132	四三10～11	結43:10	-	chapter
結47:1#2	17	20	四三2	結43:2	-	chapter
結47:1#3	23	30	弗一20～22	弗1:20	-	book
結47:1#4	24	28	出十七6	出17:6	-	book
結47:1#4	29	34	約十九34	約19:34	-	book
結47:3#1	1	7	四十3與註1	結40:3	1	chapter
結47:3#2	1	6	四十3註2	結40:3	2	chapter
結47:3#3	15	20	詩八四10	詩84:10	-	book
結47:3#3	62	65	3～5	結47:3	-	bare
結47:3#3	97	101	3～5節	結47:3	-	bare
結47:3#3	140	142	一5	結1:5	-	chapter
結47:9#1	11	15	啟二二1	啟22:1	-	book
結47:9#2	15	16	7	結47:7	-	bare
結47:9#2	17	19	12	結47:12	-	bare
結47:9#2	20	24	9～10	結47:9	-	bare
結47:9#2	37	40	創二9	創2:9	-	book
結47:9#2	41	45	啟二二2	啟22:2	-	book
結47:9#2	59	63	太四19	太4:19	-	book
結47:9#2	79	83	10註2	結47:10	2	bare
結47:9#2	94	102	約二一15～17	約21:15	-	book
結47:11#1	48	55	啟三15～16	啟3:15	-	book
結47:11#1	69	73	太十37	太10:37	-	book
結47:11#1	74	78	路九62	路9:62	-	book
結47:11#1	79	84	啟二二11	啟22:11	-	book
結47:13#1	8	13	創一9註1	創1:9	1	book
結47:13#1	14	19	申八7註1	申8:7	1	book
結47:13#1	36	44	林前三16～17	林前3:16	-	book
結47:13#1	61	67	弗一23註3	弗1:23	3	book
結47:13#1	71	76	三10註1	弗3:10	1	chapter
結47:13#1	124	129	加五2～4	加5:2	-	book
結47:15#2	14	16	20	結47:20	-	bare
結47:18#1	16	18	15	結47:15	-	bare
結47:18#1	42	49	二十40～42	結20:40	-	chapter
結47:18#1	50	57	三四13～14	結34:13	-	chapter
結47:18#1	58	62	三七22	結37:22	-	chapter
結47:18#1	63	68	申三二13	申32:13	-	book
結47:18#1	111	114	創一9	創1:9	-	book
結47:18#1	117	124	民三四12註1	民34:12	1	book
結47:18#1	166	171	詩一三三3	詩133:3	-	book
結48:8#1	31	34	1～7	結48:1	-	bare
結48:8#1	50	55	23～28	結48:23	-	bare
結48:8#1	80	84	8～20	結48:8	-	bare
結48:8#1	117	119	20	結48:20	-	bare
結48:8#1	138	142	8～12	結48:8	-	bare
結48:8#1	153	158	13～14	結48:13	-	bare
結48:8#1	177	182	15～20	結48:15	-	bare
結48:8#1	211	213	21	結48:21	-	bare
結48:8#1	244	245	1	結48:1	-	bare
結48:8#1	255	257	27	結48:27	-	bare
結48:8#1	595	599	彼前二5	彼前2:5	-	book
結48:8#1	600	601	9	彼前2:9	-	bare
結48:8#1	602	605	啟一6	啟1:6	-	book
結48:8#1	606	609	五10	啟5:10	-	chapter
結48:8#1	610	613	二十6	啟20:6	-	chapter
結48:8#1	614	620	二二3下～5	啟22:3	-	chapter
結48:8#2	22	24	15	結48:15	-	bare
結48:8#2	54	59	提前三15	提前3:15	-	book
結48:8#2	60	65	羅十四17	羅14:17	-	book
結48:8#2	80	86	啟二一2～3	啟21:2	-	book
結48:8#2	87	89	22	啟21:22	-	bare
結48:8#2	90	93	二二3	啟22:3	-	chapter
結48:8#2	94	95	5	啟22:5	-	bare
結48:31#1	35	43	啟二一12～13	啟21:12	-	book
結48:31#1	148	154	啟三12註3	啟3:12	3	book
結48:31#1	274	278	林前五7	林前5:7	-	book
結48:31#1	395	401	但十二1註3	但12:1	3	book
結48:31#2	9	14	31～34	結48:31	-	bare
結48:31#2	143	147	啟二二1	啟22:1	-	book
結48:31#2	148	149	3	啟22:3	-	bare
結48:31#2	150	151	5	啟22:5	-	bare
結48:35#1	122	130	林前三16～17	林前3:16	-	book
結48:35#1	131	139	來十二22～23	來12:22	-	book
結48:35#1	223	229	啟二一2～3	啟21:2	-	book
結48:35#1	230	232	22	啟21:22	-	bare
啟1:1#1	366	371	13～16	啟1:13	-	bare
啟1:1#1	422	427	五1～六1	啟5:1	-	chapter
啟1:1#1	453	457	十1～8	啟10:1	-	chapter
啟1:1#1	458	461	十八1	啟18:1	-	chapter
啟1:1#2	50	52	20	啟1:20	-	bare
啟1:2#1	168	172	十九10	啟19:10	-	chapter
啟1:2#1	198	199	5	啟1:5	-	bare
啟1:4#1	16	19	11節	啟1:11	-	bare
啟1:4#1	79	84	太十六18	太16:18	-	book
啟1:4#1	95	100	太十八17	太18:17	-	book
啟1:4#1	142	145	徒八1	徒8:1	-	book
啟1:4#1	156	160	徒十三1	徒13:1	-	book
啟1:4#1	171	176	徒二十17	徒20:17	-	book
啟1:4#1	194	199	徒十五41	徒15:41	-	book
啟1:4#1	433	437	約一14	約1:14	-	book
啟1:4#1	438	443	提前三16	提前3:16	-	book
啟1:4#1	444	447	西二9	西2:9	-	book
啟1:4#1	462	470	約十四16～18	約14:16	-	book
啟1:4#1	471	477	林前十五45	林前15:45	-	book
啟1:4#1	478	483	林後三17	林後3:17	-	book
啟1:4#1	484	487	羅八9	羅8:9	-	book
啟1:4#1	488	492	腓一19	腓1:19	-	book
啟1:4#1	510	517	弗一22～23	弗1:22	-	book
啟1:4#1	518	524	林前十二12	林前12:12	-	book
啟1:4#1	525	528	弗四4	弗4:4	-	book
啟1:4#2	27	34	創一31～二3	創1:31	-	book
啟1:4#2	50	52	五5	啟5:5	-	chapter
啟1:4#2	57	59	八2	啟8:2	-	chapter
啟1:4#2	65	68	十五7	啟15:7	-	chapter
啟1:4#3	81	82	5	啟1:5	-	bare
啟1:4#5	12	13	4	啟1:4	-	bare
啟1:4#5	14	16	5節	啟1:5	-	bare
啟1:4#5	92	95	亞四2	亞4:2	-	book
啟1:4#5	170	175	太二八19	太28:19	-	book
啟1:4#5	233	235	二7	啟2:7	-	chapter
啟1:4#5	236	238	11	啟2:11	-	bare
啟1:4#5	239	241	17	啟2:17	-	bare
啟1:4#5	242	244	29	啟2:29	-	bare
啟1:4#5	245	247	三6	啟3:6	-	chapter
啟1:4#5	248	250	13	啟3:13	-	bare
啟1:4#5	251	253	22	啟3:22	-	bare
啟1:4#5	254	258	十四13	啟14:13	-	chapter
啟1:4#5	259	263	二二17	啟22:17	-	chapter
啟1:6#1	25	28	約三5	約3:5	-	book
啟1:6#1	48	56	太十六18～19	太16:18	-	book
啟1:6#1	73	74	9	啟1:9	-	bare
啟1:6#1	100	105	羅十四17	羅14:17	-	book
啟1:6#1	143	147	十一15	啟11:15	-	chapter
啟1:6#1	169	174	路十七21	路17:21	-	book
啟1:6#1	175	180	太十二28	太12:28	-	book
啟1:6#1	193	201	太十六18～19	太16:18	-	book
啟1:6#1	251	255	十二10	啟12:10	-	chapter
啟1:6#1	281	287	二26～27	啟2:26	-	chapter
啟1:6#1	288	291	十二5	啟12:5	-	chapter
啟1:6#1	292	295	二十4	啟20:4	-	chapter
啟1:6#1	296	297	6	啟20:6	-	bare
啟1:6#2	31	35	彼前二5	彼前2:5	-	book
啟1:6#2	73	77	彼前二9	彼前2:9	-	book
啟1:6#2	93	100	創一26～28	創1:26	-	book
啟1:6#2	127	130	五10	啟5:10	-	chapter
啟1:6#2	147	150	二十6	啟20:6	-	chapter
啟1:6#2	166	169	二二3	啟22:3	-	chapter
啟1:6#2	170	171	5	啟22:5	-	bare
但1:1#1	28	34	九24～27	但9:24	-	chapter
但1:1#1	118	124	九25～26	但9:25	-	chapter
但1:1#1	135	141	二34～35	但2:34	-	chapter
但1:1#1	142	144	45	但2:45	-	bare
但1:1#1	157	163	七13～14	但7:13	-	chapter
但1:1#1	180	186	三23～25	但3:23	-	chapter
但1:1#1	196	200	十4～9	但10:4	-	chapter
但1:1#1	222	225	四26	但4:26	-	chapter
但1:1#1	238	241	二37	但2:37	-	chapter
但1:1#1	242	244	44	但2:44	-	bare
但1:2#1	32	39	代下三六6～7	代下36:6	-	book
但1:2#2	24	28	創十一2	創11:2	-	book
但1:2#2	29	30	9	創11:9	-	bare
但1:2#2	31	33	28	創11:28	-	bare
但1:2#2	34	39	但一1～2	但1:1	-	book
但1:2#2	40	41	4	但1:4	-	bare
但1:2#2	71	75	耶五十1	耶50:1	-	book
但1:2#2	76	78	38	耶50:38	-	bare
但1:2#2	106	112	書二四2～3	書24:2	-	book
但1:2#2	138	143	徒七2～4	徒7:2	-	book
但1:2#2	173	179	創十二5～8	創12:5	-	book
但1:2#2	213	219	耶五十1註1	耶50:1	1	book
但1:2#2	222	226	15註1	耶50:15	1	bare
但1:3#1	14	20	提前一4註4	提前1:4	4	book
但1:4#1	8	10	二2	但2:2	-	chapter
但1:5#1	145	153	林前十19～21	林前10:19	-	book
但1:5#1	181	186	創三1～6	創3:1	-	book
但1:5#1	220	224	8～16	但1:8	-	bare
但1:5#1	260	263	創二9	創2:9	-	book
但1:5#1	264	269	16～17	創2:16	-	bare
但1:6#1	58	61	6～7	但1:6	-	bare
但1:6#1	97	101	賽四六1	賽46:1	-	book
但1:8#1	19	23	8～13	但1:8	-	bare
但1:8#1	36	41	14～20	但1:14	-	bare
但1:8#1	248	256	王上十九18註1	王上19:18	1	book
但1:21#1	22	27	耶二五11	耶25:11	-	book
但1:21#1	61	63	21	但1:21	-	bare
但1:21#1	64	67	六28	但6:28	-	chapter
但1:21#1	68	73	拉一1～5	拉1:1	-	book
但2:4#1	4	7	七28	但7:28	-	chapter
但2:17#1	62	65	1～3	但2:1	-	bare
但2:17#1	96	100	4～13	但2:4	-	bare
但2:17#1	202	207	17～23	但2:17	-	bare
但2:17#1	216	221	24～25	但2:24	-	bare
但2:28#1	20	25	25～30	但2:25	-	bare
啟1:7#1	21	24	徒一9	徒1:9	-	book
啟1:7#1	25	27	11	徒1:11	-	bare
啟1:7#1	28	33	太二六64	太26:64	-	book
啟1:7#1	34	39	啟十四14	啟14:14	-	book
啟1:7#2	28	30	三3	啟3:3	-	chapter
啟1:7#2	31	35	十六15	啟16:15	-	chapter
啟1:7#2	51	52	7	啟1:7	-	bare
啟1:7#2	53	57	十四14	啟14:14	-	chapter
啟1:7#2	61	66	太二四43	太24:43	-	book
啟1:7#2	67	69	30	太24:30	-	bare
啟1:7#2	93	98	太二四36	太24:36	-	book
啟1:7#2	142	147	帖前四16	帖前4:16	-	book
啟1:7#2	148	154	林前十五52	林前15:52	-	book
啟1:7#2	155	161	帖後二1～3	帖後2:1	-	book
啟1:8#1	109	112	二一6	啟21:6	-	chapter
啟1:9#1	18	22	賽五三3	賽53:3	-	book
啟1:10#1	24	28	約二十1	約20:1	-	book
啟1:10#1	45	49	徒二十7	徒20:7	-	book
啟1:10#1	50	55	林前十六2	林前16:2	-	book
啟1:10#2	168	170	10	啟1:10	-	bare
啟1:10#2	171	173	四2	啟4:2	-	chapter
啟1:10#2	174	177	十七3	啟17:3	-	chapter
啟1:10#2	178	182	二一10	啟21:10	-	chapter
啟1:10#2	186	189	弗三5	弗3:5	-	book
啟1:12#1	33	35	10	啟1:10	-	bare
啟1:12#3	29	37	出二五31～40	出25:31	-	book
啟1:12#3	48	53	王上七49	王上7:49	-	book
啟1:12#3	64	70	亞四2～10	亞4:2	-	book
啟1:12#3	139	142	亞四6	亞4:6	-	book
啟1:12#3	160	163	亞四2	亞4:2	-	book
啟1:12#3	164	166	10	亞4:10	-	bare
啟1:12#3	180	182	五6	啟5:6	-	chapter
啟1:13#1	33	37	來九24	來9:24	-	book
啟1:13#1	38	44	七25～26	來7:25	-	chapter
啟1:13#1	45	49	羅八34	羅8:34	-	book
啟1:13#3	13	21	出二八33～35	出28:33	-	book
啟1:13#3	42	45	賽六1	賽6:1	-	book
啟1:13#3	46	47	3	賽6:3	-	bare
啟1:13#4	16	20	出二八4	出28:4	-	book
啟1:13#4	23	26	但十5	但10:5	-	book
但2:31#1	85	91	創十8～10	創10:8	-	book
但2:31#1	92	97	十一1～9	創11:1	-	chapter
但2:31#1	133	137	32註1	但2:32	1	bare
但2:31#1	153	159	40～44上	但2:40	-	bare
但2:31#1	160	163	七24	但7:24	-	chapter
但2:31#1	164	168	啟十三1	啟13:1	-	book
但2:31#1	169	173	十七12	啟17:12	-	chapter
但2:31#1	207	214	創十一4與註2	創11:4	2	book
但2:32#1	3	8	36～38	但2:36	-	bare
但2:32#1	12	16	七3～4	但7:3	-	chapter
但2:32#1	50	53	39上	但2:39	-	bare
但2:32#1	58	60	七5	但7:5	-	chapter
但2:32#1	81	84	39下	但2:39	-	bare
但2:32#1	89	91	七6	但7:6	-	chapter
但2:32#1	120	122	33	但2:33	-	bare
但2:32#1	127	131	七7～8	但7:7	-	chapter
但2:32#1	153	159	40～44上	但2:40	-	bare
但2:32#1	160	165	七7～11	但7:7	-	chapter
但2:32#1	166	171	19～26	但7:19	-	bare
但2:32#1	172	179	啟十七7～13	啟17:7	-	book
但2:32#1	261	267	創十8～10	創10:8	-	book
但2:32#1	327	332	七12註1	但7:12	1	chapter
但2:32#1	343	348	太二四21	太24:21	-	book
但2:32#1	406	414	啟十七10～12	啟17:10	-	book
但2:32#1	571	575	啟十八2	啟18:2	-	book
但2:32#1	591	595	啟十七5	啟17:5	-	book
但2:32#1	613	619	耶五十1註1	耶50:1	1	book
但2:33#1	31	36	41～43	但2:41	-	bare
但2:33#1	116	119	44上	但2:44	-	bare
但2:33#1	120	122	七7	但7:7	-	chapter
但2:33#1	123	125	24	但7:24	-	bare
但2:33#1	126	131	啟十七12	啟17:12	-	book
但2:33#1	192	196	32註1	但2:32	1	bare
但2:34#1	24	30	34～35上	但2:34	-	bare
但2:34#1	31	37	44下～45	但2:44	-	bare
但2:34#1	66	69	亞三9	亞3:9	-	book
但2:34#1	70	74	徒二23	徒2:23	-	book
但2:34#1	85	89	徒二24	徒2:24	-	book
但2:34#1	124	129	賽二八16	賽28:16	-	book
但2:34#1	130	135	太二一42	太21:42	-	book
但2:34#1	154	158	賽八14	賽8:14	-	book
但2:34#1	159	165	太二一44上	太21:44	-	book
但2:34#1	166	170	羅九33	羅9:33	-	book
但2:34#1	195	201	太二一44下	太21:44	-	book
但2:34#1	256	263	約三29～30	約3:29	-	book
但2:34#1	264	269	啟十七14	啟17:14	-	book
但2:34#1	270	275	十九7～8	啟19:7	-	chapter
但2:34#1	276	278	11	啟19:11	-	bare
但2:34#1	279	281	14	啟19:14	-	bare
但2:34#1	311	318	弗五25～29	弗5:25	-	book
但2:34#1	345	351	啟十九7～9	啟19:7	-	book
但2:34#1	380	385	啟十二11	啟12:11	-	book
但2:34#1	434	439	啟十七14	啟17:14	-	book
但2:34#1	440	444	十九19	啟19:19	-	chapter
但2:34#2	40	48	啟十九11～21	啟19:11	-	book
但2:34#2	65	67	35	但2:35	-	bare
但2:35#2	22	24	44	但2:44	-	bare
但2:35#2	25	31	七13～14	但7:13	-	chapter
但2:35#2	105	113	啟十一15～17	啟11:15	-	book
但2:35#2	136	143	約三29～30	約3:29	-	book
但2:35#2	177	184	可四26～29	可4:26	-	book
但2:35#2	204	210	林前十二12	林前12:12	-	book
但2:35#2	211	216	路十七21	路17:21	-	book
但2:35#2	270	274	弗一23	弗1:23	-	book
但3:1#1	8	14	二37～38	但2:37	-	chapter
但3:25#1	79	81	17	但3:17	-	bare
但3:25#1	108	112	來四15	來4:15	-	book
啟1:14#1	8	13	伯十五10	伯15:10	-	book
啟1:14#1	27	31	歌五11	歌5:11	-	book
啟1:14#2	27	30	但七9	但7:9	-	book
啟1:14#3	1	5	歌五12	歌5:12	-	book
啟1:14#3	77	79	五6	啟5:6	-	chapter
啟1:14#3	122	125	但十6	但10:6	-	book
啟1:14#3	145	147	四5	啟4:5	-	chapter
啟1:14#3	180	182	五6	啟5:6	-	chapter
啟1:14#4	23	28	林前三13	林前3:13	-	book
啟1:14#4	29	32	來六8	來6:8	-	book
啟1:14#4	33	36	十27	來10:27	-	chapter
啟1:14#4	50	55	來十二29	來12:29	-	book
啟1:14#4	84	90	但七9～10	但7:9	-	book
啟1:14#4	123	129	二18～23	啟2:18	-	chapter
啟1:14#4	130	137	十九11～12	啟19:11	-	chapter
啟1:14#4	163	165	十1	啟10:1	-	chapter
啟1:15#1	23	29	出二七1～6	出27:1	-	book
啟1:15#1	31	34	但十6	但10:6	-	book
啟1:15#1	100	102	十1	啟10:1	-	chapter
啟1:15#3	24	28	結一24	結1:24	-	book
啟1:15#3	29	32	四三2	結43:2	-	chapter
啟1:15#3	50	52	十3	啟10:3	-	chapter
啟1:16#2	0	4	歌五16	歌5:16	-	book
啟1:16#2	27	31	路四22	路4:22	-	book
啟1:16#2	69	73	來四12	來4:12	-	book
啟1:16#2	74	78	弗六17	弗6:17	-	book
啟1:16#3	1	5	歌五10	歌5:10	-	book
啟1:16#3	6	8	13	歌5:13	-	bare
啟1:16#3	44	48	林後四6	林後4:6	-	book
啟1:16#3	84	87	但十6	但10:6	-	book
啟1:16#3	133	142	太十六28～十七2	太16:28	-	book
啟1:16#3	168	170	十1	啟10:1	-	chapter
啟1:17#1	29	35	二二13註2	啟22:13	2	chapter
啟1:20#1	179	180	2	啟1:2	-	bare
啟1:20#1	181	182	9	啟1:9	-	bare
啟1:20#1	690	695	徒十四23	徒14:23	-	book
啟1:20#1	696	700	二十17	徒20:17	-	chapter
啟1:20#1	701	704	多一5	多1:5	-	book
但4:26#1	89	93	西一18	西1:18	-	book
但4:26#1	160	167	羅八28～29	羅8:28	-	book
但4:29#1	67	69	30	但4:30	-	bare
但4:29#1	70	72	37	但4:37	-	bare
但4:29#1	73	76	五20	但5:20	-	chapter
但4:29#1	88	93	箴十六18	箴16:18	-	book
但4:29#1	94	98	彼前五5	彼前5:5	-	book
但4:32#1	48	50	16	但4:16	-	bare
但4:32#1	66	68	34	但4:34	-	bare
但5:18#1	34	40	四18～37	但4:18	-	chapter
但5:30#1	91	96	拉一1～4	拉1:1	-	book
但5:30#1	125	130	四26註1	但4:26	1	chapter
啟2:1#4	104	108	來七25	來7:25	-	book
啟2:2#1	7	9	5節	啟2:5	-	bare
啟2:4#1	9	14	路十五22	路15:22	-	book
啟2:4#2	10	14	弗一23	弗1:23	-	book
啟2:4#2	29	33	弗二15	弗2:15	-	book
啟2:4#2	53	57	約三29	約3:29	-	book
啟2:4#2	155	162	弗三16～19	弗3:16	-	book
啟2:4#2	191	195	弗六24	弗6:24	-	book
啟2:4#2	283	286	2～3	啟2:2	-	bare
啟2:6#1	158	162	出十九6	出19:6	-	book
啟2:6#1	204	210	出三二1～6	出32:1	-	book
啟2:6#1	256	264	出三二25～29	出32:25	-	book
啟2:6#1	265	272	申三三8～10	申33:8	-	book
啟2:6#1	349	351	一6	啟1:6	-	chapter
啟2:6#1	352	355	五10	啟5:10	-	chapter
啟2:6#1	356	360	彼前二5	彼前2:5	-	book
啟2:6#1	361	362	9	彼前2:9	-	bare
啟2:6#1	591	594	徒六5	徒6:5	-	book
啟2:7#1	26	27	1	啟2:1	-	bare
啟2:7#1	28	29	8	啟2:8	-	bare
啟2:7#1	30	32	12	啟2:12	-	bare
啟2:7#1	33	35	18	啟2:18	-	bare
啟2:7#1	36	38	三1	啟3:1	-	chapter
啟2:7#1	39	40	7	啟3:7	-	bare
啟2:7#1	41	43	14	啟3:14	-	bare
啟2:7#1	65	66	7	啟2:7	-	bare
啟2:7#1	67	69	11	啟2:11	-	bare
啟2:7#1	70	72	17	啟2:17	-	bare
啟2:7#1	73	75	29	啟2:29	-	bare
啟2:7#1	76	78	三6	啟3:6	-	chapter
啟2:7#1	79	81	13	啟3:13	-	bare
啟2:7#1	82	84	22	啟3:22	-	bare
啟2:7#1	128	130	一4	啟1:4	-	chapter
啟2:7#1	142	146	十四13	啟14:13	-	chapter
啟2:7#1	147	151	二二17	啟22:17	-	chapter
啟2:7#3	76	79	一10	啟1:10	-	chapter
啟2:7#3	90	93	一12	啟1:12	-	chapter
啟2:7#3	116	122	賽六9～10	賽6:9	-	book
啟2:7#3	150	155	太十三15	太13:15	-	book
啟2:7#3	156	161	徒二八27	徒28:27	-	book
啟2:7#3	185	193	伯三三14～16	伯33:14	-	book
啟2:7#3	194	200	賽五十4～5	賽50:4	-	book
啟2:7#3	201	205	出二一6	出21:6	-	book
啟2:7#3	233	237	耶六10	耶6:10	-	book
啟2:7#3	238	242	徒七51	徒7:51	-	book
啟2:7#3	267	272	利十四14	利14:14	-	book
啟2:7#3	273	275	17	利14:17	-	bare
啟2:7#3	276	278	28	利14:28	-	bare
啟2:7#3	304	309	出二九20	出29:20	-	book
啟2:7#3	310	317	利八23～24	利8:23	-	book
啟2:7#5	0	5	路二三43	路23:43	-	book
啟2:7#5	37	45	路十六23～26	路16:23	-	book
啟2:7#5	64	67	三12	啟3:12	-	chapter
啟2:7#5	68	71	二一2	啟21:2	-	chapter
啟2:7#5	72	74	10	啟21:10	-	bare
啟2:7#5	75	80	二二1～2	啟22:1	-	chapter
啟2:7#5	81	83	14	啟22:14	-	bare
啟2:7#5	84	86	19	啟22:19	-	bare
啟2:7#6	20	25	彼前二24	彼前2:24	-	book
啟2:7#6	59	62	西二9	西2:9	-	book
啟2:7#6	72	75	創二9	創2:9	-	book
啟2:7#6	76	79	三22	創3:22	-	chapter
啟2:7#6	80	82	24	創3:24	-	bare
啟2:7#6	83	87	啟二二2	啟22:2	-	book
啟2:7#6	88	90	14	啟22:14	-	bare
啟2:7#6	91	93	19	啟22:19	-	bare
啟2:7#6	115	120	彼前二24	彼前2:24	-	book
啟2:7#6	134	139	約十一25	約11:25	-	book
啟2:7#6	200	203	二二2	啟22:2	-	chapter
啟2:7#6	204	206	14	啟22:14	-	bare
啟2:7#6	225	228	創二9	創2:9	-	book
啟2:7#6	229	231	16	創2:16	-	bare
啟2:7#6	250	257	創三22～24	創3:22	-	book
啟2:7#6	297	304	來十19～20	來10:19	-	book
啟2:7#6	558	561	二二2	啟22:2	-	chapter
啟2:7#6	562	564	14	啟22:14	-	bare
啟2:7#6	565	567	19	啟22:19	-	bare
啟2:7#7	16	20	約六35	約6:35	-	book
啟2:7#7	41	45	林前三2	林前3:2	-	book
啟2:7#7	117	121	約六57	約6:57	-	book
啟2:7#7	163	166	太四4	太4:4	-	book
啟2:7#7	167	174	來五12～14	來5:12	-	book
啟2:7#7	200	205	創二8～9	創2:8	-	book
啟2:7#7	206	208	16	創2:16	-	bare
啟2:7#7	249	251	17	啟2:17	-	bare
啟2:7#7	270	278	出十六14～16	出16:14	-	book
啟2:7#7	279	281	31	出16:31	-	bare
啟2:7#7	352	359	書五10～12	書5:10	-	book
啟2:7#7	471	473	14	啟2:14	-	bare
啟2:7#7	484	486	15	啟2:15	-	bare
啟2:7#7	496	498	20	啟2:20	-	bare
啟2:7#7	513	515	24	啟2:24	-	bare
但6:10#1	29	32	九2下	但9:2	-	chapter
但6:10#1	33	38	耶二五11	耶25:11	-	book
但6:10#2	1	8	王上八48註1	王上8:48	1	book
但6:25#1	0	6	25～28節	但6:25	-	bare
但7:1#2	0	8	本書一3～六28	但1:3	-	anaphor
但7:1#2	36	43	七1～十二13	但7:1	-	chapter
但7:2#1	77	79	17	但7:17	-	bare
但7:2#2	14	15	3	但7:3	-	bare
但7:2#2	16	18	17	但7:17	-	bare
但7:2#2	19	24	啟十七15	啟17:15	-	book
但7:3#1	11	17	二31～45	但2:31	-	chapter
但7:4#1	7	11	二32上	但2:32	-	chapter
但7:4#1	12	17	36～38	但2:36	-	bare
但7:4#1	87	90	弗二2	弗2:2	-	book
但7:4#1	137	144	四23～25上	但4:23	-	chapter
但7:4#1	145	147	33	但4:33	-	bare
但7:4#1	171	175	四25下	但4:25	-	chapter
但7:4#1	176	179	32下	但4:32	-	bare
但7:4#1	180	183	34上	但4:34	-	bare
但7:5#1	7	11	二32中	但2:32	-	chapter
但7:5#1	12	15	39上	但2:39	-	bare
但7:6#1	7	11	二32下	但2:32	-	chapter
但7:6#1	12	15	39下	但2:39	-	bare
但7:6#1	59	63	哈一8上	哈1:8	-	book
但7:6#1	159	163	八8註3	但8:8	3	chapter
但7:7#1	7	10	二33	但2:33	-	chapter
但7:7#1	11	16	40～43	但2:40	-	bare
但7:7#1	62	69	啟十七7～11	啟17:7	-	book
但7:7#1	74	80	啟十三1～2	啟13:1	-	book
但7:7#1	134	136	19	但7:19	-	bare
但7:7#1	137	139	23	但7:23	-	bare
但7:7#1	171	173	24	但7:24	-	bare
但7:7#1	174	182	啟十七12～13	啟17:12	-	book
但7:8#1	30	33	20中	但7:20	-	bare
但7:8#1	34	36	24	但7:24	-	bare
但7:8#2	19	22	20下	但7:20	-	bare
但7:8#2	23	26	25上	但7:25	-	bare
但7:8#2	56	61	啟十三5上	啟13:5	-	book
但7:8#2	62	63	6	啟13:6	-	bare
但7:8#2	86	88	11	但7:11	-	bare
但7:8#2	89	94	啟十九20	啟19:20	-	book
但7:9#1	1	7	啟一14註2	啟1:14	2	book
但7:9#2	3	6	10節	但7:10	-	bare
但7:9#2	25	30	來十二29	來12:29	-	book
但7:9#2	47	52	來十二14	來12:14	-	book
但7:10#1	42	44	26	但7:26	-	bare
但7:11#1	1	4	8註2	但7:8	2	bare
但7:13#1	28	32	約五22	約5:22	-	book
但7:13#1	33	35	27	約5:27	-	bare
但7:13#1	40	46	13～14節	但7:13	-	bare
但7:13#1	79	82	徒一9	徒1:9	-	book
但7:13#1	84	90	啟五6與註1	啟5:6	1	book
但7:14#1	45	50	路十九12	路19:12	-	book
但7:14#1	51	53	15	路19:15	-	bare
但7:14#1	90	96	二34～35	但2:34	-	chapter
但7:14#1	97	99	44	但2:44	-	bare
但7:14#1	139	144	啟五6～7	啟5:6	-	book
但7:14#1	228	234	弗三3～11	弗3:3	-	book
但7:14#1	330	334	彼前一3	彼前1:3	-	book
但7:14#1	335	340	帖前五23	帖前5:23	-	book
但7:14#1	341	346	林後四16	林後4:16	-	book
但7:14#1	347	350	三18	林後3:18	-	chapter
但7:14#1	351	355	羅八29	羅8:29	-	book
但7:14#1	358	364	賽六一1註1	賽61:1	1	book
但7:21#1	30	32	21	但7:21	-	bare
但7:21#1	33	35	25	但7:25	-	bare
但7:21#1	36	41	啟十三7上	啟13:7	-	book
但7:25#2	13	16	十二7	但12:7	-	chapter
但7:25#2	17	22	啟十二14	啟12:14	-	book
但7:25#2	59	63	啟十一2	啟11:2	-	book
但7:25#2	64	67	十三5	啟13:5	-	chapter
但7:25#2	78	82	啟十一3	啟11:3	-	book
但7:25#2	83	86	十二6	啟12:6	-	chapter
但7:25#2	89	92	九27	但9:27	-	chapter
但7:25#2	110	115	太二四21	太24:21	-	book
啟2:8#3	40	44	徒二24	徒2:24	-	book
啟2:8#3	54	59	約十一25	約11:25	-	book
啟2:9#4	25	32	羅二28～29	羅2:28	-	book
啟2:9#4	73	78	羅九7～8	羅9:7	-	book
啟2:9#6	202	209	太十二9～14	太12:9	-	book
啟2:9#6	210	217	路四28～29	路4:28	-	book
啟2:9#6	218	222	約九22	約9:22	-	book
啟2:9#6	233	238	徒十三43	徒13:43	-	book
啟2:9#6	239	244	45～46	徒13:45	-	bare
啟2:9#6	245	247	50	徒13:50	-	bare
啟2:9#6	248	253	十四1～2	徒14:1	-	chapter
啟2:9#6	254	256	19	徒14:19	-	bare
啟2:9#6	257	260	十七1	徒17:1	-	chapter
啟2:9#6	261	264	5～6	徒17:5	-	bare
啟2:9#6	276	277	9	啟2:9	-	bare
啟2:9#6	313	321	太十二25～29	太12:25	-	book
啟2:9#6	322	326	約八44	約8:44	-	book
啟2:9#6	375	379	約十六2	約16:2	-	book
啟2:10#1	12	18	十二9～10	啟12:9	-	chapter
啟2:10#2	39	44	創二四55	創24:55	-	book
啟2:10#2	45	49	耶四二7	耶42:7	-	book
啟2:10#2	50	57	但一12～14	但1:12	-	book
啟2:10#3	73	77	腓三10	腓3:10	-	book
啟2:10#3	107	111	腓三11	腓3:11	-	book
啟2:11#2	21	25	來九27	來9:27	-	book
啟2:11#2	142	149	二十11～15	啟20:11	-	chapter
但8:1#1	1	5	七1註1	但7:1	1	chapter
但8:3#1	6	8	七5	但7:5	-	chapter
但8:3#1	36	38	20	但8:20	-	bare
但8:3#1	39	42	十一2	但11:2	-	chapter
但8:3#1	71	74	拉一1	拉1:1	-	book
但8:4#2	41	47	亞一18註1	亞1:18	1	book
但8:5#1	6	8	七6	但7:6	-	chapter
但8:5#1	40	43	21上	但8:21	-	bare
但8:5#1	44	47	十一3	但11:3	-	chapter
但8:8#3	15	17	七6	但7:6	-	chapter
但8:8#3	123	125	22	但8:22	-	bare
但8:9#1	94	98	十一16	但11:16	-	chapter
但8:10#1	30	38	十一30下～35	但11:30	-	chapter
但8:10#1	72	75	十二3	但12:3	-	chapter
但8:10#1	96	102	啟十三5～7	啟13:5	-	book
但8:10#1	103	110	帖後二3下～4	帖後2:3	-	book
但8:11#2	41	45	十一31	但11:31	-	chapter
但8:11#2	63	65	12	但8:12	-	bare
但8:11#2	95	98	九27	但9:27	-	chapter
但8:14#1	67	73	25下～26	但8:25	-	bare
但8:14#1	84	90	約十22註1	約10:22	1	book
但8:23#1	14	15	9	但8:9	-	bare
但8:23#2	8	13	申二八50	申28:50	-	book
但8:23#3	29	35	23～25節	但8:23	-	bare
但8:23#3	53	58	啟十三2下	啟13:2	-	book
但8:23#3	59	62	6～7	啟13:6	-	bare
但8:23#3	63	67	十七11	啟17:11	-	chapter
但8:23#3	68	70	14	啟17:14	-	bare
但8:23#3	71	75	十九20	啟19:20	-	chapter
但9:2#1	5	13	耶二五11～12	耶25:11	-	book
但9:2#1	14	21	二九10～14	耶29:10	-	chapter
但9:2#1	54	63	代下三六21～23	代下36:21	-	book
但9:3#1	15	19	1～2上	但9:1	-	bare
但9:3#1	55	60	2下～19	但9:2	-	bare
但9:3#1	82	87	20～23	但9:20	-	bare
但9:3#1	119	124	啟一9註3	啟1:9	3	book
但9:3#1	125	129	10註2	啟1:10	2	bare
但9:3#1	130	134	12註1	啟1:12	1	bare
但9:21#1	25	29	3～15	但9:3	-	bare
但9:21#1	56	61	16～19	但9:16	-	bare
但9:21#1	90	95	20～27	但9:20	-	bare
但9:24#1	124	130	二34～35	但2:34	-	chapter
但9:24#3	48	53	太十三30	太13:30	-	book
但9:24#3	54	61	二五32～33	太25:32	-	chapter
但9:24#3	62	64	41	太25:41	-	bare
但9:24#3	65	73	啟十九19～21	啟19:19	-	book
但9:24#3	90	96	啟二十1～3	啟20:1	-	book
但9:24#3	137	144	啟二十7～10	啟20:7	-	book
但9:24#3	176	184	啟二十11～15	啟20:11	-	book
但9:24#3	229	233	耶二三5	耶23:5	-	book
但9:24#3	247	253	賽十一4～5	賽11:4	-	book
但9:24#3	280	288	彼後三13與註4	彼後3:13	4	book
但9:24#4	27	33	啟十7與註2	啟10:7	2	book
但9:24#4	72	76	啟二十6	啟20:6	-	book
但9:24#5	61	67	十一31註1	但11:31	1	chapter
但9:24#5	70	76	十二11註2	但12:11	2	chapter
但9:24#5	77	81	12註1	但12:12	1	bare
但9:25#2	79	84	尼二1～8	尼2:1	-	book
但9:25#2	138	140	26	但9:26	-	bare
但9:25#2	169	171	27	但9:27	-	bare
但9:25#2	229	235	弗三3～11	弗3:3	-	book
但9:25#2	236	239	五32	弗5:32	-	chapter
但9:25#2	240	244	西一27	西1:27	-	book
但9:25#2	280	287	弗五25～32	弗5:25	-	book
但9:25#2	319	325	啟十九7～9	啟19:7	-	book
但9:25#2	453	459	二34～35	但2:34	-	chapter
但9:26#1	62	66	彼前一3	彼前1:3	-	book
但9:26#1	194	199	林後五14	林後5:14	-	book
但9:26#1	230	236	林前十五45	林前15:45	-	book
但9:26#1	259	264	約十二24	約12:24	-	book
但9:26#1	265	269	彼前一3	彼前1:3	-	book
但9:26#1	279	284	林後五17	林後5:17	-	book
但9:26#1	285	289	加六15	加6:15	-	book
但9:26#1	311	315	加三26	加3:26	-	book
但9:26#1	331	337	林前十二27	林前12:27	-	book
但9:26#1	347	354	弗四13～16	弗4:13	-	book
但9:26#1	445	451	二34～35	但2:34	-	chapter
但9:26#1	452	454	44	但2:44	-	bare
但9:26#1	455	461	七13～14	但7:13	-	chapter
但9:26#2	38	42	太二四2	太24:2	-	book
但9:27#1	12	15	26節	但9:26	-	bare
但9:27#1	87	92	十二11上	但12:11	-	chapter
但9:27#1	103	106	七25	但7:25	-	chapter
但9:27#1	107	110	十二7	但12:7	-	chapter
但9:27#1	111	117	啟十一2～3	啟11:2	-	book
但9:27#1	118	121	十二6	啟12:6	-	chapter
但9:27#1	122	124	14	啟12:14	-	bare
但9:27#1	125	128	十三5	啟13:5	-	chapter
但9:27#1	134	139	太二四21	太24:21	-	book
但9:27#1	181	184	七21	但7:21	-	chapter
但9:27#1	185	187	25	但7:25	-	bare
但9:27#1	188	192	啟十三7	啟13:7	-	book
但9:27#1	229	233	十二11	但12:11	-	chapter
但9:27#1	234	239	太二四15	太24:15	-	book
但9:27#1	240	248	啟十三14～15	啟13:14	-	book
但9:27#1	249	253	帖後二4	帖後2:4	-	book
但9:27#1	298	305	二34～35上	但2:34	-	chapter
但9:27#1	306	310	帖後二8	帖後2:8	-	book
但9:27#1	311	316	啟十七14	啟17:14	-	book
但9:27#1	317	321	十九20	啟19:20	-	chapter
但9:27#2	45	49	十一31	但11:31	-	chapter
但9:27#3	1	8	太二四15註2	太24:15	2	book
啟2:12#1	70	78	太十三31～32	太13:31	-	book
啟2:14#2	29	35	民二五1～3	民25:1	-	book
啟2:14#2	36	40	三一16	民31:16	-	chapter
啟2:14#3	28	29	7	啟2:7	-	bare
啟2:14#3	38	40	17	啟2:17	-	bare
啟2:14#3	53	56	三20	啟3:20	-	chapter
啟2:14#3	58	62	二7註7	啟2:7	7	chapter
啟2:14#4	11	17	民二五1～3	民25:1	-	book
啟2:14#4	18	23	徒十五29	徒15:29	-	book
啟2:15#1	1	4	6註1	啟2:6	1	bare
啟2:15#2	169	170	6	啟2:6	-	bare
啟2:17#2	46	54	出十六32～34	出16:32	-	book
啟2:17#2	55	58	來九4	來9:4	-	book
啟2:17#3	16	21	太十六18	太16:18	-	book
啟2:17#3	22	26	彼前二5	彼前2:5	-	book
啟2:17#3	27	32	林前三12	林前3:12	-	book
啟2:17#3	97	102	林後三18	林後3:18	-	book
但10:1#1	36	41	拉一1～4	拉1:1	-	book
但10:1#1	48	53	一21註1	但1:21	1	chapter
但10:1#2	97	103	十一2～35	但11:2	-	chapter
但10:2#1	32	35	2～3	但10:2	-	bare
但10:2#1	36	38	12	但10:12	-	bare
但10:5#1	40	45	2～十一1	但10:2	-	bare
但10:5#1	78	81	4～9	但10:4	-	bare
但10:5#1	125	131	創十八2註1	創18:2	1	book
但10:5#1	132	138	士十三6註1	士13:6	1	book
但10:5#1	181	189	出二八31～35	出28:31	-	book
但10:5#1	266	268	6上	但10:6	-	bare
但10:5#1	368	370	6中	但10:6	-	bare
但10:5#1	403	405	6中	但10:6	-	bare
但10:5#1	446	448	6下	但10:6	-	bare
但10:5#1	493	494	6	但10:6	-	bare
但10:5#1	548	555	啟一13～16	啟1:13	-	book
但10:7#1	66	74	太十六16～17	太16:16	-	book
但10:7#1	75	80	徒九1～9	徒9:1	-	book
但10:7#1	81	88	加一15～16	加1:15	-	book
但10:11#1	22	25	八16	但8:16	-	chapter
但10:11#1	26	29	九21	但9:21	-	chapter
但10:11#1	31	35	路一19	路1:19	-	book
但10:11#1	36	38	26	路1:26	-	bare
但10:11#1	54	56	12	但10:12	-	bare
但10:11#1	84	86	13	但10:13	-	bare
但10:11#1	88	91	20上	但10:20	-	bare
但10:11#1	110	115	啟十二4上	啟12:4	-	book
但10:11#1	116	118	9下	啟12:9	-	bare
但10:11#1	204	207	20下	但10:20	-	bare
但10:11#1	244	246	13	但10:13	-	bare
但10:11#1	247	249	21	但10:21	-	bare
但10:11#1	251	253	猶9	猶1:9	-	book
但10:11#1	290	293	十一1	但11:1	-	chapter
但10:11#1	294	300	五30～31	但5:30	-	chapter
但10:11#1	342	349	弗六10～20	弗6:10	-	book
但10:11#1	352	359	賽十四12註1	賽14:12	1	book
但11:1#1	8	14	該章11註1	但10:11	1	anaphor
但11:2#1	60	63	十21	但10:21	-	chapter
但11:2#1	78	84	2～十二13	但11:2	-	bare
但11:2#1	145	150	二32註1	但2:32	1	chapter
但11:3#1	12	17	八5～8上	但8:5	-	chapter
但11:3#1	18	23	20～21	但8:20	-	bare
但11:3#1	24	29	七5～6上	但7:5	-	chapter
但11:4#1	38	41	八8下	但8:8	-	chapter
但11:4#1	42	44	22	但8:22	-	bare
但11:4#1	45	48	七6下	但7:6	-	chapter
但11:4#1	100	105	21～35	但11:21	-	bare
但11:4#1	125	130	36～45	但11:36	-	bare
但11:5#1	0	5	5～20節	但11:5	-	bare
但11:5#1	57	59	十1	但10:1	-	chapter
但11:15#1	0	6	15～19節	但11:15	-	bare
啟2:20#3	10	15	太十三33	太13:33	-	book
啟2:20#4	136	137	7	啟2:7	-	bare
啟2:20#4	138	140	17	啟2:17	-	bare
啟2:22#3	16	19	七14	啟7:14	-	chapter
啟2:22#3	51	56	太二四21	太24:21	-	book
啟2:22#3	88	92	23註1	啟2:23	1	bare
啟2:23#1	27	34	十七16～17	啟17:16	-	chapter
啟2:24#1	14	18	弗三18	弗3:18	-	book
啟2:24#1	68	69	9	啟2:9	-	bare
啟2:24#1	89	91	13	啟2:13	-	bare
啟2:26#3	25	28	二十4	啟20:4	-	chapter
啟2:26#3	29	30	6	啟20:6	-	bare
啟2:27#2	1	4	詩二9	詩2:9	-	book
啟2:28#1	17	20	太二2	太2:2	-	book
啟2:28#1	21	25	9～10	太2:9	-	bare
啟2:28#1	89	92	瑪四2	瑪4:2	-	book
啟2:29#1	303	307	四6～9	啟4:6	-	chapter
但11:21#1	10	16	21～35節	但11:21	-	bare
但11:21#1	17	23	八23～25	但8:23	-	chapter
但11:21#1	84	86	31	但11:31	-	bare
但11:31#1	182	185	九27	但9:27	-	chapter
但11:31#1	186	192	啟十三1～7	啟13:1	-	book
但11:31#1	195	200	九27註1	但9:27	1	chapter
但11:31#1	208	214	二31～45	但2:31	-	chapter
但11:31#1	247	251	一1～2	但1:1	-	chapter
但11:31#1	252	261	代下三六18～19	代下36:18	-	book
但11:31#1	298	303	八9～14	但8:9	-	chapter
但11:31#1	304	311	十一31～32	但11:31	-	chapter
但11:31#1	335	338	九26	但9:26	-	chapter
但11:31#1	339	343	太二四2	太24:2	-	book
但11:31#1	382	385	九27	但9:27	-	chapter
但11:31#1	386	389	十二7	但12:7	-	chapter
但11:31#1	390	392	11	但12:11	-	bare
但11:31#1	443	450	約二19～21	約2:19	-	book
但11:31#1	475	483	林前三16～17	林前3:16	-	book
但11:31#1	484	491	弗二20～22	弗2:20	-	book
但11:31#1	545	550	太十六18	太16:18	-	book
但11:31#1	551	555	約二19	約2:19	-	book
但11:31#1	578	583	啟二十10	啟20:10	-	book
但11:31#1	594	599	提前三15	提前3:15	-	book
但11:31#1	600	604	彼前二5	彼前2:5	-	book
但11:31#2	1	8	太二四15註3	太24:15	3	book
但11:32#1	61	66	八14註1	但8:14	1	chapter
但11:33#1	30	35	33～35	但11:33	-	bare
但11:33#1	65	69	啟十三7	啟13:7	-	book
但11:36#1	1	7	帖後二4註1	帖後2:4	1	book
但11:36#1	8	14	21～35節	但11:21	-	bare
但11:36#1	30	36	36～45節	但11:36	-	bare
但11:36#1	49	55	九26～27	但9:26	-	chapter
但11:36#1	168	174	弗三3～11	弗3:3	-	book
但11:36#1	175	178	五32	弗5:32	-	chapter
但11:45#2	34	40	二34～35	但2:34	-	chapter
但12:1#1	17	23	太二八20下	太28:20	-	book
但12:1#1	36	37	7	但12:7	-	bare
但12:1#1	38	42	七25下	但7:25	-	chapter
但12:1#1	63	68	耶三十7上	耶30:7	-	book
但12:1#1	69	77	太二四15～26	太24:15	-	book
但12:1#1	100	102	7下	但12:7	-	bare
但12:1#1	103	107	七25下	但7:25	-	chapter
但12:1#1	108	112	啟十三5	啟13:5	-	book
但12:1#1	113	115	7上	啟13:7	-	bare
但12:1#1	116	119	十一2	啟11:2	-	chapter
但12:1#2	1	6	十11註1	但10:11	1	chapter
但12:1#3	57	65	亞十三8～十四2	亞13:8	-	book
但12:1#3	98	106	亞十二10～14	亞12:10	-	book
但12:1#3	107	112	十四4～5	亞14:4	-	chapter
但12:1#3	113	118	太二四30	太24:30	-	book
但12:1#3	119	127	羅十一26～27	羅11:26	-	book
但12:1#3	128	131	啟一7	啟1:7	-	book
但12:1#3	192	197	賽二2～3	賽2:2	-	book
但12:1#3	198	205	亞八20～23	亞8:20	-	book
但12:1#3	208	213	太三2註2	太3:2	2	book
但12:1#3	257	263	啟二十6註4	啟20:6	4	book
但12:1#3	293	299	亞八20註1	亞8:20	1	book
但12:1#3	349	356	太二五32註1	太25:32	1	book
但12:1#3	357	361	34註1	太25:34	1	bare
但12:1#3	389	397	彼後三12～13	彼後3:12	-	book
但12:1#3	409	413	啟二一1	啟21:1	-	book
但12:1#3	480	485	啟二一12	啟21:12	-	book
但12:1#3	486	488	14	啟21:14	-	bare
但12:1#3	515	523	啟二一24～26	啟21:24	-	book
但12:1#3	524	528	二二2下	啟22:2	-	chapter
但12:1#3	639	643	啟二二3	啟22:3	-	book
但12:1#3	644	645	5	啟22:5	-	bare
但12:1#3	646	649	二一3	啟21:3	-	chapter
但12:2#1	16	22	林前十五51	林前15:51	-	book
但12:2#1	47	49	2上	但12:2	-	bare
但12:2#1	50	52	13	但12:13	-	bare
但12:2#1	53	61	約五28～29上	約5:28	-	book
但12:2#1	62	70	帖前四16～17	帖前4:16	-	book
但12:2#1	71	75	帖後二1	帖後2:1	-	book
但12:2#1	76	79	3～4	帖後2:3	-	bare
但12:2#1	80	81	8	帖後2:8	-	bare
但12:2#1	82	90	啟十四14～16	啟14:14	-	book
但12:2#1	144	146	2下	但12:2	-	bare
但12:2#1	147	152	約五29下	約5:29	-	book
但12:2#1	153	158	啟二十15	啟20:15	-	book
但12:3#1	19	24	太十三43	太13:43	-	book
但12:3#1	30	33	10節	但12:10	-	bare
但12:3#1	41	44	13節	但12:13	-	bare
但12:7#1	1	6	七25註2	但7:25	2	chapter
但12:11#1	1	6	九27註1	但9:27	1	chapter
但12:11#2	27	31	帖後二8	帖後2:8	-	book
但12:11#2	32	37	啟十九20	啟19:20	-	book
但12:11#2	109	112	八14	但8:14	-	chapter
但12:12#1	1	4	11節	但12:11	-	bare
但12:12#1	93	97	珥二14	珥2:14	-	book
但12:13#1	22	25	3註1	但12:3	1	bare
啟3:1#2	292	296	林後三6	林後3:6	-	book
啟3:4#1	50	58	利十一24～25	利11:24	-	book
啟3:4#1	59	64	民六6～7	民6:6	-	book
啟3:4#1	65	66	9	民6:9	-	bare
啟3:5#2	100	105	路十五22	路15:22	-	book
啟3:5#2	106	111	林前一30	林前1:30	-	book
啟3:5#2	156	160	腓一21	腓1:21	-	book
啟3:5#2	161	163	三9	腓3:9	-	chapter
啟3:5#2	207	215	提後二11～12	提後2:11	-	book
啟3:5#2	218	223	十九8註2	啟19:8	2	chapter
啟3:5#3	110	114	路十20	路10:20	-	book
啟3:5#3	317	322	太二五21	太25:21	-	book
啟3:5#3	323	325	23	太25:23	-	bare
啟3:5#3	326	332	來四9～11	來4:9	-	book
啟3:5#3	339	345	二26～27	啟2:26	-	chapter
啟3:5#3	346	349	二十4	啟20:4	-	chapter
啟3:5#3	350	351	6	啟20:6	-	bare
啟3:5#3	585	590	二二3～5	啟22:3	-	chapter
啟3:5#3	602	606	二二14	啟22:14	-	chapter
啟3:5#3	612	616	二二17	啟22:17	-	chapter
啟3:5#3	679	683	約十28	約10:28	-	book
啟3:5#5	70	73	5註3	啟3:5	3	bare
何1:1#1	41	45	徒七42	徒7:42	-	book
何1:1#1	47	54	摩五25～27	摩5:25	-	book
何1:1#1	185	190	路二四44	路24:44	-	book
何1:1#1	212	217	路二四27	路24:27	-	book
何1:1#1	218	222	約五39	約5:39	-	book
何1:1#1	310	315	太十九28	太19:28	-	book
何1:1#1	316	320	徒三21	徒3:21	-	book
何1:1#1	350	356	啟二一1～2	啟21:1	-	book
何1:1#2	11	16	民十三16	民13:16	-	book
何1:2#1	15	18	2～3	何1:2	-	bare
何1:2#2	91	99	啟二二17與註1	啟22:17	1	book
何1:2#2	161	167	出二十6註1	出20:6	1	book
何1:4#1	21	28	王下十1～11	王下10:1	-	book
何1:4#1	43	52	王下十五10～12	王下15:10	-	book
何1:10#1	0	6	一10～二1	何1:10	-	chapter
何1:10#1	53	57	羅五20	羅5:20	-	book
何1:10#2	1	8	創二二17註1	創22:17	1	book
何1:10#3	28	36	耶三一31～34	耶31:31	-	book
何1:10#3	37	41	31註1	耶31:31	1	bare
何1:11#1	37	39	11	何1:11	-	bare
何1:11#1	40	46	二22～23	何2:22	-	chapter
何2:1#2	56	61	十一1註1	何11:1	1	chapter
啟3:8#3	196	201	林後十一2	林後11:2	-	book
啟3:8#3	255	258	二14	啟2:14	-	chapter
啟3:8#3	271	274	二15	啟2:15	-	chapter
啟3:8#3	286	289	二20	啟2:20	-	chapter
啟3:8#3	302	305	二24	啟2:24	-	chapter
啟3:9#1	1	5	二9註6	啟2:9	6	chapter
啟3:9#3	1	5	二9註4	啟2:9	4	chapter
啟3:10#1	57	59	一9	啟1:9	-	chapter
啟3:10#2	25	30	太二四21	太24:21	-	book
啟3:10#2	53	60	八13～九21	啟8:13	-	chapter
啟3:10#2	61	68	十一14～15	啟11:14	-	chapter
啟3:10#2	69	72	十五1	啟15:1	-	chapter
啟3:10#2	73	79	十六1～21	啟16:1	-	chapter
啟3:12#2	0	3	二17	啟2:17	-	chapter
何2:2#1	34	38	2～13	何2:2	-	bare
何2:18#2	19	25	創九8～11	創9:8	-	book
何2:22#1	1	6	六11註1	何6:11	1	chapter
何2:22#1	7	14	賽三十26註1	賽30:26	1	book
何2:22#1	15	21	珥三18註1	珥3:18	1	book
何2:23#1	1	5	一6註1	何1:6	1	chapter
何2:23#2	1	5	一9註1	何1:9	1	chapter
何3:3#1	70	71	4	何3:4	-	bare
何3:3#1	92	98	代下三六19	代下36:19	-	book
何3:5#1	11	16	啟二十6下	啟20:6	-	book
何3:5#1	19	25	摩九11註1	摩9:11	1	book
何3:5#2	8	13	太十九28	太19:28	-	book
啟3:18#2	13	16	加五6	加5:6	-	book
啟3:18#2	24	28	彼前一7	彼前1:7	-	book
啟3:18#2	56	61	出二五11	出25:11	-	book
啟3:18#2	78	82	彼後一1	彼後1:1	-	book
啟3:18#2	83	86	4～5	彼後1:4	-	bare
啟3:18#2	190	193	一20	啟1:20	-	chapter
啟3:18#2	207	211	二一18	啟21:18	-	chapter
啟3:18#4	20	25	約壹二27	約壹2:27	-	book
啟3:18#4	41	47	林前十五45	林前15:45	-	book
啟3:20#3	14	18	二7註7	啟2:7	7	chapter
何4:5#1	5	6	6	何4:6	-	bare
何4:6#1	2	4	1節	何4:1	-	bare
何4:14#3	15	20	申二三17	申23:17	-	book
何4:15#1	11	14	九15	何9:15	-	chapter
何4:15#1	15	19	十二11	何12:11	-	chapter
何4:15#1	20	23	摩四4	摩4:4	-	book
何4:15#1	24	26	五5	摩5:5	-	chapter
何4:15#2	39	48	王上十二26～33	王上12:26	-	book
何4:15#2	50	53	何五8	何5:8	-	book
何4:15#2	54	56	十5	何10:5	-	chapter
啟4:1#1	45	53	創二八12～17	創28:12	-	book
啟4:1#1	60	63	結一1	結1:1	-	book
啟4:1#1	69	73	太三16	太3:16	-	book
啟4:1#1	79	83	徒七56	徒7:56	-	book
啟4:1#1	88	92	徒十11	徒10:11	-	book
啟4:1#1	101	105	十九11	啟19:11	-	chapter
啟4:1#1	141	145	約一51	約1:51	-	book
啟4:1#2	2	5	一10	啟1:10	-	chapter
啟4:2#1	1	6	一10註2	啟1:10	2	chapter
啟4:2#2	46	50	來四16	來4:16	-	book
啟4:3#1	1	5	二一11	啟21:11	-	chapter
啟4:3#1	49	53	二一11	啟21:11	-	chapter
啟4:3#1	76	81	約十七22	約17:22	-	book
啟4:3#1	82	83	2	約17:2	-	bare
啟4:3#1	111	115	二一11	啟21:11	-	chapter
啟4:3#1	133	140	二一18～19	啟21:18	-	chapter
啟4:3#2	86	91	出二八17	出28:17	-	book
啟4:3#2	92	94	20	出28:20	-	bare
啟4:3#3	29	35	創九8～17	創9:8	-	book
啟4:3#3	136	140	二一24	啟21:24	-	chapter
啟4:3#3	141	143	26	啟21:26	-	bare
啟4:3#4	70	74	創九11	創9:11	-	book
啟4:4#1	24	29	太十九28	太19:28	-	book
啟4:4#2	42	47	太十九28	太19:28	-	book
啟4:4#2	48	52	啟二十4	啟20:4	-	book
啟4:4#2	137	142	來二5～9	來2:5	-	book
啟4:4#2	143	150	啟二26～27	啟2:26	-	book
啟4:4#2	151	154	二十4	啟20:4	-	chapter
啟4:4#2	178	180	五8	啟5:8	-	chapter
啟4:4#2	220	223	二十6	啟20:6	-	chapter
啟4:4#3	38	41	七14	啟7:14	-	chapter
啟4:5#1	8	13	出二五37	出25:37	-	book
啟4:5#1	14	17	亞四2	亞4:2	-	book
啟4:5#2	1	5	一4註5	啟1:4	5	chapter
啟4:6#1	13	16	十五2	啟15:2	-	chapter
啟4:6#1	44	48	創九15	創9:15	-	book
啟4:6#1	62	67	創十九24	創19:24	-	book
啟4:6#1	68	71	利十2	利10:2	-	book
啟4:6#1	72	76	民十一1	民11:1	-	book
啟4:6#1	77	81	十六35	民16:35	-	chapter
啟4:6#1	82	86	但七11	但7:11	-	book
啟4:6#1	87	92	啟十四10	啟14:10	-	book
啟4:6#1	93	96	十八8	啟18:8	-	chapter
啟4:6#1	97	101	十九20	啟19:20	-	chapter
啟4:6#1	102	108	二十9～10	啟20:9	-	chapter
啟4:6#1	109	112	二一8	啟21:8	-	chapter
啟4:6#1	136	142	但七9～10	但7:9	-	book
啟4:6#1	192	196	二十14	啟20:14	-	chapter
啟4:6#1	266	272	創九8～17	創9:8	-	book
啟4:6#2	89	90	7	啟4:7	-	bare
啟4:6#2	104	111	創一20～28	創1:20	-	book
啟4:6#2	212	215	二一1	啟21:1	-	chapter
啟4:6#2	266	270	利十一3	利11:3	-	book
啟4:6#2	271	273	27	利11:27	-	bare
啟4:6#2	274	279	13～19	利11:13	-	bare
啟4:6#2	298	305	徒十11～16	徒10:11	-	book
啟4:6#2	348	354	賽十一6～9	賽11:6	-	book
啟4:6#2	376	380	西一20	西1:20	-	book
啟4:6#2	393	396	來二9	來2:9	-	book
啟4:6#3	41	42	8	啟4:8	-	bare
啟4:7#1	10	16	結一5～10	結1:5	-	book
啟4:7#1	17	23	十14～15	結10:14	-	chapter
啟4:7#1	37	38	8	啟4:8	-	bare
啟4:7#1	44	47	賽六2	賽6:2	-	book
啟4:7#1	53	58	出二五20	出25:20	-	book
啟4:7#1	59	64	王上六27	王上6:27	-	book
啟4:7#1	75	78	結一6	結1:6	-	book
啟4:7#1	121	124	賽六3	賽6:3	-	book
啟4:7#1	147	154	結十18～19	結10:18	-	book
啟4:7#1	155	158	來九5	來9:5	-	book
啟4:8#2	24	28	一4註3	啟1:4	3	chapter
啟4:9#1	7	10	11節	啟4:11	-	bare
啟4:10#1	59	62	二十6	啟20:6	-	chapter
啟4:11#1	1	4	9註1	啟4:9	1	bare
何6:2#1	9	13	彼後三8	彼後3:8	-	book
何6:2#1	126	128	三4	何3:4	-	chapter
何6:2#1	212	216	啟二十6	啟20:6	-	book
何6:2#1	249	254	林前十五4	林前15:4	-	book
何6:2#1	278	284	林前十五45	林前15:45	-	book
何6:2#1	296	301	約十一25	約11:25	-	book
何6:2#1	339	344	哈三2註1	哈3:2	1	book
何6:3#1	47	52	太十九28	太19:28	-	book
何6:3#1	75	79	詩七二6	詩72:6	-	book
何6:3#1	84	89	彌五2註2	彌5:2	2	book
何6:3#1	90	96	珥二23註1	珥2:23	1	book
何6:11#1	96	103	創三17～19	創3:17	-	book
何6:11#1	157	164	賽三十26註1	賽30:26	1	book
何6:11#1	165	171	珥三18註1	珥3:18	1	book
何7:1#1	28	31	1～7	何7:1	-	bare
何7:1#1	51	55	8～16	何7:8	-	bare
啟5:5#1	23	29	創四九8～9	創49:8	-	book
啟5:5#2	17	22	賽十一10	賽11:10	-	book
啟5:5#2	57	65	太二二42～45	太22:42	-	book
啟5:6#2	23	26	來一3	來1:3	-	book
啟5:6#2	27	30	十12	來10:12	-	chapter
啟5:6#4	10	15	申三三17	申33:17	-	book
啟5:6#5	68	71	亞三9	亞3:9	-	book
啟5:6#5	95	98	亞四7	亞4:7	-	book
啟5:6#5	126	130	亞四10	亞4:10	-	book
啟5:6#5	133	138	一14註3	啟1:14	3	chapter
啟5:8#2	37	41	八3～4	啟8:3	-	chapter
啟5:8#2	58	62	八3註4	啟8:3	4	chapter
啟5:10#1	12	13	9	啟5:9	-	bare
何8:1#2	63	69	出二十1註1	出20:1	1	book
何8:5#1	16	22	王上十六29	王上16:29	-	book
何8:5#1	34	35	6	何8:6	-	bare
何8:5#1	47	53	王上十二28	王上12:28	-	book
何8:5#1	54	58	出三二4	出32:4	-	book
何9:9#1	13	21	士十九15～30	士19:15	-	book
何9:10#1	25	28	耶二2	耶2:2	-	book
何9:10#1	69	73	民二五3	民25:3	-	book
何9:10#1	74	80	詩一○六28	詩106:28	-	book
啟6:2#2	63	64	4	啟6:4	-	bare
啟6:2#2	82	83	5	啟6:5	-	bare
啟6:2#2	101	102	8	啟6:8	-	bare
啟6:2#4	27	31	林後四4	林後4:4	-	book
啟6:5#1	10	16	耶十四1～4	耶14:1	-	book
啟6:5#1	29	34	哀四8～9	哀4:8	-	book
啟6:5#1	35	40	五9～10	哀5:9	-	chapter
啟6:5#2	23	25	6節	啟6:6	-	bare
啟6:5#2	38	43	利二六26	利26:26	-	book
啟6:5#2	44	48	結四16	結4:16	-	book
啟6:6#1	24	28	太二十2	太20:2	-	book
啟6:6#3	11	17	詩一○四15	詩104:15	-	book
啟6:8#2	41	48	二十11～15	啟20:11	-	chapter
啟6:8#5	13	18	王下二24	王下2:24	-	book
啟6:8#5	19	23	十七25	王下17:25	-	chapter
啟6:8#5	24	28	民二一6	民21:6	-	book
啟6:9#1	163	171	太二三34～36	太23:34	-	book
啟6:9#2	65	70	路二三43	路23:43	-	book
啟6:9#2	78	83	太十二40	太12:40	-	book
啟6:9#2	95	99	徒二27	徒2:27	-	book
啟6:9#2	120	128	路十六22～26	路16:22	-	book
啟6:11#2	12	15	二十4	啟20:4	-	chapter
啟6:12#1	47	54	珥二30～31	珥2:30	-	book
啟6:12#1	64	69	九1～11	啟9:1	-	chapter
啟6:12#1	78	85	珥二30～31	珥2:30	-	book
啟6:12#1	112	117	八7～10	啟8:7	-	chapter
啟6:12#1	127	131	九1～3	啟9:1	-	chapter
啟6:12#1	146	150	本書九4	啟9:4	-	anaphor
啟6:12#1	151	153	七3	啟7:3	-	chapter
啟6:12#2	33	40	珥二30～31	珥2:30	-	book
啟6:12#2	56	63	珥三11～16	珥3:11	-	book
啟6:12#2	64	72	太二四29～30	太24:29	-	book
啟6:12#2	73	81	路二一25～26	路21:25	-	book
何10:1#1	28	35	利二三13註2	利23:13	2	book
何10:5#1	1	6	四15註2	何4:15	2	chapter
何10:10#1	26	30	耶二13	耶2:13	-	book
何10:12#1	86	91	加六7～8	加6:7	-	book
何10:14#1	4	10	14～15節	何10:14	-	bare
何11:1#1	48	50	二7	何2:7	-	chapter
何11:1#1	51	53	19	何2:19	-	bare
何11:1#1	82	89	出四22～23	出4:22	-	book
何11:1#1	108	114	一10與註3	何1:10	3	chapter
何11:1#1	177	181	約三29	約3:29	-	book
何11:1#1	182	187	林後十一2	林後11:2	-	book
何11:1#1	209	213	加三26	加3:26	-	book
何11:1#1	214	216	四6	加4:6	-	chapter
何11:1#1	302	306	來十二6	來12:6	-	book
何11:1#1	307	311	啟三19	啟3:19	-	book
何11:1#1	321	325	耶三一3	耶31:3	-	book
何11:1#1	353	360	羅八35～39	羅8:35	-	book
何11:1#2	37	44	太二13～15	太2:13	-	book
何11:1#2	161	166	羅十一17	羅11:17	-	book
何11:1#2	169	176	加三26與註1	加3:26	1	book
何11:1#2	232	236	約三16	約3:16	-	book
何11:1#2	237	241	約壹四9	約壹4:9	-	book
何11:1#2	296	300	約一14	約1:14	-	book
何11:1#2	367	372	徒十三33	徒13:33	-	book
何11:1#2	375	380	羅一3～4	羅1:3	-	book
何11:1#2	447	452	來一5～6	來1:5	-	book
何11:1#2	485	489	彼前一3	彼前1:3	-	book
何11:1#2	501	505	來二10	來2:10	-	book
何11:1#2	516	520	羅八29	羅8:29	-	book
何11:2#1	83	88	太二一43	太21:43	-	book
何11:2#1	126	130	彼前二5	彼前2:5	-	book
何11:2#1	131	132	9	彼前2:9	-	bare
何11:2#1	133	136	啟一6	啟1:6	-	book
何11:2#1	153	158	林前十四1	林前14:1	-	book
何11:2#1	159	161	31	林前14:31	-	bare
何11:2#1	162	164	39	林前14:39	-	bare
何11:2#1	166	171	民十一29	民11:29	-	book
何11:4#1	155	158	羅五8	羅5:8	-	book
何11:4#1	159	166	約壹四9～10	約壹4:9	-	book
何11:4#2	38	45	約六31～35	約6:31	-	book
何11:4#2	99	107	出十六14～18	出16:14	-	book
何11:8#1	19	24	申二九23	申29:23	-	book
何11:8#1	68	69	9	何11:9	-	bare
啟7:1#1	8	14	六12～17	啟6:12	-	chapter
啟7:1#1	20	22	八1	啟8:1	-	chapter
啟7:1#2	13	16	拿一4	拿1:4	-	book
啟7:1#2	17	22	賽十一15	賽11:15	-	book
啟7:1#2	23	28	耶二二22	耶22:22	-	book
啟7:1#2	29	33	四九36	耶49:36	-	chapter
啟7:1#2	34	37	五一1	耶51:1	-	chapter
啟7:1#3	12	16	八1～2	啟8:1	-	chapter
啟7:1#3	42	44	八7	啟8:7	-	chapter
啟7:1#3	63	67	八8～9	啟8:8	-	chapter
啟7:1#3	94	95	3	啟7:3	-	bare
啟7:2#1	51	59	創二二11～12	創22:11	-	book
啟7:2#1	60	65	出三2～6	出3:2	-	book
啟7:2#1	66	73	士六11～24	士6:11	-	book
啟7:2#1	74	81	亞一11～12	亞1:11	-	book
啟7:2#1	82	87	二8～11	亞2:8	-	chapter
啟7:2#1	88	92	三1～7	亞3:1	-	chapter
啟7:4#1	21	25	十二17	啟12:17	-	chapter
啟7:4#1	26	30	十四12	啟14:12	-	chapter
啟7:5#1	35	41	代上五1～2	代上5:1	-	book
啟7:6#1	3	4	8	啟7:8	-	bare
啟7:6#1	19	23	創四八5	創48:5	-	book
啟7:6#1	54	60	代上五1～2	代上5:1	-	book
啟7:6#1	61	67	結四八4～5	結48:4	-	book
啟7:6#1	104	112	士十八30～31	士18:30	-	book
啟7:6#1	113	122	王上十二29～30	王上12:29	-	book
啟7:6#1	123	128	王下十29	王下10:29	-	book
啟7:6#1	130	135	創四九17	創49:17	-	book
啟7:6#1	155	159	結四八1	結48:1	-	book
啟7:6#1	190	198	創四九16～18	創49:16	-	book
啟7:9#1	30	32	五9	啟5:9	-	chapter
啟7:9#1	33	38	羅十一25	羅11:25	-	book
啟7:9#1	39	44	徒十五14	徒15:14	-	book
啟7:9#1	45	47	19	徒15:19	-	bare
啟7:9#2	51	56	路二一36	路21:36	-	book
啟7:9#2	102	107	9～17節	啟7:9	-	bare
啟7:9#3	50	52	14	啟7:14	-	bare
啟7:9#4	20	22	14	啟7:14	-	bare
啟7:9#4	24	29	約十二13	約12:13	-	book
啟7:9#4	47	52	出十五27	出15:27	-	book
啟7:9#4	84	89	利二三40	利23:40	-	book
啟7:9#4	90	94	尼八15	尼8:15	-	book
啟7:9#4	144	152	詩九二12～13	詩92:12	-	book
啟7:12#1	2	6	路十五7	路15:7	-	book
啟7:14#1	7	12	太二四21	太24:21	-	book
啟7:15#1	1	7	15～17節	啟7:15	-	bare
啟7:15#1	13	18	二一3～4	啟21:3	-	chapter
啟7:15#1	19	24	二二3～5	啟22:3	-	chapter
啟7:15#3	9	13	約一14	約1:14	-	book
啟7:15#3	42	47	二一2～3	啟21:2	-	chapter
啟7:15#3	111	117	15～17節	啟7:15	-	bare
啟7:15#3	122	127	二一3～7	啟21:3	-	chapter
啟7:17#1	25	29	詩二三1	詩23:1	-	book
何12:4#1	18	26	創三二24～32	創32:24	-	book
何13:11#1	34	40	撒上八4～7	撒上8:4	-	book
何13:11#1	41	44	九17	撒上9:17	-	chapter
何13:11#1	45	47	十1	撒上10:1	-	chapter
何13:11#1	48	54	三一1～13	撒上31:1	-	chapter
何13:14#1	1	8	太十一23註1	太11:23	1	book
何13:14#2	16	21	十一1註1	何11:1	1	chapter
何13:14#2	22	26	耶三一3	耶31:3	-	book
何13:14#2	41	49	羅十一28～29	羅11:28	-	book
何14:2#1	18	23	來十三15	來13:15	-	book
何14:4#1	0	4	4～8節	何14:4	-	bare
何14:4#1	12	17	太十九28	太19:28	-	book
何14:4#1	24	30	二15～23	何2:15	-	chapter
何14:4#1	31	33	三5	何3:5	-	chapter
何14:4#1	34	38	六1～3	何6:1	-	chapter
何14:4#1	39	42	十12	何10:12	-	chapter
何14:4#1	47	51	4～7節	何14:4	-	bare
何14:4#1	75	80	十一1註1	何11:1	1	chapter
何14:4#1	136	141	約壹五11	約壹5:11	-	book
何14:4#1	247	250	十一1	何11:1	-	chapter
何14:4#1	277	284	羅八28～39	羅8:28	-	book
何14:4#1	285	292	來十二5～10	來12:5	-	book
何14:5#1	12	16	太六28	太6:28	-	book
何14:5#2	16	19	歌三9	歌3:9	-	book
何14:7#1	18	23	林後十二9	林後12:9	-	book
啟8:3#1	1	5	七2註1	啟7:2	1	chapter
啟8:3#2	13	15	五8	啟5:8	-	chapter
啟8:3#3	7	13	出二七1～8	出27:1	-	book
啟8:3#7	9	15	出三十1～9	出30:1	-	book
啟8:5#1	18	23	六9～11	啟6:9	-	chapter
啟8:5#1	36	42	路十八7～8	路18:7	-	book
啟8:6#1	13	14	2	啟8:2	-	bare
啟8:6#1	19	23	3～5節	啟8:3	-	bare
啟8:12#1	56	63	出九18～25	出9:18	-	book
啟8:12#1	106	113	出七17～21	出7:17	-	book
啟8:12#1	154	161	出十21～23	出10:21	-	book
啟8:12#1	232	238	六12～14	啟6:12	-	chapter
啟8:12#1	292	298	十六1～21	啟16:1	-	chapter
啟8:12#2	22	26	太五45	太5:45	-	book
珥1:2#1	0	4	2～4節	珥1:2	-	bare
珥1:4#1	91	98	啟十七8～11	啟17:8	-	book
珥1:4#1	114	117	二25	珥2:25	-	chapter
珥1:4#1	244	251	但二34～35	但2:34	-	book
珥1:4#1	596	604	約十八31～32	約18:31	-	book
珥1:4#1	691	696	太二八19	太28:19	-	book
珥1:4#1	697	700	徒一8	徒1:8	-	book
珥1:4#1	848	852	彌五2下	彌5:2	-	book
珥1:4#1	853	857	提前一4	提前1:4	-	book
珥1:4#1	858	863	弗一4～5	弗1:4	-	book
珥1:4#1	864	868	9～11	弗1:9	-	bare
珥1:4#1	882	886	彌五2上	彌5:2	-	book
珥1:4#1	916	920	拿一17	拿1:17	-	book
珥1:4#1	921	924	二10	拿2:10	-	chapter
珥1:4#1	956	962	二28～32	珥2:28	-	chapter
珥1:4#1	980	984	該二7上	該2:7	-	book
珥1:4#1	993	997	瑪四2上	瑪4:2	-	book
珥1:4#1	1026	1031	三1～15	珥3:1	-	chapter
珥1:4#1	1048	1054	三16～21	珥3:16	-	chapter
珥1:4#1	1055	1058	彌四7	彌4:7	-	book
珥1:6#1	7	9	4節	珥1:4	-	bare
珥1:6#1	25	28	4註1	珥1:4	1	bare
珥1:15#1	17	21	徒二20	徒2:20	-	book
珥1:15#1	22	26	林前五5	林前5:5	-	book
珥1:15#1	27	31	帖前五2	帖前5:2	-	book
珥1:15#1	32	36	帖後二2	帖後2:2	-	book
珥1:15#1	37	42	彼後三10	彼後3:10	-	book
珥1:15#1	52	57	彼後三12	彼後3:12	-	book
珥1:15#1	76	83	啟六12～17	啟6:12	-	book
珥1:15#1	98	106	啟二十11～15	啟20:11	-	book
珥1:15#1	180	184	啟二一1	啟21:1	-	book
珥1:15#1	231	236	太二四21	太24:21	-	book
珥1:15#1	274	281	彼後三12註2	彼後3:12	2	book
珥2:14#1	53	59	申十二5～6	申12:5	-	book
珥2:14#1	71	73	25	珥2:25	-	bare
啟8:13#1	9	14	太二四21	太24:21	-	book
啟8:13#1	24	27	九12	啟9:12	-	chapter
啟8:13#1	28	32	十一14	啟11:14	-	chapter
啟8:13#1	49	53	但九27	但9:27	-	book
啟8:13#1	60	64	但七25	但7:25	-	book
啟8:13#1	65	68	十二7	但12:7	-	chapter
啟8:13#1	69	74	啟十二14	啟12:14	-	book
啟8:13#1	85	88	十一2	啟11:2	-	chapter
啟8:13#1	89	92	十三5	啟13:5	-	chapter
啟8:13#1	104	107	十一3	啟11:3	-	chapter
啟8:13#1	108	111	十二6	啟12:6	-	chapter
啟9:1#1	28	32	伯三八7	伯38:7	-	book
啟9:1#1	33	37	啟十二4	啟12:4	-	book
啟9:1#1	54	59	賽十四12	賽14:12	-	book
啟9:1#1	63	67	路十18	路10:18	-	book
啟9:1#1	78	84	十二9～10	啟12:9	-	chapter
啟9:1#2	10	14	路八31	路8:31	-	book
啟9:3#1	6	13	出十12～15	出10:12	-	book
啟9:3#1	39	41	10	啟9:10	-	bare
啟9:3#1	76	77	2	啟9:2	-	bare
啟9:4#1	54	58	七3～8	啟7:3	-	chapter
啟9:7#1	0	6	本章7～9節	啟9:7	-	anaphor
啟9:7#1	7	12	珥二4～5	珥2:4	-	book
啟9:7#1	13	15	25	珥2:25	-	bare
啟9:7#1	16	18	一6	珥1:6	-	chapter
啟9:7#1	51	55	七3～8	啟7:3	-	chapter
啟9:11#1	27	30	十一7	啟11:7	-	chapter
啟9:11#1	31	34	十七8	啟17:8	-	chapter
啟9:11#2	7	11	伯二六6	伯26:6	-	book
啟9:11#2	12	16	二八22	伯28:22	-	chapter
啟9:11#2	17	22	箴十五11	箴15:11	-	book
啟9:11#3	25	32	但八23～25	但8:23	-	book
啟9:12#1	76	80	十二10	啟12:10	-	chapter
啟9:12#1	81	86	12～17	啟12:12	-	bare
啟9:12#1	87	88	6	啟12:6	-	bare
啟9:12#1	99	104	十三5～7	啟13:5	-	chapter
啟9:12#1	105	108	十一7	啟11:7	-	chapter
啟9:12#1	165	168	十一2	啟11:2	-	chapter
啟9:12#1	192	197	太二四21	太24:21	-	book
啟9:12#1	199	205	啟十一2註4	啟11:2	4	book
啟9:12#1	230	233	八13	啟8:13	-	chapter
啟9:12#1	234	237	九12	啟9:12	-	chapter
啟9:12#1	238	242	十一14	啟11:14	-	chapter
啟9:12#1	298	301	三10	啟3:10	-	chapter
啟9:12#2	23	28	13～21	啟9:13	-	bare
啟9:12#2	29	36	十一14～15	啟11:14	-	chapter
啟9:13#1	24	29	出三十10	出30:10	-	book
啟9:16#1	27	34	十六12～16	啟16:12	-	chapter
啟9:16#1	35	42	十九17～21	啟19:17	-	chapter
啟9:19#1	20	22	10	啟9:10	-	bare
啟9:19#1	41	42	5	啟9:5	-	bare
啟9:19#1	43	45	10	啟9:10	-	bare
啟9:19#1	61	63	15	啟9:15	-	bare
啟9:19#1	64	66	18	啟9:18	-	bare
啟9:20#2	10	14	十三15	啟13:15	-	chapter
啟9:20#2	31	36	詩一一五5	詩115:5	-	book
啟9:20#2	37	42	一三五16	詩135:16	-	chapter
珥2:18#1	9	12	賽八8	賽8:8	-	book
珥2:23#1	27	30	創二5	創2:5	-	book
珥2:23#1	31	36	申十一14	申11:14	-	book
珥2:23#1	38	44	28～29節	珥2:28	-	bare
珥2:23#1	45	50	亞十二10	亞12:10	-	book
珥2:23#1	70	75	何六3註1	何6:3	1	book
珥2:23#1	77	83	本章28註1	珥2:28	1	anaphor
珥2:28#1	53	58	徒二1～4	徒2:1	-	book
珥2:28#1	59	64	16～21	徒2:16	-	bare
珥2:28#1	74	79	太二四21	太24:21	-	book
珥2:28#1	161	166	亞十二10	亞12:10	-	book
珥2:28#1	247	253	一2～二11	珥1:2	-	chapter
珥2:28#1	312	318	三1～16上	珥3:1	-	chapter
珥2:28#1	319	321	19	珥3:19	-	bare
珥2:28#1	417	424	出三十25註2	出30:25	2	book
珥2:28#1	443	448	徒二1～4	徒2:1	-	book
珥2:28#1	449	454	16～21	徒2:16	-	bare
珥2:28#1	538	547	林前十二12～13	林前12:12	-	book
珥2:28#1	572	580	提前三15～16	提前3:15	-	book
珥2:28#1	612	618	三16～21	珥3:16	-	chapter
珥2:28#1	665	671	啟二一1～2	啟21:1	-	book
珥2:28#1	674	678	一4註1	珥1:4	1	chapter
珥2:30#1	1	7	30～31節	珥2:30	-	bare
珥2:30#1	43	47	28註1	珥2:28	1	bare
珥2:30#1	63	70	啟六12～17	啟6:12	-	book
珥2:30#1	71	76	八7～12	啟8:7	-	chapter
珥2:30#1	107	112	太二四21	太24:21	-	book
珥2:30#1	133	137	啟八13	啟8:13	-	book
珥2:30#1	167	170	31上	珥2:31	-	bare
珥2:30#1	182	188	啟六12註1	啟6:12	1	book
珥2:30#1	267	271	亞十四2	亞14:2	-	book
珥2:30#1	272	280	啟十六13～16	啟16:13	-	book
珥2:30#1	307	310	三11	珥3:11	-	chapter
珥2:30#1	321	326	亞十二10	亞12:10	-	book
珥2:31#1	1	6	一15註1	珥1:15	1	chapter
珥2:32#1	43	49	太一21註1	太1:21	1	book
珥2:32#1	109	113	徒二21	徒2:21	-	book
珥3:2#1	11	12	2	珥3:2	-	bare
珥3:2#1	13	18	11～12	珥3:11	-	bare
珥3:2#1	19	21	14	珥3:14	-	bare
珥3:2#1	44	46	13	珥3:13	-	bare
珥3:2#1	47	55	啟十四19～20	啟14:19	-	book
珥3:2#1	57	61	19註1	啟14:19	1	bare
珥3:2#3	19	23	徒十42	徒10:42	-	book
珥3:2#3	24	28	十七31	徒17:31	-	chapter
珥3:2#3	29	33	提後四1	提後4:1	-	book
珥3:2#3	64	68	2下～8	珥3:2	-	bare
珥3:2#3	69	74	啟十二17	啟12:17	-	book
珥3:2#3	75	78	十三7	啟13:7	-	chapter
珥3:2#3	79	81	10	啟13:10	-	bare
珥3:2#3	82	91	太二五41～46上	太25:41	-	book
珥3:2#3	118	120	11	珥3:11	-	bare
珥3:2#3	121	126	啟十七14	啟17:14	-	book
珥3:2#3	127	134	十九11～14	啟19:11	-	chapter
珥3:2#3	156	159	16上	珥3:16	-	bare
珥3:2#3	160	168	啟十四19～20	啟14:19	-	book
珥3:2#3	169	176	十六13～16	啟16:13	-	chapter
珥3:2#3	177	181	十七14	啟17:14	-	chapter
珥3:2#3	182	189	十九11～21	啟19:11	-	chapter
珥3:2#3	302	310	太二五31～46	太25:31	-	book
珥3:11#1	41	46	啟十七14	啟17:14	-	book
珥3:11#1	47	54	十九11～21	啟19:11	-	chapter
珥3:11#1	69	74	太十九28	太19:28	-	book
珥3:11#1	75	82	啟二26～27	啟2:26	-	book
珥3:11#1	83	86	二十4	啟20:4	-	chapter
珥3:11#1	87	88	6	啟20:6	-	bare
珥3:16#1	24	26	18	珥3:18	-	bare
珥3:16#1	52	55	16上	珥3:16	-	bare
珥3:16#1	56	58	17	珥3:17	-	bare
珥3:16#1	59	62	21下	珥3:21	-	bare
珥3:18#1	28	33	二28註1	珥2:28	1	chapter
珥3:18#1	104	112	賽十四12～15	賽14:12	-	book
珥3:18#1	113	118	啟十二4上	啟12:4	-	book
珥3:18#1	119	120	9	啟12:9	-	bare
珥3:18#1	128	133	創三1～6	創3:1	-	book
珥3:18#1	168	174	啟二一1～2	啟21:1	-	book
珥3:18#1	177	184	賽三十26註1	賽30:26	1	book
珥3:18#1	185	191	何六11註1	何6:11	1	book
珥3:18#2	36	40	啟二二1	啟22:1	-	book
珥3:19#1	16	22	19～21上	珥3:19	-	bare
珥3:19#1	62	68	啟二一1～2	啟21:1	-	book
啟10:1#1	0	6	1～十一13	啟10:1	-	bare
啟10:1#2	14	16	七2	啟7:2	-	chapter
啟10:1#2	17	19	八3	啟8:3	-	chapter
啟10:1#2	20	23	十八1	啟18:1	-	chapter
啟10:1#2	90	94	十四14	啟14:14	-	chapter
啟10:1#2	95	100	太二四30	太24:30	-	book
啟10:1#2	101	105	二六64	太26:64	-	chapter
啟10:1#2	151	153	一7	啟1:7	-	chapter
啟10:1#2	154	159	太二四30	太24:30	-	book
啟10:1#3	29	35	創九8～17	創9:8	-	book
啟10:1#3	70	74	四2～3	啟4:2	-	chapter
啟10:1#4	48	54	二28與註1	啟2:28	1	chapter
啟10:1#4	55	63	彼後一19與註4	彼後1:19	4	book
啟10:1#5	11	16	出十九18	出19:18	-	book
啟10:1#5	17	22	來十二29	來12:29	-	book
啟10:1#6	11	15	耶一18	耶1:18	-	book
啟10:1#6	16	19	加二9	加2:9	-	book
啟10:2#1	9	11	五1	啟5:1	-	chapter
啟10:2#1	27	29	五5	啟5:5	-	chapter
啟10:2#1	30	31	7	啟5:7	-	bare
啟10:2#1	48	50	五1	啟5:1	-	chapter
啟10:2#2	18	23	申十一24	申11:24	-	book
啟10:2#2	24	27	書一3	書1:3	-	book
啟10:2#2	28	33	詩八6～8	詩8:6	-	book
啟10:3#1	13	18	箴十九12	箴19:12	-	book
啟10:3#1	19	22	二十2	箴20:2	-	chapter
啟10:6#4	18	25	太五34～36	太5:34	-	book
啟10:6#5	54	57	六10	啟6:10	-	chapter
啟10:7#2	113	118	提前三16	提前3:16	-	book
啟10:7#2	129	132	西二2	西2:2	-	book
啟10:7#2	138	143	弗三4～6	弗3:4	-	book
啟10:7#2	151	156	太十三11	太13:11	-	book
啟10:7#2	162	166	弗六19	弗6:19	-	book
啟10:7#2	175	182	西一26～27	西1:26	-	book
啟10:7#2	201	210	林前十五51～52	林前15:51	-	book
啟10:7#2	228	233	羅十六25	羅16:25	-	book
啟10:7#2	234	237	弗三5	弗3:5	-	book
啟10:7#2	238	242	西一26	西1:26	-	book
啟10:7#5	24	29	賽二2～4	賽2:2	-	book
啟10:7#5	30	36	十一1～10	賽11:1	-	chapter
啟10:7#5	37	44	六五17～20	賽65:17	-	chapter
啟10:7#5	45	49	六六22	賽66:22	-	chapter
啟10:7#5	66	70	十一15	啟11:15	-	chapter
啟10:7#5	91	96	二一1～3	啟21:1	-	chapter
啟10:10#1	74	79	耶十五16	耶15:16	-	book
啟10:10#1	80	83	結二8	結2:8	-	book
啟10:10#1	84	88	三1～3	結3:1	-	chapter
啟10:11#2	117	121	十一15	啟11:15	-	chapter
摩1:1#1	62	68	九11～12	摩9:11	-	chapter
摩1:1#1	69	77	徒十五15～16	徒15:15	-	book
摩1:1#1	86	91	啟十一15	啟11:15	-	book
摩1:1#1	101	106	太十九28	太19:28	-	book
摩1:13#1	6	8	二1	摩2:1	-	chapter
摩1:13#1	22	30	創十九30～38	創19:30	-	book
摩2:1#1	1	6	一13註1	摩1:13	1	chapter
啟11:1#1	7	11	箴十13	箴10:13	-	book
啟11:1#1	12	15	賽十5	賽10:5	-	book
啟11:1#1	16	19	十一4	賽11:4	-	chapter
啟11:1#1	25	29	二一15	啟21:15	-	chapter
啟11:1#1	31	35	結四十3	結40:3	-	book
啟11:1#1	36	43	四二16～19	結42:16	-	chapter
啟11:1#3	39	40	2	啟11:2	-	bare
啟11:1#4	11	15	民三五2	民35:2	-	book
啟11:1#4	16	17	5	民35:5	-	bare
啟11:1#4	18	24	結四五1～3	結45:1	-	book
啟11:1#4	25	29	四二15	結42:15	-	chapter
啟11:1#4	30	32	20	結42:20	-	bare
啟11:1#4	33	36	四八8	結48:8	-	chapter
啟11:1#4	37	39	12	結48:12	-	bare
啟11:1#4	40	42	15	結48:15	-	bare
啟11:2#1	1	4	1註2	啟11:1	2	bare
啟11:2#3	16	20	賽五二1	賽52:1	-	book
啟11:2#3	21	26	太二七53	太27:53	-	book
啟11:2#4	30	37	但九24～27	但9:24	-	book
啟11:2#4	87	91	但九27	但9:27	-	book
啟11:2#4	111	116	十三5～7	啟13:5	-	chapter
啟11:2#4	117	121	但七25	但7:25	-	book
啟11:2#4	122	125	十二7	但12:7	-	chapter
啟11:2#4	147	151	但九27	但9:27	-	book
啟11:2#4	177	182	太二四15	太24:15	-	book
啟11:2#4	183	185	21	太24:21	-	bare
啟11:2#4	207	210	三10	啟3:10	-	chapter
啟11:3#2	14	18	申十七6	申17:6	-	book
啟11:3#2	19	23	十九15	申19:15	-	chapter
啟11:3#2	24	29	太十八16	太18:16	-	book
啟11:3#2	51	55	5～6節	啟11:5	-	bare
啟11:3#2	74	78	出七17	出7:17	-	book
啟11:3#2	79	81	19	出7:19	-	bare
啟11:3#2	82	85	九14	出9:14	-	chapter
啟11:3#2	86	89	十一1	出11:1	-	chapter
啟11:3#2	90	98	王下一10～12	王下1:10	-	book
啟11:3#2	99	104	王上十七1	王上17:1	-	book
啟11:3#2	121	127	太十七1～3	太17:1	-	book
啟11:3#2	149	154	路十六16	路16:16	-	book
啟11:3#2	179	182	瑪四5	瑪4:5	-	book
啟11:3#2	183	188	太十七11	太17:11	-	book
啟11:3#2	194	197	亞四3	亞4:3	-	book
啟11:3#2	198	203	11～14	亞4:11	-	bare
啟11:3#2	219	225	太二五9註2	太25:9	2	book
啟11:3#3	10	15	撒下三31	撒下3:31	-	book
啟11:3#4	3	5	2節	啟11:2	-	bare
啟11:3#4	25	30	十三5～6	啟13:5	-	chapter
啟11:3#4	39	42	十二6	啟12:6	-	chapter
啟11:3#4	43	45	14	啟12:14	-	bare
啟11:4#1	17	21	亞四14	亞4:14	-	book
啟11:4#2	32	35	一20	啟1:20	-	chapter
啟11:7#1	23	24	4	啟11:4	-	bare
啟11:7#2	17	20	十七8	啟17:8	-	chapter
啟11:7#2	25	28	十三1	啟13:1	-	chapter
啟11:7#2	47	50	十三7	啟13:7	-	chapter
啟11:8#1	4	6	2節	啟11:2	-	bare
啟11:8#2	39	45	賽一9～10	賽1:9	-	book
啟11:8#2	46	48	三9	賽3:9	-	chapter
啟11:8#2	49	54	耶二三14	耶23:14	-	book
啟11:8#2	66	70	結二三3	結23:3	-	book
啟11:8#2	71	72	8	結23:8	-	bare
啟11:8#2	73	75	19	結23:19	-	bare
啟11:8#2	76	78	27	結23:27	-	bare
啟11:8#2	108	113	羅十一26	羅11:26	-	book
啟11:11#3	32	37	帖前四16	帖前4:16	-	book
啟11:12#2	72	77	帖前四17	帖前4:17	-	book
啟11:13#1	2	4	8節	啟11:8	-	bare
啟11:13#1	40	44	十六19	啟16:19	-	chapter
啟11:14#1	20	24	15註1	啟11:15	1	bare
啟11:14#1	73	74	2	啟11:2	-	bare
啟11:14#1	94	97	十五1	啟15:1	-	chapter
啟11:14#1	98	101	十六1	啟16:1	-	chapter
啟11:14#1	116	121	太二四21	太24:21	-	book
啟11:14#1	127	132	九12註1	啟9:12	1	chapter
啟11:14#1	133	138	十一2註4	啟11:2	4	chapter
啟11:15#1	11	17	林前十五52	林前15:52	-	book
啟11:15#1	55	58	十五1	啟15:1	-	chapter
啟11:15#1	59	65	十六1～21	啟16:1	-	chapter
啟11:15#1	83	86	八13	啟8:13	-	chapter
啟11:15#1	87	90	九12	啟9:12	-	chapter
啟11:15#1	91	95	十一14	啟11:14	-	chapter
啟11:15#1	97	100	18節	啟11:18	-	bare
啟11:15#1	122	126	十七14	啟17:14	-	chapter
啟11:15#1	127	132	十八1～2	啟18:1	-	chapter
啟11:15#1	133	141	十九19～二十3	啟19:19	-	chapter
啟11:15#1	143	146	18節	啟11:18	-	bare
啟11:15#1	177	179	15	啟11:15	-	bare
啟11:15#1	180	183	17節	啟11:17	-	bare
啟11:15#1	200	204	18註2	啟11:18	2	bare
啟11:15#1	206	209	18節	啟11:18	-	bare
啟11:15#1	222	228	林前十五23	林前15:23	-	book
啟11:15#1	229	231	52	林前15:52	-	bare
啟11:15#1	232	240	帖前四16～17	帖前4:16	-	book
啟11:15#1	254	259	林後五10	林後5:10	-	book
啟11:15#1	283	291	太二五31～34	太25:31	-	book
啟11:15#1	304	309	十四6～7	啟14:6	-	chapter
啟11:15#1	311	314	18節	啟11:18	-	bare
啟11:15#1	389	394	十九7～9	啟19:7	-	chapter
啟11:15#1	436	443	十八1～十九4	啟18:1	-	chapter
啟11:15#1	444	452	十九11～二十3	啟19:11	-	chapter
啟11:15#1	462	467	二十4～6	啟20:4	-	chapter
啟11:15#1	481	487	二十7～10	啟20:7	-	chapter
啟11:15#1	499	506	二十11～15	啟20:11	-	chapter
啟11:15#1	532	539	二一1～二二5	啟21:1	-	chapter
啟11:15#2	36	38	十7	啟10:7	-	chapter
啟11:15#3	24	31	但七13～14	但7:13	-	book
啟11:15#3	32	38	二44～45	但2:44	-	chapter
啟11:15#4	33	36	二二5	啟22:5	-	chapter
摩3:3#1	0	4	3～8節	摩3:3	-	bare
摩3:3#1	68	69	7	摩3:7	-	bare
摩3:14#1	15	24	王上十二25～33	王上12:25	-	book
摩4:12#1	1	6	6～13節	摩4:6	-	bare
摩5:10#2	12	17	申二一19	申21:19	-	book
摩5:10#2	18	22	二二15	申22:15	-	chapter
摩5:10#2	23	28	得四1～2	得4:1	-	book
摩5:12#1	8	13	民三五31	民35:31	-	book
摩5:18#1	1	7	珥一15註1	珥1:15	1	book
摩5:21#1	38	43	21～23	摩5:21	-	bare
摩5:26#1	39	43	徒七43	徒7:43	-	book
啟11:18#2	44	51	二十11～15	啟20:11	-	chapter
啟11:18#2	68	75	約五27～29	約5:27	-	book
啟11:18#2	107	113	林前十五23	林前15:23	-	book
啟11:18#2	114	120	啟二十4～6	啟20:4	-	book
啟11:18#2	140	147	二十11～12	啟20:11	-	chapter
啟11:18#3	15	19	二二12	啟22:12	-	chapter
啟11:18#3	20	25	太十六27	太16:27	-	book
啟11:18#3	39	45	林前十五23	林前15:23	-	book
啟11:18#3	46	48	52	林前15:52	-	bare
啟11:18#3	49	57	帖前四16～17	帖前4:16	-	book
啟11:18#3	76	81	林後五10	林後5:10	-	book
啟11:18#4	11	19	太二五33～40	太25:33	-	book
啟11:18#4	59	64	十四6～7	啟14:6	-	chapter
啟11:18#4	136	139	二26	啟2:26	-	chapter
啟11:18#4	140	143	十二5	啟12:5	-	chapter
啟11:18#5	14	17	十八3	啟18:3	-	chapter
啟11:18#5	24	27	十三3	啟13:3	-	chapter
啟11:18#5	35	39	十三14	啟13:14	-	chapter
啟11:18#5	45	51	二十7～10	啟20:7	-	chapter
啟11:18#5	63	70	十七12～14	啟17:12	-	chapter
啟11:18#5	71	75	十九19	啟19:19	-	chapter
啟11:18#5	76	81	二十8～9	啟20:8	-	chapter
啟11:19#1	6	9	十五5	啟15:5	-	chapter
啟11:19#1	22	26	四2～3	啟4:2	-	chapter
啟11:19#2	15	18	六12	啟6:12	-	chapter
啟11:19#2	31	33	八5	啟8:5	-	chapter
啟11:19#2	44	48	十一13	啟11:13	-	chapter
啟11:19#2	95	102	十六17～20	啟16:17	-	chapter
啟12:1#2	134	138	創三七9	創37:9	-	book
啟12:1#2	311	315	路一78	路1:78	-	book
啟12:2#1	13	14	5	啟12:5	-	bare
啟12:2#2	28	36	賽二六17～18	賽26:17	-	book
啟12:2#2	37	41	耶六24	耶6:24	-	book
啟12:2#2	42	46	十三21	耶13:21	-	chapter
啟12:2#2	47	50	三十6	耶30:6	-	chapter
啟12:2#2	51	57	彌四9～10	彌4:9	-	book
啟12:2#2	58	60	五3	彌5:3	-	chapter
啟12:2#2	61	65	加四19	加4:19	-	book
啟12:3#2	7	8	9	啟12:9	-	bare
啟12:3#2	84	88	約八44	約8:44	-	book
啟12:3#3	24	27	十三1	啟13:1	-	chapter
啟12:4#1	11	15	伯三八7	伯38:7	-	book
啟12:4#1	16	21	賽十四12	賽14:12	-	book
啟12:4#1	85	86	9	啟12:9	-	bare
啟12:4#2	34	38	創三15	創3:15	-	book
摩7:1#1	11	14	珥一4	珥1:4	-	book
摩7:2#1	56	59	2～3	摩7:2	-	bare
摩7:2#1	60	63	5～6	摩7:5	-	bare
摩7:7#1	31	35	7下～8	摩7:7	-	bare
摩7:9#1	59	65	王上十二31	王上12:31	-	book
摩7:9#1	66	70	十三32	王上13:32	-	chapter
摩7:10#1	40	46	王上十二31	王上12:31	-	book
摩8:1#1	23	24	2	摩8:2	-	bare
摩8:11#1	33	39	創十七1註1	創17:1	1	book
摩9:1#1	9	13	1～10	摩9:1	-	bare
摩9:2#1	1	8	太十一23註1	太11:23	1	book
摩9:11#1	81	89	王下二五1～21	王下25:1	-	book
摩9:11#1	152	155	賽九7	賽9:7	-	book
摩9:11#1	156	159	十六5	賽16:5	-	chapter
摩9:11#1	160	164	耶三十9	耶30:9	-	book
摩9:11#1	165	173	結三四23～24	結34:23	-	book
摩9:11#1	174	181	三七24～25	結37:24	-	chapter
摩9:11#1	182	185	何三5	何3:5	-	book
摩9:11#1	234	239	啟十一15	啟11:15	-	book
摩9:11#1	272	280	徒十五16～18	徒15:16	-	book
摩9:11#1	286	292	11～12節	摩9:11	-	bare
啟12:5#1	45	48	11節	啟12:11	-	bare
啟12:5#2	24	28	彼前三7	彼前3:7	-	book
啟12:5#2	78	84	二26～27	啟2:26	-	chapter
啟12:5#4	1	8	帖前四17註1	帖前4:17	1	book
啟12:5#4	19	24	帖前四17	帖前4:17	-	book
啟12:5#4	64	70	林前十五52	林前15:52	-	book
啟12:5#4	71	76	帖前四16	帖前4:16	-	book
啟12:5#4	84	88	十一15	啟11:15	-	chapter
啟12:5#4	146	148	九1	啟9:1	-	chapter
啟12:5#4	160	162	14	啟12:14	-	bare
啟12:5#4	163	166	十三5	啟13:5	-	chapter
啟12:5#4	167	170	十一2	啟11:2	-	chapter
啟12:6#1	21	23	13	啟12:13	-	bare
啟12:7#2	38	42	但八16	但8:16	-	book
啟12:7#2	43	49	九21～22	但9:21	-	chapter
啟12:7#2	50	54	路一19	路1:19	-	book
啟12:7#2	55	57	26	路1:26	-	bare
啟12:7#2	76	80	但十13	但10:13	-	book
啟12:7#2	81	83	21	但10:21	-	bare
啟12:7#2	84	87	十一1	但11:1	-	chapter
啟12:7#2	88	91	十二1	但12:1	-	chapter
啟12:7#2	92	94	猶9	猶1:9	-	book
啟12:7#3	24	29	太二五41	太25:41	-	book
啟12:7#3	32	35	4註1	啟12:4	1	bare
啟12:9#1	23	28	約十二31	約12:31	-	book
啟12:9#1	29	33	十六11	約16:11	-	chapter
啟12:9#1	107	111	九1註1	啟9:1	1	chapter
啟12:9#3	1	6	二10註1	啟2:10	1	chapter
啟12:10#1	37	41	太六10	太6:10	-	book
啟12:10#1	84	87	太五3	太5:3	-	book
啟12:10#1	104	109	羅十四17	羅14:17	-	book
啟12:10#2	16	19	伯一9	伯1:9	-	book
啟12:10#2	20	24	二4～5	伯2:4	-	chapter
啟12:10#2	31	36	亞三1～2	亞3:1	-	book
啟12:11#1	3	5	5節	啟12:5	-	bare
啟12:11#5	27	35	太十六23～24	太16:23	-	book
啟12:11#5	68	73	路十四26	路14:26	-	book
啟12:11#5	74	77	九23	路9:23	-	chapter
啟12:12#2	20	22	14	啟12:14	-	bare
啟12:12#2	23	26	十三5	啟13:5	-	chapter
啟12:12#2	27	30	十一2	啟11:2	-	chapter
啟12:14#1	20	24	出十九4	出19:4	-	book
啟12:14#1	25	33	申三二11～12	申32:11	-	book
啟12:14#3	28	29	6	啟12:6	-	bare
啟12:16#1	7	15	民十六31～33	民16:31	-	book
啟12:18#2	60	63	十一2	啟11:2	-	chapter
俄1:1#2	5	9	創三六1	創36:1	-	book
俄1:10#1	10	18	創二五25～26	創25:25	-	book
俄1:15#1	18	24	珥一15註1	珥1:15	1	book
俄1:15#2	37	39	16	俄1:16	-	bare
俄1:17#1	0	6	17～21節	俄1:17	-	bare
俄1:17#1	32	35	17上	俄1:17	-	bare
俄1:17#1	46	48	18	俄1:18	-	bare
俄1:17#1	59	62	17下	俄1:17	-	bare
俄1:17#1	63	68	19～20	俄1:19	-	bare
俄1:17#1	96	98	21	俄1:21	-	bare
俄1:17#1	141	146	太十九28	太19:28	-	book
俄1:17#1	147	152	啟十一15	啟11:15	-	book
俄1:17#1	195	201	但八9～14	但8:9	-	book
俄1:17#1	204	211	亞九11～17	亞9:11	-	book
俄1:17#1	348	355	創十五18註1	創15:18	1	book
啟13:1#1	4	7	但七7	但7:7	-	book
啟13:1#1	22	25	九11	啟9:11	-	chapter
啟13:1#2	17	20	九11	啟9:11	-	chapter
啟13:1#2	21	24	十一7	啟11:7	-	chapter
啟13:1#2	25	28	十七8	啟17:8	-	chapter
啟13:1#2	48	51	但七3	但7:3	-	book
啟13:1#2	110	115	十七8註1	啟17:8	1	chapter
啟13:1#2	116	120	10註1	啟17:10	1	bare
啟13:1#2	121	125	11註1	啟17:11	1	bare
啟13:1#2	172	176	十七15	啟17:15	-	chapter
啟13:1#2	177	182	賽五七20	賽57:20	-	book
啟13:1#2	227	230	羅十7	羅10:7	-	book
啟13:1#2	231	236	太十二40	太12:40	-	book
啟13:1#3	16	19	十二3	啟12:3	-	chapter
啟13:1#3	42	46	十七12	啟17:12	-	chapter
啟13:1#3	47	51	但七24	但7:24	-	book
啟13:1#3	63	67	十七10	啟17:10	-	chapter
啟13:1#3	74	81	但二42～44	但2:42	-	book
啟13:2#1	28	33	但七4～6	但7:4	-	book
啟13:2#1	128	133	但七4～7	但7:4	-	book
啟13:3#1	51	55	十七11	啟17:11	-	chapter
啟13:5#1	3	6	十一2	啟11:2	-	chapter
啟13:5#1	15	19	十二14	啟12:14	-	chapter
啟13:5#1	27	30	十一3	啟11:3	-	chapter
啟13:5#1	31	34	十二6	啟12:6	-	chapter
啟13:5#1	51	56	太二四21	太24:21	-	book
啟13:5#1	107	111	但九27	但9:27	-	book
啟13:5#1	119	120	7	啟13:7	-	bare
啟13:5#1	132	135	十一2	啟11:2	-	chapter
啟13:7#1	7	11	十二17	啟12:17	-	chapter
啟13:10#1	1	4	7註1	啟13:7	1	bare
啟13:11#1	13	17	十六13	啟16:13	-	chapter
啟13:11#1	18	22	十九20	啟19:20	-	chapter
啟13:11#1	23	27	二十10	啟20:10	-	chapter
啟13:11#2	23	26	1註2	啟13:1	2	bare
啟13:11#2	61	68	約六70～71	約6:70	-	book
啟13:11#2	87	91	徒一25	徒1:25	-	book
啟13:11#2	106	111	創二五17	創25:17	-	book
啟13:11#2	112	116	三五29	創35:29	-	chapter
啟13:13#1	43	52	王上十八36～38	王上18:36	-	book
啟13:13#1	76	79	十一5	啟11:5	-	chapter
啟13:15#2	12	17	詩一一五5	詩115:5	-	book
啟13:18#2	31	36	十七8註1	啟17:8	1	chapter
啟13:18#2	37	41	10註1	啟17:10	1	bare
啟13:18#2	42	46	11註1	啟17:11	1	bare
拿1:1#1	27	31	弗二17	弗2:17	-	book
拿1:2#1	24	28	創十11	創10:11	-	book
拿1:2#1	30	35	創十8註1	創10:8	1	book
拿1:2#1	126	131	太十二41	太12:41	-	book
拿1:2#1	178	183	太二一43	太21:43	-	book
拿1:2#1	184	191	路四25～27	路4:25	-	book
拿1:3#1	69	71	四2	拿4:2	-	chapter
拿1:17#1	14	17	二10	拿2:10	-	chapter
拿1:17#1	71	79	太十二39～41	太12:39	-	book
拿1:17#1	108	113	太十二40	太12:40	-	book
拿1:17#1	135	140	徒二27上	徒2:27	-	book
拿1:17#1	141	144	弗四9	弗4:9	-	book
拿1:17#1	158	165	徒二31～32	徒2:31	-	book
拿1:17#1	182	189	林前十五45下	林前15:45	-	book
拿2:2#1	1	8	太十一23註1	太11:23	1	book
拿4:11#2	29	33	羅三29	羅3:29	-	book
拿4:11#2	74	78	出四22	出4:22	-	book
拿4:11#2	79	87	路十五11～32	路15:11	-	book
拿4:11#2	133	141	太二一28～32	太21:28	-	book
拿4:11#2	142	150	徒十三45～48	徒13:45	-	book
拿4:11#2	151	156	羅十一11	羅11:11	-	book
拿4:11#2	157	159	17	羅11:17	-	bare
拿4:11#2	160	162	25	羅11:25	-	bare
拿4:11#2	239	242	珥一4	珥1:4	-	book
拿4:11#2	266	271	太二八19	太28:19	-	book
拿4:11#2	272	275	徒一8	徒1:8	-	book
啟14:1#1	19	24	來十二22	來12:22	-	book
啟14:1#2	52	56	二一17	啟21:17	-	chapter
啟14:1#3	60	67	十三16～17	啟13:16	-	chapter
啟14:4#1	5	13	太十九11～12	太19:11	-	book
啟14:4#1	36	40	林前七7	林前7:7	-	book
啟14:4#1	41	43	37	林前7:37	-	bare
啟14:4#2	52	58	14～16節	啟14:14	-	bare
啟14:4#2	120	128	利二三10～11	利23:10	-	book
啟14:4#2	129	134	出二三19	出23:19	-	book
啟14:4#2	136	141	6～13節	啟14:6	-	bare
啟14:4#2	158	163	太二四21	太24:21	-	book
啟14:4#2	187	191	1～5節	啟14:1	-	bare
啟14:4#2	209	215	14～16節	啟14:14	-	bare
啟14:4#2	236	241	十二6註1	啟12:6	1	chapter
啟14:5#1	21	25	約八44	約8:44	-	book
啟14:5#2	29	33	弗五27	弗5:27	-	book
啟14:5#2	53	58	帖前五23	帖前5:23	-	book
啟14:6#1	4	9	太二四21	太24:21	-	book
啟14:6#1	33	38	徒二十24	徒20:24	-	book
啟14:6#1	66	71	徒二十21	徒20:21	-	book
啟14:6#1	91	96	路二四47	路24:47	-	book
啟14:6#1	97	101	約一12	約1:12	-	book
啟14:6#1	154	155	7	啟14:7	-	bare
啟14:6#1	177	182	徒十3～6	徒10:3	-	book
啟14:7#1	70	77	十三14～15	啟13:14	-	chapter
啟14:7#2	30	38	太二五31～46	太25:31	-	book
啟14:7#2	58	66	啟二十11～15	啟20:11	-	book
啟14:7#2	116	121	太二四21	太24:21	-	book
啟14:7#2	225	230	太二五34	太25:34	-	book
啟14:7#2	283	288	太二五41	太25:41	-	book
啟14:7#3	11	13	9節	啟14:9	-	bare
啟14:8#1	28	33	十七2～6	啟17:2	-	chapter
啟14:8#2	33	38	十七2～6	啟17:2	-	chapter
啟14:8#2	51	54	十八2	啟18:2	-	chapter
啟14:8#2	103	107	但九27	但9:27	-	book
啟14:8#2	108	112	十一31	但11:31	-	chapter
啟14:8#2	124	129	太二四21	太24:21	-	book
啟14:8#2	155	161	但八9～11	但8:9	-	book
啟14:8#2	162	169	十一36～37	但11:36	-	chapter
啟14:8#2	170	176	帖後二3～4	帖後2:3	-	book
啟14:8#2	177	183	啟十三4～6	啟13:4	-	book
啟14:8#2	184	186	12	啟13:12	-	bare
啟14:8#2	187	192	14～15	啟13:14	-	bare
啟14:8#2	220	224	十七16	啟17:16	-	chapter
啟14:8#2	263	266	十八2	啟18:2	-	chapter
啟14:10#1	11	15	十九20	啟19:20	-	chapter
啟14:10#1	16	20	二十10	啟20:10	-	chapter
啟14:10#1	21	23	14	啟20:14	-	bare
彌1:1#1	39	44	耶二六18	耶26:18	-	book
彌1:2#1	59	66	啟二十4～7上	啟20:4	-	book
彌1:2#1	74	79	太十九28	太19:28	-	book
彌2:12#1	13	19	12～13節	彌2:12	-	bare
彌2:12#1	20	26	四1～五15	彌4:1	-	chapter
彌2:12#1	38	45	啟二十4～7上	啟20:4	-	book
彌2:12#1	52	57	太十九28	太19:28	-	book
啟14:13#1	29	32	二十4	啟20:4	-	chapter
啟14:14#1	1	3	十1	啟10:1	-	chapter
啟14:14#1	25	30	帖前四17	帖前4:17	-	book
啟14:14#2	36	40	約五27	約5:27	-	book
啟14:14#3	25	28	來二9	來2:9	-	book
啟14:15#2	24	28	林前三9	林前3:9	-	book
啟14:15#2	53	59	太十三3～8	太13:3	-	book
啟14:15#2	60	62	24	太13:24	-	bare
啟14:15#2	122	126	1～5節	啟14:1	-	bare
啟14:16#1	21	26	太十三39	太13:39	-	book
啟14:16#2	22	23	9	啟14:9	-	bare
啟14:18#1	13	16	17節	啟14:17	-	bare
啟14:18#3	18	23	太二四32	太24:32	-	book
啟14:18#3	35	40	太十三25	太13:25	-	book
啟14:18#3	41	43	30	太13:30	-	bare
啟14:18#3	60	62	19	啟14:19	-	bare
啟14:18#3	84	90	約十五1～6	約15:1	-	book
啟14:19#1	16	22	珥三9～16	珥3:9	-	book
啟14:19#1	32	39	十六12～16	啟16:12	-	chapter
啟14:19#1	83	90	十九11～21	啟19:11	-	chapter
啟14:19#1	91	97	珥三9～13	珥3:9	-	book
啟14:19#1	98	104	賽六三1～6	賽63:1	-	book
啟14:20#2	7	11	十九18	啟19:18	-	chapter
啟14:20#3	56	60	賽六三1	賽63:1	-	book
啟14:20#3	67	71	十六16	啟16:16	-	chapter
啟15:1#2	15	18	十六1	啟16:1	-	chapter
啟15:1#2	29	33	十一14	啟11:14	-	chapter
啟15:1#2	47	51	十一15	啟11:15	-	chapter
啟15:1#2	52	54	18	啟11:18	-	bare
啟15:2#1	1	5	四6註1	啟4:6	1	chapter
啟15:2#2	63	66	二十4	啟20:4	-	chapter
啟15:2#3	51	55	四6註1	啟4:6	1	chapter
啟15:2#3	56	60	二十14	啟20:14	-	chapter
啟15:2#3	77	83	十四9～11	啟14:9	-	chapter
啟15:3#1	6	13	出十五1～18	出15:1	-	book
啟15:3#1	114	118	十九20	啟19:20	-	chapter
啟15:3#3	23	24	4	啟15:4	-	bare
啟15:3#3	53	58	詩一○三7	詩103:7	-	book
啟15:3#3	140	147	十四17～20	啟14:17	-	chapter
啟15:5#1	28	33	出二五16	出25:16	-	book
啟15:5#2	1	7	十一19註1	啟11:19	1	chapter
啟15:6#1	14	19	結四四17	結44:17	-	book
彌4:1#1	1	6	二12註1	彌2:12	1	chapter
彌4:1#1	9	15	本章1～3節	彌4:1	-	anaphor
彌4:1#1	17	22	賽二2～4	賽2:2	-	book
彌5:2#2	16	21	太二4～6	太2:4	-	book
彌5:2#2	22	27	路二4～7	路2:4	-	book
彌5:2#2	213	216	珥一4	珥1:4	-	book
彌5:2#2	217	220	二25	珥2:25	-	chapter
彌5:2#2	399	403	珥三11	珥3:11	-	book
彌5:2#2	424	432	啟十九19～20	啟19:19	-	book
彌5:2#2	450	456	啟二十2～3	啟20:2	-	book
彌5:2#2	473	478	太二五31	太25:31	-	book
彌5:2#2	479	481	34	太25:34	-	bare
彌5:2#2	482	484	40	太25:40	-	bare
彌5:2#3	29	33	2～5上	彌5:2	-	bare
彌5:6#1	144	150	創十8～11	創10:8	-	book
彌5:6#1	151	154	8註1	創10:8	1	bare
彌5:6#1	289	296	但二34～35	但2:34	-	book
彌5:6#1	409	415	亞十四2～7	亞14:2	-	book
彌5:6#1	416	424	啟十九19～21	啟19:19	-	book
彌5:6#1	449	456	但二31～35	但2:31	-	book
彌5:6#1	508	513	啟十一15	啟11:15	-	book
彌5:6#1	554	561	徒三20～21	徒3:20	-	book
彌5:7#1	38	41	7～9	彌5:7	-	bare
彌5:10#1	59	64	10～15	彌5:10	-	bare
彌6:7#1	1	5	6～8節	彌6:6	-	bare
彌6:8#1	59	64	詩一1註1	詩1:1	1	book
彌6:8#1	94	97	羅十4	羅10:4	-	book
彌6:8#1	119	126	加二19～20	加2:19	-	book
彌6:8#1	127	135	腓一20～21上	腓1:20	-	book
彌7:18#1	42	47	18～19	彌7:18	-	bare
彌7:18#1	67	73	詩一○三12	詩103:12	-	book
彌7:18#1	74	78	賽一18	賽1:18	-	book
彌7:18#1	79	83	來八12	來8:12	-	book
彌7:18#1	84	88	約壹一9	約壹1:9	-	book
啟16:5#1	3	7	十一17	啟11:17	-	chapter
啟16:5#1	20	22	一8	啟1:8	-	chapter
啟16:5#1	23	25	四8	啟4:8	-	chapter
啟16:5#1	37	39	四8	啟4:8	-	chapter
啟16:5#1	42	46	十一17	啟11:17	-	chapter
啟16:5#1	50	54	一4註4	啟1:4	4	chapter
啟16:5#2	1	6	十五4註1	啟15:4	1	chapter
啟16:7#2	1	6	十五3註3	啟15:3	3	chapter
啟16:12#1	14	18	八8～9	啟8:8	-	chapter
啟16:12#1	34	40	八10～11	啟8:10	-	chapter
啟16:12#1	57	60	八12	啟8:12	-	chapter
啟16:12#1	116	121	九7～11	啟9:7	-	chapter
啟16:12#1	134	137	九14	啟9:14	-	chapter
啟16:13#1	13	15	14	啟16:14	-	bare
啟16:16#1	52	57	13～14	啟16:13	-	bare
啟16:16#1	61	67	九14～16	啟9:14	-	chapter
啟16:16#1	78	82	12註1	啟16:12	1	bare
啟16:16#1	130	134	亞十四2	亞14:2	-	book
啟16:16#1	165	172	十七12～14	啟17:12	-	chapter
啟16:16#1	173	180	十九11～19	啟19:11	-	chapter
啟16:16#1	207	214	十九20～21	啟19:20	-	chapter
啟16:16#1	215	222	彌四11～13	彌4:11	-	book
啟16:16#1	223	226	番三8	番3:8	-	book
啟16:16#1	227	231	亞十四3	亞14:3	-	book
啟16:16#1	232	237	12～15	亞14:12	-	bare
啟16:16#1	238	241	十二4	亞12:4	-	chapter
啟16:16#1	242	243	9	亞12:9	-	bare
啟16:16#1	255	261	亞十二3～8	亞12:3	-	book
啟16:16#1	262	267	十四4～5	亞14:4	-	chapter
啟16:16#1	268	275	珥三14～17	珥3:14	-	book
啟16:16#1	279	286	十四17～20	啟14:17	-	chapter
啟16:16#1	287	293	賽六三1～6	賽63:1	-	book
啟16:16#1	294	300	珥三9～13	珥3:9	-	book
啟16:16#2	40	44	士五19	士5:19	-	book
啟16:16#2	45	51	王下二三29	王下23:29	-	book
啟16:16#2	52	57	亞十二11	亞12:11	-	book
啟16:17#1	91	96	十九7～9	啟19:7	-	chapter
啟16:18#1	4	8	十一19	啟11:19	-	chapter
啟16:18#1	18	24	十一19註2	啟11:19	2	chapter
啟16:19#1	11	16	十一8註1	啟11:8	1	chapter
啟16:19#2	0	3	十四8	啟14:8	-	chapter
啟16:19#2	27	32	十四8註2	啟14:8	2	chapter
啟16:19#2	78	81	十四8	啟14:8	-	chapter
啟16:19#2	127	130	十四8	啟14:8	-	chapter
啟16:19#4	17	20	十八3	啟18:3	-	chapter
鴻1:1#1	1	6	拿一2註1	拿1:2	1	book
鴻1:1#1	97	103	拿四11註2	拿4:11	2	book
鴻1:1#1	190	199	王下十五19～20	王下15:19	-	book
鴻1:1#1	200	202	29	王下15:29	-	bare
鴻1:1#1	203	208	十七3～6	王下17:3	-	chapter
鴻1:1#1	209	217	十八9～十九37	王下18:9	-	chapter
鴻1:1#1	256	266	王下二四1～二五21	王下24:1	-	book
鴻1:8#1	1	6	8～12節	鴻1:8	-	bare
鴻1:8#1	8	11	14節	鴻1:14	-	bare
鴻1:8#1	83	87	二6註1	鴻2:6	1	chapter
鴻2:1#1	0	4	1～4節	鴻2:1	-	bare
鴻2:6#1	2	4	一8	鴻1:8	-	chapter
鴻3:17#1	32	35	珥一4	珥1:4	-	book
啟17:1#1	7	12	太十三32	太13:32	-	book
啟17:3#1	1	6	一10註2	啟1:10	2	chapter
啟17:3#3	17	22	十二3註2	啟12:3	2	chapter
啟17:3#6	1	6	十三1註3	啟13:1	3	chapter
啟17:3#6	7	12	十七9註1	啟17:9	1	chapter
啟17:3#6	13	17	10註1	啟17:10	1	bare
啟17:4#1	12	18	約十九2～3	約19:2	-	book
啟17:4#3	24	31	二一18～19	啟21:18	-	chapter
啟17:4#3	32	34	21	啟21:21	-	bare
啟17:5#3	10	17	申七25～26	申7:25	-	book
啟17:6#2	118	121	二13	啟2:13	-	chapter
啟17:8#1	117	120	十三3	啟13:3	-	chapter
啟17:8#2	9	13	十九20	啟19:20	-	chapter
啟17:8#2	14	18	二十10	啟20:10	-	chapter
啟17:10#1	31	35	士三25	士3:25	-	book
啟17:10#1	36	41	撒下一10	撒下1:10	-	book
啟17:10#1	42	44	25	撒下1:25	-	bare
啟17:10#1	45	47	27	撒下1:27	-	bare
啟17:11#1	21	24	十三3	啟13:3	-	chapter
啟17:11#1	70	74	十二10	啟12:10	-	chapter
啟17:11#1	75	77	13	啟12:13	-	bare
啟17:11#1	228	229	8	啟17:8	-	bare
啟17:11#1	230	233	十三3	啟13:3	-	chapter
啟17:12#1	75	79	但二42	但2:42	-	book
啟17:12#1	97	99	17	啟17:17	-	bare
啟17:14#1	8	15	十九11～21	啟19:11	-	chapter
啟17:14#1	32	36	十六14	啟16:14	-	chapter
啟17:14#1	37	39	16	啟16:16	-	bare
啟17:14#2	47	52	太二二14	太22:14	-	book
啟17:16#1	51	56	十四8註2	啟14:8	2	chapter
啟17:17#2	4	8	13註1	啟17:13	1	bare
啟17:18#1	0	3	16節	啟17:16	-	bare
哈1:1#1	36	38	二4	哈2:4	-	chapter
哈1:1#1	53	57	賽十二2	賽12:2	-	book
哈1:1#1	58	62	路二30	路2:30	-	book
哈1:1#1	95	102	路十九1～10	路19:1	-	book
哈1:1#1	105	109	二4註2	哈2:4	2	chapter
哈1:1#1	110	116	何十一4註1	何11:4	1	book
哈1:1#1	169	172	二4下	哈2:4	-	chapter
哈1:1#1	188	191	二14	哈2:14	-	chapter
哈1:1#1	218	221	二20	哈2:20	-	chapter
哈2:4#2	18	22	羅一17	羅1:17	-	book
哈2:4#2	23	27	加三11	加3:11	-	book
哈2:4#2	28	32	來十38	來10:38	-	book
哈2:4#2	112	116	羅六23	羅6:23	-	book
哈2:4#2	173	180	約三16～18	約3:16	-	book
哈2:4#2	210	215	帖前五23	帖前5:23	-	book
哈2:4#2	268	272	羅三24	羅3:24	-	book
哈2:4#2	273	277	五1～2	羅5:1	-	chapter
哈2:4#2	278	280	10	羅5:10	-	bare
哈2:4#2	281	283	17	羅5:17	-	bare
哈2:4#2	284	287	弗二8	弗2:8	-	book
哈2:4#2	335	338	彌五2	彌5:2	-	book
哈2:4#2	377	382	彌五2註2	彌5:2	2	book
哈2:4#2	387	391	拿一17	拿1:17	-	book
哈2:4#2	415	421	拿一17註1	拿1:17	1	book
哈2:4#3	18	24	羅一17註4	羅1:17	4	book
哈2:5#1	1	8	太十一23註1	太11:23	1	book
哈2:14#1	16	18	13	哈2:13	-	bare
啟18:1#1	33	35	十1	啟10:1	-	chapter
啟18:1#1	44	48	十四14	啟14:14	-	chapter
啟18:1#1	77	79	十1	啟10:1	-	chapter
啟18:1#1	80	84	十四14	啟14:14	-	chapter
啟18:2#1	26	31	十四8註2	啟14:8	2	chapter
啟18:2#1	32	38	十六19註2	啟16:19	2	chapter
啟18:2#1	39	44	十七5註1	啟17:5	1	chapter
啟18:2#1	45	49	18註1	啟17:18	1	bare
啟18:2#1	84	88	創十一9	創11:9	-	book
啟18:3#1	78	81	十四8	啟14:8	-	chapter
啟18:3#1	82	85	十七2	啟17:2	-	chapter
啟18:6#1	26	30	出二二4	出22:4	-	book
啟18:6#1	31	32	7	出22:7	-	bare
啟18:6#1	33	34	9	出22:9	-	bare
啟18:8#1	1	5	十七16	啟17:16	-	chapter
啟18:12#1	0	6	12～13節	啟18:12	-	bare
啟18:17#1	6	9	19節	啟18:19	-	bare
啟18:19#2	21	28	十七12～14	啟17:12	-	chapter
啟18:19#2	29	36	十九19～21	啟19:19	-	chapter
啟18:19#2	71	74	十八1	啟18:1	-	chapter
啟18:19#2	75	79	帖後二8	帖後2:8	-	book
啟18:20#1	3	8	六9～10	啟6:9	-	chapter
啟18:21#1	6	13	十六18～20	啟16:18	-	chapter
啟19:1#1	53	59	詩一○四35	詩104:35	-	book
啟19:2#1	15	20	十八4註1	啟18:4	1	chapter
啟19:4#1	0	1	1	啟19:1	-	bare
啟19:4#1	2	4	3節	啟19:3	-	bare
哈3:2#1	71	78	羅八19～23	羅8:19	-	book
哈3:2#1	106	110	羅五12	羅5:12	-	book
哈3:2#1	189	194	林前十五4	林前15:4	-	book
哈3:2#1	225	230	約十一25	約11:25	-	book
哈3:2#1	344	347	何六2	何6:2	-	book
哈3:3#1	1	6	詩三2註2	詩3:2	2	book
番1:1#1	49	51	二3	番2:3	-	chapter
番1:1#1	138	142	三15下	番3:15	-	chapter
番1:1#1	162	165	三14	番3:14	-	chapter
番1:1#1	264	270	彼前四17上	彼前4:17	-	book
番1:1#1	293	298	羅十一11	羅11:11	-	book
番1:1#1	299	304	25～26	羅11:25	-	bare
番1:5#1	1	7	耶四九1註2	耶49:1	2	book
番1:7#1	1	7	珥一15註1	珥1:15	1	book
番1:7#2	27	35	結三九19～20	結39:19	-	book
番1:7#2	36	40	耶二五9	耶25:9	-	book
番1:7#2	68	71	珥一4	珥1:4	-	book
啟19:5#1	10	12	七2	啟7:2	-	chapter
啟19:5#1	13	15	八3	啟8:3	-	chapter
啟19:5#1	16	18	十1	啟10:1	-	chapter
啟19:7#1	10	14	十四16	啟14:16	-	chapter
啟19:7#1	15	23	帖前四15～17	帖前4:15	-	book
啟19:7#1	38	42	十一18	啟11:18	-	chapter
啟19:7#1	43	48	林後五10	林後5:10	-	book
啟19:7#1	79	86	十九19～21	啟19:19	-	chapter
啟19:7#1	87	94	十八1～十九4	啟18:1	-	chapter
啟19:7#1	110	111	6	啟19:6	-	bare
啟19:7#1	134	135	1	啟19:1	-	bare
啟19:7#1	136	137	3	啟19:3	-	bare
啟19:7#1	138	139	6	啟19:6	-	bare
啟19:7#1	164	165	4	啟19:4	-	bare
啟19:7#1	303	308	太二六29	太26:29	-	book
啟19:7#2	13	20	弗五24～25	弗5:24	-	book
啟19:7#2	21	26	31～32	弗5:31	-	bare
啟19:7#2	37	41	約三29	約3:29	-	book
啟19:7#2	48	52	8～9節	啟19:8	-	bare
啟19:7#2	80	83	二一2	啟21:2	-	chapter
啟19:8#2	35	40	林前一30	林前1:30	-	book
啟19:8#2	87	90	腓三9	腓3:9	-	book
啟19:8#2	105	113	詩四五13～14	詩45:13	-	book
啟19:8#2	160	168	太二二11～12	太22:11	-	book
啟19:9#1	9	13	太二二2	太22:2	-	book
啟19:9#1	54	61	太二五8～13	太25:8	-	book
啟19:12#2	17	20	來二9	來2:9	-	book
啟19:12#2	21	29	彼前一11與註5	彼前1:11	5	book
啟19:13#1	9	13	十六14	啟16:14	-	chapter
啟19:13#1	14	16	16	啟16:16	-	bare
啟19:13#1	26	28	15	啟19:15	-	bare
啟19:13#1	29	35	賽六三1～3	賽63:1	-	book
啟19:13#1	51	55	十四20	啟14:20	-	chapter
啟19:13#2	49	52	約一1	約1:1	-	book
啟19:13#2	53	54	4	約1:4	-	bare
啟19:13#2	55	57	14	約1:14	-	bare
啟19:14#1	7	11	十七14	啟17:14	-	chapter
啟19:14#1	22	24	9節	啟19:9	-	bare
啟19:14#2	22	25	8～9	啟19:8	-	bare
啟19:15#1	27	32	約十二48	約12:48	-	book
啟19:15#4	1	5	十四19	啟14:19	-	chapter
番2:1#1	0	4	1～3節	番2:1	-	bare
番3:1#1	0	4	1～7節	番3:1	-	bare
番3:9#1	23	28	太十九28	太19:28	-	book
番3:9#1	29	33	徒三21	徒3:21	-	book
番3:15#2	41	46	10～13	番3:10	-	bare
番3:15#2	47	52	15～20	番3:15	-	bare
番3:15#2	66	68	14	番3:14	-	bare
啟19:19#1	8	15	十六12～14	啟16:12	-	chapter
啟19:19#1	32	39	十七12～14	啟17:12	-	chapter
啟19:19#2	17	23	九14～16	啟9:14	-	chapter
啟19:19#2	24	28	十六12	啟16:12	-	chapter
啟19:19#3	13	17	十六14	啟16:14	-	chapter
啟19:19#3	18	20	16	啟16:16	-	bare
啟19:19#3	31	37	珥三9～16	珥3:9	-	book
啟19:19#3	38	44	亞十四2～3	亞14:2	-	book
啟19:19#3	45	50	12～15	亞14:12	-	bare
啟19:19#3	75	82	十四17～20	啟14:17	-	chapter
啟19:19#3	83	85	19	啟14:19	-	bare
啟19:20#2	20	24	二十10	啟20:10	-	chapter
啟19:20#2	25	27	15	啟20:15	-	bare
啟20:2#1	36	39	4～6	啟20:4	-	bare
啟20:4#1	53	57	但七10	但7:10	-	book
啟20:4#1	58	60	18	但7:18	-	bare
啟20:4#1	61	63	22	但7:22	-	bare
啟20:4#2	14	16	六9	啟6:9	-	chapter
啟20:4#3	14	17	十三7	啟13:7	-	chapter
啟20:4#3	18	20	15	啟13:15	-	bare
啟20:5#1	35	39	約五29	約5:29	-	book
啟20:5#1	40	47	林前十五23下	林前15:23	-	book
啟20:5#1	48	53	帖前四16	帖前4:16	-	book
啟20:5#1	64	69	路十四14	路14:14	-	book
啟20:5#1	93	97	腓三11	腓3:11	-	book
啟20:5#1	138	139	4	啟20:4	-	bare
啟20:5#1	140	141	6	啟20:6	-	bare
啟20:5#1	161	162	6	啟20:6	-	bare
啟20:5#2	30	37	約五28～29	約5:28	-	book
啟20:5#2	38	47	林前十五23～24	林前15:23	-	book
啟20:5#2	48	53	啟二十12	啟20:12	-	book
啟20:6#1	24	27	十二5	啟12:5	-	chapter
啟20:6#1	32	35	十五2	啟15:2	-	chapter
啟20:6#1	55	60	十四1～5	啟14:1	-	chapter
啟20:6#3	1	6	二11註2	啟2:11	2	chapter
啟20:6#4	44	50	二26～27	啟2:26	-	chapter
啟20:6#4	51	54	十二5	啟12:5	-	chapter
啟20:6#4	186	189	二二3	啟22:3	-	chapter
啟20:6#4	190	191	5	啟22:5	-	bare
該1:1#1	50	53	拉四5	拉4:5	-	book
該1:1#1	54	56	24	拉4:24	-	bare
該1:1#1	57	63	五3～六12	拉5:3	-	chapter
該1:1#2	115	120	太十九28	太19:28	-	book
該1:1#2	121	128	徒三20～21	徒3:20	-	book
該1:1#2	152	159	約二19～21	約2:19	-	book
該1:1#2	194	199	提前三15	提前3:15	-	book
該1:1#3	46	49	2～4	該1:2	-	bare
該1:1#3	108	111	拉五1	拉5:1	-	book
該1:9#1	58	62	太六33	太6:33	-	book
該1:9#1	63	70	路九57～62	路9:57	-	book
該1:14#1	42	45	拉一5	拉1:5	-	book
該1:14#1	96	103	徒二17～21	徒2:17	-	book
該1:14#1	104	111	珥二28～32	珥2:28	-	book
該1:14#1	136	141	徒十七16	徒17:16	-	book
該1:14#1	142	146	羅八16	羅8:16	-	book
該1:14#1	147	152	林後二13	林後2:13	-	book
該1:14#2	61	69	約二一15～17	約21:15	-	book
該2:6#1	0	4	6～9節	該2:6	-	bare
該2:7#1	16	20	瑪三1下	瑪3:1	-	book
該2:7#1	279	284	提前三15	提前3:15	-	book
該2:7#1	285	289	彼前二5	彼前2:5	-	book
該2:21#1	0	6	20～23節	該2:20	-	bare
該2:21#1	43	45	23	該2:23	-	bare
該2:21#1	101	106	太二八18	太28:18	-	book
該2:21#1	120	124	太三17	太3:17	-	book
該2:21#1	125	128	十七5	太17:5	-	chapter
該2:21#1	129	133	約三35	約3:35	-	book
該2:21#1	134	137	十七2	約17:2	-	chapter
該2:21#1	163	168	太十六18	太16:18	-	book
啟20:7#1	4	5	3	啟20:3	-	bare
啟20:8#2	1	7	結三八2～3	結38:2	-	book
啟20:8#2	8	13	三九1～2	結39:1	-	chapter
啟20:8#2	27	31	結三八2	結38:2	-	book
啟20:8#2	76	80	結三九2	結39:2	-	book
啟20:9#2	24	28	十九14	啟19:14	-	chapter
啟20:10#1	16	21	太二五41	太25:41	-	book
啟20:10#1	30	38	太二五32～33	太25:32	-	book
啟20:10#1	39	41	41	太25:41	-	bare
啟20:10#1	61	65	十九20	啟19:20	-	chapter
啟20:11#2	27	31	約五22	約5:22	-	book
啟20:11#2	51	55	徒十42	徒10:42	-	book
啟20:11#2	56	60	十七31	徒17:31	-	chapter
啟20:11#2	61	65	提後四1	提後4:1	-	book
啟20:11#2	66	70	羅二16	羅2:16	-	book
啟20:11#2	72	80	太二五31～46	太25:31	-	book
啟20:11#3	9	16	來一11～12	來1:11	-	book
啟20:11#3	44	49	彼後三10	彼後3:10	-	book
啟20:11#3	67	70	二一1	啟21:1	-	chapter
啟20:12#1	41	48	約五28～29	約5:28	-	book
啟20:12#1	49	58	林前十五23～24	林前15:23	-	book
啟20:12#3	19	22	十三8	啟13:8	-	chapter
啟20:12#3	23	26	十七8	啟17:8	-	chapter
啟20:12#3	27	31	路十20	路10:20	-	book
啟20:13#1	85	92	太八31～32	太8:31	-	book
啟20:13#1	93	97	十二43	太12:43	-	chapter
啟20:14#1	51	57	林前十五26	林前15:26	-	book
啟20:14#2	34	42	路十六22～24	路16:22	-	book
啟20:15#1	27	32	12～13	啟20:12	-	bare
啟20:15#1	100	104	約十六9	約16:9	-	book
啟20:15#3	17	22	太二五41	太25:41	-	book
啟20:15#3	47	52	約十六11	約16:11	-	book
亞1:1#1	31	34	拉四5	拉4:5	-	book
亞1:1#1	35	37	24	拉4:24	-	bare
亞1:1#1	38	44	五3～六12	拉5:3	-	chapter
亞1:1#1	50	53	但九1	但9:1	-	book
亞1:1#1	54	57	十一1	但11:1	-	chapter
亞1:1#1	66	71	尼十二22	尼12:22	-	book
亞1:1#4	77	81	尼十二1	尼12:1	-	book
亞1:1#4	82	83	4	尼12:4	-	bare
亞1:1#4	84	86	12	尼12:12	-	bare
亞1:1#4	87	89	16	尼12:16	-	bare
亞1:1#4	136	139	拉五1	拉5:1	-	book
亞1:1#4	267	271	彼前二5	彼前2:5	-	book
亞1:1#4	272	273	9	彼前2:9	-	bare
亞1:1#4	276	281	拉五1註1	拉5:1	1	book
亞1:1#4	428	432	7～11	亞1:7	-	bare
亞1:1#4	459	464	20～21	亞1:20	-	bare
亞1:1#4	535	540	12～17	亞1:12	-	bare
亞1:1#4	541	547	二1～四14	亞2:1	-	chapter
亞1:1#4	548	553	六9～15	亞6:9	-	chapter
亞1:1#4	554	559	八1～23	亞8:1	-	chapter
亞1:1#4	600	605	九9～10	亞9:9	-	chapter
亞1:1#4	620	623	十一7	亞11:7	-	chapter
亞1:1#4	634	637	十一8	亞11:8	-	chapter
亞1:1#4	643	650	十一12～13	亞11:12	-	chapter
亞1:1#4	656	659	十三7	亞13:7	-	chapter
亞1:1#4	665	669	十二10	亞12:10	-	chapter
亞1:1#4	682	686	十三1上	亞13:1	-	chapter
亞1:1#4	687	689	一8	亞1:8	-	chapter
亞1:1#4	690	692	三9	亞3:9	-	chapter
亞1:1#4	730	738	十二1～十四21	亞12:1	-	chapter
亞1:1#4	758	764	十四8～11	亞14:8	-	chapter
亞1:1#4	765	767	16	亞14:16	-	bare
亞1:1#4	768	773	20～21	亞14:20	-	bare
亞1:3#2	0	4	2～6節	亞1:2	-	bare
亞1:8#1	11	13	11	亞1:11	-	bare
亞1:8#1	44	48	出三2上	出3:2	-	book
亞1:8#1	49	52	4～6	出3:4	-	bare
亞1:8#1	53	58	13～15	出3:13	-	bare
亞1:8#1	81	84	西二9	西2:9	-	book
亞1:8#1	94	101	約五36～38	約5:36	-	book
亞1:8#1	102	108	六38～39	約6:38	-	chapter
亞1:8#1	150	155	出二三20	出23:20	-	book
亞1:8#1	156	160	三二34	出32:34	-	chapter
亞1:8#1	161	168	士六19～24	士6:19	-	book
亞1:8#1	169	173	賽六三9	賽63:9	-	book
亞1:8#2	28	31	弗一7	弗1:7	-	book
亞1:8#2	32	40	彼前一18～19	彼前1:18	-	book
亞1:10#1	87	89	11	亞1:11	-	bare
亞1:14#1	47	50	15上	亞1:15	-	bare
亞1:14#1	51	53	11	亞1:11	-	bare
亞1:14#1	95	98	15下	亞1:15	-	bare
亞1:16#1	28	30	12	亞1:12	-	bare
亞1:16#1	31	36	耶二五11	耶25:11	-	book
亞1:16#1	65	67	二1	亞2:1	-	chapter
亞1:18#1	12	17	18～21	亞1:18	-	bare
亞1:18#1	42	45	12節	亞1:12	-	bare
亞1:18#1	89	96	但二31～33	但2:31	-	book
亞1:18#1	103	108	但七3～8	但7:3	-	book
亞1:18#1	136	138	20	亞1:20	-	bare
亞1:18#1	203	207	八3～7	亞8:3	-	chapter
亞1:18#1	268	275	但二31～35	但2:31	-	book
亞1:20#1	1	5	18註1	亞1:18	1	bare
亞2:1#1	36	38	1上	亞2:1	-	bare
亞2:1#1	39	40	2	亞2:2	-	bare
亞2:1#1	42	46	結四十3	結40:3	-	book
亞2:1#2	1	6	一16註1	亞1:16	1	chapter
亞2:1#2	50	51	2	亞2:2	-	bare
亞2:1#2	52	54	4下	亞2:4	-	bare
亞2:2#1	48	49	4	亞2:4	-	bare
亞2:5#1	131	136	啟二一23	啟21:23	-	book
亞2:5#1	137	140	二二1	啟22:1	-	chapter
亞2:5#1	141	142	5	啟22:5	-	bare
亞2:5#1	160	165	啟二一11	啟21:11	-	book
亞2:5#1	166	169	18上	啟21:18	-	bare
亞2:5#1	170	172	24	啟21:24	-	bare
亞2:6#1	68	71	但一6	但1:6	-	book
亞2:6#1	123	126	徒一8	徒1:8	-	book
亞2:6#1	127	129	八1	徒8:1	-	chapter
亞2:6#1	130	131	4	徒8:4	-	bare
亞2:6#1	132	136	十一19	徒11:19	-	chapter
亞2:8#1	45	53	結十一23與註1	結11:23	1	book
亞2:8#2	34	35	9	亞2:9	-	bare
亞2:8#2	36	38	11	亞2:11	-	bare
亞2:8#2	57	61	出三15	出3:15	-	book
亞2:8#2	118	123	約五36下	約5:36	-	book
亞2:8#2	124	128	六57上	約6:57	-	chapter
亞2:8#2	129	132	八16	約8:16	-	chapter
亞2:10#1	7	10	11節	亞2:11	-	bare
亞2:10#1	22	26	8～9節	亞2:8	-	bare
啟21:1#1	37	43	弗三9～11	弗3:9	-	book
啟21:1#1	44	49	一9～12	弗1:9	-	chapter
啟21:1#1	91	95	羅五14	羅5:14	-	book
啟21:1#1	110	114	約一17	約1:17	-	book
啟21:1#1	145	152	徒三20～21	徒3:20	-	book
啟21:1#1	178	182	十一15	啟11:15	-	chapter
啟21:1#1	183	186	二十4	啟20:4	-	chapter
啟21:1#1	187	188	6	啟20:6	-	bare
啟21:1#1	338	346	彼後三10～13	彼後3:10	-	book
啟21:1#2	25	30	出十二12	出12:12	-	book
啟21:1#2	61	62	4	啟21:4	-	bare
啟21:1#2	64	70	林前十五47	林前15:47	-	book
啟21:1#2	71	74	來八7	來8:7	-	book
啟21:1#2	75	77	13	來8:13	-	bare
啟21:1#3	65	71	創一9～10	創1:9	-	book
啟21:1#3	72	76	耶五22	耶5:22	-	book
啟21:1#3	127	134	太八29～32	太8:29	-	book
啟21:1#3	135	139	路十17	路10:17	-	book
啟21:1#3	140	148	徒十六16～18	徒16:16	-	book
啟21:1#3	149	153	十九12	徒19:12	-	chapter
啟21:1#3	174	178	二十13	啟20:13	-	chapter
啟21:2#1	15	19	一1註2	啟1:1	2	chapter
啟21:2#1	112	114	四3	啟4:3	-	chapter
啟21:2#1	435	436	2	啟21:2	-	bare
啟21:2#1	480	484	約三29	約3:29	-	book
啟21:2#1	505	506	3	啟21:3	-	bare
啟21:2#1	521	526	來十二22	來12:22	-	book
啟21:2#1	555	560	來十一10	來11:10	-	book
啟21:2#1	561	563	16	來11:16	-	bare
啟21:2#1	585	589	加四26	加4:26	-	book
啟21:2#1	647	654	創二21～24	創2:21	-	book
啟21:2#1	736	740	賽五四6	賽54:6	-	book
啟21:2#1	741	744	耶三1	耶3:1	-	book
啟21:2#1	745	749	結十六8	結16:8	-	book
啟21:2#1	750	754	何二19	何2:19	-	book
啟21:2#1	755	760	林後十一2	林後11:2	-	book
啟21:2#1	761	768	弗五31～32	弗5:31	-	book
啟21:2#1	774	782	出二九45～46	出29:45	-	book
啟21:2#1	783	786	民五3	民5:3	-	book
啟21:2#1	787	791	結四三7	結43:7	-	book
啟21:2#1	792	793	9	結43:9	-	bare
啟21:2#1	794	799	詩六八18	詩68:18	-	book
啟21:2#1	800	808	林前三16～17	林前3:16	-	book
啟21:2#1	809	812	六19	林前6:19	-	chapter
啟21:2#1	813	818	林後六16	林後6:16	-	book
啟21:2#1	819	824	提前三15	提前3:15	-	book
亞3:1#1	25	28	來三1	來3:1	-	book
亞3:1#1	29	35	四14～15	來4:14	-	chapter
亞3:1#1	36	39	七26	來7:26	-	chapter
亞3:1#1	61	65	出十九6	出19:6	-	book
亞3:1#1	66	73	亞八20～23	亞8:20	-	book
亞3:1#1	74	80	賽二2～4上	賽2:2	-	book
亞3:1#1	117	121	1～10	亞3:1	-	bare
亞3:1#1	157	161	二1～2	亞2:1	-	chapter
亞3:1#2	10	16	太四10註1	太4:10	1	book
亞3:1#2	17	24	啟十二10註2	啟12:10	2	book
亞3:1#2	45	46	8	亞3:8	-	bare
亞3:1#2	65	69	1～2節	亞3:1	-	bare
亞3:1#2	134	139	創二8～9	創2:8	-	book
亞3:3#1	20	24	賽六四6	賽64:6	-	book
亞3:3#1	25	29	啟十九8	啟19:8	-	book
亞3:3#1	82	86	羅七18	羅7:18	-	book
亞3:3#1	87	91	林後七1	林後7:1	-	book
亞3:4#1	92	96	出二八2	出28:2	-	book
亞3:8#1	27	30	六12	亞6:12	-	chapter
亞3:8#1	46	50	耶二三5	耶23:5	-	book
亞3:8#1	77	80	該一1	該1:1	-	book
亞3:9#1	34	40	詩一一八22	詩118:22	-	book
亞3:9#1	41	46	賽二八16	賽28:16	-	book
亞3:9#1	47	52	太二一42	太21:42	-	book
亞3:9#1	53	57	彼前二4	彼前2:4	-	book
亞3:9#2	43	46	四10	亞4:10	-	chapter
亞3:9#2	47	50	啟五6	啟5:6	-	book
亞3:9#2	53	58	四10註1	亞4:10	1	chapter
亞3:9#4	41	46	彼前二24	彼前2:24	-	book
亞3:9#4	74	78	約一29	約1:29	-	book
亞3:10#1	10	11	9	亞3:9	-	bare
亞3:10#1	56	60	約十五1	約15:1	-	book
亞3:10#1	61	62	5	約15:5	-	bare
亞3:10#1	72	77	創二9註2	創2:9	2	book
亞3:10#1	78	84	啟二二2註1	啟22:2	1	book
亞3:10#1	107	114	士九10～11	士9:10	-	book
亞3:10#1	143	146	9註2	亞3:9	2	bare
亞4:1#1	36	41	拉五1註1	拉5:1	1	book
亞4:1#1	120	125	亞三1註1	亞3:1	1	book
亞4:2#1	66	70	出十九6	出19:6	-	book
亞4:2#1	156	162	八20～23	亞8:20	-	chapter
亞4:2#1	272	280	出二五31～40	出25:31	-	book
亞4:2#2	33	38	腓一19下	腓1:19	-	book
亞4:2#2	41	46	啟四5註1	啟4:5	1	book
亞4:2#2	47	51	一4註5	啟1:4	5	chapter
亞4:3#1	1	8	出二七20註1	出27:20	1	book
亞4:3#1	65	68	3～6	亞4:3	-	bare
亞4:3#1	69	74	12～14	亞4:12	-	bare
亞4:3#1	76	80	出三一3	出31:3	-	book
亞4:3#1	155	162	啟十一3～12	啟11:3	-	book
亞4:3#1	163	167	十二17	啟12:17	-	chapter
亞4:6#1	0	3	5～7	亞4:5	-	bare
亞4:6#1	4	6	9節	亞4:9	-	bare
亞4:6#2	15	17	三9	亞3:9	-	chapter
亞4:6#2	74	81	林前十五3～4	林前15:3	-	book
亞4:6#2	82	85	45下	林前15:45	-	bare
亞4:6#2	113	120	加三13～14	加3:13	-	book
亞4:6#2	133	136	啟一4	啟1:4	-	book
亞4:6#2	137	139	四5	啟4:5	-	chapter
亞4:6#2	140	142	五6	啟5:6	-	chapter
亞4:6#2	179	184	加三1～2	加3:1	-	book
亞4:6#2	185	186	5	加3:5	-	bare
亞4:7#1	73	81	林前十五10註1	林前15:10	1	book
亞4:7#1	97	102	賽二八16	賽28:16	-	book
亞4:7#1	103	108	林前三11	林前3:11	-	book
亞4:7#1	135	139	弗二20	弗2:20	-	book
亞4:7#1	140	144	彼前二6	彼前2:6	-	book
亞4:10#1	15	17	三9	亞3:9	-	chapter
亞4:10#1	49	52	啟五6	啟5:6	-	book
亞4:10#1	105	110	啟五6註5	啟5:6	5	book
亞4:10#1	111	115	一4註5	啟1:4	5	chapter
亞4:10#1	168	174	羅八9～10	羅8:9	-	book
亞4:10#1	175	180	林後三17	林後3:17	-	book
亞4:10#1	255	262	林前十五45下	林前15:45	-	book
亞4:10#1	263	268	約六63上	約6:63	-	book
亞4:10#1	269	274	林後三6下	林後3:6	-	book
亞4:10#1	297	300	羅八2	羅8:2	-	book
亞4:12#1	80	81	2	亞4:2	-	bare
亞4:12#3	20	22	三8	亞3:8	-	chapter
亞4:12#3	27	28	3	亞4:3	-	bare
亞4:12#3	29	31	11	亞4:11	-	bare
亞4:12#3	36	38	12	亞4:12	-	bare
亞4:12#3	132	140	羅十一17與註2	羅11:17	2	book
亞4:12#3	166	171	約十五5上	約15:5	-	book
啟21:3#1	45	51	出二五8～9	出25:8	-	book
啟21:3#1	52	57	利二六11	利26:11	-	book
啟21:3#1	83	87	約一14	約1:14	-	book
啟21:3#1	147	152	七15註3	啟7:15	3	chapter
啟21:4#2	13	19	林前十五54	林前15:54	-	book
啟21:4#2	30	34	二十14	啟20:14	-	chapter
啟21:6#1	1	3	5節	啟21:5	-	bare
啟21:7#2	0	2	3節	啟21:3	-	bare
啟21:7#2	9	12	24節	啟21:24	-	bare
啟21:7#2	72	76	24註1	啟21:24	1	bare
啟21:7#2	149	154	二二3～5	啟22:3	-	chapter
啟21:8#2	86	93	十四10～11	啟14:10	-	chapter
啟21:8#2	97	101	二二15	啟22:15	-	chapter
啟21:8#2	126	133	太五22與註9	太5:22	9	book
啟21:8#2	149	157	耶十九11～13	耶19:11	-	book
啟21:8#2	172	178	王下二三10	王下23:10	-	book
啟21:8#2	179	184	賽三十33	賽30:33	-	book
啟21:9#2	50	54	彼後三8	彼後3:8	-	book
啟21:10#1	5	8	十七3	啟17:3	-	chapter
啟21:11#1	43	47	林前二7	林前2:7	-	book
啟21:11#1	48	53	彼前五10	彼前5:10	-	book
啟21:11#1	54	59	帖前二12	帖前2:12	-	book
啟21:11#1	76	81	林後三18	林後3:18	-	book
啟21:11#1	94	98	來二10	來2:10	-	book
啟21:11#1	115	119	羅八17	羅8:17	-	book
啟21:11#1	120	122	30	羅8:30	-	bare
啟21:11#2	24	27	弗五8	弗5:8	-	book
啟21:11#2	37	41	太五14	太5:14	-	book
啟21:11#2	55	59	腓二15	腓2:15	-	book
啟21:11#2	103	105	24	啟21:24	-	bare
啟21:11#4	12	17	四3與註1	啟4:3	1	chapter
啟21:12#3	18	22	來一14	來1:14	-	book
啟21:13#1	7	9	16	啟21:16	-	bare
啟21:13#1	100	107	創二10～14	創2:10	-	book
啟21:13#1	164	169	太二八19	太28:19	-	book
啟21:13#1	237	239	四6	啟4:6	-	chapter
亞5:1#1	9	15	一7～四14	亞1:7	-	chapter
亞5:1#1	55	60	五1～六8	亞5:1	-	chapter
亞5:1#2	51	55	羅三19	羅3:19	-	book
亞5:2#1	45	49	申十七6	申17:6	-	book
亞5:2#1	64	71	啟二10與註2	啟2:10	2	book
亞5:3#1	22	27	加三13上	加3:13	-	book
亞5:3#2	95	101	出二十2註1	出20:2	1	book
亞5:6#3	26	29	7～8	亞5:7	-	bare
亞5:7#1	19	21	8上	亞5:8	-	bare
亞5:8#1	12	13	7	亞5:7	-	bare
亞5:9#1	5	6	7	亞5:7	-	bare
亞5:11#1	41	45	創十一2	創11:2	-	book
亞5:11#1	46	47	9	創11:9	-	bare
亞5:11#1	48	53	代下三六7	代下36:7	-	book
亞5:11#1	55	58	但一2	但1:2	-	book
亞6:1#1	12	17	啟七1～3	啟7:1	-	book
亞6:1#1	25	28	4～8	亞6:4	-	bare
亞6:1#1	135	141	一20～21	亞1:20	-	chapter
亞6:1#1	144	149	一18註1	亞1:18	1	chapter
亞6:1#2	48	54	但七9～10	但7:9	-	book
亞6:1#2	55	61	啟四2與註2	啟4:2	2	book
亞6:1#3	9	15	民二一8～9	民21:8	-	book
亞6:1#3	75	79	約五22	約5:22	-	book
亞6:1#3	80	84	徒十42	徒10:42	-	book
亞6:1#3	85	89	十七31	徒17:31	-	chapter
亞6:1#3	90	94	提後四1	提後4:1	-	book
亞6:8#1	16	23	耶一13～15	耶1:13	-	book
亞6:11#1	64	69	12～13	亞6:12	-	bare
亞6:11#1	91	95	三1註1	亞3:1	1	chapter
亞6:11#1	96	99	8註1	亞3:8	1	bare
亞6:11#1	102	108	11～13節	亞6:11	-	bare
亞6:11#1	208	213	創十四18	創14:18	-	book
亞6:12#1	40	42	15	亞6:15	-	bare
亞6:12#1	43	50	拉五1～六15	拉5:1	-	book
亞6:13#1	121	128	啟二26～27	啟2:26	-	book
亞6:13#1	129	132	二十4	啟20:4	-	chapter
亞6:13#1	133	134	6	啟20:6	-	bare
亞6:13#1	226	230	啟二二3	啟22:3	-	book
亞6:13#1	231	232	5	啟22:5	-	bare
亞7:3#1	2	5	3～6	亞7:3	-	bare
亞7:3#1	6	10	八19上	亞8:19	-	chapter
亞7:3#1	57	61	耶五二4	耶52:4	-	book
亞7:3#1	84	91	王下二五3～4	王下25:3	-	book
亞7:3#1	118	126	耶五二12～13	耶52:12	-	book
亞7:3#1	148	157	王下二五22～26	王下25:22	-	book
亞7:3#1	163	167	7～14	亞7:7	-	bare
亞7:3#1	168	174	八16～17	亞8:16	-	chapter
亞7:3#1	175	178	19下	亞8:19	-	bare
亞7:3#1	242	247	八2～23	亞8:2	-	chapter
亞8:1#1	31	36	太十九28	太19:28	-	book
亞8:1#1	37	41	徒三21	徒3:21	-	book
亞8:20#1	38	43	20～23	亞8:20	-	bare
亞8:20#1	44	49	賽二2～3	賽2:2	-	book
亞8:20#1	50	53	六一6	賽61:6	-	chapter
亞8:20#1	69	73	十二10	亞12:10	-	chapter
亞8:20#1	74	82	羅十一26～27	羅11:26	-	book
亞8:20#1	125	129	出十九6	出19:6	-	book
亞8:20#1	219	225	20～23節	亞8:20	-	bare
亞8:20#1	243	248	賽二3註2	賽2:3	2	book
亞8:23#1	19	25	創十一7～9	創11:7	-	book
亞8:23#1	57	63	徒二4～11	徒2:4	-	book
啟21:14#1	7	15	林前三10～11	林前3:10	-	book
啟21:14#1	54	58	弗二20	弗2:20	-	book
啟21:15#1	17	21	結四十5	結40:5	-	book
啟21:15#1	22	27	亞二1～2	亞2:1	-	book
啟21:15#1	28	32	啟十一1	啟11:1	-	book
啟21:16#4	25	31	出二六2～8	出26:2	-	book
啟21:16#4	32	37	王上六20	王上6:20	-	book
啟21:17#1	14	19	太二二30	太22:30	-	book
啟21:18#1	12	17	林前三12	林前3:12	-	book
啟21:18#1	30	35	四3與註1	啟4:3	1	chapter
啟21:19#1	15	20	來十一10	來11:10	-	book
啟21:19#1	37	39	14	啟21:14	-	bare
啟21:19#1	98	102	約一42	約1:42	-	book
啟21:19#1	126	131	太十六18	太16:18	-	book
啟21:19#1	364	370	創九8～17	創9:8	-	book
啟21:19#2	31	33	18	啟21:18	-	bare
啟21:19#2	75	77	四3	啟4:3	-	chapter
啟21:19#2	100	102	11	啟21:11	-	bare
啟21:21#1	167	169	12	啟21:12	-	bare
啟21:21#1	230	232	18	啟21:18	-	bare
啟21:21#1	233	235	21	啟21:21	-	bare
啟21:21#1	398	405	創二11～12	創2:11	-	book
啟21:21#4	27	29	18	啟21:18	-	bare
啟21:21#4	72	74	25	啟21:25	-	bare
亞9:1#1	52	59	路二25與註2	路2:25	2	book
亞9:1#3	0	4	1～7節	亞9:1	-	bare
亞9:1#3	84	88	但二32	但2:32	-	book
亞9:1#3	102	105	但七6	但7:6	-	book
亞9:1#3	115	118	但八5	但8:5	-	book
亞9:1#3	129	133	但十一3	但11:3	-	book
亞9:8#1	93	98	9～10節	亞9:9	-	bare
亞9:9#1	0	5	9～10節	亞9:9	-	bare
亞9:9#1	16	19	11節	亞9:11	-	bare
亞9:9#1	20	22	8節	亞9:8	-	bare
亞9:9#1	26	28	9節	亞9:9	-	bare
亞9:9#1	116	123	太二一1～11	太21:1	-	book
亞9:9#1	157	160	10節	亞9:10	-	bare
亞9:10#1	21	26	太十九28	太19:28	-	book
亞9:10#1	27	31	徒三21	徒3:21	-	book
亞9:10#1	51	54	賽二4	賽2:4	-	book
亞9:10#1	70	75	啟十一15	啟11:15	-	book
亞9:10#1	82	84	9節	亞9:9	-	bare
亞9:10#1	221	230	太二三37～二四2	太23:37	-	book
亞9:10#1	275	280	太二四27	太24:27	-	book
亞9:11#1	0	6	11～17節	亞9:11	-	bare
亞9:11#1	59	65	但八9～14	但8:9	-	book
亞9:11#1	66	71	23～25	但8:23	-	bare
亞9:11#1	72	79	十一21～35	但11:21	-	chapter
亞9:11#1	89	95	但八9～14	但8:9	-	book
亞9:11#1	97	102	23～25	但8:23	-	bare
亞9:11#1	104	111	十一21～35	但11:21	-	chapter
亞9:13#1	8	14	11～17節	亞9:11	-	bare
亞9:13#1	58	61	13節	亞9:13	-	bare
亞9:14#1	0	6	14～15節	亞9:14	-	bare
亞10:3#2	25	29	太一23	太1:23	-	book
亞10:3#2	41	44	太二6	太2:6	-	book
亞10:3#2	45	48	九36	太9:36	-	chapter
亞10:3#2	49	54	約十2～4	約10:2	-	book
亞10:3#2	55	57	11	約10:11	-	bare
亞10:3#2	58	60	14	約10:14	-	bare
亞10:3#3	33	38	3～12節	亞10:3	-	bare
亞10:4#1	1	3	3節	亞10:3	-	bare
亞10:12#1	82	90	太二八19與註6	太28:19	6	book
亞10:12#1	130	134	西三17	西3:17	-	book
亞11:1#1	0	4	1～3節	亞11:1	-	bare
亞11:8#1	20	25	太十六21	太16:21	-	book
亞11:8#1	92	96	太九36	太9:36	-	book
亞11:8#1	99	103	15註1	亞11:15	1	bare
亞11:12#1	0	6	12～13節	亞11:12	-	bare
亞11:12#1	51	56	出二一32	出21:32	-	book
亞11:12#1	78	86	太二六14～15	太26:14	-	book
亞11:12#1	87	93	二七3～10	太27:3	-	chapter
亞11:14#1	21	25	10註1	亞11:10	1	bare
亞11:14#1	47	48	9	亞11:9	-	bare
亞11:15#1	22	24	8上	亞11:8	-	bare
亞11:15#1	48	50	8下	亞11:8	-	bare
亞11:15#1	51	56	12～13	亞11:12	-	bare
亞11:15#1	87	92	15～17	亞11:15	-	bare
亞11:15#1	127	132	太二六31	太26:31	-	book
亞11:15#1	202	210	太二一33～41	太21:33	-	book
亞11:15#1	211	215	41註1	太21:41	1	bare
亞11:15#1	278	283	九9～10	亞9:9	-	chapter
亞11:15#1	330	332	8下	亞11:8	-	bare
亞11:15#1	358	363	12～13	亞11:12	-	bare
亞11:15#1	419	424	14～17	亞11:14	-	bare
啟21:22#1	29	30	3	啟21:3	-	bare
啟21:22#1	72	74	16	啟21:16	-	bare
啟21:23#1	17	22	賽三十26	賽30:26	-	book
啟21:23#2	64	67	二二5	啟22:5	-	chapter
啟21:24#1	101	109	太二五31～46	太25:31	-	book
啟21:24#1	175	178	二十4	啟20:4	-	chapter
啟21:24#1	179	180	6	啟20:6	-	bare
啟21:24#1	195	202	亞八20～23	亞8:20	-	book
啟21:24#1	240	245	二十7～9	啟20:7	-	chapter
啟21:24#1	282	286	3～4節	啟21:3	-	bare
啟21:24#1	321	324	二二2	啟22:2	-	chapter
啟21:24#1	352	353	4	啟21:4	-	bare
啟21:24#2	1	4	賽二5	賽2:5	-	book
啟21:24#3	41	44	二二5	啟22:5	-	chapter
啟21:24#4	10	14	太五16	太5:16	-	book
啟21:24#4	16	21	來二9註1	來2:9	1	book
啟21:26#1	1	5	24註4	啟21:24	4	bare
啟21:26#2	20	23	斯一4	斯1:4	-	book
啟22:1#1	10	14	二一21	啟21:21	-	chapter
啟22:1#2	54	58	出十七6	出17:6	-	book
啟22:1#2	59	64	民二十11	民20:11	-	book
啟22:1#2	86	91	約十九34	約19:34	-	book
啟22:1#3	4	11	創二10～14	創2:10	-	book
啟22:1#3	12	16	詩四六4	詩46:4	-	book
啟22:1#3	17	23	結四七5～9	結47:5	-	book
啟22:1#3	59	66	創二10～14	創2:10	-	book
啟22:1#3	101	104	羅八2	羅8:2	-	book
啟22:1#3	105	109	十五30	羅15:30	-	chapter
啟22:1#3	110	114	帖前一6	帖前1:6	-	book
啟22:1#3	115	120	帖後二13	帖後2:13	-	book
啟22:1#3	121	128	加五22～23	加5:22	-	book
啟22:1#3	146	150	約七38	約7:38	-	book
啟22:2#1	60	63	創二9	創2:9	-	book
啟22:2#1	87	94	創三22～24	創3:22	-	book
啟22:2#1	114	121	來十19～20	來10:19	-	book
啟22:2#1	143	147	約六35	約6:35	-	book
啟22:2#1	148	150	57	約6:57	-	bare
啟22:2#1	181	183	二7	啟2:7	-	chapter
啟22:2#1	220	222	14	啟22:14	-	bare
啟22:2#1	223	225	19	啟22:19	-	bare
啟22:2#5	28	31	創三7	創3:7	-	book
亞12:1#2	224	232	弗一17～18上	弗1:17	-	book
亞12:1#2	233	235	三5	弗3:5	-	chapter
亞12:1#2	238	243	創二7註5	創2:7	5	book
亞12:1#2	244	250	賽四二5註1	賽42:5	1	book
亞12:1#2	251	257	約四24註4	約4:24	4	book
亞12:1#2	258	264	腓四23註2	腓4:23	2	book
亞12:2#1	85	90	太二四21	太24:21	-	book
亞12:2#1	91	95	但七25	但7:25	-	book
亞12:2#1	96	99	十二7	但12:7	-	chapter
亞12:2#1	100	104	啟十一2	啟11:2	-	book
亞12:2#1	105	108	十三5	啟13:5	-	chapter
亞12:2#1	169	174	十四2～5	亞14:2	-	chapter
亞12:2#1	175	179	珥三11	珥3:11	-	book
亞12:2#1	180	188	啟十六13～14	啟16:13	-	book
亞12:2#1	189	193	十七14	啟17:14	-	chapter
亞12:2#1	194	198	十九14	啟19:14	-	chapter
亞12:2#1	279	283	帖後二8	帖後2:8	-	book
亞12:2#1	315	321	賽六三1～6	賽63:1	-	book
亞12:2#1	322	330	啟十四17～20	啟14:17	-	book
亞12:8#1	24	29	出三2～6	出3:2	-	book
亞12:8#1	30	33	2註1	出3:2	1	bare
亞12:10#1	31	35	徒二17	徒2:17	-	book
亞12:10#1	36	38	41	徒2:41	-	bare
亞12:10#1	89	97	羅十一26～27	羅11:26	-	book
亞12:10#1	106	109	徒一8	徒1:8	-	book
亞12:10#1	110	114	二1～4	徒2:1	-	chapter
亞12:10#1	285	288	十四2	亞14:2	-	chapter
亞12:10#2	40	45	約十九34	約19:34	-	book
亞12:10#2	46	48	37	約19:37	-	bare
亞12:10#2	49	52	啟一7	啟1:7	-	book
亞12:10#2	87	95	羅十一26～27	羅11:26	-	book
亞12:10#4	14	19	約十九34	約19:34	-	book
亞12:10#6	19	23	約一18	約1:18	-	book
亞12:10#6	24	27	三16	約3:16	-	chapter
亞12:10#6	42	46	羅八29	羅8:29	-	book
亞12:10#6	47	51	來一6上	來1:6	-	book
亞12:10#6	82	89	約三14～16	約3:14	-	book
亞12:10#6	107	112	羅一3～4	羅1:3	-	book
亞12:10#6	163	170	羅八14～17	羅8:14	-	book
亞12:10#6	171	175	加三26	加3:26	-	book
亞12:10#6	176	178	29	加3:29	-	bare
亞12:12#1	55	62	撒下十六5～8	撒下16:5	-	book
亞13:1#1	17	22	約十九34	約19:34	-	book
亞13:1#1	23	25	37	約19:37	-	bare
亞13:5#1	0	4	2～4節	亞13:2	-	bare
亞13:5#1	86	91	太十三57	太13:57	-	book
亞13:5#1	92	100	申十八15～19	申18:15	-	book
亞13:5#1	102	106	徒三22	徒3:22	-	book
亞13:5#1	140	143	5～6	亞13:5	-	bare
亞13:5#1	144	148	十二10	亞12:10	-	chapter
亞13:7#1	26	29	十一7	亞11:7	-	chapter
亞13:7#1	30	34	太九36	太9:36	-	book
亞13:7#1	35	39	約十11	約10:11	-	book
亞13:7#1	53	55	7上	亞13:7	-	bare
亞13:7#1	56	61	太二六31	太26:31	-	book
亞13:7#1	62	66	徒二23	徒2:23	-	book
亞13:7#1	112	113	6	亞13:6	-	bare
亞13:7#2	111	117	太二一41上	太21:41	-	book
亞13:7#2	118	122	二三38	太23:38	-	chapter
亞13:7#2	123	126	二四2	太24:2	-	chapter
亞13:7#2	157	163	十二10註1	亞12:10	1	chapter
亞13:8#1	46	50	啟十一2	啟11:2	-	book
亞13:8#1	51	54	十三7	啟13:7	-	chapter
亞13:8#1	99	104	8下～9上	亞13:8	-	bare
亞13:8#1	124	129	但十二1下	但12:1	-	book
亞13:8#1	171	173	9下	亞13:9	-	bare
亞13:8#1	208	214	八20～23	亞8:20	-	chapter
亞13:8#1	215	218	賽二3	賽2:3	-	book
亞13:8#1	251	260	啟二一12下與註4	啟21:12	4	book
亞13:8#1	278	286	羅十一26～27	羅11:26	-	book
亞13:8#1	289	295	但十二1註3	但12:1	3	book
亞14:2#1	27	30	十三8	亞13:8	-	chapter
亞14:2#1	114	118	3～7節	亞14:3	-	bare
亞14:2#1	143	144	3	亞14:3	-	bare
亞14:2#1	145	146	5	亞14:5	-	bare
亞14:2#1	175	179	珥三11	珥3:11	-	book
亞14:2#1	180	185	啟十七14	啟17:14	-	book
亞14:2#1	186	193	十九11～21	啟19:11	-	chapter
亞14:2#1	207	215	羅十一26～27	羅11:26	-	book
亞14:2#1	218	224	十二8～10	亞12:8	-	chapter
亞14:4#1	4	8	徒一11	徒1:11	-	book
亞14:6#1	11	15	6～7節	亞14:6	-	bare
亞14:8#1	27	33	結四七1～2	結47:1	-	book
亞14:9#1	23	27	九10下	亞9:10	-	chapter
亞14:9#1	28	32	詩七二8	詩72:8	-	book
亞14:17#1	30	34	太五45	太5:45	-	book
啟22:3#1	22	26	創三17	創3:17	-	book
啟22:3#1	40	44	加三13	加3:13	-	book
啟22:3#4	3	5	4節	啟22:4	-	bare
啟22:5#1	1	7	二一25註2	啟21:25	2	chapter
啟22:6#1	1	4	二一9	啟21:9	-	chapter
啟22:6#2	28	30	一1	啟1:1	-	chapter
啟22:6#2	31	35	二二16	啟22:16	-	chapter
啟22:11#1	130	132	12	啟22:12	-	bare
啟22:12#2	38	43	林後五10	林後5:10	-	book
啟22:12#2	44	48	林前四5	林前4:5	-	book
啟22:12#2	49	54	羅十四10	羅14:10	-	book
啟22:12#2	55	60	太十六27	太16:27	-	book
啟22:13#1	28	30	一8	啟1:8	-	chapter
啟22:14#1	34	37	17節	啟22:17	-	bare
啟22:14#2	44	47	七14	啟7:14	-	chapter
啟22:14#2	48	52	約壹一7	約壹1:7	-	book
啟22:14#4	16	21	創二8～9	創2:8	-	book
啟22:14#4	69	73	創三24	創3:24	-	book
啟22:14#4	117	124	來十19～20	來10:19	-	book
啟22:14#4	180	182	二7	啟2:7	-	chapter
啟22:14#5	48	54	二一21註2	啟21:21	2	chapter
啟22:15#1	16	21	二一8註2	啟21:8	2	chapter
瑪1:1#1	18	20	三1	瑪3:1	-	chapter
瑪1:1#1	79	82	三1上	瑪3:1	-	chapter
瑪1:1#1	111	113	四2	瑪4:2	-	chapter
瑪1:4#1	13	17	創三六1	創36:1	-	book
瑪2:14#1	0	6	13～14節	瑪2:13	-	bare
瑪2:15#2	22	26	亞十二1	亞12:1	-	book
瑪2:15#2	42	47	徒二四16	徒24:16	-	book
瑪2:15#2	48	53	羅八4～6	羅8:4	-	book
瑪2:15#2	54	59	林後二13	林後2:13	-	book
啟22:16#3	75	83	太二二42～45	太22:42	-	book
啟22:16#3	84	87	羅一3	羅1:3	-	book
啟22:16#3	88	92	耶二三5	耶23:5	-	book
啟22:16#4	20	23	瑪四2	瑪4:2	-	book
啟22:16#4	60	63	二28	啟2:28	-	chapter
啟22:17#2	12	15	16節	啟22:16	-	bare
啟22:17#2	19	20	7	啟22:7	-	bare
啟22:17#2	21	24	12節	啟22:12	-	bare
啟22:17#2	83	87	提後四8	提後4:8	-	book
啟22:17#4	1	5	14註1	啟22:14	1	bare
啟22:18#1	1	3	16	啟22:16	-	bare
啟22:18#1	4	7	20節	啟22:20	-	bare
啟22:18#1	19	21	一2	啟1:2	-	chapter
啟22:19#1	1	5	18註2	啟22:18	2	bare
啟22:21#4	254	257	二一9	啟21:9	-	chapter
啟22:21#4	290	293	二一3	啟21:3	-	chapter
啟22:21#4	294	296	22	啟21:22	-	bare
啟22:21#4	320	324	徒四11	徒4:11	-	book
啟22:21#4	325	329	約二19	約2:19	-	book
啟22:21#4	330	335	太十六18	太16:18	-	book
啟22:21#4	336	343	林前三9～12	林前3:9	-	book
啟22:21#4	344	350	彼前二4～5	彼前2:4	-	book
瑪3:1#1	99	105	賽四十3～5	賽40:3	-	book
瑪3:1#1	106	113	太十一7～13	太11:7	-	book
瑪3:1#1	226	231	來一2註2	來1:2	2	book
瑪3:1#1	300	305	四5與註2	瑪4:5	2	chapter
瑪3:1#2	34	39	太二六28	太26:28	-	book
瑪3:1#2	59	63	來一14	來1:14	-	book
瑪3:1#2	77	81	可十45	可10:45	-	book
瑪3:1#2	107	112	路二二20	路22:20	-	book
瑪3:1#2	174	182	耶三一31～34	耶31:31	-	book
瑪3:1#2	183	189	來八8～12	來8:8	-	book
瑪3:1#2	218	222	來七22	來7:22	-	book
瑪3:1#2	271	278	耶三一31註1	耶31:31	1	book
瑪3:1#2	279	283	33註1	耶31:33	1	bare
瑪3:1#3	1	4	該二7	該2:7	-	book
瑪3:2#1	54	57	2～4	瑪3:2	-	bare
瑪3:2#1	90	95	賽二2～3	賽2:2	-	book
瑪3:2#1	96	103	亞八20～23	亞8:20	-	book
瑪3:8#1	52	57	利二七30	利27:30	-	book
瑪3:10#1	47	51	民二八2	民28:2	-	book
瑪3:10#1	52	56	二九39	民29:39	-	chapter
瑪3:10#2	3	6	12節	瑪3:12	-	bare
瑪3:10#2	19	21	四2	瑪4:2	-	chapter
瑪3:17#1	16	22	珥一15註1	珥1:15	1	book
瑪4:1#1	1	6	三17註1	瑪3:17	1	chapter
瑪4:2#1	78	81	約一4	約1:4	-	book
瑪4:2#1	245	248	三1下	瑪3:1	-	chapter
瑪4:2#1	249	252	該二7	該2:7	-	book
瑪4:2#1	295	299	三1～4	瑪3:1	-	chapter
瑪4:2#2	1	6	三10註2	瑪3:10	2	chapter
瑪4:4#1	1	6	路一6註4	路1:6	4	book
瑪4:5#1	1	7	珥一15註1	珥1:15	1	book
瑪4:5#2	12	17	太二四21	太24:21	-	book
瑪4:5#2	30	35	太十七11	太17:11	-	book
瑪4:5#2	38	45	啟十一3與註2	啟11:3	2	book
